Date,Close_x,High,Low,Open,Volume,SentimentScore,NumComments,HasComment,Close_y,Residual
2015-01-02,2171.20947265625,2179.418204121869,2158.896375457821,2179.418204121869,29302500,0.0,0.0,0.0,2171.20947265625,2169.15927193438
2015-01-05,2167.10595703125,2167.10595703125,2154.792855002663,2158.897222345525,25434500,0.0,0.0,0.0,2167.10595703125,-4.320404946734925
2015-01-06,2150.6884765625,2167.105945849237,2134.271007275763,2134.271007275763,48681500,-0.5,2.0,1.0,2150.6884765625,-17.869874474772132
2015-01-07,2154.7919921875,2167.105089285714,2142.478895089286,2142.478895089286,40334000,-0.3333333333333333,3.0,1.0,2154.7919921875,-0.3694925195018186
2015-01-08,2130.16650390625,2158.897073323097,2130.16650390625,2154.792706263548,54457000,-0.2,5.0,1.0,2130.16650390625,-27.901861417169584
2015-01-09,2121.956787109375,2146.582978062288,2121.956787109375,2138.374247744651,108957500,-0.3333333333333333,3.0,1.0,2121.956787109375,-13.667063377503382
2015-01-12,2134.2705078125,2134.2705078125,2101.435576923077,2121.957408728967,81651000,1.0,1.0,1.0,2134.2705078125,6.749879669103393
2015-01-13,2134.2705078125,2142.479240534856,2130.166141451322,2142.479240534856,36024000,0.0,1.0,1.0,2134.2705078125,-2.1412451213618624
2015-01-14,2121.956787109375,2138.374247744651,2121.956787109375,2138.374247744651,29728000,-0.2,5.0,1.0,2121.956787109375,-14.174382695534405
2015-01-15,2126.061279296875,2142.478740913067,2126.061279296875,2126.061279296875,27580500,0.1666666666666666,6.0,1.0,2126.061279296875,0.1932052898214351
2015-01-16,2126.061279296875,2138.374375509019,2126.061279296875,2138.374375509019,46354500,0.0,0.0,0.0,2126.061279296875,-2.969983609285918
2015-01-19,2134.2705078125,2138.374874173678,2130.166141451322,2130.166141451322,26134500,0.3333333333333333,3.0,1.0,2134.2705078125,5.811782772595052
2015-01-20,2138.37451171875,2142.478877384237,2121.957049056802,2130.165780387776,36285500,0.0,2.0,1.0,2138.37451171875,2.5608320949963854
2015-01-21,2146.58349609375,2167.105326840344,2138.374763795112,2142.479129944431,73258000,0.0,2.0,1.0,2146.58349609375,6.856011273236163
2015-01-22,2167.10595703125,2171.210324374112,2142.479752974077,2142.479752974077,58654000,0.125,8.0,1.0,2167.10595703125,19.47393671394957
2015-01-23,2187.626953125,2199.940050422139,2171.209490062148,2171.209490062148,121011000,0.3333333333333333,3.0,1.0,2187.626953125,21.28817196938417
2015-01-26,2158.896728515625,2199.940392555846,2138.374896495514,2187.627293343779,103089000,0.2,5.0,1.0,2158.896728515625,-26.903441365798244
2015-01-27,2167.10595703125,2171.210324374112,2154.792855002663,2158.897222345525,49988500,0.0,2.0,1.0,2167.10595703125,4.313649617925876
2015-01-28,2179.41845703125,2187.627189449447,2158.896625985758,2163.000992194856,48230000,0.0,0.0,0.0,2179.41845703125,8.995075778911541
2015-01-29,2187.626953125,2187.626953125,2167.105124296435,2175.313855827861,41599500,-0.0909090909090909,11.0,1.0,2187.626953125,7.535965006896276
2015-01-30,2195.8359375,2204.044669976635,2187.627205023365,2199.940303738318,94142500,-0.25,4.0,1.0,2195.8359375,7.671057494739671
2015-02-02,2191.731689453125,2195.836055912775,2175.314223614525,2191.731689453125,38816500,0.0,2.0,1.0,2191.731689453125,-4.72288923787346
2015-02-03,2216.35791015625,2216.35791015625,2191.731711154514,2195.836077654803,67046500,0.0,1.0,1.0,2216.35791015625,22.513840502118
2015-02-04,2282.02734375,2298.444806654676,2212.253126405126,2220.461857857464,136306000,0.0,4.0,1.0,2282.02734375,66.03469177389798
2015-02-05,2249.1923828125,2286.131673771099,2195.835629205634,2282.027308109033,83923500,0.0,5.0,1.0,2249.1923828125,-25.380512875080512
2015-02-06,2249.1923828125,2265.609845460766,2240.983651488367,2261.5054797987,54060500,0.0,6.0,1.0,2249.1923828125,-0.733352867337544
2015-02-09,2265.610595703125,2282.02806378793,2216.358191448709,2216.358191448709,68609000,0.25,4.0,1.0,2265.610595703125,12.590195407674855
2015-02-10,2257.4013671875,2282.027563920455,2240.983902698864,2277.923197798295,50540500,0.0,1.0,1.0,2257.4013671875,-8.781705816199974
2015-02-11,2286.13232421875,2286.13232421875,2249.193022750224,2261.506123239733,46471500,0.5,2.0,1.0,2286.13232421875,26.4537926788189
2015-02-12,2282.02734375,2290.236075202338,2273.818612297662,2286.131709476169,58455500,0.0,5.0,1.0,2282.02734375,-3.5321015713625457
2015-02-13,2302.549560546875,2339.488858309659,2294.340827710701,2298.445194128788,90653500,0.0,4.0,1.0,2302.549560546875,19.804078855195257
2015-02-16,2298.4453125,2327.17587890625,2298.4453125,2306.654045758929,30501000,0.0,11.0,1.0,2298.4453125,-3.988301463208245
2015-02-17,2310.75830078125,2318.967033643706,2298.445201487567,2298.445201487567,47945000,0.1111111111111111,9.0,1.0,2310.75830078125,11.09704440419273
2015-02-18,2310.75830078125,2388.741262974578,2298.445201487567,2331.280132937389,57782000,0.0,6.0,1.0,2310.75830078125,-0.9701119550536532
2015-02-20,2306.654052734375,2351.802085795012,2306.654052734375,2347.697719153136,25162000,0.0,2.0,1.0,2306.654052734375,-5.533639319993199
2015-02-23,2302.549560546875,2335.384491891572,2294.340827710701,2310.758293383049,55871500,0.0,6.0,1.0,2302.549560546875,-6.890184243531621
2015-02-24,2306.654052734375,2310.758419376251,2286.132219524995,2306.654052734375,46482000,0.0,0.0,0.0,2306.654052734375,0.8506515623471387
2015-02-25,2314.862548828125,2327.175647492104,2298.445083942819,2298.445083942819,39573000,0.0,4.0,1.0,2314.862548828125,5.80293955056095
2015-02-26,2310.75830078125,2327.175766506161,2294.340835056339,2294.340835056339,63400500,0.0,1.0,1.0,2310.75830078125,-5.394254871480825
2015-02-27,2314.862548828125,2323.071281270778,2298.445083942819,2298.445083942819,91257500,0.0,6.0,1.0,2314.862548828125,1.786156294664579
2015-03-02,2335.385009765625,2347.69811175033,2314.863173124451,2323.07190778092,105783500,0.0,2.0,1.0,2335.385009765625,18.32987540116801
2015-03-03,2364.11572265625,2392.846295674642,2351.802619934082,2355.906987508138,100166000,0.0,1.0,1.0,2364.11572265625,29.021810543457832
2015-03-04,2368.218994140625,2392.845188187148,2360.010262791784,2380.532091163886,61321500,0.25,4.0,1.0,2368.218994140625,6.791605501775393
2015-03-05,2380.532470703125,2405.158668675916,2376.428104374327,2380.532470703125,63347500,0.0,10.0,1.0,2380.532470703125,13.017940893264496
2015-03-06,2396.949951171875,2409.263050236114,2380.53248575289,2380.53248575289,84722000,0.0,2.0,1.0,2396.949951171875,16.3976006452599
2015-03-09,2360.010498046875,2376.427962381114,2314.862471127718,2364.114864130435,75837500,0.0,5.0,1.0,2360.010498046875,-36.13523930756355
2015-03-10,2368.218994140625,2384.636456838307,2339.488434419681,2364.114628466205,56405500,-0.4,5.0,1.0,2368.218994140625,2.868155513033344
2015-03-11,2343.59326171875,2360.01072765023,2335.38452875301,2339.48889523588,86270500,0.0,2.0,1.0,2343.59326171875,-28.73273158374286
2015-03-12,2331.280029296875,2343.593128043161,2323.071296799351,2335.384395545637,57496500,0.0,7.0,1.0,2331.280029296875,-17.65633362257313
2015-03-13,2314.862548828125,2343.59311237741,2306.653816385472,2331.280013713431,79901500,0.0,1.0,1.0,2314.862548828125,-22.520425380447705
2015-03-16,2323.07177734375,2351.802347028213,2302.549941854847,2302.549941854847,60353500,0.0,9.0,1.0,2323.07177734375,2.253585918685076
2015-03-17,2314.862548828125,2347.697478598737,2314.862548828125,2343.59311237741,50729500,-0.1666666666666666,6.0,1.0,2314.862548828125,-11.484769412914376
2015-03-18,2335.385009765625,2339.48937709386,2314.863173124451,2314.863173124451,52346500,0.0,2.0,1.0,2335.385009765625,17.229727483498664
2015-03-19,2339.4892578125,2355.906726288377,2327.176156455592,2347.697992050439,58573500,0.25,4.0,1.0,2339.4892578125,3.3788665461015626
2015-03-20,2351.80224609375,2376.428447623528,2327.176044563972,2327.176044563972,104343000,0.0,4.0,1.0,2351.80224609375,11.81898568845736
2015-03-23,2372.32373046875,2388.74119573151,2364.114997837371,2364.114997837371,44297500,0.0,9.0,1.0,2372.32373046875,20.12914037457949
2015-03-24,2388.7412109375,2409.263042646585,2380.532478253866,2388.7412109375,64996000,-0.2,5.0,1.0,2388.7412109375,17.594349885690008
2015-03-25,2401.05419921875,2421.576029981304,2380.532368456197,2388.741100761218,36811000,0.0,1.0,1.0,2401.05419921875,13.735506120617174
2015-03-26,2384.63720703125,2417.472142756293,2376.428473099989,2380.53284006562,71972500,0.0,9.0,1.0,2384.63720703125,-15.631020474961131
2015-03-27,2372.32373046875,2384.63682941582,2360.01063152168,2376.42809678444,69993000,0.1428571428571428,7.0,1.0,2372.32373046875,-15.344886954069809
2015-03-30,2380.532470703125,2405.158668675916,2372.323738045528,2372.323738045528,50985500,-0.1,10.0,1.0,2380.532470703125,3.257880703221417
2015-03-31,2433.88916015625,2433.88916015625,2409.262962920267,2429.784793950253,85598000,0.0,0.0,0.0,2433.88916015625,50.6803993758158
2015-04-01,2433.88916015625,2450.306624980238,2425.680427744256,2442.097892568244,42093500,0.0,2.0,1.0,2433.88916015625,4.311433894347374
2015-04-02,2429.78466796875,2450.306497934702,2417.471569989179,2450.306497934702,42424000,0.0,0.0,0.0,2429.78466796875,-2.2595098511492324
2015-04-06,2491.349853515625,2536.497873925299,2425.680005647009,2429.784371138797,71232500,0.0,8.0,1.0,2491.349853515625,59.527922607401706
2015-04-07,2511.871826171875,2561.124214920343,2507.767460442836,2540.602386275148,58844000,0.0,3.0,1.0,2511.871826171875,25.538997245007067
2015-04-08,2466.724609375,2487.246444727537,2446.202774022463,2474.933343516015,86916000,0.5,2.0,1.0,2466.724609375,-40.1397144142893
2015-04-09,2474.932373046875,2495.454200352405,2454.410545741345,2474.932373046875,68708000,0.0,5.0,1.0,2474.932373046875,2.990190183516916
2015-04-10,2470.82861328125,2499.559178551962,2454.411147412271,2495.454812084718,56706000,-0.4,5.0,1.0,2470.82861328125,-8.462433087182035
2015-04-13,2466.724609375,2474.933343516015,2458.515875233985,2466.724609375,41635500,-0.1,10.0,1.0,2466.724609375,-6.981272249472113
2015-04-14,2454.410888671875,2483.141450913854,2450.306522637307,2462.619620741012,80112500,0.0,2.0,1.0,2454.410888671875,-15.77349671359434
2015-04-15,2421.576416015625,2454.411350470074,2405.1589487884,2446.202616856462,108377000,0.0,3.0,1.0,2421.576416015625,-37.26171809949256
2015-04-16,2446.202392578125,2450.306759008625,2409.263094703623,2429.784926856124,93601500,-0.5,2.0,1.0,2446.202392578125,17.008286831568967
2015-04-17,2437.609375,2462.398622881356,2437.609375,2462.398622881356,129331500,0.0,2.0,1.0,2437.609375,-11.060528132893978
2015-04-20,2429.34521484375,2462.397530691964,2416.95059640067,2429.34521484375,57051500,0.25,12.0,1.0,2429.34521484375,-10.523630973410944
2015-04-21,2462.398193359375,2478.924355730915,2429.345868616296,2433.477409209181,101934500,0.0,1.0,1.0,2462.398193359375,28.990816744461423
2015-04-22,2458.26611328125,2470.660732339811,2450.003033908876,2470.660732339811,80424500,0.0,1.0,1.0,2458.26611328125,-3.367507931983255
2015-04-23,2462.398193359375,2478.924355730915,2458.26665276649,2470.661274545145,45916500,0.0,7.0,1.0,2462.398193359375,3.602720256734301
2015-04-24,2462.398193359375,2478.924355730915,2454.135112173605,2462.398193359375,51549000,0.0,2.0,1.0,2462.398193359375,-1.837466480004423
2015-04-27,2346.71484375,2454.134889414613,2317.794062224912,2445.871808978873,214693500,0.0,6.0,1.0,2346.71484375,-117.71660112536574
2015-04-28,2321.92578125,2346.715024466192,2297.136538033808,2330.188862322064,145994000,-0.1428571428571428,7.0,1.0,2321.92578125,-41.23431533646772
2015-04-29,2231.0322265625,2313.663049768519,2181.453732638889,2313.663049768519,289103500,-0.1111111111111111,9.0,1.0,2231.0322265625,-105.77652778700984
2015-04-30,2226.900146484375,2264.084007928455,2131.874722793947,2197.979365361201,201869500,0.0,1.0,1.0,2226.900146484375,-21.75122666193556
2015-05-04,2268.216064453125,2288.873769958162,2222.769112342042,2226.90065344305,87705000,-0.25,4.0,1.0,2268.216064453125,29.589740753522165
2015-05-05,2288.87353515625,2301.268157187782,2259.952750416009,2272.347372447541,90141500,0.0,3.0,1.0,2288.87353515625,20.747540689440484
2015-05-06,2264.083984375,2276.478604727418,2243.426283787637,2272.347064609945,150119000,0.0,0.0,0.0,2264.083984375,-22.35517970895853
2015-05-07,2264.083984375,2276.478604727418,2243.426283787637,2247.55782390511,55087000,0.3333333333333333,3.0,1.0,2264.083984375,-3.3800912736624014
2015-05-08,2276.478271484375,2293.004429535078,2259.952113433671,2272.346731971699,56698000,-0.25,4.0,1.0,2276.478271484375,8.446675891892937
2015-05-11,2264.083984375,2284.741684962363,2251.689364022582,2280.610144844891,67537000,0.0,7.0,1.0,2264.083984375,-13.645275979140024
2015-05-12,2268.216064453125,2284.742228857155,2247.558358948088,2251.689900049095,54424500,0.0,0.0,0.0,2268.216064453125,0.989499627431087
2015-05-13,2268.216064453125,2280.610687756147,2255.821441150103,2255.821441150103,68930000,0.0,8.0,1.0,2268.216064453125,-2.8382268975105944
2015-05-15,2235.16357421875,2276.478982244974,2214.505870205638,2268.21590063973,102469000,0.0,3.0,1.0,2235.16357421875,-35.38097292067869
2015-05-18,2247.55810546875,2251.689646103803,2235.163483563591,2247.55810546875,43827000,0.0,10.0,1.0,2247.55810546875,5.865630116504235
2015-05-19,2255.82080078125,2288.873120206616,2239.294641068567,2251.689260853079,52107000,0.0,5.0,1.0,2255.82080078125,4.5693221466112846
2015-05-20,2293.0048828125,2317.794124788851,2264.084100506757,2276.478721494932,58482500,0.0,3.0,1.0,2293.0048828125,36.07821543673981
2015-05-21,2334.320556640625,2375.63596472276,2297.136689366704,2305.399770983131,63650000,0.0,4.0,1.0,2334.320556640625,43.94390463730406
2015-05-22,2371.504150390625,2396.293392380771,2330.188747073715,2354.977989063861,63902500,0.0,12.0,1.0,2371.504150390625,42.86221739245957
2015-05-25,2363.2412109375,2375.635832673186,2354.978129780376,2371.504292094624,39425000,0.0666666666666666,15.0,1.0,2363.2412109375,-2.192059167393836
2015-05-26,2371.504150390625,2396.293392380771,2338.451827737097,2346.714908400479,117738500,0.0769230769230769,13.0,1.0,2371.504150390625,8.79914629483983
2015-05-27,2354.97802734375,2379.767269736842,2354.97802734375,2371.504188939145,79384000,0.0,4.0,1.0,2354.97802734375,-17.655320517986183
2015-05-28,2338.4521484375,2354.978312030698,2321.925984844302,2330.189066640901,36940000,0.0,5.0,1.0,2338.4521484375,-20.13121060842468
2015-05-29,2334.320556640625,2363.241342298119,2326.057475024198,2350.846719873479,111287500,0.0,5.0,1.0,2334.320556640625,-9.797481925751526
2015-06-01,2334.320556640625,2334.320556640625,2305.399770983131,2313.662852599557,24317000,0.1764705882352941,17.0,1.0,2334.320556640625,-4.57771042388913
2015-06-03,2247.55810546875,2317.794296264648,2226.900402293486,2313.662755629596,159175000,-0.064516129032258,31.0,1.0,2247.55810546875,-90.01964098318604
2015-06-04,2251.689453125,2272.347154529817,2231.031751720183,2231.031751720183,58319500,-0.0333333333333333,30.0,1.0,2251.689453125,-9.138077208638606
2015-06-05,2255.82080078125,2264.083880637592,2222.768481355884,2222.768481355884,48272000,0.0,24.0,1.0,2255.82080078125,-5.017010100396874
2015-06-08,2243.426513671875,2247.558054212707,2214.50572988605,2231.031892049379,86888000,0.0,16.0,1.0,2243.426513671875,-15.660861791114256
2015-06-09,2197.97900390625,2235.162859235491,2156.663609095982,2214.505161830357,131941500,0.3333333333333333,3.0,1.0,2197.97900390625,-49.73039032289171
2015-06-10,2202.111083984375,2247.558029432458,2156.664138536292,2197.979543489095,82218000,0.0,3.0,1.0,2202.111083984375,-4.989903299923299
2015-06-11,2206.2421875,2226.899885884831,2173.18987008427,2214.505266853932,64210500,0.3333333333333333,6.0,1.0,2206.2421875,-1.8333260043614248
2015-06-12,2189.716064453125,2197.979143941627,2169.058365731869,2177.321445220372,77427500,0.3333333333333333,3.0,1.0,2189.716064453125,-19.13065300857716
2015-06-15,2197.97900390625,2202.110543387277,2185.58438546317,2197.97900390625,44849000,0.0,8.0,1.0,2197.97900390625,3.771209675330283
2015-06-16,2206.2421875,2226.899885884831,2173.18987008427,2193.847568469101,67394000,0.0,2.0,1.0,2206.2421875,5.397216200440653
2015-06-17,2268.216064453125,2284.742228857155,2222.769112342042,2231.032194544057,69230000,0.0,0.0,0.0,2268.216064453125,60.82902061543609
2015-06-18,2251.689453125,2264.08407396789,2231.031751720183,2264.08407396789,29546500,0.0833333333333333,12.0,1.0,2251.689453125,-10.84232967464959
2015-06-19,2264.083984375,2284.741684962363,2251.689364022582,2251.689364022582,70895500,0.0,3.0,1.0,2264.083984375,13.077487156942423
2015-06-22,2268.216064453125,2280.610687756147,2255.821441150103,2264.084523352118,36878000,0.0,8.0,1.0,2268.216064453125,2.946001998056545
2015-06-23,2259.95263671875,2272.347258126714,2259.95263671875,2268.215717657393,41165500,0.0,4.0,1.0,2259.95263671875,-9.086217103111268
2015-06-24,2251.689453125,2276.47869481078,2251.689453125,2255.820993405963,58809500,0.2,5.0,1.0,2251.689453125,-11.219024281343536
2015-06-25,2226.900146484375,2264.084007928455,2206.242445682108,2251.689387447095,82101000,0.0,3.0,1.0,2226.900146484375,-28.804405816347757
2015-06-26,2239.294677734375,2272.346997700934,2197.979277776176,2222.768517751095,65003500,0.0,3.0,1.0,2239.294677734375,6.105334074441089
2015-06-29,2231.0322265625,2239.295308883102,2202.111438440394,2214.506061921296,50187000,0.2,5.0,1.0,2231.0322265625,-11.48913529353922
2015-06-30,2231.0322265625,2272.34763816551,2231.0322265625,2251.689932364005,69145000,0.0,3.0,1.0,2231.0322265625,-3.036955246478556
2015-07-01,2231.0322265625,2255.821473524305,2231.0322265625,2247.558391203704,35987500,0.0,1.0,1.0,2231.0322265625,-3.182945902454321
2015-07-02,2247.55810546875,2268.215808644014,2206.242699118221,2226.900402293486,54548500,0.0,2.0,1.0,2247.55810546875,13.887666987638111
2015-07-03,2251.689453125,2255.820993405963,2231.031751720183,2231.031751720183,22845500,0.0,1.0,1.0,2251.689453125,3.5531811523292163
2015-07-06,2247.55810546875,2255.821186738856,2231.031942928539,2243.426564833697,45003000,0.0,5.0,1.0,2247.55810546875,-4.826606452546912
2015-07-07,2181.45361328125,2251.689809163412,2181.45361328125,2235.163645426432,64968500,0.0,2.0,1.0,2181.45361328125,-68.50346435878555
2015-07-08,2202.111083984375,2222.768786460776,2164.927219526853,2214.505705470216,74970000,0.25,4.0,1.0,2202.111083984375,9.980254737286486
2015-07-09,2189.716064453125,2189.716064453125,2156.663746499115,2173.18990547612,58611000,0.0,0.0,0.0,2189.716064453125,-17.793582720863924
2015-07-10,2197.97900390625,2214.505161830357,2189.715924944197,2189.715924944197,42836500,0.0,3.0,1.0,2197.97900390625,4.719438585262196
2015-07-13,2231.0322265625,2239.295308883102,2197.979897280093,2197.979897280093,53040500,0.25,8.0,1.0,2231.0322265625,30.391198049698687
2015-07-14,2247.55810546875,2255.821186738856,2231.031942928539,2239.295024198645,41833500,-1.0,1.0,1.0,2247.55810546875,18.474565311014885
2015-07-15,2231.0322265625,2231.0322265625,2214.506061921296,2226.900685402199,61445000,0.0,0.0,0.0,2231.0322265625,-14.313767698195534
2015-07-22,2239.294677734375,2243.426217730195,2193.847737780357,2243.426217730195,89975500,0.0,0.0,0.0,2239.294677734375,5.706105740908242
2015-07-23,2272.34716796875,2297.136409801136,2235.163305220171,2247.557926136364,37129500,0.0,0.0,0.0,2272.34716796875,30.741653976494945
2015-07-24,2268.216064453125,2276.47914665514,2247.558358948088,2276.47914665514,19026000,0.0,0.0,0.0,2268.216064453125,-2.0742694247842337
2015-07-27,2222.76904296875,2235.163665884932,2181.453633248141,2231.032124912872,64015500,-0.4285714285714285,7.0,1.0,2222.76904296875,-45.70307378376083
2015-07-28,2148.4013671875,2185.585237004207,2131.875202824519,2181.453695913462,112963500,0.0,2.0,1.0,2148.4013671875,-82.09726421615323
2015-07-29,2123.61181640625,2173.190302392388,2090.559492415491,2148.401059399319,81937500,0.0,5.0,1.0,2123.61181640625,-39.83502377661398
2015-07-30,2115.348388671875,2169.058406352997,2115.348388671875,2127.743008136749,46801000,0.0,0.0,0.0,2115.348388671875,-20.60651714908181
2015-07-31,2164.927734375,2173.19081733063,2123.612319596851,2140.138485508111,115876500,0.0,0.0,0.0,2164.927734375,42.37991818773207
2015-08-03,2189.716064453125,2189.716064453125,2136.00604777786,2136.00604777786,61213000,0.2,5.0,1.0,2189.716064453125,26.50534293702185
2015-08-04,2197.97900390625,2214.505161830357,2169.058227539062,2197.97900390625,44712500,-0.2727272727272727,11.0,1.0,2197.97900390625,12.246525638734056
2015-08-05,2264.083984375,2288.873225079836,2185.58472214302,2197.979342495438,73984500,0.0,3.0,1.0,2264.083984375,67.30338359211146
2015-08-06,2280.6103515625,2297.136513530344,2264.084189594656,2264.084189594656,66426000,-0.1428571428571428,7.0,1.0,2280.6103515625,23.45142054428652
2015-08-07,2272.34716796875,2280.610248579545,2243.426385830966,2264.084087357955,27262000,0.0,5.0,1.0,2272.34716796875,-2.9913896891184777
2015-08-10,2288.87353515625,2288.87353515625,2243.426587707299,2255.821209738831,25633500,0.0,3.0,1.0,2288.87353515625,15.67400154459392
2015-08-11,2239.294677734375,2297.136237675853,2206.242357767816,2288.873157684214,52619000,-0.3333333333333333,3.0,1.0,2239.294677734375,-49.92768951363996
2015-08-12,2173.190185546875,2189.716346653695,2144.26940360994,2181.453266100285,148795000,0.0,1.0,1.0,2173.190185546875,-73.16527615347331
2015-08-13,2181.45361328125,2185.585154215495,2123.612040201823,2123.612040201823,102339000,-0.1428571428571428,7.0,1.0,2181.45361328125,-5.980188118392107
2015-08-14,2189.716064453125,2193.847604197376,2177.321445220372,2189.716064453125,31860000,1.0,1.0,1.0,2189.716064453125,0.6185208739266272
2015-08-18,2144.269775390625,2202.111349293262,2136.006693404534,2189.716726314126,102204500,0.0,1.0,1.0,2144.269775390625,-47.81943671564886
2015-08-19,2098.82275390625,2140.138162447712,2090.559672197958,2123.611999031127,82035000,0.0,3.0,1.0,2098.82275390625,-53.25402569304924
2015-08-20,2028.586303710938,2098.822489379137,2024.454763377514,2098.822489379137,127105500,-0.2222222222222222,9.0,1.0,2028.586303710938,-81.92559741382593
2015-08-21,1962.481323242188,2016.191338404605,1958.349783614309,1999.665179893092,109838000,0.0,1.0,1.0,1962.481323242188,-81.63210370996899
2015-08-24,1867.455932617188,1958.349805443688,1817.877456530005,1883.982091312915,173094000,0.0,9.0,1.0,1867.455932617188,-112.4248261010298
2015-08-25,1921.166015625,1979.007573084677,1883.982157258064,1900.508316532258,184156000,-0.3333333333333333,3.0,1.0,1921.166015625,32.59665323323952
2015-08-26,1958.350341796875,1966.613423407832,1904.640311325653,1958.350341796875,104006500,0.0,3.0,1.0,1958.350341796875,31.605265856346023
2015-08-27,2082.29638671875,2107.085629417783,2007.928658621652,2007.928658621652,113488500,0.2,5.0,1.0,2082.29638671875,127.89697178447796
2015-08-28,2123.61181640625,2131.87489740394,2107.085654410871,2123.61181640625,108531000,0.0,2.0,1.0,2123.61181640625,56.87546410832738
2015-08-31,2131.87451171875,2131.87451171875,2102.953733459,2123.611432215964,98327000,0.0,2.0,1.0,2131.87451171875,21.61914307274128
2015-09-01,2078.164794921875,2123.611738747204,2065.770173878603,2123.611738747204,51436500,0.0,1.0,1.0,2078.164794921875,-49.35398787132408
2015-09-02,2028.586303710938,2057.507086044902,2016.191682710667,2016.191682710667,106837000,0.0,0.0,0.0,2028.586303710938,-56.17410698887306
2015-09-03,2032.7177734375,2057.507014576982,2024.454693057673,2053.375474387068,44130500,0.0,3.0,1.0,2032.7177734375,-8.01384241092751
2015-09-04,2024.454956054688,2028.58649678133,2012.060333874761,2028.58649678133,50424000,-0.5,2.0,1.0,2024.454956054688,-15.02267573419158
2015-09-07,1970.744506835938,2016.191445148716,1970.744506835938,2016.191445148716,35620000,0.0,5.0,1.0,1970.744506835938,-58.11537039137989
2015-09-08,1950.087036132812,1983.139358779131,1941.823955471233,1954.218576463602,66183500,0.0,3.0,1.0,1950.087036132812,-30.7536405843573
2015-09-09,1970.744506835938,1987.270666222402,1966.612966989321,1966.612966989321,53327500,0.25,4.0,1.0,1970.744506835938,11.011302881328676
2015-09-10,1970.744506835938,1987.270666222402,1945.95526775624,1958.349887296089,63130500,1.0,1.0,1.0,1970.744506835938,-2.7615585398857547
2015-09-11,1970.744506835938,1983.139126375786,1966.612966989321,1983.139126375786,45032500,-0.5,2.0,1.0,1970.744506835938,-1.652304257543619
2015-09-14,1999.665649414062,2003.797190012025,1970.744865228322,1983.139487022211,35836000,0.0,4.0,1.0,1999.665649414062,26.48684209345606
2015-09-15,1974.876220703125,1999.665461967181,1954.218519649745,1983.139301124477,38335000,0.0,1.0,1.0,1974.876220703125,-23.738129645966865
2015-09-16,1958.350341796875,1970.744964213311,1950.087260185918,1966.613423407832,66782000,0.0,3.0,1.0,1958.350341796875,-19.69173732380682
2015-09-17,2020.323120117188,2020.323120117188,1970.744638641919,1974.876178764858,57698000,0.0,0.0,0.0,2020.323120117188,55.95540355443518
2015-09-18,2028.586303710938,2028.586303710938,1991.402440710126,1999.665521376973,99438000,0.0,1.0,1.0,2028.586303710938,11.687055281133553
2015-09-21,2012.060180664062,2020.323261488145,1987.270938191816,1999.665559427939,47211000,-0.1428571428571428,7.0,1.0,2012.060180664062,-13.435853428136852
2015-09-22,2007.928100585938,2016.191179189172,1991.401943379469,1991.401943379469,58871000,0.6666666666666666,3.0,1.0,2007.928100585938,-7.033643541373067
2015-09-23,1962.481323242188,1983.139021381579,1958.349783614309,1970.744402497944,90731500,0.1666666666666666,6.0,1.0,1962.481323242188,-49.243850402206135
2015-09-25,1950.087036132812,1979.007818448341,1937.692415140443,1970.744737786762,71245500,-0.5,2.0,1.0,1950.087036132812,-20.883196489430247
2015-09-28,1896.376953125,1941.823895356754,1892.245412922113,1941.823895356754,49442500,0.3333333333333333,3.0,1.0,1896.376953125,-61.56915026571573
2015-09-29,1966.61328125,1979.007902770483,1867.456309086135,1879.850930606618,68056000,0.75,4.0,1.0,1966.61328125,59.33142023046139
2015-09-30,2028.586303710938,2057.507086044902,1966.613198709585,1983.139360043279,91292000,-0.5,2.0,1.0,2028.586303710938,63.0195698621626
2015-10-01,1983.139282226562,2065.770085652669,1983.139282226562,2032.717764282226,49868500,0.0,3.0,1.0,1983.139282226562,-35.90818911351357
2015-10-02,1962.481323242188,2040.980576171875,1962.481323242188,1983.139021381579,43348000,0.0,0.0,0.0,1962.481323242188,-22.868396491028307
2015-10-05,2074.03271484375,2115.348107569721,2012.059625754793,2032.717322117779,110755500,0.0,4.0,1.0,2074.03271484375,104.33902212046291
2015-10-06,2140.137451171875,2160.795148577009,2082.2958984375,2082.2958984375,141434500,0.5,2.0,1.0,2140.137451171875,75.18359019451964
2015-10-07,2148.4013671875,2181.453695913462,2140.138285006009,2148.4013671875,121875500,0.0,1.0,1.0,2148.4013671875,22.27254779623945
2015-10-08,2164.927734375,2206.243149153149,2152.533109941555,2164.927734375,80631000,-0.2,5.0,1.0,2164.927734375,22.17960032160136
2015-10-09,2181.45361328125,2218.637481689453,2181.45361328125,2202.111317952474,148204000,0.0,5.0,1.0,2181.45361328125,18.64697360808259
2015-10-12,2210.3740234375,2247.557885514019,2189.716322283879,2189.716322283879,154913500,0.0,6.0,1.0,2210.3740234375,30.6069995511225
2015-10-13,2140.137451171875,2214.505161830357,2136.005911690848,2214.505161830357,86162000,0.0,1.0,1.0,2140.137451171875,-67.33493816150485
2015-10-15,2144.269775390625,2173.190562341944,2136.006693404534,2148.401316383671,112243500,0.0,0.0,0.0,2144.269775390625,-4.045346787809194
2015-10-16,2115.348388671875,2148.400707244873,2107.085309028625,2148.400707244873,80741500,1.0,1.0,1.0,2115.348388671875,-35.9427541570667
2015-10-19,2169.05859375,2193.847834821428,2115.348571428571,2115.348571428571,75688000,0.0,1.0,1.0,2169.05859375,47.03286407975656
2015-10-20,2181.45361328125,2197.979777018229,2173.19053141276,2193.848236083984,76519500,0.0,4.0,1.0,2181.45361328125,13.655666057321469
2015-10-21,2202.111083984375,2231.031867451337,2197.979543489095,2197.979543489095,48500500,0.0,0.0,0.0,2202.111083984375,23.392694295476304
2015-10-22,2214.505859375,2231.032022504664,2206.242777810168,2222.768940939832,41297500,0.0,0.0,0.0,2214.505859375,14.089559379320235
2015-10-23,2226.900146484375,2276.478628409815,2218.637066163468,2276.478628409815,54593500,0.0,0.0,0.0,2226.900146484375,13.60902696231824
2015-10-26,2255.82080078125,2268.215420565763,2243.426180996738,2255.82080078125,72511000,0.0,3.0,1.0,2255.82080078125,29.458070901420346
2015-10-27,2255.82080078125,2264.083880637592,2222.768481355884,2239.294641068567,41899000,0.0,3.0,1.0,2255.82080078125,2.4270890132843306
2015-10-28,2243.426513671875,2268.215756916868,2218.637270426882,2218.637270426882,51959500,0.1666666666666666,6.0,1.0,2243.426513671875,-12.189977030331193
2015-10-29,2173.190185546875,2268.215611911092,2148.400943886645,2251.689450804272,73029000,0.0,1.0,1.0,2173.190185546875,-73.603020419107
2015-10-30,2131.87451171875,2189.716068238251,2131.87451171875,2189.716068238251,66730000,0.0,3.0,1.0,2131.87451171875,-53.101177584841935
2015-11-02,2111.216796875,2131.87449547456,2094.690637995353,2115.348336594912,85304000,0.3333333333333333,3.0,1.0,2111.216796875,-34.04405125311814
2015-11-03,2173.190185546875,2185.58480637699,2131.874782779824,2131.874782779824,61280000,0.0,2.0,1.0,2173.190185546875,52.26192884182683
2015-11-04,2218.636962890625,2251.689282635737,2189.716183113652,2189.716183113652,81950500,0.0,0.0,0.0,2218.636962890625,47.46777785295717
2015-11-05,2239.294677734375,2268.215457705114,2202.110817771996,2231.031597742735,58454500,0.0,5.0,1.0,2239.294677734375,27.840513135235145
2015-11-06,2239.294677734375,2272.346997700934,2222.768517751095,2272.346997700934,28853500,0.0,2.0,1.0,2239.294677734375,4.484033870837266
2015-11-09,2169.05859375,2231.031696428571,2152.532433035714,2231.031696428571,37358000,-0.2857142857142857,7.0,1.0,2169.05859375,-69.89001300488417
2015-11-10,2136.006103515625,2189.71612159242,2136.006103515625,2148.400723071808,68137000,0.0,1.0,1.0,2136.006103515625,-43.27826144066648
2015-11-11,2144.269775390625,2169.059021348898,2136.006693404534,2140.13823439758,43298000,0.0,2.0,1.0,2144.269775390625,-3.684590403213861
2015-11-12,2144.269775390625,2197.979808300217,2144.269775390625,2144.269775390625,26996500,0.0,3.0,1.0,2144.269775390625,-5.376819134824928
2015-11-13,2145.098876953125,2161.695386639416,2140.949749531552,2140.949749531552,39106500,0.0,4.0,1.0,2145.098876953125,-2.1182065396274083
2015-11-16,2140.94970703125,2140.94970703125,2099.458433639171,2132.651452352834,36399000,0.0,4.0,1.0,2140.94970703125,-6.8139873941076985
2015-11-17,2178.292236328125,2207.3361328125,2174.143108258929,2174.143108258929,77918000,0.0,2.0,1.0,2178.292236328125,34.32520105516505
2015-11-18,2169.994140625,2211.48542438456,2165.845012249044,2178.292397376912,34843500,0.0,1.0,1.0,2169.994140625,-6.63989415267406
2015-11-19,2149.248046875,2194.888449414816,2149.248046875,2174.142811896718,85414000,0.0,2.0,1.0,2149.248046875,-21.317253610146963
2015-11-20,2182.44140625,2190.739662547528,2140.950124762358,2149.248381059886,51167500,0.0,2.0,1.0,2182.44140625,28.116666586074643
2015-11-23,2207.335693359375,2211.484820602532,2186.590057143591,2199.037438873062,52341000,0.4,5.0,1.0,2207.335693359375,24.83462926101356
2015-11-24,2236.380126953125,2252.976639954632,2199.037972699733,2199.037972699733,94665500,0.0,2.0,1.0,2236.380126953125,31.876328739006112
2015-11-25,2240.529541015625,2261.275184913918,2232.231283456308,2236.380412235967,51458500,0.0,4.0,1.0,2240.529541015625,7.616696747326841
2015-11-26,2244.678466796875,2277.871494032318,2240.529338392445,2257.125852010166,84898500,1.0,1.0,1.0,2244.678466796875,5.143378633963039
2015-11-27,2182.44140625,2257.125712927756,2174.143149952472,2257.125712927756,23257500,0.0,0.0,0.0,2182.44140625,-63.15680299556607
2015-11-30,2053.818115234375,2178.291940400095,2053.818115234375,2174.142812894571,356188000,-0.1,10.0,1.0,2053.818115234375,-137.9888060119315
2015-12-01,2199.037353515625,2211.48473476194,2107.756557709316,2107.756557709316,144760000,0.125,8.0,1.0,2199.037353515625,122.23565858592885
2015-12-02,2207.335693359375,2232.230456818315,2174.142675414121,2203.186566116218,69710500,0.0,7.0,1.0,2207.335693359375,11.886628934552846
2015-12-03,2207.335693359375,2215.633947845688,2178.291802657278,2190.739184386748,38554500,0.0,0.0,0.0,2207.335693359375,7.524966027935079
2015-12-04,2178.292236328125,2207.3361328125,2174.143108258929,2207.3361328125,45929500,0.0,1.0,1.0,2178.292236328125,-29.390304372422637
2015-12-07,2194.888671875,2215.634311495747,2186.590416026701,2190.73954395085,49197000,0.25,4.0,1.0,2194.888671875,11.483484601669716
2015-12-08,2161.695556640625,2215.634217362944,2157.546428892754,2169.993812136366,52757500,0.0,6.0,1.0,2161.695556640625,-35.80670244900102
2015-12-09,2161.695556640625,2161.695556640625,2161.695556640625,2161.695556640625,0,0.0,3.0,1.0,2161.695556640625,-5.627507373113531
2015-12-10,2240.529541015625,2240.529541015625,2140.950450303819,2140.950450303819,76059500,-1.0,1.0,1.0,2240.529541015625,73.71877371237042
2015-12-11,2190.739990234375,2232.231277928208,2161.696088848692,2232.231277928208,59727500,0.0,6.0,1.0,2190.739990234375,-43.27604574140469
2015-12-14,2190.739990234375,2190.739990234375,2149.248702540542,2157.546960079309,47580500,0.375,8.0,1.0,2190.739990234375,-2.39180879140622
2015-12-15,2174.1435546875,2190.740070372137,2165.845296845182,2165.845296845182,47291500,0.0,0.0,0.0,2174.1435546875,-21.81636138814565
2015-12-16,2236.380126953125,2248.827511704255,2203.18710095011,2219.783613951618,70100000,0.5,2.0,1.0,2236.380126953125,57.38204526462596
2015-12-17,2257.125732421875,2290.318757898667,2252.976604237276,2290.318757898667,114667500,0.25,4.0,1.0,2257.125732421875,24.2010739073271
2015-12-18,2194.888671875,2240.529079040643,2194.888671875,2232.230823192344,90887000,0.25,4.0,1.0,2194.888671875,-57.534570810425066
2015-12-21,2186.590087890625,2219.783106302627,2182.440960589125,2182.440960589125,34568000,0.25,8.0,1.0,2186.590087890625,-15.714260780996028
2015-12-22,2190.739990234375,2207.336505311908,2186.590861464992,2190.739990234375,61600500,0.2,5.0,1.0,2190.739990234375,-3.634137990396539
2015-12-23,2186.590087890625,2207.335724398126,2178.291833287625,2182.440960589125,45442000,0.0,0.0,0.0,2186.590087890625,-7.686408115712766
2015-12-28,2211.485107421875,2223.932490765713,2174.142957390361,2174.142957390361,65440500,0.0,0.0,0.0,2211.485107421875,21.6710380260115
2015-12-29,2199.037353515625,2223.932116008255,2190.739099351415,2190.739099351415,57153500,0.0,3.0,1.0,2199.037353515625,-12.381884932737194
2015-12-30,2207.335693359375,2273.721729249883,2199.037438873062,2199.037438873062,72863000,-0.5,2.0,1.0,2207.335693359375,6.188932793381355
2016-01-04,2194.888671875,2228.081695268195,2182.441288102552,2186.590416026701,77479500,0.0,0.0,0.0,2194.888671875,-14.570762809071766
2016-01-05,2219.78369140625,2248.827590172313,2190.739792640187,2190.739792640187,96609000,0.0,0.0,0.0,2219.78369140625,21.48998920876147
2016-01-06,2190.739990234375,2240.529535466975,2190.739990234375,2211.485634081292,105370000,0.0,4.0,1.0,2190.739990234375,-29.4578906483348
2016-01-07,2157.546630859375,2182.441399676983,2157.546630859375,2174.143143404447,146746500,0.0,1.0,1.0,2157.546630859375,-37.385227949200726
2016-01-08,2157.546630859375,2174.143143404447,2149.248374586839,2149.248374586839,125820000,0.2,5.0,1.0,2157.546630859375,-8.543267966781514
2016-01-11,2116.055419921875,2153.397574391085,2116.055419921875,2149.248446116728,75952000,-0.2,5.0,1.0,2116.055419921875,-47.06498883962786
2016-01-12,2174.1435546875,2194.889199293297,2140.950523318225,2140.950523318225,86093500,0.0,0.0,0.0,2174.1435546875,49.76295054449429
2016-01-13,2186.590087890625,2207.335724398126,2182.440960589125,2194.888342493626,76587000,0.0,6.0,1.0,2186.590087890625,13.298085616676872
2016-01-14,2161.695556640625,2182.441195379978,2153.397301144883,2157.546428892754,119213500,0.0,1.0,1.0,2161.695556640625,-22.020994577314468
2016-01-15,2157.546630859375,2182.441399676983,2157.546630859375,2174.143143404447,68326000,-0.1666666666666666,6.0,1.0,2157.546630859375,-7.984208523789221
2016-01-18,2153.397705078125,2174.143347708935,2128.502933921153,2132.652062447315,81317000,0.3333333333333333,3.0,1.0,2153.397705078125,-8.63253452671961
2016-01-19,2169.994140625,2174.143269000956,2149.24849874522,2165.845012249044,54711000,0.0,1.0,1.0,2169.994140625,12.968271569391618
2016-01-20,2161.695556640625,2169.993812136366,2153.397301144883,2157.546428892754,75676000,-1.0,1.0,1.0,2161.695556640625,-9.350857335025466
2016-01-21,2149.248046875,2165.844556889479,2149.248046875,2165.844556889479,76938000,0.0,0.0,0.0,2149.248046875,-14.768523626686148
2016-01-22,2157.546630859375,2174.143143404447,2149.248374586839,2165.844887131911,71511000,0.3333333333333333,3.0,1.0,2157.546630859375,3.835508764750557
2016-01-25,2178.292236328125,2194.888748604911,2161.695724051339,2190.739620535714,56835500,0.125,8.0,1.0,2178.292236328125,18.177704090565385
2016-01-26,2157.546630859375,2182.441399676983,2153.397502723107,2165.844887131911,57143000,0.0,3.0,1.0,2157.546630859375,-20.33658770321108
2016-01-27,2174.1435546875,2190.740070372137,2169.994425766341,2174.1435546875,122278500,0.5,4.0,1.0,2174.1435546875,13.290575629388968
2016-01-28,2182.44140625,2203.187046993821,2174.143149952472,2174.143149952472,126774000,0.0,0.0,0.0,2182.44140625,6.505831726521592
2016-01-29,2174.1435546875,2194.889199293297,2153.397910081703,2190.740070372137,175698000,0.0,2.0,1.0,2174.1435546875,-8.674842777506
2016-02-01,2194.888671875,2194.888671875,2153.397392633507,2174.143032254253,89371000,0.0,3.0,1.0,2194.888671875,18.07603676850158
2016-02-02,2174.1435546875,2194.889199293297,2169.994425766341,2194.889199293297,96631000,0.0,1.0,1.0,2174.1435546875,-21.180904807378734
2016-02-03,2165.8447265625,2174.142982219828,2153.397343076509,2157.546470905173,65229000,-1.0,1.0,1.0,2165.8447265625,-11.714312481272373
2016-02-04,2182.44140625,2199.037918845057,2157.546637357415,2157.546637357415,82874000,0.5,2.0,1.0,2182.44140625,11.716709379543772
2016-02-05,2228.08154296875,2252.976308811976,2174.14288364176,2174.14288364176,265133500,0.0,1.0,1.0,2228.08154296875,44.231043949916966
2016-02-09,2207.335693359375,2228.081329575159,2190.739184386748,2223.932202332002,54516500,0.0,0.0,0.0,2207.335693359375,-16.65350319228037
2016-02-10,2203.18701171875,2223.932652130414,2199.037883636417,2199.037883636417,69001500,0.0,0.0,0.0,2203.18701171875,-5.274795008088404
2016-02-11,2215.634033203125,2248.827052427142,2190.739268785112,2190.739268785112,159586000,0.0,2.0,1.0,2215.634033203125,8.649090845925912
2016-02-12,2203.18701171875,2248.827420624411,2199.037883636417,2219.783524048081,121062500,0.0,1.0,1.0,2203.18701171875,-13.79954775918486
2016-02-15,2215.634033203125,2232.230542815134,2211.484905800123,2223.932288009129,64452500,0.5,6.0,1.0,2215.634033203125,9.299205381734737
2016-02-16,2223.9326171875,2244.678257273205,2211.485233136078,2211.485233136078,100538500,0.0,1.0,1.0,2223.9326171875,6.45761800063201
2016-02-17,2223.9326171875,2236.380001238923,2215.634361153218,2223.9326171875,76406500,-0.1428571428571428,7.0,1.0,2223.9326171875,-0.6484354380290824
2016-02-18,2223.9326171875,2252.976513307486,2223.9326171875,2240.529129256064,146528500,0.0,2.0,1.0,2223.9326171875,-1.699111139946126
2016-02-19,2165.8447265625,2207.336004849138,2145.099087419181,2207.336004849138,147712000,0.0,6.0,1.0,2165.8447265625,-60.38725237884455
2016-02-22,2186.590087890625,2199.037469795126,2157.546196780123,2161.695324081624,55658000,0.0,8.0,1.0,2186.590087890625,11.260324948955258
2016-02-23,2174.1435546875,2203.187457135616,2161.696167924022,2190.740070372137,92492000,0.0,4.0,1.0,2174.1435546875,-17.149813231400458
2016-02-24,2161.695556640625,2182.441195379978,2136.800790153401,2161.695556640625,84799500,0.0,3.0,1.0,2161.695556640625,-15.828263876456733
2016-02-25,2169.994140625,2190.73978250478,2161.695883873088,2174.143269000956,74008000,0.0,1.0,1.0,2169.994140625,3.1880511713529813
2016-02-26,2215.634033203125,2240.528797621138,2182.441013979108,2182.441013979108,141175000,0.0,2.0,1.0,2215.634033203125,42.92297044577117
2016-02-29,2236.380126953125,2244.678383453879,2219.783613951618,2240.529255203502,138837000,0.2857142857142857,7.0,1.0,2236.380126953125,24.11231620922172
2016-03-01,2223.9326171875,2248.827385290345,2215.634361153218,2236.380001238923,79590500,0.0,5.0,1.0,2223.9326171875,-8.717934398721809
2016-03-02,2232.231201171875,2248.827715678729,2211.485558038307,2244.678587052016,126069500,0.0,4.0,1.0,2232.231201171875,6.795870241146531
2016-03-03,2244.678466796875,2248.827595201305,2228.081953179153,2228.081953179153,115057500,0.0,4.0,1.0,2244.678466796875,10.640924534132864
2016-03-04,2252.976318359375,2273.721956649977,2244.678063043134,2257.125446017496,102347000,0.0,0.0,0.0,2252.976318359375,7.99004949605569
2016-03-07,2252.976318359375,2265.423701333737,2240.528935385014,2257.125446017496,105623000,0.0,5.0,1.0,2252.976318359375,-0.3733505074269487
2016-03-08,2223.9326171875,2252.976513307486,2190.739593050373,2240.529129256064,110122000,0.0,4.0,1.0,2223.9326171875,-30.607486237910507
2016-03-10,2223.9326171875,2232.230873221782,2182.441337016091,2211.485233136078,109073500,-1.0,1.0,1.0,2223.9326171875,-5.78610963006804
2016-03-11,2223.9326171875,2223.9326171875,2223.9326171875,2223.9326171875,0,0.0,4.0,1.0,2223.9326171875,-4.788468343850127
2016-03-14,2223.9326171875,2223.9326171875,2223.9326171875,2223.9326171875,0,0.2,5.0,1.0,2223.9326171875,-3.0158141159677143
2016-03-15,2252.976318359375,2257.125446017496,2240.528935385014,2252.976318359375,70072000,0.0,0.0,0.0,2252.976318359375,26.309202230878327
2016-03-16,2257.125732421875,2261.274860606474,2244.678347868078,2257.125732421875,72058000,0.0,1.0,1.0,2257.125732421875,5.088442555146685
2016-03-17,2277.87158203125,2298.61722485485,2261.27506777237,2269.57332490181,125371000,0.0,1.0,1.0,2277.87158203125,21.06330501898401
2016-03-18,2273.7216796875,2311.06382406193,2248.826916771213,2265.423425382071,120955000,0.0,2.0,1.0,2273.7216796875,-3.3076400133636525
2016-03-21,2286.169189453125,2306.914826381012,2265.423552525238,2273.721807296393,46224000,0.2,5.0,1.0,2286.169189453125,11.397886936122177
2016-03-22,2265.423828125,2282.020339686355,2252.976444453984,2282.020339686355,47434000,0.0,3.0,1.0,2265.423828125,-21.633703662612334
2016-03-23,2240.529541015625,2265.424313693576,2228.082154676649,2265.424313693576,52128000,0.0,2.0,1.0,2240.529541015625,-28.80905725798857
2016-03-24,2211.485107421875,2232.230746328272,2199.037724078037,2223.932490765713,73214500,0.0,1.0,1.0,2211.485107421875,-36.02722059066673
2016-03-28,2186.590087890625,2211.484851699626,2165.844451383124,2211.484851699626,59829500,0.1666666666666666,6.0,1.0,2186.590087890625,-33.23045778515234
2016-03-29,2169.994140625,2194.888910880736,2169.994140625,2186.590654128824,88822500,0.0,0.0,0.0,2169.994140625,-25.072606018863556
2016-03-30,2178.292236328125,2232.230901227679,2178.292236328125,2178.292236328125,137086000,0.0,2.0,1.0,2178.292236328125,0.9966572429098052
2016-03-31,2207.335693359375,2211.484820602532,2186.590057143591,2203.186566116218,107951000,0.0,3.0,1.0,2207.335693359375,25.44568713329363
2016-04-01,2207.335693359375,2211.484820602532,2190.739184386748,2207.335693359375,73802500,0.0,1.0,1.0,2207.335693359375,1.1013324929185728
2016-04-04,2211.485107421875,2228.081618546993,2207.335979640596,2228.081618546993,49630500,0.0,6.0,1.0,2211.485107421875,3.9259834186664193
2016-04-05,2211.485107421875,2232.230746328272,2207.335979640596,2211.485107421875,83700500,0.0,2.0,1.0,2211.485107421875,-1.500900963863387
2016-04-06,2165.8447265625,2228.081643992457,2165.8447265625,2207.336004849138,89264000,0.0,1.0,1.0,2165.8447265625,-47.61131386853822
2016-04-07,2174.1435546875,2199.038328214456,2174.1435546875,2190.740070372137,101318500,0.5,2.0,1.0,2174.1435546875,0.3760251196113131
2016-04-08,2169.994140625,2190.73978250478,2169.994140625,2174.143269000956,70473500,0.0,0.0,0.0,2169.994140625,-9.322230939460042
2016-04-11,2169.994140625,2169.994140625,2169.994140625,2169.994140625,0,0.2222222222222222,9.0,1.0,2169.994140625,-3.1554710752325263
2016-04-12,2165.8447265625,2178.292110048491,2153.397343076509,2157.546470905173,56727000,0.0,1.0,1.0,2165.8447265625,-7.202536951271668
2016-04-13,2165.8447265625,2165.8447265625,2165.8447265625,2165.8447265625,0,0.0,1.0,1.0,2165.8447265625,-3.1334615754458355
2016-04-14,2165.8447265625,2165.8447265625,2165.8447265625,2165.8447265625,0,0.5,2.0,1.0,2165.8447265625,-2.9094031324411844
2016-04-15,2183.412353515625,2183.412353515625,2183.412353515625,2183.412353515625,0,0.0,2.0,1.0,2183.412353515625,14.956159428985302
2016-04-18,2183.412353515625,2183.412353515625,2183.412353515625,2183.412353515625,0,0.0,4.0,1.0,2183.412353515625,-0.4304126276342686
2016-04-19,2183.412353515625,2183.412353515625,2183.412353515625,2183.412353515625,0,0.0,0.0,0.0,2183.412353515625,-1.1071565925253708
2016-04-20,2191.7783203125,2200.143886420563,2175.047188096374,2179.229971150406,69313000,0.3333333333333333,3.0,1.0,2191.7783203125,6.15288566890149
2016-04-21,2191.7783203125,2195.961103366531,2175.047188096374,2191.7783203125,62586000,0.0,0.0,0.0,2191.7783203125,-1.377855691518107
2016-04-22,2195.9609375,2200.143720238095,2183.412589285714,2191.778154761905,39264000,0.0,1.0,1.0,2195.9609375,2.3747881942995264
2016-04-25,2191.7783203125,2195.961103366531,2162.49883893428,2191.7783203125,62079000,0.0,6.0,1.0,2191.7783203125,-6.036568929804616
2016-04-26,2166.680908203125,2183.412034907396,2137.40143647065,2183.412034907396,129737500,-0.5,2.0,1.0,2166.680908203125,-27.72150257596832
2016-04-27,2183.412353515625,2183.412353515625,2162.498442083483,2166.681224369911,64185500,0.0,5.0,1.0,2183.412353515625,10.918403915236013
2016-04-28,2179.2294921875,2204.326184995802,2175.046710052783,2195.960620726368,68854000,0.0,1.0,1.0,2179.2294921875,-6.753915491574389
2016-04-29,2183.412353515625,2195.96070037491,2175.046788942768,2179.229571229197,61001500,0.0,0.0,0.0,2183.412353515625,2.0403140929306574
2016-05-02,2191.7783203125,2195.961103366531,2170.864405042343,2191.7783203125,26048000,0.0,4.0,1.0,2191.7783203125,6.1137209869907565
2016-05-03,2183.412353515625,2204.326264947767,2179.229571229197,2195.96070037491,82224500,0.0,0.0,0.0,2183.412353515625,-9.53912839010536
2016-05-04,2191.7783203125,2191.7783203125,2179.229971150406,2183.412754204437,75545000,0.0,2.0,1.0,2191.7783203125,5.566002071599996
2016-05-09,2195.9609375,2208.509285714286,2183.412589285714,2191.778154761905,91446000,0.0,5.0,1.0,2195.9609375,2.1725134503194568
2016-05-10,2204.325927734375,2225.239835967149,2183.412019501601,2183.412019501601,158328000,0.0,3.0,1.0,2204.325927734375,6.948579644813435
2016-05-11,2200.1435546875,2225.240249227661,2191.777989840779,2200.1435546875,91480000,0.0,5.0,1.0,2200.1435546875,-5.245513591918552
2016-05-12,2200.1435546875,2208.509119534221,2191.777989840779,2191.777989840779,43259500,0.5,2.0,1.0,2200.1435546875,-2.223822791696876
2016-05-13,2200.1435546875,2208.509119534221,2175.046860147339,2175.046860147339,75686000,0.0,0.0,0.0,2200.1435546875,-2.6688856349105663
2016-05-16,2179.2294921875,2191.777838591651,2166.68114578335,2191.777838591651,84077000,0.0,5.0,1.0,2179.2294921875,-23.43583775209481
2016-05-17,2175.047119140625,2183.412684983474,2158.315987454928,2179.229902062049,64829000,0.0,4.0,1.0,2175.047119140625,-9.251694224019502
2016-05-18,2179.2294921875,2183.412274322217,2158.315581513916,2158.315581513916,66771000,0.0,1.0,1.0,2179.2294921875,-0.549062658922594
2016-05-19,2170.8642578125,2179.229823353203,2166.681475042149,2175.047040582852,105881500,0.0,1.0,1.0,2170.8642578125,-11.097644402429523
2016-05-20,2179.2294921875,2179.2294921875,2166.68114578335,2166.68114578335,68004000,0.0,1.0,1.0,2179.2294921875,4.932941516768096
2016-05-23,2191.7783203125,2191.7783203125,2162.49883893428,2175.047188096374,31748500,0.0,8.0,1.0,2191.7783203125,10.358259107363663
2016-05-24,2170.8642578125,2187.595388893907,2170.8642578125,2183.412606123555,69157000,0.0,6.0,1.0,2170.8642578125,-21.38010208798505
2016-05-25,2175.047119140625,2179.229902062049,2154.133204533504,2175.047119140625,84150500,0.0,2.0,1.0,2175.047119140625,0.229659464044289
2016-05-26,2179.2294921875,2187.595056456934,2158.315581513916,2187.595056456934,42055000,0.3333333333333333,3.0,1.0,2179.2294921875,0.7373179326491481
2016-05-27,2175.047119140625,2179.229902062049,2158.315987454928,2175.047119140625,80811500,0.0,1.0,1.0,2175.047119140625,-6.127893932903589
2016-05-30,2208.509765625,2225.240900213068,2170.864712801847,2179.230280095881,99330000,0.0714285714285714,14.0,1.0,2208.509765625,30.71852066521205
2016-05-31,2175.047119140625,2225.240514197716,2175.047119140625,2225.240514197716,160724000,0.1666666666666666,6.0,1.0,2175.047119140625,-32.1960891663166
2016-06-01,2204.325927734375,2204.325927734375,2183.412019501601,2191.777582794711,82418000,0.0,5.0,1.0,2204.325927734375,25.3690375421952
2016-06-02,2200.1435546875,2208.509119534221,2187.595207417419,2191.777989840779,88747000,0.0,4.0,1.0,2200.1435546875,-5.299084867147485
2016-06-03,2195.9609375,2200.143720238095,2179.229806547619,2183.412589285714,53839500,0.0,1.0,1.0,2195.9609375,-5.187179553136502
2016-06-06,2195.9609375,2208.509285714286,2187.595372023809,2195.9609375,105900000,0.2,5.0,1.0,2195.9609375,-3.031748467425132
2016-06-07,2191.7783203125,2200.143886420563,2187.595537258469,2200.143886420563,87665500,1.0,1.0,1.0,2191.7783203125,-6.945579630704742
2016-06-08,2191.7783203125,2195.961103366531,2175.047188096374,2187.595537258469,89579500,0.0,1.0,1.0,2191.7783203125,-3.094073383464547
2016-06-09,2175.047119140625,2183.412684983474,2166.681553297777,2179.229902062049,67474500,0.2,5.0,1.0,2175.047119140625,-19.61872984903448
2016-06-10,2162.498291015625,2175.046636998308,2158.315509021398,2170.86385500408,77928000,0.0,1.0,1.0,2162.498291015625,-17.18362987640421
2016-06-13,2137.402099609375,2166.681580425942,2133.21931663558,2149.950448530761,75798500,0.125,8.0,1.0,2137.402099609375,-30.535347794844256
2016-06-14,2149.9501953125,2149.9501953125,2120.670717944431,2124.853500425584,78620500,0.0,2.0,1.0,2149.9501953125,5.6521232538425465
2016-06-15,2162.498291015625,2166.681073009853,2141.584381044488,2149.949945032943,35512500,0.0,2.0,1.0,2162.498291015625,9.15127876491897
2016-06-16,2175.047119140625,2179.229902062049,2162.498770376352,2166.681553297777,49661000,0.0,2.0,1.0,2175.047119140625,11.984302464356915
2016-06-17,2158.3154296875,2179.229338889898,2149.949866006541,2175.046557049419,60702000,0.0,1.0,1.0,2158.3154296875,-16.719874650255406
2016-06-20,2145.767333984375,2166.681245621649,2129.036204674555,2158.31568096674,46267000,0.2,5.0,1.0,2145.767333984375,-15.828057018680738
2016-06-21,2145.767333984375,2158.31568096674,2129.036204674555,2145.767333984375,89712000,-0.5,2.0,1.0,2145.767333984375,-5.081898253258714
2016-06-22,2158.3154296875,2187.594902570858,2145.767084166061,2145.767084166061,60166000,0.0,4.0,1.0,2158.3154296875,8.828481022221695
2016-06-23,2166.680908203125,2179.229253231329,2149.949781498854,2158.315344850989,30252000,0.0,2.0,1.0,2166.680908203125,7.047538719020849
2016-06-24,2137.402099609375,2166.681580425942,2112.305401766604,2154.133231504556,86883500,0.2,5.0,1.0,2137.402099609375,-29.887041426000906
2016-06-27,2141.58447265625,2145.767254829407,2116.48777961731,2116.48777961731,44316000,0.0,5.0,1.0,2141.58447265625,-1.022575290865916
2016-06-28,2179.2294921875,2195.960620726368,2145.767235109765,2145.767235109765,121856000,0.0,2.0,1.0,2179.2294921875,33.48205598094091
2016-06-29,2225.239990234375,2225.239990234375,2200.14329861519,2200.14329861519,200147000,0.0,0.0,0.0,2225.239990234375,47.9518497691347
2016-06-30,2229.423095703125,2250.33700842079,2221.057530616059,2241.971443333724,186770500,-0.25,4.0,1.0,2229.423095703125,10.17492361931818
2016-07-01,2212.69189453125,2254.519718624468,2208.509112121928,2237.788588987181,126695500,-0.2,5.0,1.0,2212.69189453125,-14.3568548281346
2016-07-11,2258.703125,2275.434259259259,2216.875289351852,2233.606423611111,197073000,0.2,10.0,1.0,2258.703125,42.897376331921805
2016-07-12,2300.5302734375,2321.444185014204,2267.068014914772,2275.433579545454,190642000,0.0,3.0,1.0,2300.5302734375,44.02277391153848
2016-07-13,2308.896240234375,2313.079023278278,2300.530674146569,2308.896240234375,138530500,-0.6666666666666666,3.0,1.0,2308.896240234375,14.50792172685624
2016-07-14,2317.261474609375,2333.992604389948,2313.078692164232,2325.627039499661,148394000,0.0,0.0,0.0,2317.261474609375,11.00349042401922
2016-07-15,2342.3583984375,2346.541181291853,2313.078918457031,2313.078918457031,195893000,0.0,0.0,0.0,2342.3583984375,25.346266180529256
2016-07-18,2333.992431640625,2342.357995911738,2313.078520962842,2325.626867369512,116023000,0.4285714285714285,7.0,1.0,2333.992431640625,-6.610802326805697
2016-07-19,2392.5517578125,2396.734540605878,2342.358364291958,2342.358364291958,195665500,-0.3333333333333333,3.0,1.0,2392.5517578125,57.394206759428016
2016-07-20,2417.648193359375,2421.830975700827,2396.734281652114,2400.917063993566,142149000,0.0,3.0,1.0,2417.648193359375,29.565204730094592
2016-07-21,2434.379150390625,2455.293060617349,2426.013586299936,2430.19636834528,202871500,0.0,2.0,1.0,2434.379150390625,22.08464064356258
2016-07-22,2430.197265625,2442.745616394148,2384.186646138124,2426.014482035284,111507000,0.0,1.0,1.0,2430.197265625,-1.587027079642212
2016-07-25,2426.013916015625,2438.562263857085,2405.100002946525,2430.196698629445,111434500,0.1111111111111111,9.0,1.0,2426.013916015625,-4.956390416622526
2016-07-26,2400.917236328125,2430.196714819931,2375.820540478005,2430.196714819931,138118000,0.0,5.0,1.0,2400.917236328125,-27.853433554816093
2016-07-27,2434.379150390625,2451.110278572004,2409.282458118557,2413.465240163901,208198500,0.0,0.0,0.0,2434.379150390625,27.70475494318498
2016-07-28,2413.465087890625,2426.013433234943,2392.551178983427,2426.013433234943,94670000,0.0,1.0,1.0,2413.465087890625,-21.458601562781496
2016-07-29,2417.648193359375,2446.92766974954,2417.648193359375,2426.013758042279,115674000,0.0,6.0,1.0,2417.648193359375,1.3746767150473715
2016-08-01,2488.755615234375,2505.486745420824,2405.099964302127,2405.099964302127,221091000,0.1666666666666666,6.0,1.0,2488.755615234375,67.79597302916727
2016-08-02,2509.66943359375,2509.66943359375,2480.38995686849,2488.755521647136,158875000,0.0,1.0,1.0,2509.66943359375,27.17514933138364
2016-08-03,2505.486572265625,2518.034919038241,2497.121007750548,2509.669354523164,115363500,0.0,1.0,1.0,2505.486572265625,1.5732018765729665
2016-08-04,2509.66943359375,2522.217780761719,2505.486651204427,2509.66943359375,131859500,0.0,0.0,0.0,2509.66943359375,4.131727325787779
2016-08-05,2526.400390625,2551.497083247103,2509.669262210265,2518.034826417632,175943500,0.0,2.0,1.0,2526.400390625,15.286401580490748
2016-08-08,2526.400390625,2559.86264745447,2505.486480106581,2534.765954832368,79174000,0.0,3.0,1.0,2526.400390625,0.0781674195195591
2016-08-09,2509.66943359375,2526.400563151042,2501.303868815104,2526.400563151042,96702000,0.0,0.0,0.0,2509.66943359375,-17.75447447205397
2016-08-10,2501.303955078125,2509.669520145276,2484.572824943823,2509.669520145276,64883500,-0.3333333333333333,3.0,1.0,2501.303955078125,-12.563153970801524
2016-08-11,2501.303955078125,2526.400650279578,2492.938390010974,2526.400650279578,107876500,1.0,1.0,1.0,2501.303955078125,-4.754884208422482
2016-08-12,2509.66943359375,2547.314475097656,2501.303868815104,2513.852215983073,131484500,0.0,0.0,0.0,2509.66943359375,4.902770316689384
2016-08-15,2518.03515625,2547.314634811046,2509.669590946844,2534.766286856312,104034500,0.3333333333333333,3.0,1.0,2518.03515625,6.593562883030245
2016-08-16,2530.583251953125,2543.131598657025,2526.400469718492,2543.131598657025,60200500,0.0,0.0,0.0,2530.583251953125,11.623590415776562
2016-08-18,2543.1318359375,2559.862966437089,2530.583488062809,2530.583488062809,186254500,0.0,0.0,0.0,2543.1318359375,12.346465004809945
2016-08-19,2559.8623046875,2584.958993949142,2551.496741600286,2576.593430861928,169403500,0.0,1.0,1.0,2559.8623046875,16.95071013423103
2016-08-22,2559.8623046875,2576.593430861928,2555.679523143893,2576.593430861928,110468500,0.0,5.0,1.0,2559.8623046875,0.826594528748501
2016-08-23,2555.68017578125,2593.32521928703,2526.400697498977,2593.32521928703,76704500,0.0,0.0,0.0,2555.68017578125,-5.004153449631303
2016-08-24,2559.8623046875,2568.227867774714,2555.679523143893,2559.8623046875,111416000,0.0,0.0,0.0,2559.8623046875,1.5801939645484708
2016-08-25,2551.4970703125,2568.228198642418,2505.486467405226,2568.228198642418,71705000,0.25,4.0,1.0,2551.4970703125,-10.556833632122562
2016-08-26,2543.1318359375,2551.497401187294,2534.766270687705,2551.497401187294,48785500,0.2,5.0,1.0,2543.1318359375,-11.590268066457156
2016-08-29,2513.85302734375,2547.315297258475,2501.304676125728,2547.315297258475,40904000,0.1666666666666666,6.0,1.0,2513.85302734375,-33.43677944895535
2016-08-30,2509.66943359375,2513.852215983073,2501.303868815104,2513.852215983073,70749500,0.0,2.0,1.0,2509.66943359375,-11.0591559352265
2016-08-31,2518.03515625,2538.94906950789,2484.572895037375,2484.572895037375,169155000,0.0,0.0,0.0,2518.03515625,2.749643265364284
2016-09-01,2509.66943359375,2522.217780761719,2484.572739257812,2484.572739257812,56229500,0.0,1.0,1.0,2509.66943359375,-10.818448827595605
2016-09-02,2509.66943359375,2559.862822265625,2505.486651204427,2518.034998372396,63478000,0.0,2.0,1.0,2509.66943359375,-3.1789348701126983
2016-09-05,2509.66943359375,2555.680039876302,2505.486651204427,2555.680039876302,74444000,0.1428571428571428,7.0,1.0,2509.66943359375,-3.155530893813193
2016-09-06,2513.85302734375,2526.401378561772,2501.304676125728,2518.035811083091,70876500,0.0,2.0,1.0,2513.85302734375,1.5392580429770533
2016-09-07,2543.1318359375,2559.862966437089,2526.400705437911,2559.862966437089,137103000,0.0,4.0,1.0,2543.1318359375,27.20525919714873
2016-09-08,2538.948486328125,2559.862394782228,2534.765704637305,2559.862394782228,88467500,0.0,4.0,1.0,2538.948486328125,-2.832567953620128
2016-09-09,2518.03515625,2538.94906950789,2505.486808295266,2538.94906950789,86764000,0.0,0.0,0.0,2518.03515625,-21.49664671876917
2016-09-13,2513.85302734375,2526.401378561772,2484.573541168365,2518.035811083091,108835000,0.0,1.0,1.0,2513.85302734375,-9.027220986898556
2016-09-14,2505.486572265625,2509.669354523164,2476.207096462855,2501.303790008086,92904000,0.0,5.0,1.0,2505.486572265625,-12.941634152796723
2016-09-15,2526.400390625,2559.86264745447,2505.486480106581,2543.131519039735,159713000,-1.0,1.0,1.0,2526.400390625,16.69378374444159
2016-09-16,2526.400390625,2547.314301143419,2509.669262210265,2526.400390625,151477000,0.0,3.0,1.0,2526.400390625,-0.8873074629741495
2016-09-19,2551.4970703125,2555.67985239498,2526.400377817623,2551.4970703125,70684000,-0.1428571428571428,7.0,1.0,2551.4970703125,24.049753021870856
2016-09-20,2526.400390625,2555.679865350786,2526.400390625,2543.131519039735,74726500,0.5,2.0,1.0,2526.400390625,-24.28996497246544
2016-09-21,2538.948486328125,2547.314049709767,2522.217359564842,2526.400141255663,93367000,0.0,1.0,1.0,2538.948486328125,9.153157275830836
2016-09-22,2568.228759765625,2610.056589729234,2564.045976769264,2568.228759765625,112772500,0.0,1.0,1.0,2568.228759765625,26.72353387930343
2016-09-23,2589.142333984375,2610.056246213651,2572.411204200954,2589.142333984375,111259000,0.0,0.0,0.0,2589.142333984375,22.712601179552166
2016-09-26,2568.228759765625,2589.14267474743,2551.497627780181,2589.14267474743,56087500,0.0,3.0,1.0,2568.228759765625,-18.43167202516497
2016-09-27,2676.980712890625,2676.980712890625,2509.669418334961,2526.400547790528,121486000,0.0,11.0,1.0,2676.980712890625,105.97833663854772
2016-09-28,2580.777099609375,2622.604929424762,2576.594316627836,2605.873797498607,104262000,0.0,3.0,1.0,2580.777099609375,-86.63076375675246
2016-09-29,2630.9697265625,2660.249198877186,2593.324690729332,2593.324690729332,131983000,0.0,2.0,1.0,2630.9697265625,44.69084373684336
2016-09-30,2626.787841796875,2676.981240047771,2593.325576296278,2672.798456860196,146694500,0.0,2.0,1.0,2626.787841796875,-6.578142279566691
2016-10-03,2672.7978515625,2710.442891725352,2668.615069322183,2668.615069322183,78715000,0.1666666666666666,6.0,1.0,2672.7978515625,46.13609992340707
2016-10-04,2668.615234375,2710.443059365204,2660.249669376959,2710.443059365204,81285000,0.0,1.0,1.0,2668.615234375,-1.076686047882049
2016-10-05,2643.518310546875,2676.980567642405,2635.152746272992,2635.152746272992,63367500,0.0,2.0,1.0,2643.518310546875,-24.20762683168323
2016-10-06,2639.3359375,2685.346548137876,2635.153154714738,2676.980982567353,58324500,0.0,2.0,1.0,2639.3359375,-9.239321293620833
2016-10-07,2643.518310546875,2676.980567642405,2635.152746272992,2676.980567642405,46006500,1.0,2.0,1.0,2643.518310546875,-0.5989197755320674
2016-10-10,2626.787841796875,2664.432890485047,2618.422275421726,2626.787841796875,24959000,0.0,5.0,1.0,2626.787841796875,-19.46810046768269
2016-10-11,2643.518310546875,2664.432221231581,2630.969964136051,2664.432221231581,72176500,0.0,1.0,1.0,2643.518310546875,12.279965801646997
2016-10-12,2610.05615234375,2651.883975297977,2572.411111684946,2643.518410707131,78936000,0.0,3.0,1.0,2610.05615234375,-35.318919519633255
2016-10-13,2584.95947265625,2622.604513520176,2568.228343383394,2610.056166565534,57745000,0.0,2.0,1.0,2584.95947265625,-30.612044469128705
2016-10-14,2643.518310546875,2685.346131916288,2572.411014218873,2589.142142766639,107271500,0.0,3.0,1.0,2643.518310546875,50.44678642252211
2016-10-17,2660.25,2664.432783018868,2643.518867924528,2643.518867924528,114630500,0.1428571428571428,7.0,1.0,2660.25,18.760986076193603
2016-10-18,2685.34619140625,2689.528973635855,2668.615062487831,2676.98062694704,160526000,0.0,1.0,1.0,2685.34619140625,28.677592821052716
2016-10-19,2672.7978515625,2702.077327244718,2647.701158120598,2672.7978515625,43748000,0.0,1.0,1.0,2672.7978515625,-9.873053708632142
2016-10-20,2635.153076171875,2668.615337456597,2635.153076171875,2651.884206814236,38996000,0.0,0.0,0.0,2635.153076171875,-38.98375584338555
2016-10-21,2643.518310546875,2651.883874820757,2639.335528409933,2651.883874820757,52681000,0.0,1.0,1.0,2643.518310546875,0.9313870048645184
2016-10-24,2622.604248046875,2656.066503205368,2601.690338572817,2656.066503205368,64539500,0.1428571428571428,7.0,1.0,2622.604248046875,-25.44543831452665
2016-10-25,2593.32470703125,2626.786961315524,2589.141925245716,2614.238615958921,105666000,0.0,1.0,1.0,2593.32470703125,-34.35294659510282
2016-10-26,2593.32470703125,2610.055834173387,2589.141925245716,2610.055834173387,61653500,-0.2,5.0,1.0,2593.32470703125,-7.908611715235565
2016-10-27,2597.508056640625,2605.873622040434,2589.142491240817,2593.325273940721,79667000,0.0,1.0,1.0,2597.508056640625,-1.1117005116625478
2016-10-28,2610.05615234375,2610.05615234375,2580.776676275791,2597.507805457482,72105000,0.0,0.0,0.0,2610.05615234375,9.836840517011296
2016-10-31,2597.508056640625,2610.056404740338,2580.776925841008,2593.325273940721,65543500,-0.5,2.0,1.0,2597.508056640625,-13.47958539684214
2016-11-01,2584.95947265625,2618.421731201962,2584.95947265625,2593.325037292678,77657500,1.0,1.0,1.0,2584.95947265625,-15.57856898393402
2016-11-02,2589.142333984375,2597.507898876085,2564.045639309244,2584.95955153852,101446000,0.0,1.0,1.0,2589.142333984375,-0.6531681170890806
2016-11-03,2580.777099609375,2593.325448553991,2559.863184701681,2593.325448553991,68455000,0.0,3.0,1.0,2580.777099609375,-11.531277217616662
2016-11-04,2593.32470703125,2593.32470703125,2559.862452746976,2568.228016318044,62182500,0.0,3.0,1.0,2593.32470703125,9.055810390636909
2016-11-07,2576.593994140625,2597.507906430727,2526.400604644379,2551.497299392502,110497000,0.0,6.0,1.0,2576.593994140625,-18.45025185268787
2016-11-08,2593.32470703125,2610.055834173387,2576.593579889113,2576.593579889113,106514500,0.3333333333333333,3.0,1.0,2593.32470703125,13.046077416625394
2016-11-09,2559.8623046875,2605.872901667177,2551.496741600286,2593.324557036356,126875000,0.0,5.0,1.0,2559.8623046875,-35.15854406788685
2016-11-10,2547.314453125,2580.776711950944,2547.314453125,2559.862800184729,69882500,0.0,4.0,1.0,2547.314453125,-17.99279180606345
2016-11-11,2455.293212890625,2509.669382852428,2426.013736757347,2509.669382852428,222566500,0.0,4.0,1.0,2455.293212890625,-98.59257365572604
2016-11-14,2405.099853515625,2409.282635869565,2333.992553498641,2409.282635869565,156689000,0.2,10.0,1.0,2405.099853515625,-65.3949084823571
2016-11-15,2434.379150390625,2488.755316980106,2359.08907357442,2392.551329937178,135474500,0.0,6.0,1.0,2434.379150390625,12.739498587338405
2016-11-16,2463.658447265625,2497.120701218299,2438.561756801119,2438.561756801119,129035500,0.0,2.0,1.0,2463.658447265625,24.42213682525517
2016-11-17,2467.842041015625,2484.573173497087,2459.476474774894,2467.842041015625,120499000,0.0,2.0,1.0,2467.842041015625,5.942229833035981
2016-11-18,2463.658447265625,2467.841229009709,2446.927320289288,2459.475665521541,80701500,0.0,1.0,1.0,2463.658447265625,-3.888190545870657
2016-11-21,2463.658447265625,2472.024010753793,2446.927320289288,2459.475665521541,87375000,0.5,4.0,1.0,2463.658447265625,-2.126217197574533
2016-11-22,2451.1103515625,2463.658698072205,2426.013658543089,2426.013658543089,129317000,0.0,4.0,1.0,2451.1103515625,-15.114826368442664
2016-11-23,2459.475830078125,2467.84139412601,2446.927484006298,2451.11026603024,51143500,0.0,0.0,0.0,2459.475830078125,4.341165641443695
2016-11-24,2434.379150390625,2459.475842662694,2409.282458118557,2426.013586299936,83313000,0.25,4.0,1.0,2434.379150390625,-27.626315785761108
2016-11-25,2430.197265625,2434.380049214716,2417.648914855852,2426.014482035284,71262500,0.0,2.0,1.0,2430.197265625,-9.292817629812362
2016-11-28,2405.099853515625,2430.196547639267,2396.734288807745,2417.648200577446,75786000,0.0,9.0,1.0,2405.099853515625,-30.112681622909804
2016-11-29,2400.917236328125,2413.465584253185,2363.272192552945,2396.734453686438,101969000,-0.5,2.0,1.0,2400.917236328125,-10.502262931951918
2016-11-30,2392.5517578125,2409.282888986014,2388.368975019122,2400.917323399257,163078500,0.0,2.0,1.0,2392.5517578125,-13.692840288690604
2016-12-01,2437.947998046875,2450.558073898841,2400.117770490975,2404.321129108298,107127500,0.25,4.0,1.0,2437.947998046875,40.98697017480072
2016-12-02,2467.370849609375,2543.031284520736,2450.557419629073,2463.167492114299,137411500,0.0,2.0,1.0,2467.370849609375,31.431031714344957
2016-12-05,2463.168212890625,2492.59172396611,2437.948060540209,2467.371571615694,64879000,0.0,7.0,1.0,2463.168212890625,0.2854831230320087
2016-12-06,2467.370849609375,2479.980922094602,2454.760777124148,2471.574207104451,59009500,0.0,1.0,1.0,2467.370849609375,4.278570651280461
2016-12-07,2463.168212890625,2475.778289065833,2454.761495440486,2471.574930340764,69524500,0.0,2.0,1.0,2463.168212890625,-5.71507675744806
2016-12-08,2471.57421875,2500.997721354167,2437.947358630952,2437.947358630952,121795500,1.0,1.0,1.0,2471.57421875,5.947579076736474
2016-12-09,2471.57421875,2488.387648809524,2463.167503720238,2488.387648809524,86596000,-0.5,2.0,1.0,2471.57421875,-1.7093741386165675
2016-12-13,2471.57421875,2484.184291294643,2437.947358630952,2467.370861235119,121360000,0.0,0.0,0.0,2471.57421875,-1.861686353357072
2016-12-14,2479.9814453125,2522.015029131356,2471.574728548729,2471.574728548729,128356000,1.0,1.0,1.0,2479.9814453125,6.017554825361003
2016-12-15,2484.184814453125,2492.591531253305,2471.574739252855,2475.778097652945,125417000,0.0,0.0,0.0,2484.184814453125,2.75889618727706
2016-12-16,2488.387939453125,2522.014803499789,2463.167791418127,2471.574507429793,105628500,0.0,1.0,1.0,2488.387939453125,2.8878592954079068
2016-12-19,2475.777587890625,2492.591018029101,2437.947370079054,2437.947370079054,53658000,0.0,2.0,1.0,2475.777587890625,-14.126822377804729
2016-12-20,2484.184814453125,2488.388172853215,2446.354588852316,2446.354588852316,37145000,-0.2,5.0,1.0,2484.184814453125,4.836358755982928
2016-12-21,2467.370849609375,2488.387637084753,2458.964134619224,2488.387637084753,97165000,0.0,3.0,1.0,2467.370849609375,-19.21781535316313
2016-12-22,2446.354248046875,2450.557605861388,2421.134101159794,2437.947532417848,75773000,0.0,0.0,0.0,2446.354248046875,-25.0750775003753
2016-12-23,2429.541259765625,2454.761411251081,2400.11774969926,2421.134542603806,73656500,-0.3333333333333333,3.0,1.0,2429.541259765625,-23.182280662673293
2016-12-27,2488.387939453125,2496.794655464791,2374.897273295634,2404.320779336465,41749000,0.0,3.0,1.0,2488.387939453125,52.31712235952091
2016-12-28,2475.777587890625,2526.217878306054,2475.777587890625,2505.201090632958,70098000,0.0,3.0,1.0,2475.777587890625,-9.859882289094005
2016-12-29,2580.8623046875,2593.472381094768,2475.778334626934,2488.388411034202,122316500,0.0,2.0,1.0,2580.8623046875,105.32038272503952
2016-12-30,2606.08203125,2614.488747479839,2576.658524445565,2580.861882560484,235500500,-0.25,4.0,1.0,2606.08203125,35.283195285526745
2017-01-02,2606.08203125,2606.08203125,2606.08203125,2606.08203125,0,0.0,1.0,1.0,2606.08203125,9.236132629981968
2017-01-03,2652.319091796875,2652.319091796875,2559.84520904009,2606.082150418482,46748000,0.0,2.0,1.0,2652.319091796875,47.6545688160827
2017-01-04,2639.708984375,2669.132492162619,2631.302267864251,2664.929133907245,85216500,0.0,0.0,0.0,2639.708984375,-8.267734442933488
2017-01-05,2635.505126953125,2652.318556790146,2627.098412034614,2639.708484412381,97909000,0.0,0.0,0.0,2635.505126953125,-4.085409514185358
2017-01-06,2622.8955078125,2639.708940554888,2597.675358698918,2597.675358698918,36603000,0.0,1.0,1.0,2622.8955078125,-15.705324701350037
2017-01-09,2580.8623046875,2622.895892711726,2547.235434268119,2614.489175106881,88087500,0.5,2.0,1.0,2580.8623046875,-46.25948301320432
2017-01-10,2589.268798828125,2606.082232586749,2576.658723509157,2597.675515707437,52004500,0.0,4.0,1.0,2589.268798828125,-0.2976109446876762
2017-01-11,2572.454833984375,2618.691767274944,2572.454833984375,2614.488409703074,43772500,0.3333333333333333,3.0,1.0,2572.454833984375,-21.97850293350257
2017-01-12,2576.658447265625,2597.675237210695,2568.251731287597,2572.455089276611,30781000,0.0,2.0,1.0,2576.658447265625,-0.5312183139894842
2017-01-13,2568.251708984375,2618.69200441451,2555.641635126841,2555.641635126841,69512500,0.0,0.0,0.0,2568.251708984375,-11.983867014021598
2017-01-16,2551.43798828125,2564.048060710976,2522.014485945223,2555.641345757826,62039500,0.0,2.0,1.0,2551.43798828125,-20.352277948763916
2017-01-17,2551.43798828125,2564.048060710976,2547.234630804674,2551.43798828125,22368500,0.0,1.0,1.0,2551.43798828125,-5.315297342691338
2017-01-18,2572.454833984375,2572.454833984375,2547.234688553156,2568.251476412505,93410500,0.0,0.0,0.0,2572.454833984375,16.967876057893136
2017-01-19,2585.065185546875,2589.268543572155,2564.048395420478,2580.861827521595,34360500,0.0,1.0,1.0,2585.065185546875,12.26375763848
2017-01-20,2564.048583984375,2568.251942318775,2530.42171730917,2564.048583984375,44242500,0.0,1.0,1.0,2564.048583984375,-20.45076245317614
2017-01-23,2530.421875,2572.455460963455,2530.421875,2555.642026578073,21962000,-0.25,4.0,1.0,2530.421875,-37.34043330815757
2017-01-24,2530.421875,2564.048743770764,2530.421875,2555.642026578073,36251000,0.0,1.0,1.0,2530.421875,-7.938473831107785
2017-01-25,2513.6083984375,2568.252059273098,2513.6083984375,2568.252059273098,33161500,0.0,3.0,1.0,2513.6083984375,-22.310944230225687
2017-01-26,2572.454833984375,2593.471621843725,2522.014543121936,2522.014543121936,53606000,0.0,3.0,1.0,2572.454833984375,53.562849163970895
2017-01-27,2589.268798828125,2614.488949466061,2547.235214431565,2547.235214431565,37555500,0.0,1.0,1.0,2589.268798828125,19.77345621221229
2017-01-30,2597.675537109375,2618.69232948081,2576.65874473794,2618.69232948081,33673000,0.0,2.0,1.0,2597.675537109375,12.318251345674526
2017-01-31,2572.454833984375,2614.488409703074,2564.048118840635,2572.454833984375,36946500,0.0,0.0,0.0,2572.454833984375,-24.46156460340535
2017-02-01,2593.471923828125,2606.081998012054,2593.471923828125,2606.081998012054,43359000,0.0,2.0,1.0,2593.471923828125,16.820694094545615
2017-02-02,2597.675537109375,2601.878895583662,2568.252027789366,2576.65874473794,61584000,0.0,0.0,0.0,2597.675537109375,2.565120548622417
2017-02-03,2601.87841796875,2606.081775671446,2593.471702563359,2597.675060266054,44754000,-0.5,2.0,1.0,2601.87841796875,3.582995648679571
2017-02-06,2622.8955078125,2635.505582369291,2606.082075070112,2618.692149626903,63275000,0.0,2.0,1.0,2622.8955078125,19.572007758808013
2017-02-07,2627.09912109375,2627.09912109375,2593.47225234375,2593.47225234375,47873500,0.0,2.0,1.0,2627.09912109375,4.764883117604313
2017-02-08,2622.8955078125,2631.302224183694,2610.285433255709,2627.098865998097,73968000,0.0,3.0,1.0,2622.8955078125,-4.373702794003748
2017-02-09,2627.09912109375,2631.3024796875,2622.8957625,2622.8957625,134806500,0.0,1.0,1.0,2627.09912109375,1.9401848041975427
2017-02-10,2522.01513671875,2639.709176432292,2522.01513671875,2627.099100748698,82921000,0.0,4.0,1.0,2522.01513671875,-107.1899836441794
2017-02-13,2610.28564453125,2631.302437160326,2580.862134850543,2606.082286005435,98775500,0.3333333333333333,3.0,1.0,2610.28564453125,73.3529523708512
2017-02-14,2606.08203125,2614.488747479839,2585.065240675403,2597.675315020161,68492000,-1.0,1.0,1.0,2606.08203125,-4.4927527540176015
2017-02-15,2606.08203125,2606.08203125,2606.08203125,2606.08203125,0,0.3333333333333333,3.0,1.0,2606.08203125,2.286205073363817
2017-02-16,2606.08203125,2622.895463709678,2585.065240675403,2622.895463709678,109934500,0.0,1.0,1.0,2606.08203125,-2.071967322328419
2017-02-17,2601.87841796875,2618.691848779534,2580.861629455271,2597.675060266054,54111500,0.0,1.0,1.0,2601.87841796875,-6.352902416139386
2017-02-20,2597.675537109375,2622.895687955097,2589.268820160801,2622.895687955097,49225000,0.0,0.0,0.0,2597.675537109375,-7.161227039987807
2017-02-21,2606.08203125,2610.285389364919,2589.268598790323,2589.268598790323,47016500,0.0,0.0,0.0,2606.08203125,5.065274028740987
2017-02-22,2606.08203125,2618.692105594758,2589.268598790323,2589.268598790323,47767500,0.0,1.0,1.0,2606.08203125,-1.912582386181839
2017-02-23,2606.08203125,2618.692105594758,2589.268598790323,2589.268598790323,81655500,0.0,0.0,0.0,2606.08203125,-1.9450361182712184
2017-02-24,2606.08203125,2622.895463709678,2606.08203125,2610.285389364919,33280500,0.0,4.0,1.0,2606.08203125,-2.413299765904412
2017-02-27,2606.08203125,2610.285389364919,2589.268598790323,2606.08203125,28618000,-0.3333333333333333,3.0,1.0,2606.08203125,-2.472234888974981
2017-02-28,2597.675537109375,2614.488971006523,2589.268820160801,2606.082254057949,110184500,0.0,0.0,0.0,2597.675537109375,-10.917034485273234
2017-03-01,2606.08203125,2610.285389364919,2589.268598790323,2589.268598790323,102209000,0.0,0.0,0.0,2606.08203125,4.868125698557378
2017-03-02,2606.08203125,2635.505538054435,2601.878673135081,2631.302179939516,78309500,0.0,0.0,0.0,2606.08203125,-2.186409381638896
2017-03-03,2601.87841796875,2614.488491076838,2593.471702563359,2597.675060266054,88454000,0.0,1.0,1.0,2601.87841796875,-6.194968969278307
2017-03-06,2601.87841796875,2601.87841796875,2580.861629455271,2589.268344860663,44661500,-1.0,1.0,1.0,2601.87841796875,-2.9468125667985987
2017-03-07,2597.675537109375,2606.082254057949,2589.268820160801,2589.268820160801,52582000,0.0,0.0,0.0,2597.675537109375,-7.022606590929172
2017-03-08,2606.08203125,2610.285389364919,2597.675315020161,2606.08203125,87391500,0.0,1.0,1.0,2606.08203125,5.308733376215969
2017-03-09,2627.09912109375,2639.709196875,2606.082328125,2627.09912109375,47322000,-0.3333333333333333,3.0,1.0,2627.09912109375,19.14325041088477
2017-03-10,2627.09912109375,2639.709196875,2601.87896953125,2639.709196875,34386000,1.0,1.0,1.0,2627.09912109375,0.6241203770382526
2017-03-13,2614.48876953125,2631.302202132737,2601.878695080135,2622.895485831994,24933000,0.0,11.0,1.0,2614.48876953125,-13.311026888780816
2017-03-14,2635.505126953125,2673.335344086423,2631.30176949387,2639.708484412381,62225000,0.0,4.0,1.0,2635.505126953125,17.393765968538446
2017-03-15,2631.302490234375,2652.319283287365,2610.285697181385,2652.319283287365,70286000,0.0,3.0,1.0,2631.302490234375,-5.029654023706826
2017-03-16,2669.13232421875,2690.149114173228,2656.522250246063,2673.335682209646,186021500,0.0,1.0,1.0,2669.13232421875,36.32723938837353
2017-03-17,2681.74267578125,2723.776260041144,2669.132600503282,2690.149392633229,223808500,0.0,0.0,0.0,2681.74267578125,14.630029405963342
2017-03-20,2702.759521484375,2727.979672540217,2681.74272893784,2706.962879993682,191276500,0.0,4.0,1.0,2702.759521484375,23.157821626348323
2017-03-21,2732.18310546875,2736.386464092548,2715.369670973558,2727.979746844952,133231500,0.0,1.0,1.0,2732.18310546875,31.15472760576995
2017-03-22,2744.793212890625,2748.996571562739,2698.556267497368,2698.556267497368,178821000,0.0,3.0,1.0,2744.793212890625,15.878318049049994
2017-03-23,2791.0302734375,2816.25042651073,2753.200043827655,2757.403402673193,195774000,-0.25,4.0,1.0,2791.0302734375,48.185192321877366
2017-03-24,2782.62353515625,2824.657123300604,2765.810099898508,2824.657123300604,86403000,0.0,2.0,1.0,2782.62353515625,-3.558036693163104
2017-03-27,2782.62353515625,2795.233611599556,2774.216817527379,2782.62353515625,74524000,0.0,2.0,1.0,2782.62353515625,0.7247938651880759
2017-03-29,2807.84326171875,2828.860052599879,2795.233187190073,2803.639903542524,112645500,0.0,2.0,1.0,2807.84326171875,23.020641837355925
2017-03-30,2828.8603515625,2837.267068803399,2807.843558460253,2828.8603515625,96488000,0.0,1.0,1.0,2828.8603515625,21.80630228860309
2017-03-31,2782.62353515625,2858.283993816087,2782.62353515625,2828.86048211504,81642500,-0.5,2.0,1.0,2782.62353515625,-44.11120240618538
2017-04-03,2786.82666015625,2849.877037082862,2786.82666015625,2786.82666015625,186889000,0.0,2.0,1.0,2786.82666015625,-1.74436475482662
2017-04-04,2816.25,2841.470149253732,2799.436567164179,2816.25,74096500,0.0,2.0,1.0,2816.25,24.226340653110583
2017-04-05,2816.25,2816.25,2816.25,2816.25,0,0.0,1.0,1.0,2816.25,0.7710941157083653
2017-04-06,2912.9267578125,2921.333472842262,2891.909970238095,2891.909970238095,117034500,0.1428571428571428,7.0,1.0,2912.9267578125,96.33214757786982
2017-04-07,2917.130126953125,2938.146914611289,2891.909981763328,2938.146914611289,133337000,0.0,0.0,0.0,2917.130126953125,13.884460521511755
2017-04-10,2917.130126953125,2984.383847459249,2900.316696826594,2963.367059801085,79805500,0.0,2.0,1.0,2917.130126953125,6.043495150616764
2017-04-11,2933.94384765625,2959.163995343839,2900.316984072797,2942.350563552113,88702000,-0.6666666666666666,3.0,1.0,2933.94384765625,16.420191566152425
2017-04-12,2967.571044921875,2975.977761763013,2929.740819136752,2933.944177557321,56825500,-0.3333333333333333,3.0,1.0,2967.571044921875,33.97004838980911
2017-04-13,2917.130126953125,2975.977132395984,2891.909981763328,2975.977132395984,52786000,0.0,4.0,1.0,2917.130126953125,-47.27970153187789
2017-04-17,2867.156494140625,2939.153038306638,2829.040676640971,2939.153038306638,93984000,-0.6666666666666666,3.0,1.0,2867.156494140625,-55.4958791836084
2017-04-18,2867.156494140625,2888.3319483071,2854.451221640741,2875.626675807215,102219500,0.0,0.0,0.0,2867.156494140625,-11.925049468849464
2017-04-19,2867.156494140625,2867.156494140625,2867.156494140625,2867.156494140625,0,0.0,0.0,0.0,2867.156494140625,-7.188948925415843
2017-04-20,2934.917724609375,2989.973901261499,2901.037000515761,2913.742272050866,146846500,0.0,9.0,1.0,2934.917724609375,64.04586079748788
2017-04-21,2960.328125,2964.563215307582,2884.096499463519,2892.566680078684,86655500,0.0,1.0,1.0,2960.328125,30.64719076330448
2017-04-25,2947.623291015625,2989.974200369298,2930.682927274156,2989.974200369298,111180500,0.0,1.0,1.0,2947.623291015625,-6.777340654862201
2017-04-26,3049.265869140625,3049.265869140625,2930.683307562934,2989.974588351779,82166000,0.0,2.0,1.0,3049.265869140625,100.8100068048816
2017-04-27,2968.798583984375,2985.738946803116,2947.623130460949,2947.623130460949,68316500,-0.3333333333333333,3.0,1.0,2968.798583984375,-70.74556373713722
2017-04-28,3006.9150390625,3011.150130666813,2968.799214623679,2968.799214623679,68971000,0.0,1.0,1.0,3006.9150390625,34.196787154963204
2017-05-02,3032.325439453125,3040.795622244893,3006.914891077819,3006.914891077819,138473000,-1.0,1.0,1.0,3032.325439453125,22.79882197685947
2017-05-03,3006.9150390625,3023.855405479753,3006.9150390625,3015.385222271127,43521500,-0.5,2.0,1.0,3006.9150390625,-22.420750174902423
2017-05-04,3019.6201171875,3049.265756486676,3011.149934530592,3015.385025859046,123050500,-0.2,5.0,1.0,3019.6201171875,9.453535403729347
2017-05-05,3011.14990234375,3019.620084910118,2977.269172078279,3006.914811060566,33583500,0.0,3.0,1.0,3011.14990234375,-10.866150973778076
2017-05-08,3040.795166015625,3074.675892099364,3019.619712213288,3028.089893734223,64042500,0.0,7.0,1.0,3040.795166015625,26.906643338784303
2017-05-09,3049.265869140625,3108.557149929471,3023.85532023112,3100.086966959635,50148500,0.0,2.0,1.0,3049.265869140625,8.959783190971393
2017-05-10,3036.56005859375,3061.970603017129,3006.914423433142,3006.914423433142,78922000,0.0,1.0,1.0,3036.56005859375,-11.879211184500036
2017-05-12,3049.265869140625,3142.437881808811,3023.85532023112,3138.202790323893,141996500,0.0,1.0,1.0,3049.265869140625,9.811503891713071
2017-05-15,3091.61669921875,3091.61669921875,3049.265785530822,3049.265785530822,41290500,0.3333333333333333,3.0,1.0,3091.61669921875,40.69976403229293
2017-05-16,2947.623291015625,3040.795291593705,2917.977654468054,3032.32510972297,237774500,0.0,6.0,1.0,2947.623291015625,-140.4559972028851
2017-05-17,2871.391845703125,2951.858578842298,2867.156754485274,2947.623487624447,166786000,-0.1666666666666666,6.0,1.0,2871.391845703125,-92.60321859590977
2017-05-18,2947.623291015625,2956.093472886359,2845.98110856681,2845.98110856681,203136500,0.0,1.0,1.0,2947.623291015625,53.60699667090148
2017-05-19,3032.325439453125,3061.971079224315,2896.802514784829,2947.62361153544,182948000,-0.25,4.0,1.0,3032.325439453125,82.98952133845887
2017-05-22,2989.974365234375,3091.616553287668,2951.85854471439,3074.676188612119,81751500,-0.2,5.0,1.0,2989.974365234375,-30.77186705854365
2017-05-23,2998.444091796875,3006.914272847149,2934.917733919823,2989.973910746602,87609500,0.5,2.0,1.0,2998.444091796875,8.21091654985139
2017-05-24,2960.328125,2960.328125,2943.387763769671,2956.093034692418,97663500,-0.25,4.0,1.0,2960.328125,-41.218276543035245
2017-05-26,2977.26904296875,3002.679589565922,2956.093587471106,2964.563769670163,126066500,0.0,3.0,1.0,2977.26904296875,10.43950655791332
2017-05-29,3011.14990234375,3040.795541326037,2968.798989511911,2994.209537211014,103340500,0.0,2.0,1.0,3011.14990234375,30.35362214568704
2017-05-30,2981.50341796875,3015.384138627486,2981.50341796875,2998.443778298118,56862000,0.0,0.0,0.0,2981.50341796875,-27.32172244212188
2017-05-31,2905.2724609375,2989.974281956086,2905.2724609375,2981.504099854228,1062861500,0.0,3.0,1.0,2905.2724609375,-79.57400739121113
2017-06-01,2905.2724609375,2905.2724609375,2905.2724609375,2905.2724609375,0,0.5,2.0,1.0,2905.2724609375,-13.516382243224143
2017-06-02,2973.033447265625,2989.973808788506,2934.917633839143,2951.857995362024,241656500,0.0,3.0,1.0,2973.033447265625,58.77685798997754
2017-06-05,3002.679443359375,3019.61980693263,2960.328534426239,3015.384716039316,102575000,0.0,3.0,1.0,3002.679443359375,33.82288832672384
2017-06-06,2973.033447265625,2994.208899169226,2964.563266504184,2964.563266504184,87003500,0.0,8.0,1.0,2973.033447265625,-23.684075239346384
2017-06-07,3015.384765625,3023.854947550913,2981.504037921348,2989.974219847261,74324000,0.3333333333333333,3.0,1.0,3015.384765625,39.68017769409698
2017-06-08,3036.56005859375,3057.735512279899,3023.854786382061,3023.854786382061,92743000,0.0,5.0,1.0,3036.56005859375,22.360179980630164
2017-06-09,2998.444091796875,3066.205540199064,2968.798458120918,3066.205540199064,101066500,0.0,16.0,1.0,2998.444091796875,-34.81461836990138
2017-06-12,3006.9150390625,3032.32558868838,2981.50448943662,2998.444855853873,38489500,0.0,2.0,1.0,3006.9150390625,3.687496941761765
2017-06-13,3028.09033203125,3040.795606151661,3002.679783790429,3006.914875163899,49797000,0.0,6.0,1.0,3028.09033203125,17.255514785011655
2017-06-14,3045.030517578125,3045.030517578125,2998.444515222966,2998.444515222966,79121500,0.0,7.0,1.0,3045.030517578125,17.22754147607293
2017-06-15,3057.73583984375,3066.206022225589,3028.090201507315,3049.265657461911,116159000,0.0714285714285714,14.0,1.0,3057.73583984375,13.892145521818293
2017-06-16,3015.384765625,3074.676039106391,3015.384765625,3074.676039106391,607322000,0.0,7.0,1.0,3015.384765625,-41.57051905010076
2017-06-19,3036.56005859375,3057.735512279899,3028.089877119291,3049.26533080544,56511500,0.0,2.0,1.0,3036.56005859375,15.009220243226991
2017-06-20,3066.20556640625,3078.910838090254,3036.559932476908,3036.559932476908,87824500,0.0,3.0,1.0,3066.20556640625,26.6488951880483
2017-06-21,3083.14599609375,3087.381086747725,3057.7354521699,3066.20563347785,68809000,0.0,2.0,1.0,3083.14599609375,19.120087964682625
2017-06-22,3074.67578125,3104.321415504477,3045.030146995523,3091.616143681129,82107500,0.25,4.0,1.0,3074.67578125,-6.428860689380599
2017-06-23,3074.67578125,3074.67578125,3074.67578125,3074.67578125,0,0.0,0.0,0.0,3074.67578125,-1.5573692159832715
2017-06-26,3074.67578125,3074.67578125,3074.67578125,3074.67578125,0,0.0,0.0,0.0,3074.67578125,-2.6668238326637947
2017-06-27,3074.67578125,3074.67578125,3074.67578125,3074.67578125,0,0.0,1.0,1.0,3074.67578125,-2.477177326908077
2017-06-28,3074.67578125,3074.67578125,3074.67578125,3074.67578125,0,0.0,0.0,0.0,3074.67578125,-2.5280098969933533
2017-06-29,3074.67578125,3074.67578125,3074.67578125,3074.67578125,0,0.0,0.0,0.0,3074.67578125,-2.5215535112133693
2017-06-30,3074.67578125,3074.67578125,3074.67578125,3074.67578125,0,0.0,1.0,1.0,3074.67578125,-2.524153254679732
2017-07-03,3133.967529296875,3133.967529296875,3061.970977948163,3117.027164273649,213038500,0.0,1.0,1.0,3133.967529296875,56.76770920959416
2017-07-04,3142.437744140625,3172.083383236291,3121.262287643721,3133.967561541863,64599000,0.0,1.0,1.0,3142.437744140625,13.13496170751432
2017-07-05,3108.556640625,3163.612820908549,3100.086459042916,3142.437366953338,56981000,0.0,0.0,0.0,3108.556640625,-30.56122623061492
2017-07-06,3087.381103515625,3108.556556900506,3066.205650130744,3083.146012838649,89306500,0.0,4.0,1.0,3087.381103515625,-26.057151849909587
2017-07-07,3133.967529296875,3142.437711808488,3104.321890506229,3108.556981762035,82260000,0.0,4.0,1.0,3133.967529296875,39.34323326817503
2017-07-10,3100.086669921875,3159.377945029671,3091.616487763619,3133.967398554901,40506000,0.0,1.0,1.0,3100.086669921875,-32.894737909693504
2017-07-11,3104.32177734375,3125.49723285087,3091.616504039478,3104.32177734375,61603500,0.0,1.0,1.0,3104.32177734375,0.8145430996869436
2017-07-12,3121.26220703125,3129.732389411254,3066.206021561228,3083.146386321235,89196500,0.0,1.0,1.0,3121.26220703125,12.800069498464836
2017-07-13,3133.967529296875,3138.202620552682,3095.851707994616,3133.967529296875,64456000,0.0,1.0,1.0,3133.967529296875,12.261293477256004
2017-07-14,3117.02685546875,3142.437400486158,3100.086492123811,3142.437400486158,41700000,0.0,0.0,0.0,3117.02685546875,-16.652472578342895
2017-07-17,3100.086669921875,3117.027034238388,3091.616487763619,3091.616487763619,61702000,0.0,2.0,1.0,3100.086669921875,-20.193542703551884
2017-07-18,3108.556640625,3108.556640625,3078.911005087704,3083.146095878747,39056500,0.0,1.0,1.0,3108.556640625,2.86325568399252
2017-07-19,3129.732177734375,3129.732177734375,3100.086541409421,3108.556723216551,45057500,0.0,0.0,0.0,3129.732177734375,18.12875498874473
2017-07-20,3125.4970703125,3133.967252074865,3108.556706787771,3129.732161193682,59790000,-0.3333333333333333,3.0,1.0,3125.4970703125,-3.896721394983615
2017-07-21,3087.381103515625,3129.732010285386,3087.381103515625,3125.49691960841,25438500,1.0,1.0,1.0,3087.381103515625,-39.43228823982872
2017-07-24,3146.672607421875,3155.14278940686,3083.146242534489,3108.556788489444,91781000,-0.5,2.0,1.0,3146.672607421875,52.20095747780397
2017-07-25,3146.672607421875,3163.612971391845,3117.026970474428,3159.377880399352,64479500,0.0,2.0,1.0,3146.672607421875,1.6550575112605657
2017-07-26,3180.55322265625,3201.728676868342,3142.437405074484,3159.377768444157,118081000,0.0,1.0,1.0,3180.55322265625,35.50470274804047
2017-07-27,3184.78857421875,3193.258756596992,3167.848209462267,3180.553483029629,63409500,0.0,0.0,0.0,3184.78857421875,6.600121269691044
2017-07-28,3184.78857421875,3218.669303731715,3167.848209462267,3218.669303731715,84735000,0.0,1.0,1.0,3184.78857421875,1.1126396878676132
2017-07-31,3167.848388671875,3189.023845815404,3146.672931528346,3150.908022957052,65311000,0.5,2.0,1.0,3167.848388671875,-18.416289042885182
2017-08-01,3205.9638671875,3214.434049135155,3172.083139396879,3197.493685239845,88810000,0.0,2.0,1.0,3205.9638671875,33.90639711946096
2017-08-02,3205.9638671875,3214.434049135155,3189.02350329219,3205.9638671875,62681500,0.0,0.0,0.0,3205.9638671875,0.8353688357328792
2017-08-03,3176.318359375,3227.139453125,3142.437630208333,3227.139453125,43917500,0.0,1.0,1.0,3176.318359375,-29.33818322618072
2017-08-04,3146.672607421875,3176.318244369322,3142.437516429383,3176.318244369322,70007000,0.1666666666666666,6.0,1.0,3146.672607421875,-35.197530413857294
2017-08-07,3155.143310546875,3176.318769006921,3146.673127162856,3176.318769006921,57609000,0.0,1.0,1.0,3155.143310546875,0.2006525687629619
2017-08-08,3218.669189453125,3227.139371530633,3167.848096988076,3167.848096988076,58013000,0.0,2.0,1.0,3218.669189453125,59.1578512221281
2017-08-09,3214.43408203125,3222.904264065588,3176.318262876729,3222.904264065588,62335500,0.0,3.0,1.0,3214.43408203125,0.9007541546679932
2017-08-10,3189.023681640625,3227.139502536728,3172.083316797913,3227.139502536728,38466500,0.0,2.0,1.0,3189.023681640625,-23.414836065499912
2017-08-11,3163.61279296875,3189.023337490587,3146.672429954192,3172.082974476029,68837000,0.0,1.0,1.0,3163.61279296875,-30.240128287623065
2017-08-14,3176.318359375,3189.0236328125,3159.377994791667,3163.6130859375,32254000,0.0,2.0,1.0,3176.318359375,5.430744174652318
2017-08-15,3163.61279296875,3184.788246736948,3133.967157693273,3167.84788372239,42814000,0.0,3.0,1.0,3163.61279296875,-16.1095800433568
2017-08-16,3201.728759765625,3205.963850717696,3159.377850244915,3172.083123101128,54188500,0.0,3.0,1.0,3201.728759765625,34.473907267582035
2017-08-17,3201.728759765625,3201.728759765625,3201.728759765625,3201.728759765625,0,0.0,0.0,0.0,3201.728759765625,1.057673465958942
2017-08-18,3167.848388671875,3201.72912010152,3155.143114385758,3176.318571529286,54443500,0.0,2.0,1.0,3167.848388671875,-33.50832881655242
2017-08-21,3184.78857421875,3189.023665407871,3167.848209462267,3184.78857421875,20734000,0.0,0.0,0.0,3184.78857421875,10.897582423211134
2017-08-22,3184.78857421875,3197.493847786112,3184.78857421875,3184.78857421875,35817000,-0.3333333333333333,6.0,1.0,3184.78857421875,-2.958652506119506
2017-08-23,3244.07958984375,3244.07958984375,3193.25849966343,3201.72868136015,48576500,0.0,4.0,1.0,3244.07958984375,57.60724700064111
2017-08-24,3210.198974609375,3244.07970257359,3197.493701622795,3244.07970257359,57641000,0.0,2.0,1.0,3210.198974609375,-29.142989917239447
2017-08-25,3235.609619140625,3252.549983638743,3214.434163517977,3235.609619140625,43855500,0.0,4.0,1.0,3235.609619140625,23.660313776253588
2017-08-28,3231.374755859375,3235.60984728252,3197.494024474217,3201.729115897362,28840500,-0.0833333333333333,12.0,1.0,3231.374755859375,-5.355589759310078
2017-08-29,3231.374755859375,3231.374755859375,3201.729115897362,3227.13966443623,32155000,0.0,1.0,1.0,3231.374755859375,-1.1251173197561002
2017-08-30,3235.609619140625,3252.549983638743,3205.963981268918,3252.549983638743,42254000,-0.0833333333333333,12.0,1.0,3235.609619140625,1.6918675383967638
2017-08-31,3210.198974609375,3252.549884564644,3210.198974609375,3210.198974609375,65610500,0.0,4.0,1.0,3210.198974609375,-27.3305803200642
2017-09-01,3210.198974609375,3210.198974609375,3210.198974609375,3210.198974609375,0,0.0,3.0,1.0,3210.198974609375,-5.251368546160848
2017-09-04,3197.4931640625,3218.668615480133,3167.847532077815,3214.433525196606,37213500,-0.5,2.0,1.0,3197.4931640625,-17.211387425494195
2017-09-05,3218.669189453125,3218.669189453125,3163.613005949322,3218.669189453125,73701500,-0.3333333333333333,3.0,1.0,3218.669189453125,16.689553342163435
2017-09-06,3201.728759765625,3222.90421452598,3184.788395957341,3218.669123573909,59771000,0.5,2.0,1.0,3201.728759765625,-18.11237301952633
2017-09-07,3210.198974609375,3235.609520582536,3176.31824664516,3235.609520582536,44964000,0.0,3.0,1.0,3210.198974609375,5.334519659150828
2017-09-08,3193.25830078125,3222.903934873384,3167.847757273707,3172.082847858298,51583000,-0.4,5.0,1.0,3193.25830078125,-19.549335036992037
2017-09-11,3201.728759765625,3222.90421452598,3201.728759765625,3214.434032621838,36496500,0.0,5.0,1.0,3201.728759765625,4.404936498089683
2017-09-12,3222.904541015625,3235.609815158919,3205.964175491233,3210.199266872331,52225000,0.125,8.0,1.0,3222.904541015625,18.35879088193451
2017-09-13,3227.1396484375,3239.844922643947,3193.258917220308,3193.258917220308,29835000,0.0,1.0,1.0,3227.1396484375,4.703972942414112
2017-09-14,3235.609619140625,3244.079801389684,3227.139436891566,3239.844710265155,37754000,0.0,1.0,1.0,3235.609619140625,8.211764711401884
2017-09-15,3197.4931640625,3222.903705763659,3189.022983495447,3218.668615480133,163473500,0.0,5.0,1.0,3197.4931640625,-38.857986904965856
2017-09-18,3214.43408203125,3218.669173048419,3189.023535928236,3218.669173048419,30903500,0.0,0.0,0.0,3214.43408203125,10.725740965281602
2017-09-19,3231.374755859375,3248.315121551953,3189.023841627928,3193.258933051073,59579500,0.0,7.0,1.0,3231.374755859375,13.605202823497166
2017-09-20,3227.1396484375,3235.609831241798,3214.434374231053,3235.609831241798,76382000,0.0,2.0,1.0,3227.1396484375,-3.921993644980376
2017-09-21,3227.1396484375,3227.1396484375,3227.1396484375,3227.1396484375,0,0.0,2.0,1.0,3227.1396484375,-1.6203971567942972
2017-09-22,3366.897216796875,3383.837580151828,3222.904128279776,3235.60940079599,125871000,0.0,8.0,1.0,3366.897216796875,137.24991747600598
2017-09-25,3333.016845703125,3354.192302156131,3324.546663121923,3345.722119574929,97549500,0.0,7.0,1.0,3333.016845703125,-19.397261500893364
2017-09-26,3328.78173828125,3349.95719463164,3320.311555741094,3333.016829551328,99934500,0.0,3.0,1.0,3328.78173828125,0.4958781460013597
2017-09-27,3345.722412109375,3354.192595431171,3328.782045465784,3354.192595431171,122173500,0.0,2.0,1.0,3345.722412109375,13.659841433701786
2017-09-28,3358.427001953125,3362.662092750039,3328.781366374724,3358.427001953125,101703500,0.0,0.0,0.0,3358.427001953125,12.343600819553558
2017-09-29,3438.89404296875,3451.599316526516,3358.42731043623,3383.837857551763,188602500,0.4,5.0,1.0,3438.89404296875,80.82243373693382
2017-10-02,3443.128662109375,3489.714658767682,3426.188299688173,3481.24447755708,52865500,0.0,1.0,1.0,3443.128662109375,12.8052760617461
2017-10-03,3447.363525390625,3472.774067346821,3421.952983434429,3443.128435064592,48209500,0.0,5.0,1.0,3447.363525390625,9.115444960140849
2017-10-04,3443.128662109375,3481.24447755708,3434.658480898774,3481.24447755708,101610500,-0.25,4.0,1.0,3443.128662109375,-4.327740172408994
2017-10-05,3434.65869140625,3443.128873135982,3400.777964487323,3443.128873135982,120569000,0.0,1.0,1.0,3434.65869140625,-10.43832614703797
2017-10-06,3464.30419921875,3477.009471343024,3405.012929305471,3430.423473554019,100290500,0.3333333333333333,3.0,1.0,3464.30419921875,26.04171009062065
2017-10-09,3447.363525390625,3455.83370604269,3430.423164086494,3438.89334473856,65156500,0.0,2.0,1.0,3447.363525390625,-16.52799547518407
2017-10-10,3451.5986328125,3455.83372315951,3421.953000383436,3421.953000383436,55606000,-0.1428571428571428,7.0,1.0,3451.5986328125,1.9138354316501136
2017-10-11,3451.5986328125,3460.068813506519,3421.953000383436,3421.953000383436,67298000,0.3333333333333333,3.0,1.0,3451.5986328125,-2.917979293764347
2017-10-12,3523.595703125,3527.830794114333,3451.59915630634,3451.59915630634,103676500,-0.6,5.0,1.0,3523.595703125,69.72042613032045
2017-10-13,3502.420166015625,3549.006165805434,3481.244711565712,3523.595620465538,55690000,0.0,3.0,1.0,3502.420166015625,-14.96651899547851
2017-10-16,3510.890625,3565.946810916767,3502.420442551267,3523.5958986731,54328000,0.0,3.0,1.0,3510.890625,9.2450317970156
2017-10-17,3472.7744140625,3515.125321551067,3396.54278058308,3515.125321551067,115934500,0.0,4.0,1.0,3472.7744140625,-40.04139927720325
2017-10-18,3421.953369140625,3506.655185208462,3400.777915123666,3506.655185208462,124576000,-0.25,4.0,1.0,3421.953369140625,-57.11095021623305
2017-10-19,3443.128662109375,3447.363752714676,3413.483027872271,3421.953209082872,68639000,0.0,2.0,1.0,3443.128662109375,9.53608065454864
2017-10-20,3447.363525390625,3549.00569321541,3447.363525390625,3472.774067346821,60758000,0.0,2.0,1.0,3447.363525390625,-0.4594605910010614
2017-10-23,3557.4765625,3621.0029296875,3498.185286458333,3498.185286458333,62843500,0.0,2.0,1.0,3557.4765625,108.6416892808188
2017-10-24,3489.71484375,3599.827205324636,3489.71484375,3557.476297026699,65380000,0.0,3.0,1.0,3489.71484375,-56.67001774901064
2017-10-25,3565.946533203125,3565.946533203125,3455.834169945071,3489.714897101395,69421500,0.0,2.0,1.0,3565.946533203125,74.53978386768449
2017-10-26,3519.360107421875,3557.475920859657,3489.714474748045,3523.595197803851,41336000,0.0,2.0,1.0,3519.360107421875,-43.36990652377881
2017-10-27,3438.89404296875,3515.125684315348,3421.953678225062,3515.125684315348,101701000,-0.25,4.0,1.0,3438.89404296875,-82.81462095637335
2017-10-30,3460.0693359375,3468.539517910419,3438.893881005202,3443.128971991661,55210500,0.0,2.0,1.0,3460.0693359375,6.19809900266182
2017-10-31,3540.535888671875,3544.770979447798,3477.009527033025,3527.830616344105,78009000,0.0,4.0,1.0,3540.535888671875,73.6571048009173
2017-11-01,3612.53271484375,3621.002897059093,3557.476530444021,3557.476530444021,103776500,0.0,2.0,1.0,3612.53271484375,79.28976745519549
2017-11-02,3637.943115234375,3663.353660858829,3625.237842422148,3642.178206171784,95839000,0.0,4.0,1.0,3637.943115234375,37.87522148500011
2017-11-03,3561.71142578125,3642.178152404132,3506.655244407699,3642.178152404132,70070000,0.0,3.0,1.0,3561.71142578125,-68.41344132515997
2017-11-06,3557.4765625,3591.357291666667,3557.4765625,3591.357291666667,38234000,0.0,0.0,0.0,3557.4765625,-12.059648954113529
2017-11-07,3565.946533203125,3570.181624097665,3515.125442468639,3532.065806046801,49234500,0.0,2.0,1.0,3565.946533203125,0.4051263804954033
2017-11-08,3523.595703125,3578.651885986328,3523.595703125,3540.536067082332,61518000,0.0,1.0,1.0,3523.595703125,-45.15439780246652
2017-11-09,3523.595703125,3565.946613018329,3519.360612135667,3549.006249060998,51541000,0.0,4.0,1.0,3523.595703125,-7.49807626175334
2017-11-10,3498.185302734375,3540.536214389755,3489.715120403299,3523.595849727603,79178500,0.0,0.0,0.0,3498.185302734375,-31.37443720570036
2017-11-13,3468.539306640625,3506.655123197115,3455.834034455128,3477.009488097623,56963000,0.0,6.0,1.0,3468.539306640625,-35.99919808845789
2017-11-14,3468.539306640625,3481.244578826122,3460.069125183627,3472.774397369124,54986000,-0.5,2.0,1.0,3468.539306640625,-8.50274914102829
2017-11-15,3561.71142578125,3582.886880155693,3472.774517408591,3489.714880908145,94253500,-0.3333333333333333,6.0,1.0,3561.71142578125,87.69548485300948
2017-11-16,3561.71142578125,3591.35706190547,3549.006153156585,3591.35706190547,61512500,0.0,4.0,1.0,3561.71142578125,8.016811202113786
2017-11-17,3587.121826171875,3591.356916875738,3527.830556317794,3582.886735468012,126881500,-0.5,2.0,1.0,3587.121826171875,30.16774986560995
2017-11-20,3561.71142578125,3604.062334530136,3561.71142578125,3587.121971030581,90902500,0.0,1.0,1.0,3561.71142578125,-23.269388753238676
2017-11-21,3578.65185546875,3595.59221928162,3536.300945936576,3595.59221928162,63695000,-0.2,5.0,1.0,3578.65185546875,14.076343978637851
2017-11-22,3587.121826171875,3595.592007579601,3557.476191244834,3557.476191244834,86719000,-0.6,5.0,1.0,3587.121826171875,6.578065001088817
2017-11-23,3557.4765625,3599.827473958333,3532.066015625,3599.827473958333,66003500,0.0,2.0,1.0,3557.4765625,-29.96120929922972
2017-11-24,3557.4765625,3565.946744791667,3519.3607421875,3536.301106770833,60888000,0.0,1.0,1.0,3557.4765625,-5.24518124014412
2017-11-27,3608.29736328125,3608.29736328125,3527.830638043757,3527.830638043757,78146500,-0.25,8.0,1.0,3608.29736328125,46.14092368630145
2017-11-28,3608.29736328125,3608.29736328125,3565.946455261517,3608.29736328125,77432000,0.0,3.0,1.0,3608.29736328125,3.1952154679552223
2017-11-29,3600.6455078125,3626.151851433368,3558.134935111054,3621.900794163223,103370500,0.0,5.0,1.0,3600.6455078125,-6.244282366938933
2017-11-30,3460.3603515625,3621.900515394656,3460.3603515625,3621.900515394656,205897500,0.0,1.0,1.0,3460.3603515625,-142.8798375047004
2017-12-01,3460.3603515625,3460.3603515625,3460.3603515625,3460.3603515625,0,0.0,0.0,0.0,3460.3603515625,-19.7894625415438
2017-12-04,3536.8798828125,3596.394688532903,3511.373537503756,3541.130940363958,128402500,-0.6666666666666666,3.0,1.0,3536.8798828125,62.56223990421768
2017-12-05,3570.88818359375,3592.143470400856,3553.883954148066,3579.390298316592,62670500,0.0,3.0,1.0,3570.88818359375,38.22672841390386
2017-12-06,3621.90087890625,3634.654051015075,3570.888190470951,3596.394534688601,106299500,-0.125,8.0,1.0,3621.90087890625,57.76045977262811
2017-12-07,3566.637451171875,3621.90120190517,3549.633220177015,3621.90120190517,69664000,0.0,5.0,1.0,3566.637451171875,-47.76661976144851
2017-12-08,3592.143310546875,3609.147539235854,3575.139081857896,3587.89225337463,40480000,-0.25,4.0,1.0,3592.143310546875,21.50766518710543
2017-12-11,3583.64111328125,3613.398512798413,3570.887942059609,3613.398512798413,32973500,0.0,5.0,1.0,3583.64111328125,-11.1232013511667
2017-12-12,3613.3984375,3613.3984375,3545.381525735294,3600.645266544117,67854000,0.0,1.0,1.0,3613.3984375,27.789657391751007
2017-12-13,3558.13525390625,3600.64583041648,3558.13525390625,3600.64583041648,61131000,0.0,4.0,1.0,3558.13525390625,-54.68414569761944
2017-12-14,3587.89208984375,3596.394203800726,3549.632577037359,3558.134690994335,75550000,0.0,2.0,1.0,3587.89208984375,22.92556029445768
2017-12-15,3587.89208984375,3587.89208984375,3553.883634015847,3553.883634015847,64630500,0.0,0.0,0.0,3587.89208984375,-2.90940274859895
2017-12-18,3587.89208984375,3587.89208984375,3545.381520058872,3553.883634015847,76474000,0.0,3.0,1.0,3587.89208984375,-0.8774173861647796
2017-12-19,3587.89208984375,3613.398431714677,3562.385747972823,3562.385747972823,76553500,0.0,0.0,0.0,3587.89208984375,-2.350185822343974
2017-12-20,3558.13525390625,3579.390542161365,3549.633138604204,3579.390542161365,102963500,0.25,4.0,1.0,3558.13525390625,-32.15037571031053
2017-12-21,3587.89208984375,3596.394203800726,3562.385747972823,3562.385747972823,61100000,-0.25,4.0,1.0,3587.89208984375,23.6521107319104
2017-12-22,3655.9091796875,3685.666579987282,3566.636978788154,3600.645436273619,94573000,0.0,3.0,1.0,3655.9091796875,66.69524776781418
2017-12-25,3655.9091796875,3655.9091796875,3655.9091796875,3655.9091796875,0,0.0,1.0,1.0,3655.9091796875,7.610282592289423
2017-12-26,3655.9091796875,3655.9091796875,3655.9091796875,3655.9091796875,0,0.0,0.0,0.0,3655.9091796875,3.310636629958026
2017-12-27,3660.16064453125,3689.918048145325,3638.905356235482,3655.909586872096,86689000,0.0,8.0,1.0,3660.16064453125,3.109081161202994
2017-12-28,3728.177734375,3740.930907924744,3651.658693076539,3655.909750926454,106501000,0.25,4.0,1.0,3728.177734375,66.56415607112422
2017-12-29,3723.926025390625,3868.461967015375,3681.415454324522,3749.432368030287,81347000,0.0,4.0,1.0,3723.926025390625,1.9756806944847085
2018-01-01,3723.926025390625,3723.926025390625,3723.926025390625,3723.926025390625,0,0.0,0.0,0.0,3723.926025390625,2.6187349622387046
2018-01-02,3723.926025390625,3830.202453055882,3711.172854070794,3723.926025390625,82303500,-0.5,2.0,1.0,3723.926025390625,-1.6012189721427603
2018-01-03,3723.926025390625,3732.428139603845,3626.151711938588,3728.177082497235,68214000,0.5,2.0,1.0,3723.926025390625,-2.0700847285006603
2018-01-04,3779.189697265625,3779.189697265625,3723.925955910785,3723.925955910785,76567000,0.0,2.0,1.0,3779.189697265625,52.85592945455892
2018-01-05,3783.441162109375,3808.947507022472,3770.687989652826,3791.943277080407,65268000,0.0,0.0,0.0,3783.441162109375,8.472135425217857
2018-01-08,3800.4453125,3838.704829068792,3779.190025517338,3783.44108291387,57928000,0.0,1.0,1.0,3800.4453125,19.49837186453624
2018-01-09,3830.202880859375,3834.453938440795,3817.449708115115,3825.951823277955,61213000,0.0,3.0,1.0,3830.202880859375,30.635248957665222
2018-01-10,3817.44970703125,3864.211340413593,3796.194419130185,3830.202879771889,47292000,-0.5,2.0,1.0,3817.44970703125,-9.791459824602043
2018-01-11,3859.9599609375,3859.9599609375,3791.943045326266,3817.449388680479,57569000,0.0,3.0,1.0,3859.9599609375,41.31143512253993
2018-01-12,3813.1982421875,3864.210927701714,3796.194013682762,3859.959870575529,66590500,0.0,0.0,0.0,3813.1982421875,-44.454587957448894
2018-01-15,3821.7001953125,3825.951252259455,3791.942796683815,3817.449138365545,41875000,0.0,2.0,1.0,3821.7001953125,3.810762409007566
2018-01-16,3842.95556640625,3855.708737533705,3817.449224151341,3817.449224151341,50055000,0.5,2.0,1.0,3842.95556640625,16.709064276858044
2018-01-17,3766.437255859375,3859.960528578231,3766.437255859375,3859.960528578231,183003000,0.5,2.0,1.0,3766.437255859375,-76.28900761055047
2018-01-18,3838.7041015625,3842.955158153377,3783.440365881091,3783.440365881091,84980500,0.0,2.0,1.0,3838.7041015625,62.07870814285798
2018-01-19,3817.44970703125,3851.458167672954,3808.947591870824,3847.207110092741,50450500,0.0,0.0,0.0,3817.44970703125,-20.854252858887776
2018-01-22,3821.7001953125,3838.70442310032,3813.19808141859,3834.453366153365,81367500,0.0,2.0,1.0,3821.7001953125,3.802687011402668
2018-01-23,3851.457763671875,3859.959877940466,3830.202478000397,3851.457763671875,68752000,0.0,3.0,1.0,3851.457763671875,26.780723688665603
2018-01-24,3838.7041015625,3847.206214744255,3825.950931789867,3847.206214744255,94254500,-1.0,1.0,1.0,3838.7041015625,-11.303738344555311
2018-01-25,3838.7041015625,3851.457271335133,3817.448818608112,3834.453044971622,53653500,0.0,1.0,1.0,3838.7041015625,-1.6386703279922583
2018-01-26,3859.9599609375,3885.466304291712,3830.202560357585,3847.206789260394,58121000,-0.25,4.0,1.0,3859.9599609375,18.25478818463762
2018-01-29,3876.964111328125,3881.215168467739,3834.453539931983,3876.964111328125,114814500,0.0,1.0,1.0,3876.964111328125,17.058245103536137
2018-01-30,3876.964111328125,3987.491596958093,3851.45776849044,3859.959882769668,114055000,0.0,0.0,0.0,3876.964111328125,1.2327914101069837
2018-01-31,3864.21142578125,3893.968829500137,3859.960368107123,3876.96459880363,106803000,0.0,2.0,1.0,3864.21142578125,-13.518304230543436
2018-02-01,3974.739501953125,3983.241618534843,3885.467277845087,3885.467277845087,138208000,0.0,3.0,1.0,3974.739501953125,106.92085587278416
2018-02-02,4076.76416015625,4200.044828190172,4012.998297380083,4017.249354898495,98474000,0.0,1.0,1.0,4076.76416015625,112.0387364296821
2018-02-05,4047.006103515625,4085.265614998441,3995.993421538537,4038.503989852777,49501500,0.0,1.0,1.0,4047.006103515625,-11.109046614394629
2018-02-06,4000.24609375,4025.752445038523,3961.986566817216,3987.492918105739,117589500,0.0,1.0,1.0,4000.24609375,-42.7017353221845
2018-02-07,3995.993896484375,4076.7639858814,3991.74283914769,4021.500240504488,121947000,0.0,0.0,0.0,3995.993896484375,-12.219085277834438
2018-02-08,4030.0029296875,4047.007161458333,3995.994466145833,4004.49658203125,68461000,1.0,1.0,1.0,4030.0029296875,27.63579629966944
2018-02-09,4008.74755859375,4034.253905732204,3970.488037886068,3978.990153598887,71076500,0.0,0.0,0.0,4008.74755859375,-20.76791198644878
2018-02-12,3995.993896484375,4047.006584524601,3995.993896484375,4047.006584524601,38409500,0.0,6.0,1.0,3995.993896484375,-15.482935571610597
2018-02-13,4047.006103515625,4068.261387672745,4038.503989852777,4047.006103515625,59406000,0.0,2.0,1.0,4047.006103515625,45.70278444498763
2018-02-14,4030.0029296875,4059.760335286458,4004.49658203125,4034.253987630208,75553000,0.0,0.0,0.0,4030.0029296875,-14.542334109151398
2018-02-15,3987.49169921875,4068.261786942797,3987.49169921875,4064.010729694163,52958500,-0.1666666666666666,6.0,1.0,3987.49169921875,-43.2834366932625
2018-02-16,3987.49169921875,3987.49169921875,3987.49169921875,3987.49169921875,0,0.0,1.0,1.0,3987.49169921875,-8.265879396863511
2018-02-19,4123.525390625,4123.525390625,4021.50002013531,4025.751077239046,50185500,0.0,6.0,1.0,4123.525390625,130.10106048243415
2018-02-20,4085.26611328125,4115.023514730749,4059.759769181679,4098.019285331035,34830000,0.0,0.0,0.0,4085.26611328125,-25.085156501116217
2018-02-21,4085.26611328125,4110.772457380821,4034.253425082109,4072.512941231465,62499000,0.0,0.0,0.0,4085.26611328125,3.5656378782300635
2018-02-22,4064.0107421875,4110.772372066226,4038.504398617285,4098.019200281119,47217000,0.0,1.0,1.0,4064.0107421875,-24.542495021480136
2018-02-23,4123.525390625,4161.784904558634,4072.512705380155,4085.265876691366,82233000,0.0,7.0,1.0,4123.525390625,54.72601341757763
2018-02-26,4000.24609375,4119.27573309644,3995.995035201913,4106.522557452179,85227500,0.0,2.0,1.0,4000.24609375,-120.32726984279816
2018-02-27,4004.496826171875,4042.756349988804,3961.986244153065,4034.254233585042,87429500,0.0,0.0,0.0,4004.496826171875,-8.747142461743351
2018-02-28,3940.730224609375,3987.491856185106,3923.725994945472,3978.989741353155,132869000,0.0,2.0,1.0,3940.730224609375,-74.88432556162843
2018-03-01,3940.730224609375,3949.232339441326,3927.977052361448,3927.977052361448,125474500,0.0,3.0,1.0,3940.730224609375,-11.7117609751499
2018-03-02,3889.7177734375,3932.22835019638,3868.46248505806,3923.726234844604,151511000,0.5,2.0,1.0,3889.7177734375,-59.46570832278985
2018-03-05,3889.7177734375,3961.985753927595,3889.7177734375,3936.479407872268,87744000,-0.1666666666666666,6.0,1.0,3889.7177734375,-10.03957547934806
2018-03-06,3872.713134765625,3944.9811076427,3864.211020309499,3940.730050414637,75907000,0.0,1.0,1.0,3872.713134765625,-24.22914462924064
2018-03-07,3842.95556640625,3936.478821340916,3830.202395278796,3927.976707255946,106152000,0.0,2.0,1.0,3842.95556640625,-35.413544707180336
2018-03-08,3961.985107421875,3978.989335350724,3868.461853813204,3910.972423635327,102994500,-0.0833333333333333,12.0,1.0,3961.985107421875,111.07327103779652
2018-03-09,3961.985107421875,3961.985107421875,3906.721366653115,3961.985107421875,66797000,0.0,0.0,0.0,3961.985107421875,9.060567134053144
2018-03-12,4017.25,4021.501058201058,3970.48835978836,3978.990476190476,111180500,0.0,0.0,0.0,4017.25,61.70442644977948
2018-03-13,3987.49169921875,4030.002271705091,3957.734298478312,4012.998042710555,80643000,0.0,1.0,1.0,3987.49169921875,-23.72410781472581
2018-03-14,3978.98974609375,4012.998205462073,3949.232344146468,3991.742918356871,54505500,-0.2,5.0,1.0,3978.98974609375,-9.322621506637915
2018-03-15,3974.739501953125,3983.241618534843,3953.48421049883,3978.990560243984,60774500,0.0,1.0,1.0,3974.739501953125,-9.009461970217217
2018-03-16,3970.487060546875,4025.750799076971,3910.972265206772,4021.499742266963,193122000,0.0,1.0,1.0,3970.487060546875,-8.01536894567107
2018-03-19,3970.487060546875,3974.738117356882,3944.980719686831,3961.98494692686,74200000,-0.1111111111111111,9.0,1.0,3970.487060546875,-3.621558141546302
2018-03-20,3957.734375,3961.985432330827,3910.972744360902,3957.734375,89683500,0.0909090909090909,11.0,1.0,3957.734375,-15.775357332103797
2018-03-21,3974.739501953125,4000.245851698279,3957.735268789689,3970.488443662266,67617500,0.0,8.0,1.0,3974.739501953125,12.801221964363322
2018-03-22,3987.49169921875,3995.993813716018,3970.487470224214,3991.742756467384,60791500,-0.2,10.0,1.0,3987.49169921875,11.204363537876816
2018-03-23,4047.006103515625,4047.006103515625,3910.972284910058,3910.972284910058,62978000,0.0,4.0,1.0,4047.006103515625,59.67453268226927
2018-03-26,3957.734375,3987.49177631579,3944.981203007519,3978.989661654135,100407000,0.0,5.0,1.0,3957.734375,-83.34099899629291
2018-03-27,3987.49169921875,4042.755443450993,3983.240641970116,4021.500157207823,66088000,0.0,2.0,1.0,3987.49169921875,21.57321281436998
2018-03-28,3966.2373046875,3987.492595709405,3936.479897256833,3987.492595709405,36212500,0.0,3.0,1.0,3966.2373046875,-26.234683361498355
2018-03-29,3961.985107421875,3966.236164404088,3881.215024759841,3936.478765528601,77650500,0.0,4.0,1.0,3961.985107421875,-8.047723758082611
2018-03-30,3961.985107421875,3961.985107421875,3961.985107421875,3961.985107421875,0,0.0,0.0,0.0,3961.985107421875,-4.771702011643356
2018-04-02,3978.98974609375,3991.742918356871,3927.977057041266,3987.491860935831,37162500,0.0,0.0,0.0,3978.98974609375,13.84036243482069
2018-04-03,3978.98974609375,3995.993975777911,3966.236573830629,3974.738688672709,56261000,-0.5,2.0,1.0,3978.98974609375,-0.6896229158110145
2018-04-04,3961.985107421875,3995.993563279574,3915.22348061754,3995.993563279574,49877000,0.0,2.0,1.0,3961.985107421875,-18.21747240286095
2018-04-05,3919.474365234375,3995.993387549146,3919.474365234375,3995.993387549146,22521500,0.0,7.0,1.0,3919.474365234375,-46.81564594690326
2018-04-06,3864.21142578125,3932.228348567278,3842.956137410616,3932.228348567278,47941500,0.0,7.0,1.0,3864.21142578125,-64.20164389709589
2018-04-09,3872.713134765625,3893.968420905941,3838.704676941119,3885.466306449815,51013000,0.0,2.0,1.0,3872.713134765625,-4.4480083487583215
2018-04-10,3961.985107421875,3987.491449315149,3876.963967777629,3889.717138724266,79533500,-0.2,5.0,1.0,3961.985107421875,82.41028307678152
2018-04-11,3966.2373046875,4021.501061344453,3961.986246483119,3995.994712118167,41891500,0.0,1.0,1.0,3966.2373046875,11.898009096305032
2018-04-12,3936.47900390625,3966.236404583727,3919.474774947692,3966.236404583727,45957000,0.0,3.0,1.0,3936.47900390625,-24.88206193444921
2018-04-13,3923.62890625,3966.463282955786,3923.62890625,3957.896407614629,70179500,0.0,4.0,1.0,3923.62890625,-17.125441687093826
2018-04-16,3923.62890625,3923.62890625,3923.62890625,3923.62890625,0,0.0,1.0,1.0,3923.62890625,-5.782340082807423
2018-04-17,3923.62890625,3923.62890625,3923.62890625,3923.62890625,0,0.5,2.0,1.0,3923.62890625,-3.8908732276790943
2018-04-18,3936.47900390625,3936.47900390625,3893.644629543831,3910.778379288799,43716000,0.0,0.0,0.0,3936.47900390625,9.943365066458682
2018-04-19,3936.47900390625,3936.47900390625,3936.47900390625,3936.47900390625,0,-1.0,1.0,1.0,3936.47900390625,-1.1035088953549348
2018-04-20,3936.47900390625,3936.47900390625,3936.47900390625,3936.47900390625,0,0.0,2.0,1.0,3936.47900390625,-1.5223347357805324
2018-04-23,3940.761962890625,3975.029458220109,3927.911652142068,3975.029458220109,46236000,0.0,6.0,1.0,3940.761962890625,1.974748800596444
2018-04-24,3927.912353515625,3962.179854963962,3919.345478153541,3957.89641728292,72223500,0.0,1.0,1.0,3927.912353515625,-14.761678776394092
2018-04-25,3927.912353515625,3927.912353515625,3927.912353515625,3927.912353515625,0,-0.3333333333333333,3.0,1.0,3927.912353515625,-3.7086034943290542
2018-04-26,3927.912353515625,3927.912353515625,3927.912353515625,3927.912353515625,0,0.0,6.0,1.0,3927.912353515625,-3.482146656264831
2018-04-27,3927.912353515625,3927.912353515625,3927.912353515625,3927.912353515625,0,0.0,4.0,1.0,3927.912353515625,-2.7191827114638727
2018-04-30,3786.558837890625,3837.96008908371,3675.189460305607,3683.756335504454,90414000,0.0,3.0,1.0,3786.558837890625,-143.96512211225036
2018-05-01,3786.558837890625,3786.558837890625,3786.558837890625,3786.558837890625,0,-0.5,2.0,1.0,3786.558837890625,-19.686478683769565
2018-05-02,3923.62890625,3923.62890625,3786.558900791485,3786.558900791485,82346000,-0.3333333333333333,3.0,1.0,3923.62890625,123.0530452091716
2018-05-03,3820.82666015625,3919.345733232028,3820.82666015625,3906.495419352578,138704500,-0.1428571428571428,7.0,1.0,3820.82666015625,-91.24263870466211
2018-05-04,3773.708984375,3825.110241823922,3769.425546254257,3820.826803703178,74133500,0.0,3.0,1.0,3773.708984375,-52.04242951714423
2018-05-07,3820.82666015625,3820.82666015625,3735.157900959921,3777.992280558085,49054500,0.0,1.0,1.0,3820.82666015625,32.68591313477691
2018-05-08,3773.708984375,3773.708984375,3718.024288805335,3769.425546254257,70739000,0.0,2.0,1.0,3773.708984375,-48.66787713138774
2018-05-09,3923.62890625,3923.62890625,3688.039834368177,3688.039834368177,72094000,0.0,3.0,1.0,3923.62890625,144.14391297908378
2018-05-10,3923.62890625,3923.62890625,3923.62890625,3923.62890625,0,0.0,0.0,0.0,3923.62890625,12.188296898571934
2018-05-11,3897.9287109375,3949.329968664148,3863.661205786401,3897.9287109375,80000500,0.0,4.0,1.0,3897.9287109375,-16.68080811918253
2018-05-14,3936.47900390625,3936.47900390625,3825.109630563962,3846.526817745171,57370500,0.0,1.0,1.0,3936.47900390625,35.288642789371806
2018-05-15,3803.693115234375,3889.361879091005,3769.425609691723,3885.078440898174,130583000,0.0,4.0,1.0,3803.693115234375,-131.6674423228451
2018-05-16,3833.6767578125,3837.960195530726,3752.291441166201,3752.291441166201,87185000,0.0,1.0,1.0,3833.6767578125,14.317381752694471
2018-05-17,3769.4248046875,3816.542614746093,3769.4248046875,3803.692302911932,84030500,0.0,5.0,1.0,3769.4248046875,-73.32778453697983
2018-05-18,3718.02392578125,3773.708615913918,3718.02392578125,3769.425178211406,88681000,0.0,2.0,1.0,3718.02392578125,-61.38912729232743
2018-05-21,3709.456787109375,3722.307099304904,3679.472725319807,3692.323037515336,82237000,-0.1666666666666666,6.0,1.0,3709.456787109375,-22.94004880465127
2018-05-22,3769.4248046875,3786.558553799716,3718.023557350852,3760.857930131392,62761000,0.0,2.0,1.0,3769.4248046875,51.05137790471963
2018-05-23,3769.4248046875,3829.392926580255,3769.4248046875,3786.558553799716,79515500,0.0,1.0,1.0,3769.4248046875,2.6131204701750903
2018-05-24,3846.52783203125,3876.511901991405,3816.543762071096,3820.827200636832,77697000,0.0,1.0,1.0,3846.52783203125,78.76678041226523
2018-05-25,3863.660888671875,3885.078077633471,3833.676824125641,3842.243699710279,63913500,0.0,2.0,1.0,3863.660888671875,24.80697475261377
2018-05-28,3915.0615234375,3940.76214612965,3837.95965536105,3855.093403822484,64104500,-0.2,5.0,1.0,3915.0615234375,57.59959634907318
2018-05-29,3915.0615234375,3915.0615234375,3915.0615234375,3915.0615234375,0,0.0,0.0,0.0,3915.0615234375,6.584310733833263
2018-05-30,3889.361328125,3936.479141571448,3846.526952264592,3915.061953641244,109761500,0.0,4.0,1.0,3889.361328125,-23.11920819979377
2018-05-31,3889.361328125,3932.195703985407,3846.526952264592,3919.345391227285,178023000,-0.1428571428571428,7.0,1.0,3889.361328125,-4.415193724114033
2018-06-01,3889.361328125,3889.361328125,3889.361328125,3889.361328125,0,0.0,1.0,1.0,3889.361328125,-4.123955136415589
2018-06-04,3927.912353515625,3936.479228877709,3906.495165110414,3932.195791196667,89585000,0.0,1.0,1.0,3927.912353515625,35.707006586966145
2018-06-05,3893.64501953125,3927.912522453417,3837.960327282728,3906.495333127063,77233000,0.3333333333333333,3.0,1.0,3893.64501953125,-32.26258940815342
2018-06-06,3945.046630859375,3966.463822123541,3876.511618814044,3893.645371825377,57913500,0.0,2.0,1.0,3945.046630859375,47.81572702282028
2018-06-07,3936.47900390625,3966.463065959942,3923.628691597524,3966.463065959942,40681500,0.0,3.0,1.0,3936.47900390625,-6.967170814530164
2018-06-08,3812.259033203125,3940.762146681882,3786.558410507374,3915.061523986131,170845000,0.3333333333333333,3.0,1.0,3812.259033203125,-123.9331094166182
2018-06-11,3812.259033203125,3812.259033203125,3812.259033203125,3812.259033203125,0,0.0,0.0,0.0,3812.259033203125,-17.540332454441796
2018-06-12,3812.259033203125,3812.259033203125,3812.259033203125,3812.259033203125,0,0.0,0.0,0.0,3812.259033203125,-12.423815665503298
2018-06-13,3812.259033203125,3812.259033203125,3812.259033203125,3812.259033203125,0,0.0,1.0,1.0,3812.259033203125,-4.723740170965357
2018-06-14,3812.259033203125,3812.259033203125,3812.259033203125,3812.259033203125,0,0.0,1.0,1.0,3812.259033203125,-3.44966006530467
2018-06-15,3812.259033203125,3812.259033203125,3812.259033203125,3812.259033203125,0,0.0,1.0,1.0,3812.259033203125,-2.7827942297644768
2018-06-18,3812.259033203125,3812.259033203125,3812.259033203125,3812.259033203125,0,0.0,0.0,0.0,3812.259033203125,-2.617157430174302
2018-06-19,3812.259033203125,3812.259033203125,3812.259033203125,3812.259033203125,0,0.0,0.0,0.0,3812.259033203125,-2.552699099039728
2018-06-20,3683.756591796875,3773.708787643078,3623.78846123274,3769.42534974564,253439000,0.0,0.0,0.0,3683.756591796875,-131.03630312913083
2018-06-21,3623.7880859375,3760.858084459959,3623.7880859375,3705.17339756021,90593500,0.0,0.0,0.0,3623.7880859375,-78.07632606151856
2018-06-22,3756.57470703125,3756.57470703125,3615.221268796323,3666.622519063569,96509500,0.5,2.0,1.0,3756.57470703125,112.55033052725184
2018-06-25,3803.693115234375,3850.810935355521,3739.441542341903,3756.575295113229,62513000,0.0,0.0,0.0,3803.693115234375,53.519147336252445
2018-06-26,3662.339599609375,3820.826810352705,3662.339599609375,3786.55930532712,54763500,0.0,1.0,1.0,3662.339599609375,-129.42522536295155
2018-06-27,3658.05517578125,3718.023293417008,3658.05517578125,3666.622049729215,67309500,0.0,0.0,0.0,3658.05517578125,-18.465706958515057
2018-06-28,3589.520751953125,3662.339192028546,3585.23731430163,3662.339192028546,118098500,-0.3333333333333333,3.0,1.0,3589.520751953125,-81.43590118949896
2018-06-29,3679.47265625,3679.47265625,3568.103285979337,3589.520472569849,119188000,0.25,4.0,1.0,3679.47265625,76.79908047262597
2018-07-02,3675.189453125,3709.456953853438,3670.906015533945,3709.456953853438,59441500,0.0,3.0,1.0,3675.189453125,-2.4407515515295017
2018-07-03,3529.552734375,3705.173683536863,3529.552734375,3700.890245752427,73038000,0.0,0.0,0.0,3529.552734375,-142.872398436989
2018-07-04,3636.63818359375,3666.622244000295,3546.686002374117,3593.803811584401,61994500,0.0,5.0,1.0,3636.63818359375,87.54998766396238
2018-07-05,3636.63818359375,3649.488495196555,3598.087248785336,3606.654123187206,34144000,0.0,0.0,0.0,3636.63818359375,-0.9422131792152868
2018-07-06,3585.2373046875,3606.654492887545,3585.2373046875,3593.804179967518,37609000,0.0,1.0,1.0,3585.2373046875,-47.73946584083387
2018-07-09,3752.291015625,3769.424764554795,3610.937586954195,3632.354773116439,80049500,-0.25,4.0,1.0,3752.291015625,159.15254675356982
2018-07-10,3752.291015625,3769.424764554795,3666.622270976028,3743.724141160103,116639500,1.0,1.0,1.0,3752.291015625,14.069827710710342
2018-07-11,3825.109375,3846.52656075028,3683.755949048152,3683.755949048152,95570000,0.0,4.0,1.0,3825.109375,83.06459864522458
2018-07-12,3910.778076171875,3923.628387484598,3799.408711461614,3803.692148565854,79008000,0.0,3.0,1.0,3910.778076171875,94.62608241605858
2018-07-13,3945.046630859375,3953.613507365042,3906.495686583876,3940.763192606542,73936000,0.0,2.0,1.0,3945.046630859375,49.21886203197983
2018-07-16,3962.179931640625,3962.179931640625,3923.628991765202,3949.329618348817,71571000,0.0,1.0,1.0,3962.179931640625,27.34745807257059
2018-07-17,3893.64501953125,3940.76283604923,3859.377516609083,3927.912522453417,30322000,-0.5,2.0,1.0,3893.64501953125,-63.994136967578925
2018-07-18,3975.030029296875,3975.030029296875,3932.195653981176,3932.195653981176,80090500,0.0,1.0,1.0,3975.030029296875,73.3955005388284
2018-07-19,3975.030029296875,3975.030029296875,3949.329404107456,3957.896279170595,76925500,-0.25,4.0,1.0,3975.030029296875,2.5904082127167385
2018-07-20,3957.896240234375,3966.463115213237,3927.912177808357,3966.463115213237,57104000,0.0,2.0,1.0,3957.896240234375,-13.985940890446727
2018-07-23,4000.730224609375,4026.430847037273,3957.895853896212,3975.029602181477,70157500,0.0,2.0,1.0,4000.730224609375,39.26040468212523
2018-07-24,4030.715087890625,4030.715087890625,3992.164146561172,4026.43164996513,88291000,0.0,1.0,1.0,4030.715087890625,31.76419875274996
2018-07-25,4039.28173828125,4039.28173828125,4013.581112162811,4030.714862908437,50131500,0.0,4.0,1.0,4039.28173828125,12.980274574168106
2018-07-26,3996.44775390625,4047.849011191218,3979.314001477927,3979.314001477927,54317500,0.0,5.0,1.0,3996.44775390625,-41.19667544546565
2018-07-27,3979.3134765625,4000.730664272739,3962.179726394309,3992.163789188643,46642500,-0.5,2.0,1.0,3979.3134765625,-23.31570145419346
2018-07-30,3987.881103515625,4009.298295263829,3940.763281669575,4009.298295263829,40096500,0.0,1.0,1.0,3987.881103515625,0.9491104210242156
2018-07-31,3987.881103515625,3992.164541865266,3880.795144774604,3975.030788466702,66803000,0.0,1.0,1.0,3987.881103515625,-3.4866247955424114
2018-08-01,4022.148193359375,4022.148193359375,3983.597252208966,4009.297879642572,56594000,0.0,0.0,0.0,4022.148193359375,31.85730325057284
2018-08-02,4017.865234375,4094.967125866204,4017.865234375,4043.565864872068,79333000,0.0,2.0,1.0,4017.865234375,-2.702569289474468
2018-08-03,4017.865234375,4052.132741704424,4000.731480710288,4017.865234375,41404000,0.0,0.0,0.0,4017.865234375,-0.2579929079688554
2018-08-06,4077.832763671875,4077.832763671875,4009.297759240415,4009.297759240415,63000500,0.0,1.0,1.0,4077.832763671875,57.70621017131043
2018-08-07,4077.832763671875,4090.683077002774,4060.69901256401,4060.69901256401,114379000,0.3333333333333333,3.0,1.0,4077.832763671875,4.929334770043624
2018-08-08,4099.2490234375,4103.5324602436,4034.997471346003,4094.965586631401,64702500,0.0,2.0,1.0,4099.2490234375,23.803680478940805
2018-08-09,4129.23388671875,4129.23388671875,4094.966385584155,4112.100136151453,65947500,0.0,1.0,1.0,4129.23388671875,31.148800296631634
2018-08-10,4090.683349609375,4124.950854108721,4060.699283172448,4112.100539921466,80348000,0.0,2.0,1.0,4090.683349609375,-35.24006765086051
2018-08-13,3996.44775390625,4034.998696869976,3949.329934728363,4030.715258762895,80184000,0.0,2.0,1.0,3996.44775390625,-98.4858077505978
2018-08-14,4026.431884765625,4094.966895570146,3945.046559435256,4017.865008415059,85527500,0.0,1.0,1.0,4026.431884765625,13.647838274056994
2018-08-15,4017.865234375,4043.565864872068,3992.164603877931,4043.565864872068,57330500,-0.5,2.0,1.0,4017.865234375,-15.515650555420509
2018-08-16,4005.014892578125,4022.148646129262,3975.030823863636,4017.865207741477,52903500,-0.3333333333333333,3.0,1.0,4005.014892578125,-15.873597632205474
2018-08-17,4005.014892578125,4005.014892578125,4005.014892578125,4005.014892578125,0,0.0,0.0,0.0,4005.014892578125,-5.007287018205261
2018-08-20,4094.966796875,4094.966796875,4013.581473506145,4026.43178772228,96832000,0.25,4.0,1.0,4094.966796875,86.23830558510008
2018-08-21,4090.683349609375,4107.817101859048,4086.399911546957,4086.399911546957,67938000,0.0,2.0,1.0,4090.683349609375,3.789284517801661
2018-08-22,4090.683349609375,4090.683349609375,4090.683349609375,4090.683349609375,0,0.0,0.0,0.0,4090.683349609375,4.14780933480688
2018-08-23,4210.61962890625,4223.469943134854,4073.549610467796,4077.833048543998,145868000,-0.25,4.0,1.0,4210.61962890625,118.641138919299
2018-08-24,4296.2880859375,4364.823090299414,4210.619330485107,4214.902768257727,103975000,0.0,4.0,1.0,4296.2880859375,98.27914338289791
2018-08-27,4244.88818359375,4343.40728371752,4227.754427050486,4300.57289235936,91285000,0.0,5.0,1.0,4244.88818359375,-33.63929642581843
2018-08-28,4279.15478515625,4300.571976273149,4206.336335358797,4300.571976273149,63353500,0.0,0.0,0.0,4279.15478515625,34.67754444424736
2018-08-29,4249.1708984375,4249.1708984375,4193.486199163622,4197.769637569305,87695500,0.25,4.0,1.0,4249.1708984375,-30.068005873099537
2018-08-30,4296.2880859375,4309.138399255359,4270.587459301782,4279.154334847021,96273500,0.0,1.0,1.0,4296.2880859375,43.72888611867165
2018-08-31,4249.1708984375,4292.00528249433,4249.1708984375,4283.438405682964,111563000,0.0,0.0,0.0,4249.1708984375,-45.86621388025742
2018-09-03,4244.88818359375,4296.289453223543,4214.904109643037,4292.006014087728,38489500,0.0,8.0,1.0,4244.88818359375,-8.984196058003363
2018-09-04,4240.6025390625,4266.303160511364,4197.768169981061,4253.452849786931,42271500,0.0,2.0,1.0,4240.6025390625,-10.47723537224192
2018-09-05,4112.099609375,4197.768351236979,4052.131490071615,4197.768351236979,95608500,0.0,1.0,1.0,4112.099609375,-132.42130040086886
2018-09-06,4232.03662109375,4317.70537860577,4043.565354567308,4116.383798452524,95265000,0.0,2.0,1.0,4232.03662109375,101.13394097749824
2018-09-07,4257.73583984375,4257.73583984375,4176.350547130439,4253.452403385155,72551500,0.0,3.0,1.0,4257.73583984375,27.099468017936488
2018-09-10,4240.6025390625,4240.6025390625,4137.800053267046,4214.901917613636,66696500,-0.5,2.0,1.0,4240.6025390625,-9.16799942153648
2018-09-11,4240.6025390625,4240.6025390625,4240.6025390625,4240.6025390625,0,0.0,1.0,1.0,4240.6025390625,-1.3585081937426366
2018-09-12,4094.966796875,4253.454005540664,4082.116482658865,4240.603691324529,87900500,0.0,2.0,1.0,4094.966796875,-148.4607257157595
2018-09-13,4112.099609375,4176.351165771484,4094.965861002604,4146.367106119792,94051000,0.0,3.0,1.0,4112.099609375,-3.008200896469134
2018-09-14,4107.8173828125,4146.368328010949,4060.699560903285,4094.96706774635,72473500,1.0,1.0,1.0,4107.8173828125,-16.576210802656533
2018-09-17,4099.2490234375,4107.8158970497,4069.264965794802,4069.264965794802,39478000,0.0,0.0,0.0,4099.2490234375,-12.828550681431809
2018-09-18,4112.099609375,4154.933980305989,4060.698364257812,4060.698364257812,75119500,0.0,1.0,1.0,4112.099609375,8.141928589249801
2018-09-19,4112.099609375,4150.650543212891,4082.115549723308,4124.949920654297,111558500,0.0,1.0,1.0,4112.099609375,-1.9166690588899653
2018-09-20,4103.53466796875,4150.65249818551,4094.967789747521,4146.369059074896,60786000,0.0,0.0,0.0,4103.53466796875,-10.305742653788911
2018-09-21,4060.699462890625,4137.801351426523,4060.699462890625,4094.96696890658,152052000,0.0,0.0,0.0,4060.699462890625,-46.2624871224798
2018-09-24,4099.2490234375,4124.949644274099,4077.831839407001,4094.965586631401,59902000,0.0,4.0,1.0,4099.2490234375,30.204396563573937
2018-09-25,4099.2490234375,4112.0993338558,4082.115276213101,4112.0993338558,42771000,0.0,2.0,1.0,4099.2490234375,-1.466461989653908
2018-09-26,4146.36767578125,4163.501426507619,4077.832672875775,4077.832672875775,71715500,0.0,0.0,0.0,4146.36767578125,46.900544039644046
2018-09-27,4112.099609375,4133.516794840495,4086.398986816406,4094.965861002604,71001000,0.0,1.0,1.0,4112.099609375,-30.729301289768955
2018-09-28,4137.80126953125,4137.80126953125,4094.966887859084,4094.966887859084,96975000,0.0,2.0,1.0,4137.80126953125,23.04653592838531
2018-10-01,4103.53466796875,4146.369059074896,4103.53466796875,4112.101546189979,36388000,0.0,1.0,1.0,4103.53466796875,-35.56730494277417
2018-10-02,4103.53466796875,4146.369059074896,4069.267155083833,4124.951863521823,50639500,0.0,3.0,1.0,4103.53466796875,-4.829038985557418
2018-10-03,4099.2490234375,4107.8158970497,4064.981528988702,4069.264965794802,33524500,0.0,3.0,1.0,4099.2490234375,-9.288113050379252
2018-10-04,4043.56396484375,4099.24863808842,4026.430219230006,4099.24863808842,67869500,0.0,4.0,1.0,4043.56396484375,-59.182754477683375
2018-10-05,3949.329833984375,4034.998593940652,3936.479519990934,4034.998593940652,98249500,-0.2,5.0,1.0,3949.329833984375,-104.078121810619
2018-10-08,4017.865234375,4103.53400269856,3953.613658132329,3953.613658132329,57250000,0.0,7.0,1.0,4017.865234375,49.92783423256196
2018-10-09,4069.265625,4069.265625,4009.2975,4026.43125,36940000,0.0,3.0,1.0,4069.265625,48.47809971669267
2018-10-10,4005.014892578125,4133.518044211648,3983.597700639205,4094.967098721591,59394500,0.0,5.0,1.0,4005.014892578125,-57.1007537347582
2018-10-11,3893.64501953125,3992.164090432481,3850.810640878541,3940.76283604923,102336000,-0.25,4.0,1.0,3893.64501953125,-117.11748042426598
2018-10-12,3983.597412109375,4022.148354807208,3940.763031334006,3940.763031334006,82574500,0.2222222222222222,9.0,1.0,3983.597412109375,69.90238663441187
2018-10-15,4086.398681640625,4086.398681640625,4022.147130042502,4026.43056681571,65950000,0.0,5.0,1.0,4086.398681640625,101.43315224625712
2018-10-16,4129.23388671875,4129.23388671875,4026.431383314964,4086.399510300506,47449000,0.0,1.0,1.0,4129.23388671875,57.73499362034045
2018-10-17,4116.3837890625,4142.084416257479,4073.549410404202,4137.80097839165,38359000,0.0,4.0,1.0,4116.3837890625,-1.15042116078439
2018-10-18,4043.56396484375,4090.681765281548,4043.56396484375,4077.83145607124,29360500,0.0,4.0,1.0,4043.56396484375,-71.16764015100398
2018-10-19,4005.014892578125,4052.13271484375,3979.314262251421,3992.164577414773,45219500,0.0,4.0,1.0,4005.014892578125,-49.30468642834285
2018-10-22,3966.462890625,4043.564761069115,3966.462890625,4005.013825847057,63484000,0.0,4.0,1.0,3966.462890625,-51.315967372421255
2018-10-23,3932.19580078125,4013.581116919424,3919.345487706802,4009.297679227941,62162500,0.5,2.0,1.0,3932.19580078125,-45.820086596092096
2018-10-24,3880.79443359375,3966.46318488721,3880.79443359375,3940.762559499172,59493500,0.1,10.0,1.0,3880.79443359375,-62.42184206858019
2018-10-25,3923.62890625,3970.746720626365,3799.409213803221,3799.409213803221,87732500,-0.25,4.0,1.0,3923.62890625,30.166798584415574
2018-10-26,4043.56396484375,4043.56396484375,3940.761491161282,3957.895236775027,83994000,0.0,4.0,1.0,4043.56396484375,117.38874315489149
2018-10-29,3962.179931640625,4034.998373627534,3962.179931640625,3992.163995988175,34553000,0.0,1.0,1.0,3962.179931640625,-67.19380984999998
2018-10-30,4026.431884765625,4052.13251381732,3957.896873961104,3962.180312136386,68882500,0.25,4.0,1.0,4026.431884765625,61.86612637935741
2018-10-31,4052.132568359375,4090.683512455817,4026.431938961747,4069.266321291127,128908500,0.0,2.0,1.0,4052.132568359375,26.68027372110282
2018-11-01,4077.832763671875,4120.667141441538,4064.982450340976,4086.399639225807,117906500,-0.2,5.0,1.0,4077.832763671875,31.001665516526373
2018-11-02,4112.099609375,4142.083669026692,4077.832112630208,4112.099609375,114054500,0.0,1.0,1.0,4112.099609375,37.75089316710546
2018-11-05,4142.08349609375,4154.933806836543,4103.532563865369,4112.099437693899,76754500,0.5,2.0,1.0,4142.08349609375,34.573816725175675
2018-11-06,4180.634765625,4236.319450003202,4154.93414206583,4163.501016585554,94410500,0.0,2.0,1.0,4180.634765625,43.205103690919714
2018-11-07,4129.23388671875,4214.902639555239,4094.966385584155,4214.902639555239,83875500,0.0,4.0,1.0,4129.23388671875,-45.9119401092812
2018-11-08,4112.099609375,4197.768351236979,4094.965861002604,4180.634602864583,99739000,0.0,1.0,1.0,4112.099609375,-21.87615687127527
2018-11-09,4112.099609375,4120.666483561198,4099.249298095703,4112.099609375,62938500,0.0,1.0,1.0,4112.099609375,-7.757744801311674
2018-11-12,4060.699462890625,4142.084789678517,4060.699462890625,4137.801351426523,65125000,0.0,1.0,1.0,4060.699462890625,-55.84665922854128
2018-11-13,4124.94970703125,4129.233143902518,4000.730037764473,4060.698153962227,61231500,0.0,1.0,1.0,4124.94970703125,54.912580195968985
2018-11-14,4120.6669921875,4154.934493162033,4094.966366456601,4124.950429809317,68511500,0.0,4.0,1.0,4120.6669921875,-3.391145678571774
2018-11-15,4142.08349609375,4172.067554493601,4103.532563865369,4159.217243750808,87085500,0.0,1.0,1.0,4142.08349609375,22.60919455997282
2018-11-16,4253.45361328125,4266.303926312312,4163.501422063822,4172.068297417863,134145500,0.0,1.0,1.0,4253.45361328125,111.83555520498884
2018-11-19,4300.5712890625,4351.972539529383,4266.303788751245,4283.437538906873,103822500,-0.5,4.0,1.0,4300.5712890625,60.13168494066304
2018-11-20,4300.5712890625,4300.5712890625,4300.5712890625,4300.5712890625,0,0.0,0.0,0.0,4300.5712890625,12.6824769931618
2018-11-21,4249.1708984375,4292.00528249433,4244.887460031817,4283.438405682964,107889000,0.0,1.0,1.0,4249.1708984375,-47.91152611000143
2018-11-22,4300.5712890625,4317.705039218127,4232.03628843999,4232.03628843999,87270000,-0.25,4.0,1.0,4300.5712890625,44.38499481745475
2018-11-23,4300.5712890625,4360.539414607196,4262.020351212338,4334.838789373754,57460000,0.0,1.0,1.0,4300.5712890625,0.1431602954371555
2018-11-26,4321.98876953125,4351.972834334738,4249.170326437066,4249.170326437066,64336500,-1.0,1.0,1.0,4321.98876953125,22.33815604261872
2018-11-27,4369.1064453125,4369.1064453125,4283.437691482844,4317.705193014706,73989000,0.0,4.0,1.0,4369.1064453125,47.78543514583089
2018-11-28,4360.54052734375,4390.524597767529,4351.973650079814,4390.524597767529,90687500,-1.0,1.0,1.0,4360.54052734375,-3.3358275874743413
2018-11-29,4489.04296875,4489.04296875,4369.106706226145,4369.106706226145,113847500,0.0,4.0,1.0,4489.04296875,129.22757633999117
2018-11-30,4463.341796875,4489.042421425143,4416.223985199736,4489.042421425143,178034500,0.0,0.0,0.0,4463.341796875,-12.304897030719983
2018-12-03,4434.9794921875,4636.960147354954,4383.409963208575,4482.251560418181,100923000,0.0,2.0,1.0,4434.9794921875,-23.305223476349056
2018-12-04,4503.73876953125,4551.010836768696,4430.681938346106,4434.979399004055,119232500,0.3333333333333333,3.0,1.0,4503.73876953125,63.06458194487004
2018-12-05,4495.14306640625,4495.14306640625,4396.301488464239,4400.598948374762,74994000,0.0,3.0,1.0,4495.14306640625,-4.550317942166657
2018-12-06,4520.92822265625,4520.92822265625,4400.59933460076,4443.57393747772,75450000,0.0,3.0,1.0,4520.92822265625,27.37976086965045
2018-12-07,4460.76416015625,4477.954002777276,4434.979396224711,4460.76416015625,71070000,0.0,2.0,1.0,4460.76416015625,-59.197342774641584
2018-12-10,4452.16748046875,4473.654775258657,4400.597972972972,4400.597972972972,81221000,-0.3333333333333333,3.0,1.0,4452.16748046875,-16.002442619795147
2018-12-11,4434.9794921875,4469.359178173449,4404.897266949794,4409.194727698038,93017000,0.0,1.0,1.0,4434.9794921875,-25.117615918567022
2018-12-12,4439.27685546875,4460.764158738202,4409.194630891518,4460.764158738202,121623000,0.0,2.0,1.0,4439.27685546875,-1.86312563923002
2018-12-13,4439.27685546875,4473.656540699873,4422.087012853189,4469.359080045982,84280500,0.0,5.0,1.0,4439.27685546875,-3.947505010265559
2018-12-14,4439.27685546875,4452.169237430421,4417.789552199299,4434.97939481486,184435000,0.3333333333333333,3.0,1.0,4439.27685546875,-2.652802043441625
2018-12-17,4439.27685546875,4469.359080045982,4426.384473507079,4456.466698084312,101438500,0.0,1.0,1.0,4439.27685546875,-2.634524455437713
2018-12-18,4353.326171875,4396.300763897459,4280.269365436821,4383.408386290721,132039000,0.0,2.0,1.0,4353.326171875,-88.49683829899186
2018-12-19,4495.14306640625,4495.14306640625,4331.839589806405,4331.839589806405,102220500,0.0,7.0,1.0,4495.14306640625,128.86141064526691
2018-12-20,4396.3017578125,4443.573819724463,4357.624616248168,4400.599217986315,94455000,0.0,3.0,1.0,4396.3017578125,-91.15631439644858
2018-12-21,4443.5732421875,4447.870701802768,4331.839292190522,4331.839292190522,89979500,-1.0,1.0,1.0,4443.5732421875,42.74370428628299
2018-12-24,4443.5732421875,4443.5732421875,4443.5732421875,4443.5732421875,0,0.0,0.0,0.0,4443.5732421875,-2.9334867882989784
2018-12-25,4443.5732421875,4443.5732421875,4443.5732421875,4443.5732421875,0,0.0,0.0,0.0,4443.5732421875,0.4384247503303413
2018-12-26,4490.84619140625,4490.84619140625,4417.789363412081,4443.574126233552,66511500,0.0,2.0,1.0,4490.84619140625,45.08070264054459
2018-12-27,4465.0615234375,4516.631050175951,4452.169141752887,4503.738668491338,50265500,0.0,0.0,0.0,4465.0615234375,-22.339795894080453
2018-12-28,4469.3583984375,4503.738078425481,4452.16855844351,4465.060938439003,54467500,0.0,2.0,1.0,4469.3583984375,2.5378548575481545
2018-12-31,4469.3583984375,4469.3583984375,4469.3583984375,4469.3583984375,0,0.0,3.0,1.0,4469.3583984375,-3.229054489867849
2019-01-01,4469.3583984375,4469.3583984375,4469.3583984375,4469.3583984375,0,0.0,2.0,1.0,4469.3583984375,-2.272836872499284
2019-01-02,4503.73876953125,4508.0362301892,4469.359084267653,4469.359084267653,35956000,0.0,6.0,1.0,4503.73876953125,31.839724243944147
2019-01-03,4452.16748046875,4486.547152132601,4396.300514014992,4469.357316300676,72358000,0.0,6.0,1.0,4452.16748046875,-49.91226146491226
2019-01-04,4473.65576171875,4473.65576171875,4404.896403229317,4447.871002285213,51465000,0.0,3.0,1.0,4473.65576171875,15.505086426859634
2019-01-07,4508.0361328125,4576.795501854444,4508.0361328125,4525.225975072986,73438000,0.0,4.0,1.0,4508.0361328125,30.88879470407392
2019-01-08,4503.73876953125,4572.498140058445,4473.656544925602,4495.143848215351,66247500,0.0,3.0,1.0,4503.73876953125,-1.5706335217564629
2019-01-09,4516.6298828125,4572.496855673168,4490.845126107576,4555.307017869886,84871000,0.0,9.0,1.0,4516.6298828125,12.705916520721075
2019-01-10,4516.6298828125,4555.307017869886,4460.762909951832,4555.307017869886,114314500,0.0,4.0,1.0,4516.6298828125,-0.6141617805587885
2019-01-11,4512.33251953125,4555.307114955357,4499.440140904017,4538.117276785714,84826500,0.0,8.0,1.0,4512.33251953125,-5.5765372128798845
2019-01-14,4469.3583984375,4499.440618426984,4426.383798452524,4486.548238431491,87547500,0.0,3.0,1.0,4469.3583984375,-45.7413283340502
2019-01-15,4520.92822265625,4520.92822265625,4460.763778628505,4495.143460930073,87763000,0.0,11.0,1.0,4520.92822265625,43.60254551198068
2019-01-16,4542.4150390625,4542.4150390625,4508.035360431942,4520.927739918401,94972500,-0.0714285714285714,14.0,1.0,4542.4150390625,21.67951894748876
2019-01-17,4581.091796875,4581.091796875,4542.414661629338,4546.712121101079,91654000,0.0,9.0,1.0,4581.091796875,42.15658496526339
2019-01-18,4662.7451171875,4662.7451171875,4568.2009765625,4589.68828125,100873500,0.0,3.0,1.0,4662.7451171875,86.15710185779153
2019-01-21,4765.88330078125,4813.155362376015,4632.662036286913,4662.744257301764,87118000,-0.25,8.0,1.0,4765.88330078125,114.33950352858028
2019-01-22,4813.1552734375,4830.345113699776,4684.231471470424,4813.1552734375,91907000,0.0,10.0,1.0,4813.1552734375,64.81825757493061
2019-01-23,4727.20556640625,4813.154758522727,4705.718268377131,4813.154758522727,98512500,0.0,6.0,1.0,4727.20556640625,-72.53237662916399
2019-01-24,4692.826171875,4714.313471196771,4602.579514723558,4667.041412688874,106781000,0.0,3.0,1.0,4692.826171875,-40.91071342551277
2019-01-25,4727.20556640625,4744.395404829545,4641.256374289773,4641.256374289773,68944000,0.0,4.0,1.0,4727.20556640625,22.5423590082728
2019-01-28,4722.908203125,4740.098041898886,4705.718364351114,4740.098041898886,69704000,0.0,6.0,1.0,4722.908203125,-6.336700090321756
2019-01-29,4761.5859375,4770.180857964801,4675.636732851985,4679.934193084387,77679000,0.0,2.0,1.0,4761.5859375,37.3592681384971
2019-01-30,4744.3955078125,4778.775185405344,4722.908209316973,4778.775185405344,76285000,0.0,3.0,1.0,4744.3955078125,-15.132596481756082
2019-01-31,4843.23681640625,4847.534275870675,4744.39524872449,4744.39524872449,135904500,0.1666666666666666,12.0,1.0,4843.23681640625,97.44233076666114
2019-02-01,4843.23681640625,4942.07838408801,4778.774924439885,4881.91395158607,57719500,-0.25,8.0,1.0,4843.23681640625,8.75741563891097
2019-02-04,4727.20556640625,4843.236975763494,4727.20556640625,4843.236975763494,113846500,-0.125,24.0,1.0,4727.20556640625,-110.5355183929014
2019-02-05,4727.20556640625,4727.20556640625,4727.20556640625,4727.20556640625,0,0.0,3.0,1.0,4727.20556640625,-14.8695511998676
2019-02-06,4757.2890625,4761.586523261066,4722.909376411472,4727.206837172538,121996500,0.0,4.0,1.0,4757.2890625,18.87502282812966
2019-02-07,4752.99072265625,4757.288182622486,4731.503422825073,4757.288182622486,63697500,0.0,3.0,1.0,4752.99072265625,-5.049468400316073
2019-02-08,4744.3955078125,4757.287886909817,4727.205669016078,4752.990427210711,65268500,-0.25,8.0,1.0,4744.3955078125,-10.001644336252866
2019-02-11,4722.908203125,4752.990420979299,4692.825985270701,4744.395501592357,37639000,0.0,0.0,0.0,4722.908203125,-25.08618215161732
2019-02-12,4692.826171875,4752.990609975961,4684.231252146291,4752.990609975961,95883500,0.0,2.0,1.0,4692.826171875,-35.8393967422071
2019-02-13,4658.44677734375,4718.611219117563,4649.851857090349,4692.826458357357,103115500,0.0,2.0,1.0,4658.44677734375,-42.44432777729617
2019-02-14,4624.06787109375,4645.555175327457,4624.06787109375,4645.555175327457,108738500,-1.0,4.0,1.0,4624.06787109375,-43.96022043042558
2019-02-15,4606.87744140625,4649.852044404442,4585.390139907154,4606.87744140625,81340000,0.0,5.0,1.0,4606.87744140625,-27.39505435121646
2019-02-18,4710.01611328125,4727.205953110743,4649.851673878023,4649.851673878023,62991000,0.0,4.0,1.0,4710.01611328125,94.84165110106096
2019-02-19,4624.06787109375,4710.017088028578,4624.06787109375,4658.447557867681,64469000,0.0,12.0,1.0,4624.06787109375,-78.32213397736268
2019-02-20,4727.20556640625,4808.857298916903,4675.636051136364,4684.230970348011,89583000,0.2,10.0,1.0,4727.20556640625,97.9022378543441
2019-02-21,4731.50341796875,4778.775477548819,4701.421198235979,4761.585637701522,54561500,-0.1111111111111111,9.0,1.0,4731.50341796875,8.906196996615108
2019-02-22,4718.611328125,4748.693549706853,4692.826566769126,4705.718947447063,48271500,-0.1428571428571428,7.0,1.0,4718.611328125,-7.3477152692648815
2019-02-25,4718.611328125,4727.206248576958,4688.529106543147,4718.611328125,47887000,-1.0,2.0,1.0,4718.611328125,-2.348442299413364
2019-02-26,4774.47802734375,4774.47802734375,4722.908507696473,4727.20596766708,98446000,0.0,3.0,1.0,4774.47802734375,53.04281666883708
2019-02-27,4783.07421875,4787.371679862983,4765.884374298068,4783.07421875,78519500,0.0,2.0,1.0,4783.07421875,12.82099869929698
2019-02-28,4740.09814453125,4795.965121756007,4735.80068474473,4787.370202182967,99366000,-0.0833333333333333,24.0,1.0,4740.09814453125,-39.94213017906441
2019-03-01,4761.5859375,4813.155460288809,4757.2884772676,4783.073238662004,72589500,0.0,5.0,1.0,4761.5859375,15.447879948500486
2019-03-04,4757.2890625,4761.586523261066,4740.099219455736,4744.396680216802,63910500,0.0,6.0,1.0,4757.2890625,-7.131943296089048
2019-03-05,4722.908203125,4731.503122511943,4675.636146496816,4727.205662818472,46499500,-0.1428571428571428,7.0,1.0,4722.908203125,-36.26783561315096
2019-03-06,4718.611328125,4774.478311062728,4718.611328125,4774.478311062728,37777000,0.0,12.0,1.0,4718.611328125,-11.219023076271696
2019-03-07,4718.611328125,4718.611328125,4718.611328125,4718.611328125,0,0.0,0.0,0.0,4718.611328125,-5.823850267398484
2019-03-08,4675.6376953125,4787.371684354895,4675.6376953125,4765.884378769819,61126000,0.1538461538461538,13.0,1.0,4675.6376953125,-46.47650716826229
2019-03-11,4731.50341796875,4752.990717777872,4692.82627831233,4752.990717777872,32469000,0.0,7.0,1.0,4731.50341796875,47.79284874685709
2019-03-12,4727.20556640625,4761.585243252841,4684.230970348011,4761.585243252841,40178500,-0.3333333333333333,6.0,1.0,4727.20556640625,-3.646008583674302
2019-03-13,4727.20556640625,4731.503026012074,4684.230970348011,4684.230970348011,17722000,0.0,11.0,1.0,4727.20556640625,0.6880197522214075
2019-03-14,4710.01611328125,4722.908493153371,4684.231353537009,4684.231353537009,41096000,0.0,8.0,1.0,4710.01611328125,-19.39885052896898
2019-03-15,4761.5859375,4765.883397732401,4714.313874943592,4744.396096570397,41759500,0.25,8.0,1.0,4761.5859375,47.213354659797005
2019-03-18,4770.1806640625,4778.775584177928,4757.288283889358,4774.478124120214,42791000,0.25,8.0,1.0,4770.1806640625,10.97814092354838
2019-03-19,4718.611328125,4765.883390610769,4714.313867899021,4761.58593038479,51527000,-0.25,8.0,1.0,4718.611328125,-49.14674373940488
2019-03-20,4701.42138671875,4774.478208998657,4697.123926584638,4761.585828596321,42388500,0.0,2.0,1.0,4701.42138671875,-24.46851554508703
2019-03-21,4705.71923828125,4744.396382705479,4697.124317298088,4718.611619755993,39866000,0.0,1.0,1.0,4705.71923828125,-3.989462983203339
2019-03-22,4714.3134765625,4727.205856170237,4697.123637085518,4697.123637085518,29601000,-0.5,2.0,1.0,4714.3134765625,4.432114510581414
2019-03-25,4688.52880859375,4727.205948169683,4675.636428735105,4675.636428735105,23054500,0.0,8.0,1.0,4688.52880859375,-27.56295977290756
2019-03-26,4701.42138671875,4735.801067791648,4688.529006316414,4710.016306986975,19895500,0.0,4.0,1.0,4701.42138671875,7.795379012081867
2019-03-27,4714.3134765625,4735.800775908729,4692.826177216271,4735.800775908729,17804500,0.1818181818181818,11.0,1.0,4714.3134765625,9.95292831387269
2019-03-28,4701.42138671875,4714.313767121087,4662.744245511741,4692.826466450526,32187500,0.2857142857142857,7.0,1.0,4701.42138671875,-13.216798879036103
2019-03-29,4735.80126953125,4752.991110799966,4692.82666635946,4740.098729848429,36234000,-0.2857142857142857,7.0,1.0,4735.80126953125,31.389484732855635
2019-04-01,4727.20556640625,4770.180162464489,4710.015727982955,4770.180162464489,21786000,-0.3333333333333333,6.0,1.0,4727.20556640625,-7.719511699406212
2019-04-02,4727.20556640625,4787.370000887784,4710.015727982955,4752.990324041193,36853000,0.2,10.0,1.0,4727.20556640625,-0.8974121062938138
2019-04-03,4727.20556640625,4727.20556640625,4727.20556640625,4727.20556640625,0,0.0,0.0,0.0,4727.20556640625,-2.6726900504327205
2019-04-04,4761.5859375,4778.775778429603,4718.611335175993,4761.5859375,48112000,0.0,10.0,1.0,4761.5859375,31.946398148134904
2019-04-05,4752.99072265625,4778.775482453662,4748.693262690014,4778.775482453662,21913500,0.0,4.0,1.0,4752.99072265625,-6.949860859042019
2019-04-08,4710.01611328125,4761.585632769731,4684.231353537009,4731.503413068117,39910000,0.0,4.0,1.0,4710.01611328125,-43.74164486091195
2019-04-09,4757.2890625,4770.181444783198,4740.099219455736,4757.2890625,29447000,0.0,7.0,1.0,4757.2890625,39.45674075719762
2019-04-10,4748.69384765625,4774.478610629949,4740.098926665017,4770.181150134333,19508500,-0.1428571428571428,7.0,1.0,4748.69384765625,-8.772113278836514
2019-04-11,4710.01611328125,4778.775472599224,4710.01611328125,4778.775472599224,25356000,-0.1904761904761904,21.0,1.0,4710.01611328125,-39.1659503924775
2019-04-12,4727.20556640625,4735.800485617898,4692.825889559659,4692.825889559659,18577000,0.0,15.0,1.0,4727.20556640625,9.806775291079248
2019-04-15,4731.50341796875,4787.370397472469,4718.611038083277,4778.775477548819,68152000,0.0,6.0,1.0,4731.50341796875,0.83046588522393
2019-04-16,4722.908203125,4731.503122511943,4705.718364351114,4722.908203125,71017000,0.0,10.0,1.0,4722.908203125,-9.892150113984826
2019-04-17,4722.908203125,4722.908203125,4722.908203125,4722.908203125,0,0.0,1.0,1.0,4722.908203125,-3.19433211647538
2019-04-18,4834.64306640625,4989.35164453125,4795.965921875,4813.155763888889,129332500,0.0,18.0,1.0,4834.64306640625,108.63910437674348
2019-04-19,4834.64306640625,4834.64306640625,4834.64306640625,4834.64306640625,0,0.0,0.0,0.0,4834.64306640625,10.909400550605824
2019-04-22,4834.64306640625,4881.915131944445,4800.263382378473,4834.64306640625,62837500,0.0,15.0,1.0,4834.64306640625,6.501722140549646
2019-04-23,4838.93994140625,4907.69930114204,4808.857721521841,4881.914541241119,48654000,0.0,8.0,1.0,4838.93994140625,3.760934556625216
2019-04-24,4883.17529296875,4891.848783720027,4857.154820714921,4891.848783720027,46975000,0.0,2.0,1.0,4883.17529296875,43.073798005572826
2019-04-25,4852.8173828125,4874.501106596291,4792.102956217884,4800.776445731401,61482500,0.0,14.0,1.0,4852.8173828125,-26.93527883212755
2019-04-26,4874.50146484375,4896.185190221168,4831.134014088912,4844.144249315364,66204500,0.3636363636363636,11.0,1.0,4874.50146484375,19.23432769547435
2019-04-29,4930.87890625,4939.552395970756,4852.817498763193,4865.827733344327,65480500,-0.2857142857142857,7.0,1.0,4930.87890625,54.86698563300888
2019-04-30,4987.2568359375,4995.930326086956,4917.868914741848,4917.868914741848,107607500,-0.25,8.0,1.0,4987.2568359375,62.26009801394957
2019-05-01,4987.2568359375,4987.2568359375,4987.2568359375,4987.2568359375,0,0.0,0.0,0.0,4987.2568359375,9.149671050779034
2019-05-02,4930.87890625,5039.297527759455,4922.205416529244,5030.624038038698,80879500,-0.3333333333333333,3.0,1.0,4930.87890625,-53.17577582343074
2019-05-03,4922.20556640625,4987.256741292676,4870.164626497109,4926.542311398678,58244500,-0.4,5.0,1.0,4922.20556640625,-16.56209411007785
2019-05-06,4874.50146484375,4909.19542544762,4852.817739466331,4857.154484541815,36649500,-0.375,8.0,1.0,4874.50146484375,-55.30089105514435
2019-05-07,4909.1953125,4952.562762257067,4900.521822548587,4922.20554742712,59177000,-0.4,5.0,1.0,4909.1953125,24.836487079258404
2019-05-08,4943.88916015625,4943.88916015625,4852.817517732319,4857.154262609649,59062000,0.0,1.0,1.0,4943.88916015625,31.97509879588779
2019-05-09,4883.17529296875,4943.889728227687,4878.838547593112,4943.889728227687,126636500,0.0714285714285714,14.0,1.0,4883.17529296875,-57.23448530737733
2019-05-10,4865.828125,4926.542557932264,4857.154634581105,4865.828125,76130500,0.0,1.0,1.0,4865.828125,-24.209151997056324
2019-05-13,4865.828125,4939.552793560606,4857.154634581105,4926.542557932264,63720500,0.0,2.0,1.0,4865.828125,-8.794051515819774
2019-05-14,4766.08251953125,4883.174628746303,4766.08251953125,4822.460201745906,114800500,0.5,4.0,1.0,4766.08251953125,-104.47301216891356
2019-05-15,4735.7255859375,4818.123741736778,4722.715350811298,4818.123741736778,72065000,-0.2857142857142857,7.0,1.0,4735.7255859375,-45.65935465714301
2019-05-16,4579.6025390625,4753.072332208807,4579.6025390625,4735.725352894176,87939000,-0.5,4.0,1.0,4579.6025390625,-170.66127210898685
2019-05-17,4492.8671875,4605.622541626448,4492.8671875,4579.602075289576,74207000,-0.3333333333333333,6.0,1.0,4492.8671875,-112.51603299637372
2019-05-20,4666.33837890625,4675.011870316856,4458.174585051696,4492.868550694122,54764500,0.0,4.0,1.0,4666.33837890625,146.42241940643362
2019-05-21,4735.7255859375,4766.082801231971,4683.684645432692,4744.399076021635,97371000,0.3333333333333333,6.0,1.0,4735.7255859375,77.60310682703312
2019-05-22,4735.7255859375,4796.440016526442,4683.684645432692,4796.440016526442,38519000,-0.3333333333333333,6.0,1.0,4735.7255859375,17.102353775147094
2019-05-23,4861.49072265625,4861.49072265625,4631.643257624331,4718.378150089206,54926000,-0.25,8.0,1.0,4861.49072265625,130.95250181344272
2019-05-24,4865.828125,4883.175105837789,4861.491379790552,4865.828125,37402000,0.0,5.0,1.0,4865.828125,19.302840685480987
2019-05-27,4930.87890625,4943.889140831135,4796.439815578276,4800.776560438654,68564000,0.0,9.0,1.0,4930.87890625,74.05498692228412
2019-05-28,4974.2470703125,5004.604288701504,4904.859142566205,4904.859142566205,209923000,0.0,4.0,1.0,4974.2470703125,51.58137848628394
2019-05-29,4978.58203125,5113.021093069468,4969.908543390679,5030.622958405924,133044500,-0.4,5.0,1.0,4978.58203125,13.466700153520833
2019-05-30,4978.58203125,4978.58203125,4978.58203125,4978.58203125,0,0.0,2.0,1.0,4978.58203125,3.014984645916229
2019-05-31,5047.97021484375,5091.33765655203,4974.245563939675,4978.582308110503,96875000,0.0,8.0,1.0,5047.97021484375,68.59965763120363
2019-06-03,5047.97021484375,5047.97021484375,5047.97021484375,5047.97021484375,0,0.0,2.0,1.0,5047.97021484375,6.467926595345489
2019-06-04,5047.97021484375,5047.97021484375,5047.97021484375,5047.97021484375,0,0.0,1.0,1.0,5047.97021484375,3.2988549077990683
2019-06-05,5047.97021484375,5047.97021484375,5047.97021484375,5047.97021484375,0,0.0,0.0,0.0,5047.97021484375,-1.219828177383533
2019-06-06,5047.97021484375,5047.97021484375,5047.97021484375,5047.97021484375,0,0.0,1.0,1.0,5047.97021484375,-1.978584908506491
2019-06-07,5047.97021484375,5047.97021484375,5047.97021484375,5047.97021484375,0,0.0,0.0,0.0,5047.97021484375,-2.3712693895031407
2019-06-10,5100.01171875,5368.889887595664,5039.297293526786,5204.093590561225,179238000,-0.0833333333333333,24.0,1.0,5100.01171875,49.572132630010856
2019-06-11,5126.03271484375,5169.400165899958,5069.65502847068,5117.359224632509,72901000,-0.1538461538461538,13.0,1.0,5126.03271484375,29.82347447460961
2019-06-12,5069.6552734375,5117.359471904406,5047.971546861634,5065.318528122327,69255500,-0.2,10.0,1.0,5069.6552734375,-51.5129490291647
2019-06-13,5034.96044921875,5104.348362386278,5021.950215499838,5104.348362386278,78802500,-0.2222222222222222,9.0,1.0,5034.96044921875,-41.006265223943046
2019-06-14,5030.6240234375,5069.654727067618,5021.950533741918,5069.654727067618,57220500,0.0,0.0,0.0,5030.6240234375,-14.78634718981084
2019-06-17,5026.2880859375,5065.318795836928,5021.951340393119,5039.298322570643,83624000,0.0,3.0,1.0,5026.2880859375,-10.907625166658365
2019-06-18,5117.359375,5117.359375,5026.287725105933,5026.287725105933,78788000,0.0,9.0,1.0,5117.359375,86.71464132366145
2019-06-19,5152.05224609375,5169.399223353325,5108.684802944813,5117.3582915746,66944500,0.0,6.0,1.0,5152.05224609375,42.43072989963457
2019-06-20,5126.03271484375,5152.053185477474,5034.961067625714,5117.359224632509,59504500,0.0,17.0,1.0,5126.03271484375,-17.154866835650864
2019-06-21,5100.01171875,5147.715909996811,5065.317761479592,5126.032186702806,144149000,0.0,5.0,1.0,5100.01171875,-27.327696899651528
2019-06-24,5095.67529296875,5117.359017619681,5087.001803108378,5113.022272689495,30084000,0.0,2.0,1.0,5095.67529296875,-10.841566293126562
2019-06-25,5126.03271484375,5169.400165899958,5095.675499104404,5143.379695266233,40561500,0.4,5.0,1.0,5126.03271484375,25.174242327288997
2019-06-26,5087.00146484375,5152.052634470908,5082.664720201939,5152.052634470908,59334500,0.0,2.0,1.0,5087.00146484375,-38.7505823655365
2019-06-27,5147.7158203125,5147.7158203125,5034.960461148115,5073.991162397325,77525000,0.0,4.0,1.0,5147.7158203125,55.640938081995046
2019-06-28,5199.7568359375,5199.7568359375,5169.39962338407,5186.746601986029,80919000,0.0,6.0,1.0,5199.7568359375,54.158523237239024
2019-07-01,5195.419921875,5225.777133438543,5173.736199329612,5199.756666384078,56612500,0.0,2.0,1.0,5195.419921875,3.8819668451214966
2019-07-02,5204.09326171875,5204.09326171875,5160.725817871094,5195.419772949219,48563500,0.0,2.0,1.0,5204.09326171875,10.697696011437074
2019-07-03,5204.09326171875,5204.09326171875,5152.052329101562,5160.725817871094,43640000,0.1666666666666666,6.0,1.0,5204.09326171875,-0.4948190847680962
2019-07-04,5195.419921875,5212.766899911311,5173.736199329612,5204.093410893156,28224500,0.4,5.0,1.0,5195.419921875,-10.071677206849015
2019-07-05,5178.07275390625,5221.440197406302,5178.07275390625,5221.440197406302,32722500,-0.3333333333333333,3.0,1.0,5178.07275390625,-20.651455873006853
2019-07-08,5100.01171875,5169.399633290816,5087.001484773597,5147.715909996811,38361000,-0.2,10.0,1.0,5100.01171875,-83.28536373206134
2019-07-09,5204.09326171875,5204.09326171875,5091.337907714844,5091.337907714844,47740500,0.0,4.0,1.0,5204.09326171875,90.55903073847276
2019-07-10,5204.09326171875,5238.787216796875,5199.756517333984,5204.09326171875,52183500,0.0,3.0,1.0,5204.09326171875,3.3877347443904
2019-07-11,5225.77783203125,5225.77783203125,5186.747126231846,5221.441086942427,34279500,-0.5,8.0,1.0,5225.77783203125,26.07120773023871
2019-07-12,5212.767578125,5230.114558418261,5199.757342905054,5204.094087978369,29838000,0.0,6.0,1.0,5212.767578125,-11.673969043815305
2019-07-15,5295.1650390625,5303.838528069974,5234.450616010186,5256.13433852887,61453500,0.1538461538461538,13.0,1.0,5295.1650390625,80.66668781321005
2019-07-16,5277.818359375,5295.165338370481,5264.808125128389,5273.48161462613,38075000,-0.3333333333333333,6.0,1.0,5277.818359375,-10.393111878060154
2019-07-17,5334.19580078125,5334.19580078125,5243.124165158155,5273.48137703252,45487000,-0.5,6.0,1.0,5334.19580078125,58.43492499958575
2019-07-18,5329.8603515625,5351.544079599776,5251.798930628305,5290.829641095403,43625500,0.0,3.0,1.0,5329.8603515625,0.0078170061751734
2019-07-19,5377.56396484375,5386.237455109627,5334.196513514365,5373.227219710811,43973500,0.0,14.0,1.0,5377.56396484375,49.542805875101294
2019-07-22,5455.62451171875,5455.62451171875,5377.563111710056,5429.604045049186,37314500,0.0,10.0,1.0,5455.62451171875,82.01778144158561
2019-07-23,5407.92041015625,5455.624599820821,5381.899943066484,5412.257154671211,39129500,-0.2,10.0,1.0,5407.92041015625,-36.5131590862693
2019-07-24,5420.9306640625,5433.94089765625,5347.20600703125,5429.604153125,51343500,-0.1111111111111111,18.0,1.0,5420.9306640625,11.990666969300946
2019-07-25,5420.9306640625,5442.61438671875,5377.56321875,5438.277642187501,53477500,-0.2222222222222222,9.0,1.0,5420.9306640625,-3.026070267417708
2019-07-26,5373.2265625,5420.930753127523,5368.889817897498,5420.930753127523,51797500,-0.25,12.0,1.0,5373.2265625,-49.32330706830271
2019-07-29,5368.88916015625,5403.583112725919,5342.868695728998,5394.909624583502,68509500,0.0,5.0,1.0,5368.88916015625,-12.569268948186618
2019-07-30,5394.9111328125,5420.931604514169,5368.890661110832,5381.900896961666,38225500,0.3333333333333333,6.0,1.0,5394.9111328125,19.165656626321837
2019-07-31,5368.88916015625,5412.256600868336,5360.215672013833,5368.88916015625,64129000,0.0,4.0,1.0,5368.88916015625,-26.584794657424936
2019-08-01,5386.2373046875,5438.278244829408,5364.553579628372,5368.890324640198,78228000,0.0,4.0,1.0,5386.2373046875,13.349961668510332
2019-08-02,5347.20703125,5381.900994145378,5342.870285888078,5342.870285888078,62989500,0.0,6.0,1.0,5347.20703125,-41.23086843424608
2019-08-05,5204.09326171875,5390.573270263672,5204.09326171875,5390.573270263672,90924000,0.0833333333333333,12.0,1.0,5204.09326171875,-149.27473928442942
2019-08-06,5100.01171875,5165.062888632016,5000.266591597577,5100.01171875,183296000,0.2,10.0,1.0,5100.01171875,-126.9744865488683
2019-08-07,5212.767578125,5247.461538711523,5121.695931585378,5182.410362611793,92102000,-0.1428571428571428,7.0,1.0,5212.767578125,85.37717151277229
2019-08-08,5208.43017578125,5273.481343671941,5186.74645315102,5212.766920307296,58295500,0.0,0.0,0.0,5208.43017578125,-4.485165342058281
2019-08-09,5260.4716796875,5308.175874639324,5251.798189696259,5251.798189696259,48118500,0.6666666666666666,3.0,1.0,5260.4716796875,55.12875866683771
2019-08-12,5238.787109375,5273.481063741722,5204.093155008279,5264.807575150042,52705000,-0.25,16.0,1.0,5238.787109375,-17.34903321019374
2019-08-13,5217.103515625,5238.787237635079,5204.093282418952,5204.093282418952,84406000,-0.1666666666666666,12.0,1.0,5217.103515625,-22.16886947125204
2019-08-14,5212.767578125,5256.135028858153,5186.747107685108,5238.788048564892,81942000,0.5,2.0,1.0,5212.767578125,-10.22850626242962
2019-08-15,5204.09326171875,5204.09326171875,5082.664418945313,5134.7053515625,52561500,0.0,6.0,1.0,5204.09326171875,-13.439879518487032
2019-08-16,5169.400390625,5238.788315331376,5169.400390625,5238.788315331376,49821500,-0.75,4.0,1.0,5169.400390625,-39.05325378791895
2019-08-19,5217.103515625,5230.113748831047,5173.736071604842,5230.113748831047,30619000,0.3333333333333333,6.0,1.0,5217.103515625,40.02350329526416
2019-08-20,5191.08251953125,5234.449959126331,5191.08251953125,5234.449959126331,58393500,0.0,5.0,1.0,5191.08251953125,-25.817195853507656
2019-08-21,5182.41064453125,5208.431116386637,5182.41064453125,5204.094371077405,55927500,-0.2,10.0,1.0,5182.41064453125,-11.189041461158013
2019-08-22,5204.09326171875,5204.09326171875,5134.7053515625,5139.042095947266,65888000,-0.2222222222222222,9.0,1.0,5204.09326171875,16.557820866059046
2019-08-23,5199.7568359375,5199.7568359375,5121.69543222868,5134.70566618015,33083500,0.0,0.0,0.0,5199.7568359375,-5.123595246527657
2019-08-26,5195.419921875,5204.093410893156,5082.664564638982,5152.052476784224,41388500,0.1111111111111111,9.0,1.0,5195.419921875,-5.906525189659078
2019-08-27,5208.43017578125,5238.787387463572,5160.725985994744,5238.787387463572,123780000,0.0,4.0,1.0,5208.43017578125,9.902964596485615
2019-08-28,5199.7568359375,5221.440559189949,5191.08334663652,5204.09358058799,55688000,0.0,0.0,0.0,5199.7568359375,-9.915875057941776
2019-08-29,5208.43017578125,5225.777153885434,5191.083197677066,5195.419942203112,51525500,-1.0,2.0,1.0,5208.43017578125,6.079844032640722
2019-08-30,5290.8291015625,5290.8291015625,5208.430943423412,5273.482120901639,73650000,1.0,4.0,1.0,5290.8291015625,80.42605390512654
2019-09-02,5204.09326171875,5290.828149414063,5204.09326171875,5290.828149414063,42429000,0.0,2.0,1.0,5204.09326171875,-78.63005304974376
2019-09-03,5251.79736328125,5251.79736328125,5204.093175836086,5204.093175836086,42743500,0.0,0.0,0.0,5251.79736328125,41.47205022126127
2019-09-04,5221.44091796875,5256.134877556582,5208.430683123313,5256.134877556582,41979000,0.0,0.0,0.0,5221.44091796875,-32.61057908409657
2019-09-05,5238.787109375,5277.817808037562,5217.103387895799,5277.817808037562,53650500,0.0,1.0,1.0,5238.787109375,14.101738723015842
2019-09-06,5225.77783203125,5256.135047653008,5225.77783203125,5256.135047653008,54349000,0.0,3.0,1.0,5225.77783203125,-15.519696486774592
2019-09-09,5234.451171875,5251.798151732083,5186.74697726802,5247.461406767812,25912000,0.0,4.0,1.0,5234.451171875,5.679797429183964
2019-09-10,5251.79736328125,5251.79736328125,5191.082942896495,5221.440153088873,40291000,0.4,5.0,1.0,5251.79736328125,14.95191901306316
2019-09-11,5290.8291015625,5290.8291015625,5212.767688588627,5247.461649910349,45243500,0.0,6.0,1.0,5290.8291015625,39.17236420490826
2019-09-12,5221.44091796875,5295.165582092894,5212.767428071792,5290.828837144414,40034000,0.0,6.0,1.0,5221.44091796875,-65.693905644599
2019-09-13,5230.11376953125,5282.154702561412,5212.766791854529,5273.481213723051,28419500,0.0,5.0,1.0,5230.11376953125,1.2641173488827917
2019-09-16,5208.43017578125,5217.103664833342,5191.083197677066,5204.093431255204,77289000,-0.2857142857142857,7.0,1.0,5208.43017578125,-27.9520052306234
2019-09-17,5230.11376953125,5234.45051395043,5191.083069758629,5195.419814177809,92037500,0.0,4.0,1.0,5230.11376953125,16.32841545971587
2019-09-18,5238.787109375,5238.787109375,5195.419666416597,5195.419666416597,28667000,0.0,1.0,1.0,5238.787109375,6.742894811347469
2019-09-19,5230.11376953125,5243.12400278879,5204.093303016169,5217.103536273709,61988500,-0.1111111111111111,9.0,1.0,5230.11376953125,-8.819440365938135
2019-09-20,5195.419921875,5247.460855983932,5195.419921875,5247.460855983932,133433000,0.0,11.0,1.0,5195.419921875,-37.36468516408786
2019-09-23,5225.77783203125,5230.114577120073,5204.094106587137,5230.114577120073,47231500,-0.5,6.0,1.0,5225.77783203125,23.190480979541466
2019-09-24,5156.39013671875,5204.094334787636,5152.05339143976,5186.747353671678,79718500,-0.5,12.0,1.0,5156.39013671875,-71.11248531163528
2019-09-25,5147.7158203125,5147.7158203125,5013.276738231887,5117.358608229781,88620000,-0.5714285714285714,14.0,1.0,5147.7158203125,-17.803522264748608
2019-09-26,5256.134765625,5256.134765625,5178.073358214728,5204.093827351486,109859000,0.0,13.0,1.0,5256.134765625,99.47807079195265
2019-09-27,5264.80712890625,5269.143872834508,5204.092713910626,5208.429457838884,48010000,0.0,0.0,0.0,5264.80712890625,17.498874345086733
2019-09-30,5264.80712890625,5264.80712890625,5208.429457838884,5264.80712890625,73391000,0.2307692307692307,13.0,1.0,5264.80712890625,6.6910716003412745
2019-10-01,5238.787109375,5260.470830854201,5212.766643599959,5212.766643599959,40057000,-0.25,8.0,1.0,5238.787109375,-26.094517408589127
2019-10-02,5247.4609375,5264.807915805785,5212.766980888429,5212.766980888429,52376500,0.0,5.0,1.0,5247.4609375,3.9049913803446543
2019-10-03,5238.787109375,5243.123853670841,5160.725712049876,5212.766643599959,50269000,0.0,2.0,1.0,5238.787109375,-11.986972549694656
2019-10-04,5243.1240234375,5260.471001182537,5186.746345766129,5186.746345766129,56890500,-0.1666666666666666,6.0,1.0,5243.1240234375,1.0931797647035637
2019-10-07,5264.80712890625,5273.480616762768,5247.460153193215,5264.80712890625,56705500,0.0,13.0,1.0,5264.80712890625,18.967798251558637
2019-10-08,5290.8291015625,5290.8291015625,5217.104433753842,5273.482120901639,46997500,-0.0909090909090909,11.0,1.0,5290.8291015625,26.34430366253855
2019-10-09,5264.80712890625,5290.827592475803,5247.460153193215,5290.827592475803,41496500,0.0,4.0,1.0,5264.80712890625,-23.61582882370476
2019-10-10,5299.501953125,5299.501953125,5221.440549560147,5221.440549560147,65806500,0.3333333333333333,6.0,1.0,5299.501953125,31.53430944541105
2019-10-11,5312.5126953125,5338.533165656888,5273.481989795919,5273.481989795919,40863500,-0.2,10.0,1.0,5312.5126953125,13.212508685808643
2019-10-14,5377.56396484375,5377.56396484375,5316.849532982611,5316.849532982611,37514500,0.0,12.0,1.0,5377.56396484375,66.70143857850508
2019-10-15,5355.8798828125,5368.890117345648,5329.859413746205,5368.890117345648,40935000,0.0,6.0,1.0,5355.8798828125,-14.767733103354658
2019-10-16,5390.57421875,5390.57421875,5355.880257567377,5377.563983306516,65776500,0.0,4.0,1.0,5390.57421875,35.292117915848394
2019-10-17,5303.8388671875,5386.237018026881,5295.16537762546,5364.553294121781,45666500,-0.25,8.0,1.0,5303.8388671875,-85.48918177649648
2019-10-18,5342.8701171875,5351.54360763748,5325.523136287541,5342.8701171875,41008500,0.0,12.0,1.0,5342.8701171875,28.96419461249934
2019-10-21,5394.9111328125,5425.26834979778,5364.553915827221,5377.564151678055,59971500,0.0,4.0,1.0,5394.9111328125,47.81391404056376
2019-10-22,5464.298828125,5464.298828125,5399.247651599702,5438.278357514881,67259500,0.0,14.0,1.0,5464.298828125,75.06215632746625
2019-10-23,5442.6142578125,5468.634724383715,5429.604024526892,5464.297979955179,62219000,0.0,3.0,1.0,5442.6142578125,-11.45202226343099
2019-10-24,5464.298828125,5481.645808531745,5438.278357514881,5455.625337921627,73101000,0.0,11.0,1.0,5464.298828125,23.240720901831992
2019-10-25,5377.56396484375,5485.982593167213,5355.880239179058,5481.645848034274,61929500,0.0,13.0,1.0,5377.56396484375,-86.72925094129732
2019-10-28,5381.89990234375,5420.930602683068,5377.563157861604,5377.563157861604,43249500,0.0416666666666666,24.0,1.0,5381.89990234375,-6.6834107553331705
2019-10-29,5394.9111328125,5412.258113946946,5334.196698841942,5381.900896961666,79861500,-0.2083333333333333,24.0,1.0,5394.9111328125,4.3794465883129305
2019-10-30,5433.94140625,5451.288385998603,5377.56372206704,5446.951641061452,60738000,-0.1818181818181818,11.0,1.0,5433.94140625,37.06633196527309
2019-10-31,5455.62451171875,5464.298000608605,5420.930556159331,5438.27753393904,58420500,0.0,7.0,1.0,5455.62451171875,24.418507490679985
2019-11-01,5485.98193359375,5485.98193359375,5442.614487478384,5464.298210536067,42080500,0.0,0.0,0.0,5485.98193359375,33.73440267911519
2019-11-04,5442.6142578125,5533.685890811753,5429.604024526892,5507.665424240538,43794500,0.0,11.0,1.0,5442.6142578125,-39.70279732471408
2019-11-05,5516.33984375,5516.33984375,5438.278430866745,5507.666353429639,66161500,0.0,13.0,1.0,5516.33984375,69.1063356327968
2019-11-06,5459.96240234375,5533.687073384134,5459.96240234375,5533.687073384134,63393000,0.1428571428571428,14.0,1.0,5459.96240234375,-52.6906585431334
2019-11-07,5451.28759765625,5494.655040756141,5420.930387486326,5494.655040756141,61972000,-0.25,8.0,1.0,5451.28759765625,-12.515033040268465
2019-11-08,5446.9521484375,5477.309365825289,5420.931676390825,5477.309365825289,90040500,-0.1666666666666666,12.0,1.0,5446.9521484375,-11.409263572645614
2019-11-11,5459.96240234375,5498.993110541601,5433.941930211849,5494.656365186283,70207000,-0.125,16.0,1.0,5459.96240234375,8.74392448873914
2019-11-12,5433.94140625,5446.951641061452,5394.910701815643,5394.910701815643,47635500,0.0,12.0,1.0,5433.94140625,-27.77023110103346
2019-11-13,5446.9521484375,5451.288893778613,5433.941912414162,5433.941912414162,40083500,0.0,0.0,0.0,5446.9521484375,8.175333586351371
2019-11-14,5438.27734375,5446.950832336523,5386.236412230861,5433.940599456739,37862000,0.0,2.0,1.0,5438.27734375,-11.581690368906491
2019-11-15,5442.6142578125,5455.624491098108,5425.267280098356,5446.951002241036,47138000,0.0,2.0,1.0,5442.6142578125,1.4264811363882473
2019-11-18,5446.9521484375,5451.288893778613,5386.237713661923,5416.594931049712,65599000,0.0,4.0,1.0,5446.9521484375,1.689963953057486
2019-11-19,5477.30859375,5507.66580685867,5464.29835956057,5490.31882793943,60115000,0.2142857142857142,14.0,1.0,5477.30859375,28.60607018612791
2019-11-20,5507.66552734375,5507.66552734375,5425.26738165908,5425.26738165908,43229500,-0.3333333333333333,6.0,1.0,5507.66552734375,31.88758778806641
2019-11-21,5464.298828125,5507.666279141865,5464.298828125,5507.666279141865,57523500,0.0,7.0,1.0,5464.298828125,-39.64708774923383
2019-11-22,5468.634765625,5472.97151008624,5438.277554396313,5446.951043318794,56035000,-1.0,4.0,1.0,5468.634765625,-0.3994511166893062
2019-11-25,5442.6142578125,5494.65519095493,5442.6142578125,5490.318446526394,55133500,0.0,10.0,1.0,5442.6142578125,-30.75738392950825
2019-11-26,5451.28759765625,5490.318296446151,5438.277364726283,5490.318296446151,192783500,0.0,6.0,1.0,5451.28759765625,2.867318755249471
2019-11-27,5464.298828125,5464.298828125,5412.257886904762,5438.278357514881,58833500,-0.4,5.0,1.0,5464.298828125,9.261989432093287
2019-11-28,5420.9306640625,5459.961364843751,5416.59391953125,5459.961364843751,44248000,0.0,14.0,1.0,5420.9306640625,-44.10457612739083
2019-11-29,5446.9521484375,5459.962384460839,5399.247949685261,5403.584695026374,52954500,-0.6666666666666666,6.0,1.0,5446.9521484375,19.24005961205057
2019-12-02,5572.716796875,5572.716796875,5438.277714615759,5446.951203793775,49909000,-0.1333333333333333,15.0,1.0,5572.716796875,123.11238806165692
2019-12-03,5529.34912109375,5568.379820772059,5503.328654641544,5568.379820772059,42823000,0.0,4.0,1.0,5529.34912109375,-29.21057774313249
2019-12-04,5520.67626953125,5551.033483896308,5512.002779712662,5516.339524621956,37552000,0.0833333333333333,12.0,1.0,5520.67626953125,-6.072456974025954
2019-12-05,5498.9921875,5538.022889146293,5490.318698245268,5516.339166009464,54168000,-0.1052631578947368,19.0,1.0,5498.9921875,-26.414314394543908
2019-12-06,5564.24951171875,5564.24951171875,5498.992480697811,5516.394355636729,69920500,-0.4,5.0,1.0,5564.24951171875,59.60038732383418
2019-12-09,5564.24951171875,5564.24951171875,5533.796230575645,5542.497168045104,51667500,0.0,2.0,1.0,5564.24951171875,3.418473294285832
2019-12-10,5538.14697265625,5568.600255302435,5533.796503706795,5564.24978635298,57654000,0.0,5.0,1.0,5538.14697265625,-23.77226116132897
2019-12-11,5551.197265625,5555.547733701508,5525.094457165948,5538.145861395474,48469000,0.0,14.0,1.0,5551.197265625,8.345253672027866
2019-12-12,5516.39453125,5572.950626601933,5516.39453125,5568.600157728706,79198500,-0.0833333333333333,24.0,1.0,5516.39453125,-37.42298014150128
2019-12-13,5533.79541015625,5586.001027233196,5525.094473976759,5564.248686784468,70822500,0.0,14.0,1.0,5533.79541015625,11.368574904896375
2019-12-16,5533.79541015625,5564.248686784468,5516.393537797268,5516.393537797268,78684000,0.0,2.0,1.0,5533.79541015625,-3.1620394286210285
2019-12-17,5655.609375,5655.609375,5538.14671875,5564.24953125,102914500,0.0,9.0,1.0,5655.609375,120.1368775070423
2019-12-18,5877.48291015625,5916.637126434123,5603.40339621114,5655.609017914971,181804000,0.0476190476190476,21.0,1.0,5877.48291015625,234.17915472387267
2019-12-19,5742.619140625,5847.030397727272,5733.918202533144,5829.628521543561,74171000,0.0,11.0,1.0,5742.619140625,-100.52616775704335
2019-12-20,5794.82373046875,5864.431222726633,5751.319047807573,5812.225603533221,99453000,0.2222222222222222,9.0,1.0,5794.82373046875,53.54892065319473
2019-12-23,5794.82373046875,5855.730286194397,5786.122793936514,5812.225603533221,46558500,0.0,11.0,1.0,5794.82373046875,-2.246886844591245
2019-12-26,5812.2265625,5851.380783355165,5794.824686564371,5794.824686564371,38188500,0.3333333333333333,6.0,1.0,5812.2265625,18.643518364378902
2019-12-27,5825.27734375,5829.627812266617,5803.525001166916,5803.525001166916,29945000,0.0,8.0,1.0,5825.27734375,13.11153566051962
2019-12-30,5816.57666015625,5847.029941099477,5803.525254037724,5812.226191450075,61168000,-1.0,2.0,1.0,5816.57666015625,-7.920551405904007
2020-01-02,5820.92724609375,5899.235684382007,5812.226308506166,5825.277714887542,49445000,-0.5714285714285714,7.0,1.0,5820.92724609375,2.2125255848641245
2020-01-03,5916.6376953125,5916.6376953125,5851.380661908318,5873.133006376378,47755500,0.0,6.0,1.0,5916.6376953125,93.4014518709937
2020-01-06,5860.08154296875,5873.132949523246,5820.927323305262,5847.030136414253,27300000,0.0,14.0,1.0,5860.08154296875,-47.13448150998829
2020-01-07,5864.431640625,5890.534452081788,5855.730703472737,5860.081172048868,45022500,0.0,1.0,1.0,5864.431640625,2.800213143717883
2020-01-08,5812.2265625,5868.782659290794,5803.525624532186,5803.525624532186,53692500,0.0,1.0,1.0,5812.2265625,-57.052239608440686
2020-01-09,5864.431640625,5877.483046353394,5855.730703472737,5864.431640625,40363500,0.0,2.0,1.0,5864.431640625,43.42380127055094
2020-01-10,5851.38037109375,5938.389744641612,5838.328965061571,5886.184120512895,73362000,0.0,1.0,1.0,5851.38037109375,-13.632903152960353
2020-01-13,5868.7822265625,5881.83363255189,5860.08128923624,5864.43175789937,67855000,0.0,3.0,1.0,5868.7822265625,16.588264212917238
2020-01-14,5977.54443359375,5990.595840653998,5864.432239071597,5868.78270809168,93582000,0.0,4.0,1.0,5977.54443359375,107.81610640967574
2020-01-15,5947.09033203125,6142.861410993507,5916.637053081565,5977.543610980934,75623500,0.0,5.0,1.0,5947.09033203125,-18.328090223119943
2020-01-16,5960.1416015625,5994.945348140967,5912.286450017107,5920.987386661724,88931500,-0.5,2.0,1.0,5960.1416015625,15.95326959290196
2020-01-17,5981.89404296875,5994.945448153409,5916.637017045455,5951.440764204545,38249500,0.0,1.0,1.0,5981.89404296875,20.416916948884136
2020-01-20,5947.09033203125,6068.903447829988,5942.739863609866,6047.15110572307,93554500,0.0,6.0,1.0,5947.09033203125,-33.31684109924663
2020-01-21,5942.740234375,5999.296327381497,5938.389765682193,5990.595389995882,103984500,0.0,0.0,0.0,5942.740234375,-9.08125791852217
2020-01-22,5951.44189453125,5999.297055963884,5947.091425310102,5964.493302194695,94311500,0.0,0.0,0.0,5951.44189453125,3.333375986524516
2020-01-23,5951.44189453125,5999.297055963884,5942.740956088953,5990.596117521587,87728000,0.0,1.0,1.0,5951.44189453125,-2.2503347305473653
2020-01-24,5925.3388671875,5986.245434104258,5925.3388671875,5934.039805318465,69653500,-1.0,1.0,1.0,5925.3388671875,-28.204260907624302
2020-01-27,5951.44189453125,6038.451278954221,5929.689548425507,5973.194240636993,39679000,0.0,3.0,1.0,5951.44189453125,20.48340101186477
2020-01-28,5907.9365234375,5955.791679371088,5877.483242388854,5947.090741928618,82615000,-0.3333333333333333,3.0,1.0,5907.9365234375,-44.94882260971917
2020-01-29,5903.5859375,5955.791561118275,5890.534531595431,5916.637343404568,43821000,0.0,0.0,0.0,5903.5859375,-10.487664657530331
2020-01-30,5864.431640625,5955.791480723758,5855.730703472737,5955.791480723758,71990000,-0.3333333333333333,3.0,1.0,5864.431640625,-45.4671325996278
2020-01-31,5638.20751953125,5920.987989260826,5638.20751953125,5916.637520495756,163136500,-0.6666666666666666,6.0,1.0,5638.20751953125,-234.4849564187216
2020-02-03,5603.40380859375,5729.567403663019,5542.497245456861,5638.207558957686,149797000,0.0,6.0,1.0,5603.40380859375,-68.31002967069799
2020-02-04,5742.619140625,5760.021016808712,5673.011635890151,5716.516326349432,113316500,0.0,7.0,1.0,5742.619140625,113.2793733212111
2020-02-05,5855.7314453125,5899.236136585252,5786.123939276095,5899.236136585252,123002500,0.1666666666666666,6.0,1.0,5855.7314453125,120.25131843510916
2020-02-06,5864.431640625,5899.235389234051,5812.226017711424,5864.431640625,154693500,0.0,0.0,0.0,5864.431640625,28.768071975257957
2020-02-07,5881.8330078125,5899.234880616679,5833.977857601009,5838.328325802053,82609000,0.0,2.0,1.0,5881.8330078125,26.841112744102247
2020-02-10,5903.5859375,5903.5859375,5768.721409819454,5881.833594325718,66578500,0.0,3.0,1.0,5903.5859375,24.871451460120625
2020-02-11,5899.2353515625,5903.585820110849,5868.78207172405,5903.585820110849,77526500,0.0,3.0,1.0,5899.2353515625,-1.5991056165848931
2020-02-12,5916.6376953125,5916.6376953125,5881.833944163603,5916.6376953125,69971500,-1.0,1.0,1.0,5916.6376953125,16.81328170074994
2020-02-13,5907.9365234375,5934.039335764912,5864.431836225148,5934.039335764912,49737000,0.0,2.0,1.0,5907.9365234375,-8.819222694573
2020-02-14,5812.2265625,5912.287349129865,5807.876093516094,5899.235942178144,147028500,-0.2,5.0,1.0,5812.2265625,-97.71065652124344
2020-02-17,5847.02978515625,5873.132596697126,5812.226036435082,5812.226036435082,115319000,0.0,2.0,1.0,5847.02978515625,20.319041758063577
2020-02-18,5825.27734375,5847.029686333084,5803.525001166916,5816.576406716767,98436500,0.0,5.0,1.0,5825.27734375,-27.840997334281383
2020-02-19,5825.27734375,5881.83343446602,5799.174532650299,5799.174532650299,74594000,0.0,1.0,1.0,5825.27734375,-4.073743721200117
2020-02-20,5738.26806640625,5825.277438148573,5712.165254883553,5820.926969561458,136724500,0.0,7.0,1.0,5738.26806640625,-91.40603554947393
2020-02-21,5755.669921875,5794.824139030612,5738.268047583617,5742.618516156463,98261000,-0.1111111111111111,9.0,1.0,5755.669921875,3.997870008090104
2020-02-24,5677.361328125,5742.618354885058,5664.309922772989,5712.165075730364,84910000,0.0,4.0,1.0,5677.361328125,-85.95651280091352
2020-02-25,5681.71240234375,5707.815215830781,5664.310526685729,5699.114278001771,86446500,0.0,2.0,1.0,5681.71240234375,-7.85506230129522
2020-02-26,5586.00146484375,5686.062238746715,5586.00146484375,5655.608959732768,92824500,0.0,5.0,1.0,5586.00146484375,-104.43336013035425
2020-02-27,5472.88916015625,5633.85648839614,5394.580730201709,5629.506020065332,129254500,-0.125,8.0,1.0,5472.88916015625,-128.3474347363217
2020-02-28,5472.88916015625,5472.88916015625,5251.015275285051,5394.580730201709,169946500,0.0,2.0,1.0,5472.88916015625,-24.56126586345636
2020-03-02,5290.169921875,5472.889606676604,5251.015703703228,5472.889606676604,144871500,-0.3333333333333333,3.0,1.0,5290.169921875,-196.2880640811709
2020-03-03,5498.9921875,5525.094998516613,5394.580943433544,5394.580943433544,114663500,-0.2,5.0,1.0,5498.9921875,181.3383471482939
2020-03-04,5603.40380859375,5655.609434139655,5446.786931956036,5494.642088706449,83025000,-0.1428571428571428,7.0,1.0,5603.40380859375,111.2865142993769
2020-03-05,5599.05322265625,5690.413065450175,5516.394317271271,5690.413065450175,77583000,-0.5,2.0,1.0,5599.05322265625,19.159195690184788
2020-03-06,5394.58056640625,5525.094612367691,5394.58056640625,5525.094612367691,77835500,-0.1666666666666666,6.0,1.0,5394.58056640625,-196.79450437620653
2020-03-09,5033.4931640625,5255.367106471478,5033.4931640625,5220.563350799482,140889500,0.0,3.0,1.0,5033.4931640625,-385.72342678257337
2020-03-10,5155.30419921875,5229.262149756065,5081.346248681434,5081.346248681434,133667000,0.0,4.0,1.0,5155.30419921875,59.89770606784441
2020-03-11,5090.0478515625,5203.160026041666,5037.842232572115,5177.057216546475,93204500,0.0,1.0,1.0,5090.0478515625,-85.71139504495568
2020-03-12,4837.72119140625,4907.328690563175,4750.711817460095,4872.524940984712,129845500,0.0,5.0,1.0,4837.72119140625,-260.78332423431675
2020-03-13,4837.72119140625,4837.72119140625,4837.72119140625,4837.72119140625,0,0.0,3.0,1.0,4837.72119140625,-39.37289721725756
2020-03-16,4837.72119140625,4837.72119140625,4837.72119140625,4837.72119140625,0,0.0,3.0,1.0,4837.72119140625,-24.17739599744073
2020-03-17,4454.87939453125,4789.865442752838,4454.87939453125,4781.164506435394,212200000,-0.25,4.0,1.0,4454.87939453125,-390.4434312634066
2020-03-18,4350.46923828125,4681.104900390625,4145.997184082031,4454.8805,180053500,0.0,5.0,1.0,4350.46923828125,-155.40928087425164
2020-03-19,4045.935546875,4346.117861643145,4045.935546875,4346.117861643145,264419000,-0.1,10.0,1.0,4045.935546875,-351.408142769973
2020-03-20,4119.8935546875,4685.454443926545,3763.155147629026,4002.430908460929,335132000,-0.1666666666666666,6.0,1.0,4119.8935546875,18.95920718236448
2020-03-23,3854.515380859375,4350.46882715505,3832.7630367236,4141.646323451609,217843500,0.0,5.0,1.0,3854.515380859375,-288.5134421811945
2020-03-24,3915.422119140625,4346.118552246094,3871.917428927952,3871.917428927952,253971000,-0.1666666666666666,6.0,1.0,3915.422119140625,25.13676262994977
2020-03-26,4594.0947265625,4694.155501856949,4045.935696688566,4045.935696688566,331633000,0.0,6.0,1.0,4594.0947265625,660.4715621131627
2020-03-27,4794.21728515625,5129.203429400381,4659.352733577444,4663.703202983213,269683000,0.0,3.0,1.0,4794.21728515625,279.82521387968063
2020-03-30,4781.1650390625,4833.370662782927,4485.333171313409,4768.113633132393,159964500,0.4,5.0,1.0,4781.1650390625,62.77538834736061
2020-03-31,4807.26806640625,4968.235413426188,4772.464315699237,4924.730725042421,182638500,-0.3333333333333333,3.0,1.0,4807.26806640625,50.28461087136566
2020-04-01,4768.11376953125,5003.039082993556,4720.258613085224,4837.721269816378,152831500,0.0,3.0,1.0,4768.11376953125,-30.930367122371536
2020-04-02,4707.20751953125,4759.413148213666,4663.702828962569,4759.413148213666,136623500,0.0,3.0,1.0,4707.20751953125,-63.360566294492855
2020-04-03,4781.1650390625,4811.618319566082,4668.052854334906,4750.711758558917,110506000,0.0,1.0,1.0,4781.1650390625,62.16683722175458
2020-04-06,4989.98828125,4994.3387505449,4781.165755094813,4802.918101569311,78184000,0.0,0.0,0.0,4989.98828125,210.09436879591703
2020-04-07,4920.38037109375,5307.57210675011,4855.123336994363,4989.987874133096,149153500,-0.3333333333333333,3.0,1.0,4920.38037109375,-42.04802633160034
2020-04-08,4902.978515625,4924.730860414818,4768.113977928127,4920.380391456854,106111500,0.0,3.0,1.0,4902.978515625,-10.569905334541543
2020-04-09,4868.1748046875,4955.184184574676,4785.515893794683,4872.525273681859,89997000,-0.4285714285714285,7.0,1.0,4868.1748046875,-40.93348989636797
2020-04-13,4785.515625,4885.57640625,4768.11375,4820.319375,58043000,0.5,2.0,1.0,4785.515625,-90.37579712547632
2020-04-14,4798.56689453125,4863.823923921974,4737.660333766574,4789.865957279153,95796000,0.1666666666666666,6.0,1.0,4798.56689453125,-2.680567236753632
2020-04-15,4772.4638671875,4898.627451643688,4737.660119751311,4798.566677764642,95342000,0.0,1.0,1.0,4772.4638671875,-34.4921313406785
2020-04-16,4559.291015625,4802.917253101145,4511.435861835042,4772.463973416627,176990500,0.0,1.0,1.0,4559.291015625,-219.5834921725782
2020-04-17,4720.2587890625,4737.660664782546,4594.095190092165,4611.497065812212,160935500,-0.1428571428571428,7.0,1.0,4720.2587890625,129.99852354518953
2020-04-20,4659.35205078125,4785.515645060107,4637.599706940067,4724.609082304797,90744000,0.0,2.0,1.0,4659.35205078125,-61.8067949339129
2020-04-21,4567.29736328125,4739.898717126181,4567.29736328125,4739.898717126181,73431000,0.0,2.0,1.0,4567.29736328125,-92.9482601652826
2020-04-22,4554.0205078125,4633.68267412992,4465.506989682033,4567.29753553207,107263500,0.0,0.0,0.0,4554.0205078125,-30.70957160796388
2020-04-23,4531.89208984375,4642.533986568451,4531.89208984375,4585.000200271606,105419500,0.0,1.0,1.0,4531.89208984375,-34.087133692536554
2020-04-24,4354.865234375,4549.59498062754,4354.865234375,4531.892276422765,131149500,0.0,2.0,1.0,4354.865234375,-185.2535303256518
2020-04-27,4390.27099609375,4443.379112981981,4297.331791539346,4372.56829046434,151103500,0.0,4.0,1.0,4390.27099609375,8.625865526080815
2020-04-28,4275.20361328125,4403.548235212053,4253.075230189732,4390.271205357142,180488000,0.0,3.0,1.0,4275.20361328125,-128.39908183559146
2020-04-29,4292.90673828125,4292.90673828125,4248.649967783505,4270.778353032378,121161000,0.0,3.0,1.0,4292.90673828125,0.658917088859198
2020-04-30,4576.1494140625,4646.960236717238,4319.460181939072,4319.460181939072,174081000,0.0,5.0,1.0,4576.1494140625,272.7282839964937
2020-05-04,4620.40625,4691.217073754789,4425.67648467433,4558.44677921456,114497500,0.0,4.0,1.0,4620.40625,75.31795984283781
2020-05-05,4677.93994140625,4726.622381666864,4602.703442821666,4620.406148370979,118643500,0.0,2.0,1.0,4677.93994140625,82.76377147161475
2020-05-06,4739.89892578125,4753.175953584559,4691.216490502451,4704.49351830576,86395500,0.0,4.0,1.0,4739.89892578125,74.9555365018814
2020-05-08,4642.53466796875,4779.730640044089,4558.446814116122,4731.048198339937,123028000,0.25,4.0,1.0,4642.53466796875,-84.81896256295204
2020-05-11,4686.79150390625,4713.345563418467,4642.534738052555,4642.534738052555,40615500,0.0,1.0,1.0,4686.79150390625,36.91037246233191
2020-05-12,4620.40625,4726.622485632184,4452.230543582376,4726.622485632184,118660000,0.0,2.0,1.0,4620.40625,-69.60430698430991
2020-05-13,4523.0419921875,4576.150117340386,4500.91360670713,4567.298763148238,94973000,-1.0,1.0,1.0,4523.0419921875,-105.39763645755193
2020-05-14,4354.865234375,4523.040924320376,4341.588206221418,4487.635515910823,131268000,-0.3333333333333333,3.0,1.0,4354.865234375,-187.6377943317148
2020-05-15,4235.3720703125,4421.250468382641,4142.43287127743,4354.865326214734,205790000,0.0,2.0,1.0,4235.3720703125,-151.30737241371662
2020-05-18,4217.6689453125,4288.479756566435,4204.391918202387,4248.648675236096,139997500,-0.25,4.0,1.0,4217.6689453125,-50.584901098380215
2020-05-19,4142.43310546875,4390.270983573718,4142.43310546875,4284.05475010016,128504500,0.0,5.0,1.0,4142.43310546875,-93.4877797611034
2020-05-20,4217.6689453125,4248.648675236096,4151.283809761936,4177.837863982161,119158000,0.0,5.0,1.0,4217.6689453125,58.4844490500891
2020-05-26,4399.12158203125,4425.675635846328,4226.520232233243,4226.520232233243,176076500,-0.2,5.0,1.0,4399.12158203125,180.2725244344765
2020-05-27,4394.69677734375,4425.67651293429,4297.331894059195,4399.122453856684,151753500,0.0,9.0,1.0,4394.69677734375,19.274233049031864
2020-05-28,4686.79150390625,4708.919886833098,4425.676585369452,4425.676585369452,229233000,0.0,12.0,1.0,4686.79150390625,304.3773746152756
2020-05-29,4593.85205078125,4686.791254120755,4593.85205078125,4686.791254120755,399414000,0.0,7.0,1.0,4593.85205078125,-56.80225060923476
2020-06-02,4744.32470703125,4868.243635946245,4638.108482246968,4655.811186377682,181369500,0.0,6.0,1.0,4744.32470703125,161.789592085388
2020-06-03,5116.08203125,5116.08203125,4779.730617430796,4788.581970426038,279673500,0.0,9.0,1.0,5116.08203125,385.54381920055584
2020-06-04,5124.93310546875,5301.960155744009,4956.757407707254,5116.081752954987,236158500,0.0,3.0,1.0,5124.93310546875,64.31288693165425
2020-06-05,5067.3994140625,5182.466999010644,4943.480476426037,5124.933206536572,88157500,0.0,2.0,1.0,5067.3994140625,-26.13083902111248
2020-06-08,5222.2978515625,5244.426232289459,5093.953243346134,5093.953243346134,173557500,0.1428571428571428,7.0,1.0,5222.2978515625,153.95953549710703
2020-06-09,5138.21044921875,5306.386157289649,5129.359096162387,5257.703715479652,100110000,0.0,5.0,1.0,5138.21044921875,-69.20930484724522
2020-06-10,5133.7841796875,5191.317967908136,4952.331462991649,5133.7841796875,115382500,0.0,4.0,1.0,5133.7841796875,-4.622932250076701
2020-06-11,5027.568359375,5142.635945064921,4961.183213784661,5089.52782859265,85187500,0.0,2.0,1.0,5027.568359375,-113.43194455146931
2020-06-12,5018.71728515625,5027.568638392857,4850.541573660714,5027.568638392857,96044000,0.0,5.0,1.0,5018.71728515625,-24.962179166550413
2020-06-15,4868.24365234375,5054.12204634233,4868.24365234375,5027.567990056818,100844500,0.2,5.0,1.0,4868.24365234375,-163.09854404003545
2020-06-16,5098.37939453125,5129.35913043552,4939.055038452148,4939.055038452148,91518500,0.0,1.0,1.0,5098.37939453125,206.64927442184307
2020-06-17,5062.97412109375,5133.784947962195,5027.568707659528,5133.784947962195,79800000,0.0,1.0,1.0,5062.97412109375,-23.252970890928736
2020-06-18,4943.48095703125,5080.676937038384,4943.48095703125,5062.97422994069,68032000,0.0,5.0,1.0,4943.48095703125,-110.61161791959512
2020-06-19,4934.62939453125,5001.014543336603,4908.075335009109,4956.757777466368,110071000,-0.2,5.0,1.0,4934.62939453125,-25.860413337287355
2020-06-22,4903.64892578125,5009.865148000338,4894.797573929659,4952.331360964999,51590500,0.0,3.0,1.0,4903.64892578125,-43.52661465667006
2020-06-23,4974.4599609375,5009.865369912144,4885.94643850089,4930.203199719195,69954000,0.0,2.0,1.0,4974.4599609375,61.76253022444144
2020-06-24,5049.69677734375,5098.379217791411,4992.162984087424,5001.014336896089,57333000,-0.5,2.0,1.0,5049.69677734375,77.77873616043235
2020-06-25,5067.3994140625,5085.102119439138,4992.162916211791,5045.271032341703,51415000,0.0,0.0,0.0,5067.3994140625,29.19274707106615
2020-06-26,4996.5888671875,5098.379428697963,4992.163190600088,5062.974015998671,57467500,-0.3333333333333333,3.0,1.0,4996.5888671875,-64.14557128787783
2020-06-29,5023.142578125,5040.845283246145,4943.480405079846,4992.162844162995,48796500,0.0,1.0,1.0,5023.142578125,18.668632149646328
2020-06-30,5040.845703125,5080.676792965321,5009.865966582529,5045.271379773924,74474000,0.0,4.0,1.0,5040.845703125,13.647989297515778
2020-07-01,5133.7841796875,5133.7841796875,5023.1422792632,5045.270659348061,63959000,0.0,0.0,0.0,5133.7841796875,93.78532327966424
2020-07-02,5195.744140625,5195.744140625,5098.379258943782,5111.656288263948,75585500,0.0,1.0,1.0,5195.744140625,72.18912709667711
2020-07-03,5195.744140625,5226.723875705387,5169.190081984668,5195.744140625,52219000,0.0,0.0,0.0,5195.744140625,12.943285557289528
2020-07-06,5253.27783203125,5253.27783203125,5178.041334015638,5186.892686723358,67800000,-0.25,4.0,1.0,5253.27783203125,61.85651867091747
2020-07-07,5301.96044921875,5306.386125720602,5222.298272185413,5257.70368420023,74168000,0.0,2.0,1.0,5301.96044921875,54.99361929236329
2020-07-08,5487.837890625,5545.371674962197,5293.108159022177,5301.95951045867,106444500,-0.25,8.0,1.0,5487.837890625,194.61117965670564
2020-07-09,5399.3251953125,5523.244134221311,5337.365725858094,5496.690075883709,93543500,0.0,9.0,1.0,5399.3251953125,-63.30742997058405
2020-07-10,5487.837890625,5523.243296370968,5381.621673387097,5399.32437626008,67224000,0.0,10.0,1.0,5487.837890625,91.73670657435832
2020-07-13,5465.71044921875,5523.244243421052,5434.730713879048,5514.392890466852,86006000,0.0,9.0,1.0,5465.71044921875,-17.26752186239628
2020-07-14,5487.837890625,5487.837890625,5408.175727696573,5465.70951203377,45616500,0.0,7.0,1.0,5487.837890625,24.08805782750824
2020-07-15,5443.5810546875,5523.243216463415,5443.5810546875,5487.837811229675,61468000,0.1666666666666666,6.0,1.0,5443.5810546875,-44.53546837854629
2020-07-16,5470.1357421875,5487.838446854774,5434.730332852953,5443.58168518659,66520500,0.3333333333333333,6.0,1.0,5470.1357421875,20.70759204289061
2020-07-17,5417.02783203125,5470.135948031557,5346.217010697508,5430.304861031326,73348000,-0.25,4.0,1.0,5417.02783203125,-55.61090960993079
2020-07-20,5434.73046875,5452.433173859935,5363.919648310261,5417.027763640065,59794500,0.0,3.0,1.0,5434.73046875,10.287730634595391
2020-07-21,5487.837890625,5518.817620652721,5399.32437626008,5399.32437626008,84159500,0.0,3.0,1.0,5487.837890625,48.60405075247672
2020-07-22,5470.1357421875,5532.095208522957,5425.878980519316,5496.689799188411,44725500,0.0,2.0,1.0,5470.1357421875,-13.174676978655045
2020-07-23,5487.837890625,5501.114917779738,5434.729782006048,5470.135187752016,84026500,0.0,12.0,1.0,5487.837890625,17.288825972619634
2020-07-24,5399.3251953125,5487.838723104508,5399.3251953125,5487.838723104508,58366500,-0.2857142857142857,7.0,1.0,5399.3251953125,-89.34336311790685
2020-07-27,5399.3251953125,5434.730606429303,5310.811667520492,5399.3251953125,41972500,0.0,12.0,1.0,5399.3251953125,-11.732359431890472
2020-07-28,5474.560546875,5487.837573261923,5363.918660317299,5417.026765864995,65279000,-0.1111111111111111,9.0,1.0,5474.560546875,65.81744662313213
2020-07-29,5430.30419921875,5474.560957158593,5399.32446866086,5474.560957158593,50262500,0.4,5.0,1.0,5430.30419921875,-39.10709083651364
2020-07-30,5523.24365234375,5523.24365234375,5359.493640214969,5430.304456270658,80533500,-0.2,5.0,1.0,5523.24365234375,90.52733808276024
2020-08-03,5425.87939453125,5518.818601125994,5155.913127756041,5505.541571612459,137079000,-0.6666666666666666,9.0,1.0,5425.87939453125,-91.04060309630586
2020-08-04,5496.68994140625,5505.5412939689,5425.879120905042,5448.00750231167,79357000,0.2,5.0,1.0,5496.68994140625,63.74592547478005
2020-08-05,5492.26416015625,5505.541188746475,5399.324960024678,5487.838483959508,49393000,-1.0,2.0,1.0,5492.26416015625,-4.805112548970101
2020-08-06,5540.9462890625,5571.926020710614,5474.561149816544,5501.115205514927,55258500,0.0,2.0,1.0,5540.9462890625,50.29117921449961
2020-08-07,5470.1357421875,5563.074941690686,5452.433037520227,5545.372237023413,43621000,-0.1428571428571428,7.0,1.0,5470.1357421875,-67.08284192906558
2020-08-10,5417.02783203125,5487.838653364992,5403.750803031174,5470.135948031557,37774500,-0.5,2.0,1.0,5417.02783203125,-59.94516741697044
2020-08-11,5465.71044921875,5487.838831604251,5425.879360924848,5434.730713879048,38795500,-0.25,4.0,1.0,5465.71044921875,34.90034113319052
2020-08-12,5540.9462890625,5540.9462890625,5452.432770067891,5465.709797917083,35612000,-0.1666666666666666,6.0,1.0,5540.9462890625,73.42825789688413
2020-08-13,5576.3525390625,5576.3525390625,5470.136300223214,5540.947126116072,48581000,-0.1428571428571428,7.0,1.0,5576.3525390625,44.58138265324851
2020-08-14,5669.2919921875,5669.2919921875,5523.244657494145,5576.35277920082,57316000,0.25,4.0,1.0,5669.2919921875,101.18075951294212
2020-08-18,5629.4599609375,5686.993749846452,5576.351848098467,5669.291045566774,81563500,0.3333333333333333,3.0,1.0,5629.4599609375,-26.64778459887566
2020-08-19,5602.90625,5673.717071484992,5585.203544628752,5629.460308056871,58793500,1.0,1.0,1.0,5602.90625,-25.101985673612035
2020-08-24,5589.62890625,5647.162695467142,5558.649173594617,5611.757286718132,66882500,0.0,3.0,1.0,5589.62890625,-20.14431242073806
2020-08-25,5633.88623046875,5647.163260077082,5580.778112035423,5594.055141643755,49211000,1.0,1.0,1.0,5633.88623046875,38.09432078111331
2020-08-26,5611.75732421875,5656.014085450759,5580.777591356344,5651.588409327558,42983000,0.0,1.0,1.0,5611.75732421875,-20.90075252241877
2020-08-27,5841.89306640625,5841.89306640625,5611.757885002367,5633.886267829665,68326000,-0.25,4.0,1.0,5841.89306640625,228.08630565311432
2020-08-28,5748.953125,5841.892321016167,5686.993660989223,5806.486913010008,52292500,-0.25,4.0,1.0,5748.953125,-68.72617103001903
2020-08-31,5554.22314453125,5788.783962587151,5554.22314453125,5753.378556088147,97032000,0.0,3.0,1.0,5554.22314453125,-189.9354339268193
2020-09-01,5771.08154296875,5771.08154296875,5523.243685295246,5558.649093534317,67446000,-0.2,5.0,1.0,5771.08154296875,187.20584404226335
2020-09-02,5695.84521484375,5806.487118783994,5633.885748637214,5771.081709523116,66065000,-0.3333333333333333,3.0,1.0,5695.84521484375,-67.22729450731094
2020-09-03,5753.37939453125,5753.37939453125,5576.352336237981,5722.399659329928,68208500,-0.2222222222222222,9.0,1.0,5753.37939453125,59.79014469494268
2020-09-04,5647.162109375,5709.12156825529,5545.371569785952,5709.12156825529,80613500,-0.2,5.0,1.0,5647.162109375,-105.49162969430743
2020-09-07,5563.07470703125,5629.459846733293,5487.838215368934,5607.331466832613,64249500,-0.6666666666666666,6.0,1.0,5563.07470703125,-94.94951742329522
2020-09-08,5607.33154296875,5629.459923169889,5563.074782566471,5563.074782566471,39649000,-0.5,4.0,1.0,5607.33154296875,23.67454574927706
2020-09-09,5527.6689453125,5594.054080764612,5496.689215434848,5576.351377977382,49285000,-0.75,4.0,1.0,5527.6689453125,-85.16057392470157
2020-09-10,5142.63623046875,5505.541713169642,5142.63623046875,5505.541713169642,175735000,-0.375,8.0,1.0,5142.63623046875,-395.832997679815
2020-09-11,5226.72314453125,5288.682606024423,4974.459622737616,5133.78395229149,403032500,-0.2857142857142857,7.0,1.0,5226.72314453125,28.376306466499955
2020-09-14,5355.0673828125,5412.601164611312,5297.533601013688,5310.810627582645,138115000,0.0,5.0,1.0,5355.0673828125,103.39459372603416
2020-09-15,5186.89208984375,5399.324530383426,5186.89208984375,5346.216420248507,170087000,-0.4,5.0,1.0,5186.89208984375,-155.80096287092783
2020-09-16,5089.52783203125,5195.744065047555,5085.102155655571,5186.892712296196,158565500,-0.2,5.0,1.0,5089.52783203125,-111.4246485775493
2020-09-17,5093.95361328125,5182.467142617154,5014.291436878937,5089.527936814455,138796000,-0.3333333333333333,6.0,1.0,5093.95361328125,-21.50181151511697
2020-09-18,4983.3115234375,5076.25072591724,4930.203407734791,5045.270991757327,316912000,0.0,5.0,1.0,4983.3115234375,-122.71387012664036
2020-09-21,4961.18359375,5076.251188252676,4952.332240326717,4992.16333073149,112443000,-0.375,8.0,1.0,4961.18359375,-40.48761423312863
2020-09-22,4823.98681640625,4925.7773639084,4806.284112492833,4885.94628010321,163442500,-0.1428571428571428,7.0,1.0,4823.98681640625,-152.321749349765
2020-09-23,4872.669921875,4943.480747261013,4801.859096488987,4823.987479422116,100517000,-0.4,5.0,1.0,4872.669921875,25.470179644755262
2020-09-24,4819.5615234375,4899.223697378616,4770.879083806818,4806.284494447314,88618500,-0.2,5.0,1.0,4819.5615234375,-62.20639009076967
2020-09-25,4965.609375,4978.886405414439,4832.839070855615,4850.541778074867,100705000,0.5,2.0,1.0,4965.609375,138.15018115870862
2020-09-28,4881.52099609375,5040.84534410769,4868.243967092589,5001.014257104205,93522000,-0.25,8.0,1.0,4881.52099609375,-73.52769948986133
2020-09-29,4872.669921875,4987.73751312727,4832.838832595367,4934.629394087761,117778500,-0.3,10.0,1.0,4872.669921875,-10.623333861135508
2020-09-30,4797.43359375,4925.778219413053,4797.43359375,4925.778219413053,107377000,0.0,4.0,1.0,4797.43359375,-83.46734257765911
2020-10-01,4930.2041015625,4930.2041015625,4850.541916797576,4854.967593728961,56893000,-0.5,2.0,1.0,4930.2041015625,119.89323429140312
2020-10-02,4872.669921875,4925.77804091451,4815.136126248864,4921.352364327884,66848000,-0.4,5.0,1.0,4872.669921875,-50.60187108214268
2020-10-05,4885.94677734375,4921.352188773777,4832.838660198709,4881.521100914996,58291000,0.0,6.0,1.0,4885.94677734375,13.069407828344085
2020-10-06,5045.27197265625,5058.54900416324,4956.758429276316,4983.312492290296,141955500,0.3333333333333333,6.0,1.0,5045.27197265625,155.49241145729138
2020-10-07,5093.95361328125,5093.95361328125,4939.054936943418,4956.757642810599,89937500,0.0,4.0,1.0,5093.95361328125,66.35410363229585
2020-10-08,5116.08203125,5133.784737240484,5054.122560283305,5124.933384245242,77384500,0.25,4.0,1.0,5116.08203125,38.4704102677324
2020-10-09,5111.65673828125,5111.65673828125,5062.974293154762,5089.528354132846,54250500,-0.3333333333333333,3.0,1.0,5111.65673828125,2.60433983519124
2020-10-12,5182.466796875,5200.169501561166,5160.338416017293,5169.189768360376,82918500,0.4,5.0,1.0,5182.466796875,71.63556948699716
2020-10-13,5182.466796875,5186.892473046541,5107.230301958796,5169.189768360376,48250500,0.0,2.0,1.0,5182.466796875,6.808696100304587
2020-10-14,5222.2978515625,5222.2978515625,5142.635680945445,5169.189737817796,83117500,0.0,1.0,1.0,5222.2978515625,43.3732460838246
2020-10-15,5120.50830078125,5204.596163974719,5098.379915730337,5200.170486964536,82067000,-0.5,2.0,1.0,5120.50830078125,-98.12780455053236
2020-10-16,5098.37939453125,5124.933453877767,5071.825335184733,5120.507777320014,89051500,-1.0,2.0,1.0,5098.37939453125,-33.190612421618425
2020-10-19,5222.2978515625,5222.2978515625,5054.122158037606,5089.527567200741,56871500,0.0,5.0,1.0,5222.2978515625,111.3142592890772
2020-10-20,5138.21044921875,5204.595597141473,5120.507743106024,5204.595597141473,74995500,-0.3333333333333333,3.0,1.0,5138.21044921875,-74.84969513891156
2020-10-21,5116.08203125,5191.318531709559,5071.825266273789,5186.892855211938,77944000,-0.5,2.0,1.0,5116.08203125,-25.84671306376549
2020-10-22,5133.7841796875,5133.7841796875,5049.696335365033,5080.676067483836,96872500,-0.25,4.0,1.0,5133.7841796875,7.537375586691269
2020-10-23,5107.23046875,5169.189937175043,5089.527763485702,5169.189937175043,66328000,0.0,3.0,1.0,5107.23046875,-29.409950093405318
2020-10-26,5147.0615234375,5164.764228591197,5067.399350245862,5067.399350245862,70452500,0.0,6.0,1.0,5147.0615234375,34.716547529601485
2020-10-27,5124.93310546875,5160.338515523802,5093.95337167058,5147.061486753158,89482000,-0.2857142857142857,7.0,1.0,5124.93310546875,-21.926373977728872
2020-11-02,5151.4873046875,5155.912981066097,5062.97377711555,5098.379188144329,151006500,-0.5,4.0,1.0,5151.4873046875,24.155641428460516
2020-11-03,5213.4462890625,5217.871965029446,5164.763853426092,5169.189529393039,78152000,0.3333333333333333,3.0,1.0,5213.4462890625,61.37853142227141
2020-11-04,5151.4873046875,5257.70353777384,5120.507570037317,5222.29812674506,78626000,0.0,4.0,1.0,5151.4873046875,-54.95983100035028
2020-11-05,5443.5810546875,5470.135108612805,5222.297271976626,5222.297271976626,161090000,-0.25,4.0,1.0,5443.5810546875,287.4641587219039
2020-11-06,5576.3525390625,5576.3525390625,5363.920061383928,5452.43359375,137303500,0.0,2.0,1.0,5576.3525390625,161.91824027751863
2020-11-09,5563.07470703125,5664.865254574383,5501.115243309343,5576.351734971659,82739500,-0.5,4.0,1.0,5563.07470703125,23.432841589671625
2020-11-10,5735.67626953125,5841.892496744791,5647.162746853298,5660.439775254991,191073500,0.1,10.0,1.0,5735.67626953125,184.16707686962675
2020-11-11,5788.78466796875,5810.91304972704,5735.676551748853,5788.78466796875,131383500,0.0,4.0,1.0,5788.78466796875,74.94719355657617
2020-11-12,5682.56787109375,5748.953009774751,5669.290843357549,5673.716519269616,83082500,-0.6,5.0,1.0,5682.56787109375,-86.9248151345655
2020-11-13,5656.013671875,5709.12178147007,5594.054210680752,5682.567726672535,82374500,-0.4,5.0,1.0,5656.013671875,-34.15654610452657
2020-11-16,5735.67626953125,5740.101945665147,5651.588422987196,5740.101945665147,54905000,0.0,3.0,1.0,5735.67626953125,67.68676588328526
2020-11-17,5797.6357421875,5810.912770604724,5744.527628518607,5753.378980796756,119784000,0.3333333333333333,3.0,1.0,5797.6357421875,65.84320216169453
2020-11-18,5815.337890625,5819.763566340848,5788.783836329909,5797.635187761605,99789000,-0.25,4.0,1.0,5815.337890625,28.139328910758195
2020-11-19,5855.16943359375,5877.297813917234,5766.655912299816,5771.081588364513,147346500,-0.2,5.0,1.0,5855.16943359375,45.57456644994
2020-11-20,5841.89306640625,5886.149832060843,5797.636300751657,5877.298478929924,68468500,0.0,2.0,1.0,5841.89306640625,-7.928309467656618
2020-11-23,5841.89306640625,5850.744419537169,5797.636300751657,5841.89306640625,75265500,0.1428571428571428,7.0,1.0,5841.89306640625,0.0211921930886092
2020-11-24,5810.912109375,5841.891838823305,5793.209406833111,5841.891838823305,72349500,0.3333333333333333,3.0,1.0,5810.912109375,-33.55616316008127
2020-11-25,5673.71630859375,5828.614959764406,5647.162254107352,5824.189284016673,170140500,-0.25,4.0,1.0,5673.71630859375,-143.31317443041917
2020-11-26,5735.67626953125,5744.527621799045,5576.351928710938,5620.608690049913,64339000,0.0,5.0,1.0,5735.67626953125,40.3005383026466
2020-11-27,5651.58837890625,5744.527576993197,5647.162702806871,5735.67622479444,87361500,0.25,4.0,1.0,5651.58837890625,-90.78828702950976
2020-11-30,5492.26416015625,5664.86553182917,5430.304693401868,5651.588503238946,393091500,-0.1,10.0,1.0,5492.26416015625,-169.70049839380044
2020-12-01,5660.4404296875,5695.845842852082,5505.541747092455,5505.541747092455,114563500,-0.25,4.0,1.0,5660.4404296875,139.50905648799016
2020-12-02,5709.1220703125,5740.101802476986,5611.757197795542,5717.973422359496,93897500,0.25,4.0,1.0,5709.1220703125,52.25408013788365
2020-12-03,5717.97412109375,5775.507916429832,5686.994385143551,5753.379533608262,98210000,-0.4,5.0,1.0,5717.97412109375,22.42087473761876
2020-12-04,5656.013671875,5722.398808868838,5629.459617077465,5717.973133069249,64995500,0.3333333333333333,3.0,1.0,5656.013671875,-57.81503432688896
2020-12-07,5771.08154296875,5824.189655327358,5735.676134729678,5753.378838849214,96636000,0.3333333333333333,6.0,1.0,5771.08154296875,107.49972883789906
2020-12-08,5744.52783203125,5771.081889806433,5686.99404018502,5771.081889806433,70561500,0.0,4.0,1.0,5744.52783203125,-19.417091246359632
2020-12-10,5837.39306640625,5859.588477305133,5806.319491147814,5850.71031294558,151420500,0.1818181818181818,11.0,1.0,5837.39306640625,95.6141435931695
2020-12-11,5979.4443359375,6019.396079830178,5855.150021604723,5859.589104259466,214160000,-0.4285714285714285,7.0,1.0,5979.4443359375,150.30191912266673
2020-12-14,6054.90869140625,6063.786856642916,6032.713278314585,6037.152360932918,179785500,-0.4,5.0,1.0,6054.90869140625,98.00027592560582
2020-12-15,6028.27392578125,6125.933739011874,5864.027876257018,6063.78658513784,164024500,-0.3333333333333333,6.0,1.0,6028.27392578125,-6.8011626565512415
2020-12-16,6170.32470703125,6170.32470703125,6072.66489152428,6090.421221616456,138674000,-0.3333333333333333,6.0,1.0,6170.32470703125,145.69720981742103
2020-12-17,6157.00732421875,6214.715395750721,6054.908428431417,6183.641818771967,91920000,0.5,4.0,1.0,6157.00732421875,1.845190792271751
2020-12-18,6037.15234375,6157.00757410386,5997.200600298714,6157.00757410386,147238500,-0.5,2.0,1.0,6037.15234375,-111.98630225022772
2020-12-21,6063.7861328125,6117.055117873811,6037.151640281845,6117.055117873811,93692500,0.3333333333333333,6.0,1.0,6063.7861328125,11.12837331724586
2020-12-22,5961.68798828125,6054.908723764427,5957.248905639194,5983.88340149153,61790500,-0.4,5.0,1.0,5961.68798828125,-110.2509879774043
2020-12-23,5970.56591796875,6130.372886776835,5877.345186164033,6130.372886776835,76948000,0.0,4.0,1.0,5970.56591796875,-5.799352006248228
2020-12-28,6019.396484375,6054.909147999631,5912.858493501106,6028.274650281158,60234000,-0.25,4.0,1.0,6019.396484375,38.74076087190497
2020-12-29,6006.0791015625,6046.030847249169,5983.883687292128,6014.957267270648,34212500,-0.3333333333333333,3.0,1.0,6006.0791015625,-11.05629094973392
2020-12-30,6010.517578125,6037.152072562777,5948.370424436854,6037.152072562777,52675500,0.5,2.0,1.0,6010.517578125,3.625667346582304
2021-01-04,6068.2255859375,6085.981915376966,5966.12669166057,6037.152009418434,47937000,-0.2,5.0,1.0,6068.2255859375,55.36168755228027
2021-01-05,6294.619140625,6294.619140625,6081.543175357016,6090.421340576516,104831000,0.0,5.0,1.0,6294.619140625,231.29705428257512
2021-01-06,6165.8857421875,6281.301889989426,6108.177668286537,6259.106476950594,89753500,0.0,2.0,1.0,6165.8857421875,-99.05558950764588
2021-01-07,6183.64208984375,6259.106494385992,6134.812181022299,6214.715668184674,71360000,0.3333333333333333,3.0,1.0,6183.64208984375,19.08719750492037
2021-01-08,6259.10595703125,6285.740450465426,6192.519723445812,6245.788710314163,75033500,1.0,1.0,1.0,6259.10595703125,69.13645776262547
2021-01-11,6521.01220703125,6534.329454560926,6343.448906635573,6347.887989145464,169034500,-0.0909090909090909,11.0,1.0,6521.01220703125,269.5087580818736
2021-01-12,6356.76708984375,6552.086749028894,6356.76708984375,6521.013166885802,95235000,0.0,1.0,1.0,6356.76708984375,-129.01763797097192
2021-01-13,6321.25341796875,6458.864974118351,6276.862593404362,6432.230479379718,76581500,0.5,2.0,1.0,6321.25341796875,-35.272901481151166
2021-01-14,6232.47119140625,6294.618340038506,6210.275781180444,6259.105683677217,89319500,0.0,4.0,1.0,6232.47119140625,-103.69440318177658
2021-01-15,6174.76416015625,6303.497561050952,6072.665255998382,6299.05847826148,89853500,0.0,3.0,1.0,6174.76416015625,-74.67703511902073
2021-01-18,6321.25341796875,6325.692500425189,6077.10388286462,6174.763696906271,86343000,-0.2,5.0,1.0,6321.25341796875,128.48453784822232
2021-01-19,6299.0576171875,6321.253028100775,6219.154137899709,6321.253028100775,73777000,-0.75,4.0,1.0,6299.0576171875,-13.63688766677933
2021-01-20,6299.0576171875,6476.620904493701,6276.862206274224,6361.204767744671,107216000,-0.2,5.0,1.0,6299.0576171875,4.846137240362623
2021-01-21,6281.30126953125,6481.059967148852,6267.984023023409,6463.303638471732,66428000,-0.3333333333333333,3.0,1.0,6281.30126953125,-20.126410742112057
2021-01-22,6285.74072265625,6356.76604155632,6281.301640224995,6281.301640224995,80829000,0.0,6.0,1.0,6285.74072265625,0.2714634402600495
2021-01-25,6245.78857421875,6392.278284914712,6214.714999222637,6392.278284914712,76836500,-0.25,4.0,1.0,6245.78857421875,-43.30871034176471
2021-01-26,6054.90869140625,6214.715665666239,6054.90869140625,6174.763922101241,98658000,-0.25,4.0,1.0,6054.90869140625,-198.1630694178648
2021-01-27,6028.27392578125,6152.568233529317,5952.809524648495,6054.908420298692,97920000,-0.25,4.0,1.0,6028.27392578125,-55.5935373250104
2021-01-28,6125.93408203125,6148.129495371943,6028.274263332201,6028.274263332201,104627000,-0.6666666666666666,3.0,1.0,6125.93408203125,75.68300744878161
2021-01-29,6001.63916015625,6214.715106670673,6001.63916015625,6125.933462289663,132762500,-0.5,4.0,1.0,6001.63916015625,-120.86815779493008
2021-02-01,6054.90869140625,6143.690343772911,5855.149973581264,6001.639699986254,113129000,0.0,4.0,1.0,6054.90869140625,41.60062029334222
2021-02-02,6037.15234375,6196.959317555147,6037.15234375,6183.642069738052,86741000,0.0,3.0,1.0,6037.15234375,-22.80555035476209
2021-02-03,6059.34814453125,6214.716045673077,6059.34814453125,6214.716045673077,67291000,-0.1666666666666666,6.0,1.0,6059.34814453125,20.148733587637253
2021-02-04,6085.982421875,6214.715821024799,6068.226090957786,6143.690497355944,80950500,0.0,3.0,1.0,6085.982421875,25.50949576562016
2021-02-05,6139.25146484375,6170.325044203046,6085.982471656385,6099.299719953226,51602000,0.0,2.0,1.0,6139.25146484375,55.65255206137681
2021-02-08,6143.6904296875,6263.545662058572,6108.17776824422,6259.106579378162,45604000,0.0,10.0,1.0,6143.6904296875,10.833950336121234
2021-02-09,6196.958984375,6241.349808045308,6174.763572539846,6214.715313843123,75574000,-0.125,8.0,1.0,6196.958984375,56.23523521582592
2021-02-10,6143.6904296875,6259.106579378162,6125.93409896586,6259.106579378162,44984500,0.0,3.0,1.0,6143.6904296875,-47.77947803751522
2021-02-11,6108.17724609375,6201.397974413495,6072.664587686229,6201.397974413495,36926000,0.3333333333333333,3.0,1.0,6108.17724609375,-39.61443009553204
2021-02-15,6037.15234375,6117.055830652574,5966.127022058824,6063.786839384191,83922000,-0.2,5.0,1.0,6037.15234375,-81.0576309405069
2021-02-16,6161.44580078125,6165.884882770285,6063.785997022469,6108.176816912825,47221000,-0.1666666666666666,6.0,1.0,6161.44580078125,109.77919411246694
2021-02-17,6125.93408203125,6179.203074048913,6081.543255349864,6117.055916694972,66011500,-0.2222222222222222,9.0,1.0,6125.93408203125,-29.64535700860597
2021-02-18,5979.4443359375,6125.934063543987,5979.4443359375,6081.543236996567,91204000,-0.0833333333333333,12.0,1.0,5979.4443359375,-144.82930025216046
2021-02-19,6059.34814453125,6081.543558980083,6001.640066964286,6019.396398523351,70487500,-0.4285714285714285,7.0,1.0,6059.34814453125,58.32079776014143
2021-02-22,6028.27392578125,6161.446398368465,6028.27392578125,6125.933739011874,68913000,-0.25,4.0,1.0,6028.27392578125,-35.69060111667113
2021-02-23,6059.34814453125,6077.104476090316,6014.957315633585,6054.909061641483,58360000,-0.125,8.0,1.0,6059.34814453125,28.57749190750019
2021-02-24,5970.56591796875,6068.225732240358,5970.56591796875,6059.347567306575,71869000,-0.3333333333333333,6.0,1.0,5970.56591796875,-89.74245893660373
2021-02-25,5952.8095703125,6010.517642209638,5930.61415804437,5983.883147487883,78688000,0.1111111111111111,9.0,1.0,5952.8095703125,-28.785912557440497
2021-02-26,5957.24951171875,6046.031173592353,5899.541431500908,5952.81042862507,173631500,0.25,4.0,1.0,5957.24951171875,-7.072212288528135
2021-03-01,6254.6669921875,6254.6669921875,6037.151958392477,6063.786452326562,205539000,0.0,8.0,1.0,6254.6669921875,292.5942893727797
2021-03-02,6228.033203125,6356.766605042766,6214.715954650749,6321.253942444761,81446500,0.25,4.0,1.0,6228.033203125,6.3215739030665645
2021-03-03,6214.71533203125,6290.17973249163,6214.71533203125,6272.423402971541,84470000,-0.4,5.0,1.0,6214.71533203125,4.8685533061980095
2021-03-04,5966.126953125,6214.715576171875,5966.126953125,6130.373007638114,120802500,0.2,5.0,1.0,5966.126953125,-249.6276246813368
2021-03-05,6037.15234375,6148.129408892463,5966.127022058824,5966.127022058824,111871500,-0.75,4.0,1.0,6037.15234375,39.032565671361226
2021-03-08,5966.126953125,6170.32475062779,5966.126953125,6170.32475062779,90883000,0.1428571428571428,7.0,1.0,5966.126953125,-84.95402609611119
2021-03-09,5864.02783203125,5961.687644525337,5859.588749645155,5948.370397367052,135582000,-0.3333333333333333,6.0,1.0,5864.02783203125,-111.85238920113898
2021-03-10,5952.8095703125,5966.126817673378,5877.345168600858,5966.126817673378,50302000,0.1111111111111111,9.0,1.0,5952.8095703125,67.51666347893843
2021-03-12,6006.0791015625,6108.178007206208,5961.688273021758,6103.738924352134,74328000,-0.75,4.0,1.0,6006.0791015625,51.96250815456369
2021-03-15,5917.29638671875,6054.90793059593,5917.29638671875,6050.468848535375,57416000,0.0,6.0,1.0,5917.29638671875,-80.03984562093774
2021-03-16,5881.78369140625,5957.2480859375,5877.344609375,5957.2480859375,70755500,-0.5,2.0,1.0,5881.78369140625,-43.80973448036093
2021-03-17,5868.46728515625,5917.29719448811,5864.028202489717,5903.979946488512,71474500,-1.0,5.0,1.0,5868.46728515625,-26.00451012726353
2021-03-18,5952.8095703125,5966.126817673378,5868.467003693606,5877.345168600858,70067500,0.0,2.0,1.0,5952.8095703125,76.22387746987806
2021-03-19,6001.63916015625,6010.517324594351,5881.783940241887,6010.517324594351,125853000,0.0,6.0,1.0,6001.63916015625,54.29088063426116
2021-03-22,5877.34521484375,5930.614204706382,5868.467049866645,5895.101544797961,67523500,-0.125,8.0,1.0,5877.34521484375,-114.6893623031092
2021-03-23,5828.5146484375,5966.126190022848,5819.636484464252,5966.126190022848,127762500,-0.4285714285714285,7.0,1.0,5828.5146484375,-61.17381719859077
2021-03-24,5717.5380859375,5815.197897964383,5699.781756478066,5784.124321410374,152050000,-0.2,5.0,1.0,5717.5380859375,-128.0756977053834
2021-03-25,5655.3916015625,5717.53876201923,5619.878938444368,5682.026098901099,119101500,-0.6,5.0,1.0,5655.3916015625,-83.79617554652759
2021-03-26,5695.34326171875,5721.97775865586,5593.24435679316,5655.391516313085,134467500,-0.4285714285714285,7.0,1.0,5695.34326171875,19.218863257483463
2021-03-29,5646.51318359375,5784.124747030391,5646.51318359375,5690.904010508795,113370500,-0.2727272727272727,11.0,1.0,5646.51318359375,-54.12611359992116
2021-03-30,5677.5869140625,5730.85590778318,5655.391500012216,5655.391500012216,83115500,-0.2857142857142857,7.0,1.0,5677.5869140625,23.73978666023595
2021-03-31,5517.77880859375,5677.585757193408,5455.631661916105,5673.146675287862,223390500,-0.3636363636363636,11.0,1.0,5517.77880859375,-162.58165250887214
2021-04-01,5526.6572265625,5566.608965549699,5464.510077026857,5517.779062343123,112286000,0.0,12.0,1.0,5526.6572265625,-11.30459475729822
2021-04-05,5464.51123046875,5584.366472729234,5464.51123046875,5548.853808355758,73311500,-0.2222222222222222,9.0,1.0,5464.51123046875,-76.38554427899726
2021-04-06,5473.388671875,5477.827754333941,5397.924270072992,5446.75417712135,80215000,0.0,5.0,1.0,5473.388671875,-3.186518789832917
2021-04-07,5548.853515625,5571.048929687499,5446.7546109375,5464.510942187499,107908000,-0.0833333333333333,12.0,1.0,5548.853515625,67.94535052436277
2021-04-08,5523.10546875,5595.126403957825,5514.102851849022,5581.622478606358,123697500,0.1666666666666666,12.0,1.0,5523.10546875,-19.77212077173044
2021-04-09,5581.62255859375,5689.653962953629,5532.108164928805,5685.152654438633,116961000,-0.1818181818181818,11.0,1.0,5581.62255859375,58.59087883049233
2021-04-12,5460.0869140625,5667.147093820848,5455.585605806884,5667.147093820848,110411500,-0.1666666666666666,6.0,1.0,5460.0869140625,-117.79757842090568
2021-04-13,5401.5703125,5455.586015625,5383.565078125001,5446.5833984375,119211500,-0.125,8.0,1.0,5401.5703125,-70.95057860375618
2021-04-14,5676.14990234375,5676.14990234375,5455.585790357356,5496.097566028326,135519500,-0.2857142857142857,7.0,1.0,5676.14990234375,256.0882213634668
2021-04-15,5653.6435546875,5680.651406063395,5563.617383434515,5676.150097500747,102686500,0.0,7.0,1.0,5653.6435546875,1.7720957565006756
2021-04-16,5649.142578125,5734.667445841634,5595.126872198705,5734.667445841634,79293500,-0.3333333333333333,3.0,1.0,5649.142578125,10.704607668554672
2021-04-19,5644.640625,5653.643241626794,5608.630158492823,5649.141933313397,47095000,-0.25,4.0,1.0,5644.640625,-5.1363317165023545
2021-04-20,5613.1318359375,5626.635761765738,5568.118749843375,5581.622675671612,72721000,0.0,3.0,1.0,5613.1318359375,-33.46943584689052
2021-04-21,5550.11376953125,5604.129475317442,5550.11376953125,5581.622931239863,68397000,-0.4,5.0,1.0,5550.11376953125,-69.46812265520475
2021-04-22,5595.12646484375,5649.142166837415,5563.617305347446,5581.622539345334,63758000,-0.1428571428571428,7.0,1.0,5595.12646484375,32.31253259915047
2021-04-23,5752.67236328125,5757.173671859718,5604.129180191828,5653.643574554969,108498500,0.2,5.0,1.0,5752.67236328125,154.79086485465268
2021-04-26,5658.14501953125,5761.675119331742,5653.643710844271,5757.173810644764,108742000,-0.5,2.0,1.0,5658.14501953125,-75.65944249506992
2021-04-27,5766.17578125,5793.183630342506,5721.162699429157,5734.66662397541,132650000,-0.2222222222222222,9.0,1.0,5766.17578125,107.10735864728848
2021-04-28,5689.65380859375,5766.176051272621,5685.152500200875,5761.674742879747,87660000,-0.3333333333333333,3.0,1.0,5689.65380859375,-70.62035026410467
2021-04-29,5770.67724609375,5815.690329136602,5725.664163050897,5815.690329136602,57355000,0.1666666666666666,6.0,1.0,5770.67724609375,77.53799712617001
2021-04-30,5766.17578125,5806.687554888759,5743.669240339578,5806.687554888759,65829500,0.0,1.0,1.0,5766.17578125,-1.8497207505597544
2021-05-03,5752.67236328125,5833.695917693662,5712.160586075044,5833.695917693662,42065500,0.0,3.0,1.0,5752.67236328125,-10.618267100389858
2021-05-04,5761.67578125,5788.68363647461,5707.660070800781,5716.662689208984,50123500,-0.5,2.0,1.0,5761.67578125,5.542698235149146
2021-05-05,5784.18115234375,5788.682460633511,5761.674610894941,5779.679844053988,51685000,0.2,5.0,1.0,5784.18115234375,20.420632519344508
2021-05-06,5784.18115234375,5806.687693792558,5761.674610894941,5761.674610894941,38115500,-0.5,4.0,1.0,5784.18115234375,0.7945678526984921
2021-05-07,5761.67578125,5815.691491699218,5748.171853637695,5815.691491699218,48864000,0.3333333333333333,3.0,1.0,5761.67578125,-23.100379116897784
2021-05-10,5779.6796875,5779.6796875,5757.173146660825,5761.674454828661,68180500,0.0,4.0,1.0,5779.6796875,13.205727612774352
2021-05-11,5833.69580078125,5833.69580078125,5676.150003692251,5761.674864969136,70680000,-0.3333333333333333,3.0,1.0,5833.69580078125,52.029894420486926
2021-05-17,5851.70068359375,5851.70068359375,5739.167978140023,5851.70068359375,129058500,-0.2857142857142857,7.0,1.0,5851.70068359375,23.14190022524781
2021-05-18,5752.67236328125,5811.189374801325,5730.165820388914,5761.674980438184,73563000,-0.2,10.0,1.0,5752.67236328125,-94.81040129440498
2021-05-19,5712.16064453125,5761.675039401103,5703.158027282186,5743.669804902975,64912500,-0.4,5.0,1.0,5712.16064453125,-52.51745784513514
2021-05-20,5743.66943359375,5793.183825262661,5716.661583592525,5752.672050260825,64950000,-0.5,8.0,1.0,5743.66943359375,16.78202041469649
2021-05-21,5725.66455078125,5806.688105745136,5635.638378599155,5806.688105745136,92620000,-0.75,4.0,1.0,5725.66455078125,-21.514992867203546
2021-05-24,5694.15478515625,5743.669174592391,5662.645628242341,5721.1626339396,59210000,-0.1666666666666666,6.0,1.0,5694.15478515625,-35.051865105001525
2021-05-25,5721.16357421875,5797.685825014752,5671.649176644866,5671.649176644866,87470000,0.3333333333333333,3.0,1.0,5721.16357421875,19.27697992043068
2021-05-27,5644.640625,5833.69557416268,5644.640625,5797.685107655502,537971500,0.2,5.0,1.0,5644.640625,-78.56833697178172
2021-05-28,5707.6591796875,5734.667030695485,5698.656562684838,5698.656562684838,102108500,0.0909090909090909,11.0,1.0,5707.6591796875,52.72493261140244
2021-05-31,5739.16845703125,5752.6723828125,5694.155371093751,5725.66453125,101442000,0.3333333333333333,9.0,1.0,5739.16845703125,30.623628254675168
2021-06-02,5820.19189453125,5865.204979562428,5779.680118003191,5851.701054053075,141732500,0.3333333333333333,12.0,1.0,5820.19189453125,86.19474342441208
2021-06-03,5941.7275390625,5941.7275390625,5788.683041844223,5847.200055486505,133810500,-0.2,5.0,1.0,5941.7275390625,131.97408881815682
2021-06-04,5923.72119140625,5959.731654575893,5851.700265066965,5959.731654575893,62108500,-0.5,4.0,1.0,5923.72119140625,1.680582093375051
2021-06-07,5878.70849609375,5914.718961613466,5788.682332294458,5905.716345233537,62576000,-0.3333333333333333,6.0,1.0,5878.70849609375,-38.077155462671726
2021-06-08,5788.68310546875,5919.221060413224,5788.68310546875,5919.221060413224,64348000,0.0,4.0,1.0,5788.68310546875,-96.58049981929344
2021-06-09,5878.70849609375,5883.209804283714,5725.664017634954,5725.664017634954,77198000,-0.4,5.0,1.0,5878.70849609375,73.73132201915269
2021-06-10,5959.73291015625,5959.73291015625,5842.698880198499,5901.215895177374,73262500,0.25,4.0,1.0,5959.73291015625,81.48713951792251
2021-06-11,5824.69287109375,5923.721652518837,5815.69025460056,5914.719036025647,72780500,-0.25,4.0,1.0,5824.69287109375,-122.30385461311288
2021-06-14,5770.67724609375,5869.706028788027,5761.674629485179,5869.706028788027,61478500,0.0,4.0,1.0,5770.67724609375,-65.47238446170377
2021-06-15,5824.69287109375,5824.69287109375,5766.175863888017,5802.186329860776,87799000,-0.2,5.0,1.0,5824.69287109375,35.88860903101795
2021-06-16,5748.171875,5793.184967208301,5725.66532889585,5779.681039545811,48984000,-0.5,4.0,1.0,5748.171875,-78.57655213131329
2021-06-17,5698.6572265625,5752.672934871149,5649.142827279571,5752.672934871149,68448500,-0.5,4.0,1.0,5698.6572265625,-58.70387600911636
2021-06-18,5694.15478515625,5712.160017678483,5653.643011981225,5671.648244503458,118043000,-0.5,2.0,1.0,5694.15478515625,-18.899042624418144
2021-06-21,5626.6357421875,5671.648828125,5590.6252734375,5671.648828125,60823500,-0.6,5.0,1.0,5626.6357421875,-75.76703773516783
2021-06-22,5707.6591796875,5752.672264700808,5617.633009660883,5626.635626663545,65824000,-0.2,5.0,1.0,5707.6591796875,68.52911066379784
2021-06-23,5608.63037109375,5707.659157742275,5608.63037109375,5667.14738138606,52451000,-0.25,4.0,1.0,5608.63037109375,-97.8118416239895
2021-06-24,5590.62548828125,5680.651663615892,5581.622870747786,5680.651663615892,56010000,0.0,5.0,1.0,5590.62548828125,-27.354328300006276
2021-06-25,5572.6201171875,5635.638438383481,5572.6201171875,5608.630586442347,68939500,-0.2,5.0,1.0,5572.6201171875,-29.880911890696552
2021-06-28,5451.0849609375,5536.609828202415,5451.0849609375,5491.596740168249,84420500,0.0,9.0,1.0,5451.0849609375,-129.02857090877387
2021-06-29,5442.08203125,5482.593808157568,5437.580722704714,5446.583339795285,53704000,-0.4285714285714285,7.0,1.0,5442.08203125,-28.68582452738792
2021-06-30,5424.076171875,5464.58794411307,5401.569631742738,5401.569631742738,65795000,-0.125,8.0,1.0,5424.076171875,-32.12010038191056
2021-07-01,5424.076171875,5469.089252139523,5401.569631742738,5455.585328060166,58153000,0.0,8.0,1.0,5424.076171875,-7.853511468058059
2021-07-02,5491.5966796875,5527.607149718237,5437.580974641393,5464.588827164446,67392500,0.0,6.0,1.0,5491.5966796875,62.38071910914277
2021-07-05,5500.599609375,5518.604845412234,5464.589137300532,5491.596991356383,39710500,0.0,7.0,1.0,5500.599609375,13.993604572530783
2021-07-06,5451.0849609375,5500.599357775082,5451.0849609375,5500.599357775082,34279500,-0.3333333333333333,3.0,1.0,5451.0849609375,-45.71715579802276
2021-07-07,5460.0869140625,5563.617003941674,5428.577756273186,5563.617003941674,35595000,0.0,4.0,1.0,5460.0869140625,2.3398646637460843
2021-07-08,5415.0732421875,5437.579781016209,5383.564087827307,5401.569318890274,47297000,-0.2,5.0,1.0,5415.0732421875,-49.82233586199436
2021-07-09,5419.57568359375,5419.57568359375,5392.567831349927,5410.573066179142,40707500,0.0,2.0,1.0,5419.57568359375,-3.432864572433573
2021-07-12,5554.615234375,5563.617852258914,5419.575966116288,5464.589055535859,65981500,-0.4,5.0,1.0,5554.615234375,129.2577891416122
2021-07-13,5442.08203125,5559.11605342742,5415.074179978287,5554.614744882134,65946500,-0.25,8.0,1.0,5442.08203125,-99.13972221926996
2021-07-14,5392.56787109375,5428.578341017581,5383.565253612792,5419.575723536624,59321000,-0.1666666666666666,6.0,1.0,5392.56787109375,-54.98352797312509
2021-07-15,5505.1005859375,5505.1005859375,5397.069176237991,5401.57048497547,49724000,0.0,4.0,1.0,5505.1005859375,97.21885589762314
2021-07-16,5500.599609375,5554.615317486702,5451.085210272607,5554.615317486702,47998500,0.0,3.0,1.0,5500.599609375,1.5775358580622196
2021-07-19,5406.07177734375,5500.599260544598,5406.07177734375,5500.599260544598,47119000,0.2,5.0,1.0,5406.07177734375,-89.9175098234382
2021-07-21,5410.572265625,5509.601042533278,5410.572265625,5446.582729955283,55009500,0.0,4.0,1.0,5410.572265625,-8.346963850253815
2021-07-22,5541.111328125,5541.111328125,5446.583839992892,5505.100856455625,60792000,0.0,12.0,1.0,5541.111328125,121.4934209731291
2021-07-23,5433.07958984375,5572.620159259787,5424.07697246207,5563.617541878107,79938000,-0.2727272727272727,11.0,1.0,5433.07958984375,-95.90666326895187
2021-07-26,5406.07177734375,5455.586173306099,5406.07177734375,5437.5809384107,48171500,0.0,9.0,1.0,5406.07177734375,-32.601847435223135
2021-07-27,5406.07177734375,5455.586173306099,5401.5704686199,5406.07177734375,53107500,-0.3333333333333333,6.0,1.0,5406.07177734375,-12.38500997495612
2021-07-28,5383.56494140625,5410.57279228287,5374.562324447376,5406.071483803433,74133000,-0.5,6.0,1.0,5383.56494140625,-28.228112085617795
2021-07-29,5437.58056640625,5478.092342149343,5383.564865415459,5451.084491653947,84605000,-0.25,4.0,1.0,5437.58056640625,47.71871330158774
2021-07-30,5374.5615234375,5491.595526460427,5365.558907820351,5437.579832757538,105685000,0.0,7.0,1.0,5374.5615234375,-61.1618825134301
2021-08-02,5365.56005859375,5460.087542847499,5316.045662079881,5455.586234073511,119981500,0.0,12.0,1.0,5365.56005859375,-15.292003766413472
2021-08-03,5532.1083984375,5563.617559372457,5388.066519877695,5424.076989517646,110071500,0.125,8.0,1.0,5532.1083984375,158.57412405053765
2021-08-04,5509.6015625,5536.609413296568,5455.585860906863,5532.108104830474,41112000,-0.1428571428571428,7.0,1.0,5509.6015625,-6.347983031714648
2021-08-05,5671.6494140625,5680.65203218006,5527.607524181548,5554.615378534227,93768000,0.0,8.0,1.0,5671.6494140625,169.78000305293517
2021-08-06,5545.6123046875,5725.664652242289,5523.105761243151,5725.664652242289,67285000,-0.3333333333333333,3.0,1.0,5545.6123046875,-107.92441403864996
2021-08-09,5581.62255859375,5581.62255859375,5496.097696808845,5523.105547898816,52858500,-0.1111111111111111,9.0,1.0,5581.62255859375,32.17224565197375
2021-08-10,5671.6494140625,5671.6494140625,5505.100978887649,5626.636323474702,60446000,-0.2222222222222222,9.0,1.0,5671.6494140625,84.69580873389896
2021-08-12,5671.6494140625,5689.65465029762,5509.602287946429,5509.602287946429,118325500,-0.25,8.0,1.0,5671.6494140625,10.3597529175604
2021-08-13,5770.67724609375,5793.183787615177,5694.1550049209,5716.661546442327,86929000,-0.2222222222222222,9.0,1.0,5770.67724609375,103.8696481137722
2021-08-16,5779.6796875,5779.6796875,5676.149599639797,5779.6796875,69282000,-0.125,8.0,1.0,5779.6796875,20.23549170684328
2021-08-18,5941.7275390625,6085.769418797348,5815.690894294507,5869.706599195076,186354500,-0.2,5.0,1.0,5941.7275390625,169.36295923203397
2021-08-19,5941.7275390625,5941.7275390625,5878.709216678504,5941.7275390625,100926000,-0.375,8.0,1.0,5941.7275390625,19.83107888775521
2021-08-20,5941.7275390625,5941.7275390625,5860.703981711647,5941.7275390625,120163500,0.1428571428571428,7.0,1.0,5941.7275390625,11.62420680103878
2021-08-23,5932.724609375,5932.724609375,5865.204981802447,5865.204981802447,68253000,0.0,6.0,1.0,5932.724609375,-8.324107568432737
2021-08-24,5941.7275390625,5941.7275390625,5851.70136422822,5914.719686612216,59561500,-0.5,4.0,1.0,5941.7275390625,6.716967785956513
2021-08-25,5941.7275390625,5946.228847804214,5928.223612837358,5941.7275390625,80751500,0.0,6.0,1.0,5941.7275390625,-1.7897012862458723
2021-08-26,5905.716796875,5923.722031011814,5824.693243259337,5905.716796875,74337000,-0.5,4.0,1.0,5905.716796875,-37.830970395485565
2021-08-27,5860.70361328125,5878.708847116215,5842.698379446284,5842.698379446284,71572500,-0.25,4.0,1.0,5860.70361328125,-51.769367273876014
2021-08-30,5910.21826171875,5923.722187678503,5869.70648383949,5878.709101145992,74564500,0.3333333333333333,3.0,1.0,5910.21826171875,38.67017583166944
2021-08-31,5896.7138671875,5914.719100369752,5865.204709118559,5869.706017414122,115373500,-0.3333333333333333,3.0,1.0,5896.7138671875,-14.310851729956084
2021-09-01,5910.21826171875,5941.727422291508,5883.210409799243,5896.714335758997,67362500,-0.4,5.0,1.0,5910.21826171875,12.292282727789823
2021-09-02,5887.71142578125,5919.220584787725,5811.189182479811,5874.207500492761,53257000,-0.6,5.0,1.0,5887.71142578125,-24.018924151072497
2021-09-03,5941.7275390625,5941.7275390625,5865.205290453362,5905.717069128788,35764500,-0.3333333333333333,3.0,1.0,5941.7275390625,49.87165831156835
2021-09-06,5919.220703125,5946.22855424192,5896.714160527566,5941.727245722434,36780000,-0.25,4.0,1.0,5919.220703125,-20.108544686564528
2021-09-07,5914.71923828125,5946.228397084879,5914.71923828125,5937.225780283842,53902000,0.0,4.0,1.0,5914.71923828125,-5.671147128203302
2021-09-08,5797.68505859375,5937.225615128227,5779.679825492527,5896.713840650476,77888000,0.0,10.0,1.0,5797.68505859375,-121.110076255678
2021-09-09,5914.71923828125,5914.71923828125,5770.677369464659,5770.677369464659,110074000,-0.3333333333333333,6.0,1.0,5914.71923828125,99.9223729842006
2021-09-10,5869.7060546875,5910.217829604822,5847.199513066766,5847.199513066766,41483500,-0.25,4.0,1.0,5869.7060546875,-43.00714848988992
2021-09-13,5901.21484375,5905.716151792525,5874.206995494851,5905.716151792525,29929000,0.0,3.0,1.0,5901.21484375,30.89325397921129
2021-09-14,5892.21240234375,5937.225484103443,5847.199320584057,5932.724175927473,51990500,0.0,7.0,1.0,5892.21240234375,-10.168760948023191
2021-09-15,5847.19970703125,5896.714100239366,5838.19709008432,5892.212791765902,44514000,0.0,1.0,1.0,5847.19970703125,-46.24009224068868
2021-09-16,5851.70068359375,5923.721615084134,5833.695450721154,5923.721615084134,58672500,-0.1666666666666666,6.0,1.0,5851.70068359375,-3.83235691140726
2021-09-17,5869.7060546875,5883.20997965994,5833.695588094325,5842.698204742619,117540000,0.3333333333333333,3.0,1.0,5869.7060546875,12.413546087814211
2021-09-20,5928.22314453125,5932.724452917379,5860.703518739322,5914.719219372864,73157500,-0.3333333333333333,6.0,1.0,5928.22314453125,57.71697677526299
2021-09-21,5842.69921875,5883.211000698189,5824.693982328582,5860.704455171417,57115500,-0.1666666666666666,6.0,1.0,5842.69921875,-79.75008113730382
2021-09-22,5901.21484375,5923.721383962624,5851.700455282227,5851.700455282227,68722000,0.0,7.0,1.0,5901.21484375,50.63663951895524
2021-09-23,5923.72119140625,5932.72380719866,5892.212036132812,5901.214651925223,60998500,0.0,5.0,1.0,5923.72119140625,21.288862345729285
2021-09-24,5928.22314453125,5928.22314453125,5851.700901967066,5851.700901967066,60539500,0.0,4.0,1.0,5928.22314453125,8.402485307263305
2021-09-27,5923.72119140625,5937.225115094866,5901.214651925223,5928.222499302456,55052500,-0.2857142857142857,7.0,1.0,5923.72119140625,-4.1167494347646425
2021-09-28,5869.7060546875,5905.716521280675,5851.700821390913,5887.711287984088,80186000,-0.4,5.0,1.0,5869.7060546875,-56.00535277494146
2021-09-29,5923.72119140625,5923.72119140625,5865.204188755581,5869.705496651785,74079000,0.2,5.0,1.0,5923.72119140625,44.900515059636746
2021-09-30,6301.83203125,6301.83203125,5937.22603515625,5941.727343750001,156848000,-0.2,10.0,1.0,6301.83203125,377.7779164705171
2021-10-01,6085.76904296875,6211.80567995331,6040.755958331407,6211.80567995331,103954500,0.0,12.0,1.0,6085.76904296875,-169.32093822941806
2021-10-04,6265.8212890625,6265.8212890625,6067.763719580639,6067.763719580639,74719000,0.2,5.0,1.0,6265.8212890625,182.61093714709293
2021-10-05,6252.31787109375,6252.31787109375,6175.79562213148,6220.808709756345,54986500,0.0,2.0,1.0,6252.31787109375,-4.679748866171394
2021-10-06,6463.87890625,6463.87890625,6274.823952167479,6283.826569028552,174312000,0.3333333333333333,9.0,1.0,6463.87890625,221.0949408813931
2021-10-07,6445.8740234375,6459.377949464255,6373.853084628143,6459.377949464255,107263500,0.0,6.0,1.0,6445.8740234375,6.440602874972683
2021-10-08,6562.90771484375,6571.91033173654,6459.377620576668,6481.884162808642,94643500,0.0,7.0,1.0,6562.90771484375,130.47675394288308
2021-10-11,6531.39990234375,6562.909067964982,6508.893355471442,6517.895974220365,47201000,-0.3333333333333333,3.0,1.0,6531.39990234375,-17.309523918112063
2021-10-12,6589.91552734375,6589.91552734375,6522.395901038998,6531.398517879632,91067000,0.0,4.0,1.0,6589.91552734375,63.04903460850983
2021-10-13,6774.46923828125,7427.158965557516,6661.936526681893,6661.936526681893,210893300,0.1666666666666666,12.0,1.0,6774.46923828125,188.99618394678328
2021-10-14,6977.0283203125,7112.067578125,6841.989062500001,6841.989062500001,138811900,0.0,11.0,1.0,6977.0283203125,227.6195790773172
2021-10-15,6887.001953125,7089.560834099265,6706.949614481209,7022.041207107843,142378200,0.125,8.0,1.0,6887.001953125,-51.90197710651592
2021-10-18,6774.46923828125,6909.508492200477,6729.456153641508,6887.001949880606,116644300,-0.1111111111111111,9.0,1.0,6774.46923828125,-105.72934322720812
2021-10-19,6751.96240234375,6774.468943684896,6616.923154296875,6729.455861002604,134601200,-0.1111111111111111,9.0,1.0,6751.96240234375,-40.83012163627791
2021-10-21,6661.9365234375,6796.975777290963,6616.923438819679,6751.962692673143,106120100,0.2,10.0,1.0,6661.9365234375,-104.0621745261924
2021-10-22,6774.46923828125,6796.975780601121,6684.443069001764,6706.949611321636,96730700,-0.1111111111111111,9.0,1.0,6774.46923828125,95.1483247318256
2021-10-25,6774.46923828125,6774.46923828125,6661.936526681893,6661.936526681893,60329800,0.0,8.0,1.0,6774.46923828125,2.5616177500314734
2021-10-26,6774.46923828125,6841.988865240864,6751.962695961379,6841.988865240864,70103000,0.0,6.0,1.0,6774.46923828125,4.5918594350969215
2021-10-27,6706.9501953125,6819.482916710361,6684.443651032928,6819.482916710361,57067000,0.0,6.0,1.0,6706.9501953125,-68.84203646333572
2021-10-28,6639.43017578125,6684.44326171875,6616.923632812501,6616.923632812501,75271900,-0.5,6.0,1.0,6639.43017578125,-77.61155170122129
2021-10-29,6729.45654296875,6729.45654296875,6639.430368480874,6706.949999346781,60639200,-0.25,4.0,1.0,6729.45654296875,73.98503316751521
2021-11-01,6661.9365234375,6796.975777290963,6661.9365234375,6796.975777290963,38593400,-0.2,5.0,1.0,6661.9365234375,-65.76427830527518
2021-11-02,6571.9111328125,6684.443857689426,6526.898042861729,6639.430767738656,90535400,0.1666666666666666,6.0,1.0,6571.9111328125,-95.12611173567348
2021-11-03,6616.92333984375,6661.936423788266,6526.89717195472,6571.910255899235,61621500,0.0,2.0,1.0,6616.92333984375,27.0520894725978
2021-11-04,6639.43017578125,6729.456347656251,6639.43017578125,6684.44326171875,61081400,0.3333333333333333,3.0,1.0,6639.43017578125,17.40662546657404
2021-11-05,6706.9501953125,6729.456739592072,6639.430562473784,6729.456739592072,43120400,0.1666666666666666,6.0,1.0,6706.9501953125,69.38045137717745
2021-11-08,6819.482421875,6841.988964521453,6706.94970864274,6751.962793935644,85441700,-0.25,8.0,1.0,6819.482421875,120.0524875291967
2021-11-09,6909.5078125,6909.5078125,6819.481652076547,6841.988192182411,101785800,0.0,6.0,1.0,6909.5078125,107.147985932158
2021-11-10,6887.001953125,6909.508495455473,6819.482326133578,6909.508495455473,47503900,0.0,3.0,1.0,6887.001953125,-3.5760175469204114
2021-11-11,6909.5078125,6977.02743281759,6841.988192182411,6932.014352605864,55790000,0.0,5.0,1.0,6909.5078125,27.152044697672864
2021-11-12,6774.46923828125,6977.028119160091,6774.46923828125,6977.028119160091,52590100,-0.5,6.0,1.0,6774.46923828125,-134.03463134621234
2021-11-15,6751.96240234375,6864.495109049479,6751.96240234375,6864.495109049479,67344200,0.0,5.0,1.0,6751.96240234375,-39.00154634334103
2021-11-16,6729.45654296875,6729.45654296875,6594.417281236935,6661.936912102843,98616900,0.0,6.0,1.0,6729.45654296875,-38.20396956332388
2021-11-17,6842.36669921875,6842.36669921875,6706.87428933323,6774.62049427599,61968100,0.0,1.0,1.0,6842.36669921875,103.6325531776547
2021-11-18,6684.2919921875,6774.620262352196,6684.2919921875,6706.874059728674,78839600,-0.4,5.0,1.0,6684.2919921875,-150.1019881294087
2021-11-19,6706.8740234375,6729.456090856481,6661.709888599536,6706.8740234375,68203700,0.0,1.0,1.0,6706.8740234375,9.22845848482757
2021-11-22,6752.03857421875,6797.202711838942,6684.292367788462,6706.874436598558,66328300,0.0,4.0,1.0,6752.03857421875,34.245009605067935
2021-11-23,6752.03857421875,6774.620643028846,6684.292367788462,6684.292367788462,43477500,-1.0,1.0,1.0,6752.03857421875,2.7159938875174703
2021-11-24,6752.03857421875,6842.366849459135,6706.874436598558,6842.366849459135,35181400,0.0,2.0,1.0,6752.03857421875,0.557877026794813
2021-11-25,6706.8740234375,6797.202293113425,6706.8740234375,6729.456090856481,40216100,0.0,4.0,1.0,6706.8740234375,-46.966379743134894
2021-11-26,6571.3818359375,6729.456313090635,6548.799767772766,6684.292176761168,113288400,-0.3333333333333333,9.0,1.0,6571.3818359375,-143.1997965693572
2021-11-29,6684.2919921875,6706.874059728674,6481.053384316934,6571.38165448163,87907900,-0.25,4.0,1.0,6684.2919921875,90.3721219284662
2021-11-30,6571.3818359375,6706.874244925902,6571.3818359375,6616.545972266968,144923700,0.0,2.0,1.0,6571.3818359375,-113.5319803111406
2021-12-01,6593.96435546875,6729.456773731807,6571.38228575824,6571.38228575824,76538100,0.0,3.0,1.0,6593.96435546875,12.780558206495698
2021-12-02,6774.6201171875,6774.6201171875,6593.963580729166,6661.709781901041,66831000,-0.75,4.0,1.0,6774.6201171875,172.6003863570404
2021-12-03,6661.71044921875,6797.202865135063,6639.128379899364,6797.202865135063,63283700,-0.3333333333333333,3.0,1.0,6661.71044921875,-93.18213580566136
2021-12-06,6639.12841796875,6752.038765213117,6639.12841796875,6729.456695764243,56944100,0.2,5.0,1.0,6639.12841796875,-24.44490566699642
2021-12-07,6639.12841796875,6752.038765213117,6639.12841796875,6729.456695764243,51258200,0.5,2.0,1.0,6639.12841796875,-11.214706785566705
2021-12-08,6706.8740234375,6752.038158275463,6684.291956018518,6729.456090856481,74775000,0.0,5.0,1.0,6706.8740234375,62.70901385255456
2021-12-09,6639.12841796875,6729.456695764243,6639.12841796875,6684.292556866497,54886400,0.1666666666666666,6.0,1.0,6639.12841796875,-62.9387904538944
2021-12-10,6661.71044921875,6661.71044921875,6571.382171941207,6616.546310579978,91092400,0.1428571428571428,7.0,1.0,6661.71044921875,17.073549837979044
2021-12-13,6593.96435546875,6684.292634310787,6593.96435546875,6661.710564600278,59977100,0.25,4.0,1.0,6593.96435546875,-71.9143253203747
2021-12-14,6593.96435546875,6661.710564600278,6571.38228575824,6593.96435546875,49763600,0.1666666666666666,6.0,1.0,6593.96435546875,-9.633466558872897
2021-12-15,6593.96435546875,6661.710564600278,6571.38228575824,6593.96435546875,52477600,0.3333333333333333,3.0,1.0,6593.96435546875,-8.00363699900663
2021-12-16,6571.3818359375,6684.292176761168,6571.3818359375,6661.710108596434,95171400,0.0,3.0,1.0,6571.3818359375,-26.244178457279304
2021-12-17,6774.6201171875,6774.6201171875,6593.963580729166,6616.545647786458,107096800,0.0,5.0,1.0,6774.6201171875,197.4734659688065
2021-12-20,6661.71044921875,6684.292518538135,6616.546310579978,6639.128379899364,74753000,-0.5,6.0,1.0,6661.71044921875,-92.76318019620794
2021-12-21,6661.71044921875,6684.292518538135,6616.546310579978,6616.546310579978,52386100,0.3333333333333333,3.0,1.0,6661.71044921875,-0.1569435921510376
2021-12-22,6616.5458984375,6706.874170088524,6616.5458984375,6706.874170088524,33232000,-0.3333333333333333,3.0,1.0,6616.5458984375,-53.40653710973402
2021-12-23,6593.96435546875,6639.128494889768,6593.96435546875,6616.546425179259,37136400,0.2,5.0,1.0,6593.96435546875,-31.11756804264496
2021-12-24,6593.96435546875,6639.128494889768,6593.96435546875,6593.96435546875,30802100,0.0,6.0,1.0,6593.96435546875,-9.376952199458174
2021-12-27,6639.12841796875,6639.12841796875,6593.964279071003,6593.964279071003,20722100,0.0,2.0,1.0,6639.12841796875,39.90627290968587
2021-12-28,6639.12841796875,6684.292556866497,6616.546348519876,6661.710487417623,39343800,0.0,7.0,1.0,6639.12841796875,2.1643417853056235
2021-12-29,6593.96435546875,6661.710564600278,6593.96435546875,6639.128494889768,42079500,-0.2,5.0,1.0,6593.96435546875,-44.29635317610792
2021-12-30,6593.96435546875,6639.128494889768,6593.96435546875,6639.128494889768,49954700,-0.25,4.0,1.0,6593.96435546875,-7.276977169129168
2022-01-03,6616.5458984375,6684.292102175768,6593.963830524744,6616.5458984375,54287400,0.0,3.0,1.0,6616.5458984375,16.701410763832428
2022-01-04,6684.2919921875,6729.456127269848,6616.545789563978,6616.545789563978,70624000,-0.1666666666666666,6.0,1.0,6684.2919921875,67.23665530943799
2022-01-05,6729.45654296875,6797.202749777161,6661.710336160339,6729.45654296875,76164900,-0.3333333333333333,6.0,1.0,6729.45654296875,52.37795574303891
2022-01-06,6752.03857421875,6797.202711838942,6706.874436598558,6774.620643028846,63657100,-0.3333333333333333,6.0,1.0,6752.03857421875,31.35663960125476
2022-01-07,6910.11279296875,6955.276928870507,6774.620385263481,6819.784521165237,143433300,0.0,4.0,1.0,6910.11279296875,163.3113111365019
2022-01-10,6864.9482421875,6910.112375359787,6819.784109015214,6842.366175601357,45351900,-0.6666666666666666,6.0,1.0,6864.9482421875,-25.3271793842132
2022-01-11,6955.27685546875,6955.27685546875,6887.530652331067,6910.112720043629,110334600,-0.4,5.0,1.0,6955.27685546875,96.07482218866244
2022-01-12,6955.27685546875,6955.27685546875,6910.112720043629,6955.27685546875,62606000,-0.25,4.0,1.0,6955.27685546875,7.913229437445807
2022-01-13,6955.27685546875,7000.440990893871,6910.112720043629,6955.27685546875,50025200,0.6666666666666666,3.0,1.0,6955.27685546875,5.302378223017513
2022-01-14,7090.76904296875,7090.76904296875,6910.112506842158,6955.276640873806,65898700,0.0,4.0,1.0,7090.76904296875,134.6114554969181
2022-01-17,7000.44091796875,7135.933322832661,6955.276783014113,7135.933322832661,63902600,0.0,4.0,1.0,7000.44091796875,-75.70425746486308
2022-01-18,6932.6943359375,7023.022600900856,6819.784004733307,7023.022600900856,71476300,-0.2222222222222222,9.0,1.0,6932.6943359375,-70.01822078037821
2022-01-19,6932.6943359375,6977.858468419178,6842.366070974145,6910.112269696661,60389700,-0.5,2.0,1.0,6932.6943359375,-15.577299633409892
2022-01-20,7023.0234375,7023.0234375,6887.531023914791,6977.859299638264,59925500,0.3333333333333333,3.0,1.0,7023.0234375,81.73096562938281
2022-01-21,7181.09716796875,7181.09716796875,6955.276502309355,7023.022702007173,63370500,-0.5,4.0,1.0,7181.09716796875,164.89659872279844
2022-01-24,7045.60498046875,7090.769114958934,7023.022913223657,7068.187047713842,40278300,-0.25,4.0,1.0,7045.60498046875,-112.11053711839486
2022-01-25,7023.0234375,7023.0234375,6887.531023914791,6932.695161776528,106796900,-0.5,4.0,1.0,7023.0234375,-27.25206320059351
2022-01-26,6955.27685546875,7000.440990893871,6910.112720043629,6955.27685546875,53350200,0.5,2.0,1.0,6955.27685546875,-80.56120411256506
2022-01-27,7045.60498046875,7045.60498046875,6887.530509753105,6887.530509753105,71945100,-0.1666666666666666,6.0,1.0,7045.60498046875,76.69668349227504
2022-01-28,7023.0234375,7068.187575361737,6955.277230707396,7045.605506430868,70595000,0.1666666666666666,6.0,1.0,7023.0234375,-20.693301596965284
2022-01-31,6887.5302734375,7023.022672259222,6887.5302734375,7023.022672259222,68122000,0.0,2.0,1.0,6887.5302734375,-134.94872396585197
2022-02-02,7045.60498046875,7045.60498046875,6932.694644243289,7023.022913223657,65308100,0.0,4.0,1.0,7045.60498046875,138.2853843418743
2022-02-03,6977.859375,7068.18765169903,6955.277305825243,7045.605582524272,35100600,0.0,4.0,1.0,6977.859375,-62.00903903732251
2022-02-04,6977.859375,7045.605582524272,6955.277305825243,7000.441444174758,39324700,-0.25,4.0,1.0,6977.859375,-0.366660109573786
2022-02-07,7045.60498046875,7045.60498046875,6955.276711488381,7023.022913223657,56813200,0.0,0.0,0.0,7045.60498046875,61.52466989079676
2022-02-08,6977.859375,7090.769720873786,6977.859375,7000.441444174758,61883100,0.0,2.0,1.0,6977.859375,-62.36052508670218
2022-02-09,7181.09716796875,7181.09716796875,7045.604768573113,7090.768901704992,108922200,0.1818181818181818,11.0,1.0,7181.09716796875,197.7206144713464
2022-02-10,7000.44091796875,7181.097457787298,7000.44091796875,7181.097457787298,93277000,0.0,3.0,1.0,7000.44091796875,-162.8830926481951
2022-02-11,7068.1875,7068.1875,6910.113019169329,6932.695087859425,71968800,-0.25,4.0,1.0,7068.1875,59.10425753237905
2022-02-14,6955.27685546875,7023.023058606433,6955.27685546875,7000.440990893871,57710700,-0.3333333333333333,3.0,1.0,6955.27685546875,-118.63339146778252
2022-02-15,7113.3515625,7113.3515625,6977.859151785714,7000.441220238095,55617000,0.0,3.0,1.0,7113.3515625,145.57355203976203
2022-02-16,7203.67919921875,7203.67919921875,7068.186800487363,7090.768866942594,77055100,0.2,5.0,1.0,7203.67919921875,98.03354545359616
2022-02-17,7135.93310546875,7158.515172258208,7045.604838310917,7090.768971889834,48704600,0.2,5.0,1.0,7135.93310546875,-48.22309751737885
2022-02-18,7158.515625,7181.097693217665,7090.769420347004,7181.097693217665,56813400,0.3333333333333333,3.0,1.0,7158.515625,21.208877846620453
2022-02-21,7181.09716796875,7203.679234534689,7135.933034836871,7158.515101402811,43821700,0.0,2.0,1.0,7181.09716796875,19.89393634348835
2022-02-22,7135.93310546875,7181.097239047666,7090.768971889834,7135.93310546875,80095500,0.0,6.0,1.0,7135.93310546875,-43.39087760816892
2022-02-23,7271.42578125,7316.589916537268,7113.351307744565,7135.933375388199,99240300,0.0,5.0,1.0,7271.42578125,129.50526832132527
2022-02-24,7226.26171875,7361.754125976562,7158.515515136719,7339.172058105469,124947700,0.0,7.0,1.0,7226.26171875,-34.399508607090866
2022-02-25,7271.42578125,7384.336119468168,7158.515443031833,7181.097510675466,135899900,0.2,10.0,1.0,7271.42578125,47.5607175007317
2022-03-01,7271.42578125,7384.336119468168,7226.261645962733,7226.261645962733,136616800,0.1666666666666666,6.0,1.0,7271.42578125,1.4273396152066198
2022-03-02,7203.67919921875,7429.499863771062,7203.67919921875,7429.499863771062,100301000,-0.3333333333333333,3.0,1.0,7203.67919921875,-66.45888093034682
2022-03-04,7135.93310546875,7248.84343941604,7135.93310546875,7203.679305837124,132983400,-0.25,4.0,1.0,7135.93310546875,-77.75925273236135
2022-03-07,6955.27685546875,7090.769261744115,6955.27685546875,7045.605126318994,130990900,0.0,5.0,1.0,6955.27685546875,-196.55690958330888
2022-03-08,6910.11279296875,7090.769336575776,6910.11279296875,6955.276928870507,119256500,0.0,10.0,1.0,6910.11279296875,-76.22054070846934
2022-03-09,7090.76904296875,7181.097311032046,6910.112506842158,6955.276640873806,132814500,0.0,1.0,1.0,7090.76904296875,156.28501850638168
2022-03-10,7158.515625,7203.679761435332,7045.605283911672,7158.515625,86484000,0.0,4.0,1.0,7158.515625,79.57350943777328
2022-03-11,7181.09716796875,7181.09716796875,6977.858568875295,6977.858568875295,61053900,0.0,2.0,1.0,7181.09716796875,40.57909076357282
2022-03-14,7294.0078125,7316.58988003096,7181.097474845201,7271.42574496904,78432100,0.2,5.0,1.0,7294.0078125,121.0756097105641
2022-03-15,7361.75390625,7406.918040644172,7294.007704658742,7361.75390625,111214500,0.0,3.0,1.0,7361.75390625,83.07620549959938
2022-03-16,7406.91845703125,7474.664662430926,7294.008114698457,7474.664662430926,149761300,0.4,5.0,1.0,7406.91845703125,61.243843958388425
2022-03-17,7226.26171875,7497.246533203125,7226.26171875,7497.246533203125,132439400,0.0,6.0,1.0,7226.26171875,-169.75315385970043
2022-03-18,7135.93310546875,7316.589639784414,7135.93310546875,7226.261372626582,143981700,-0.2,5.0,1.0,7135.93310546875,-108.88550971580936
2022-03-21,7135.93310546875,7181.097239047666,7045.604838310917,7045.604838310917,85485500,-0.1666666666666666,6.0,1.0,7135.93310546875,-26.548152977957216
2022-03-22,7158.515625,7181.097693217665,7113.351488564669,7135.933556782335,60010900,0.0833333333333333,12.0,1.0,7158.515625,10.067847999533114
2022-03-23,7135.93310546875,7181.097239047666,7068.186905100376,7158.515172258208,82208000,0.0,2.0,1.0,7135.93310546875,-25.178622613293555
2022-03-24,7158.515625,7181.097693217665,7045.605283911672,7090.769420347004,95245100,0.0,5.0,1.0,7158.515625,18.149433683674037
2022-03-25,7181.09716796875,7181.09716796875,7135.933034836871,7135.933034836871,85101200,0.0,3.0,1.0,7181.09716796875,21.056440568117974
2022-03-28,7245.29638671875,7245.29638671875,7153.583774228639,7176.511927351166,83911500,0.0,5.0,1.0,7245.29638671875,65.90976862431035
2022-03-29,7199.4404296875,7245.296738156847,7176.512275452827,7222.368583922173,62180600,-0.5,2.0,1.0,7199.4404296875,-38.51363554328145
2022-03-30,7222.36865234375,7245.296806795635,7176.51234343998,7245.296806795635,71430600,0.0,1.0,1.0,7222.36865234375,20.59420566963217
2022-03-31,7314.0810546875,7337.00920846395,7222.368439581701,7268.224747134601,112691900,0.0,3.0,1.0,7314.0810546875,89.59636702096941
2022-04-01,7268.22509765625,7405.794026949428,7199.440633009661,7405.794026949428,105575400,0.0,5.0,1.0,7268.22509765625,-35.67246582580901
2022-04-04,7245.29638671875,7268.224539841278,7176.511927351166,7268.224539841278,57321200,0.0,4.0,1.0,7245.29638671875,-23.34206320578778
2022-04-05,7245.29638671875,7245.29638671875,7199.440080473694,7245.29638671875,48528300,0.0,4.0,1.0,7245.29638671875,-7.254114358931474
2022-04-06,7107.72802734375,7199.440647051411,7107.72802734375,7176.512492124496,119263000,-0.25,4.0,1.0,7107.72802734375,-142.0513545177355
2022-04-07,7107.72802734375,7176.512492124496,7061.871717489919,7084.799872416835,68619400,-0.2,5.0,1.0,7107.72802734375,-19.7562089177718
2022-04-08,7199.4404296875,7222.368583922173,7130.65596698348,7153.584121218153,69791600,-0.5,2.0,1.0,7199.4404296875,77.81427278872707
2022-04-11,7084.80029296875,7222.369230696299,7084.80029296875,7176.512918120449,62776200,0.0,2.0,1.0,7084.80029296875,-108.57023350386407
2022-04-12,7153.583984375,7153.583984375,7061.871369190705,7084.799522986779,73471300,0.0,3.0,1.0,7153.583984375,58.74768767839032
2022-04-13,7153.583984375,7199.440291967147,7107.727676782853,7153.583984375,57622100,0.0,2.0,1.0,7153.583984375,-2.151829779387299
2022-04-14,7061.87158203125,7153.584199979709,7061.87158203125,7153.584199979709,93342900,-0.2,5.0,1.0,7061.87158203125,-90.114248157759
2022-04-18,7061.87158203125,7084.799736518365,6993.087118569907,7061.87158203125,68464700,0.25,4.0,1.0,7061.87158203125,-13.119469894319082
2022-04-19,6993.0869140625,7061.871375512294,6993.0869140625,7061.871375512294,98632000,0.0,0.0,0.0,6993.0869140625,-78.42205298862882
2022-04-20,7016.0146484375,7084.799105775122,6993.086495991626,7084.799105775122,124388800,-0.5,2.0,1.0,7016.0146484375,10.49608611102576
2022-04-21,7268.22509765625,7268.22509765625,7107.728013480875,7153.584323245268,129323400,-0.125,8.0,1.0,7268.22509765625,246.21441462674196
2022-04-22,7222.36865234375,7268.22496124752,7153.584188988096,7199.440497891866,85956100,-0.3333333333333333,3.0,1.0,7222.36865234375,-17.35545126879697
2022-04-25,7337.00927734375,7337.00927734375,7176.512199401855,7222.368507385254,91279600,-0.2,5.0,1.0,7337.00927734375,126.8700176377588
2022-04-26,7451.64990234375,7451.64990234375,7268.224673978366,7268.224673978366,128360900,-0.4,5.0,1.0,7451.64990234375,126.8181427010286
2022-04-27,7520.43408203125,7520.43408203125,7405.793318585652,7405.793318585652,89463100,0.0,6.0,1.0,7520.43408203125,90.55262854135252
2022-04-28,7451.64990234375,7566.290670072115,7405.793595252404,7566.290670072115,133730600,0.3333333333333333,3.0,1.0,7451.64990234375,-51.41626648045167
2022-05-09,6970.15869140625,7245.296534488076,6970.15869140625,7222.368380897924,456796600,-0.7142857142857143,7.0,1.0,6970.15869140625,-483.74981865943846
2022-05-10,6901.3740234375,6970.158482142857,6649.164341517857,6649.164341517857,268445700,-0.5714285714285714,7.0,1.0,6901.3740234375,-132.90947035449335
2022-05-11,7016.0146484375,7061.870953329249,6832.589428870507,6901.373886208129,156535200,-0.25,4.0,1.0,7016.0146484375,64.2853040934333
2022-05-12,6672.0927734375,6924.302465904209,6672.0927734375,6901.374312043599,240529600,-0.3333333333333333,6.0,1.0,6672.0927734375,-347.0218956989129
2022-05-13,6717.94921875,6855.518144731229,6649.164755759386,6649.164755759386,212968600,-0.3333333333333333,9.0,1.0,6717.94921875,6.008639392699479
2022-05-17,6786.7333984375,6855.517858556799,6672.092631572002,6672.092631572002,159657600,0.0,4.0,1.0,6786.7333984375,44.37056903727989
2022-05-18,6947.23046875,6947.23046875,6763.80524185231,6878.446008663366,153514300,0.0,2.0,1.0,6947.23046875,164.22650061519016
2022-05-19,6832.58984375,6855.517997588087,6763.805382235738,6786.733536073825,140908900,0.0,5.0,1.0,6832.58984375,-93.82630144799803
2022-05-20,6786.7333984375,6855.517858556799,6786.7333984375,6809.6615518106,86520200,0.0,6.0,1.0,6786.7333984375,-48.35464781892279
2022-05-23,6763.8056640625,6855.518283236229,6740.877509269068,6832.590128442796,71603500,-0.25,4.0,1.0,6763.8056640625,-37.08428978879601
2022-05-24,6740.8779296875,6855.518710804635,6717.949773464074,6717.949773464074,108710800,0.0,5.0,1.0,6740.8779296875,-32.6919647490231
2022-05-25,6763.8056640625,6832.590128442796,6740.877509269068,6786.733818855932,76747400,-1.0,1.0,1.0,6763.8056640625,14.446025528788596
2022-05-27,6947.23046875,6947.23046875,6855.517855301155,6901.374162025578,84336900,0.0,3.0,1.0,6947.23046875,180.9507136159773
2022-05-30,6947.23046875,6970.158622112211,6855.517855301155,6947.23046875,105411400,0.0,5.0,1.0,6947.23046875,20.85080953148008
2022-05-31,7107.72802734375,7107.72802734375,6901.374633001512,6970.159097782258,286292700,0.0,3.0,1.0,7107.72802734375,173.01649063110654
2022-06-02,6947.23046875,7038.943082198844,6901.374162025578,6993.086775474422,149226300,-0.3333333333333333,3.0,1.0,6947.23046875,-140.18255488980503
2022-06-03,6970.15869140625,7038.943152176706,6947.230537816098,6970.15869140625,80563100,-0.2,5.0,1.0,6970.15869140625,15.39437871548671
2022-06-06,6832.58984375,6947.230612940436,6809.661689911913,6924.302459102349,81140300,0.0,3.0,1.0,6832.58984375,-147.0807190876776
2022-06-07,6763.8056640625,6855.518283236229,6695.021199682204,6695.021199682204,129242500,-0.1428571428571428,7.0,1.0,6763.8056640625,-87.64308115079984
2022-06-08,6970.15869140625,6970.15869140625,6809.661616275185,6878.446077045642,108910500,0.0,3.0,1.0,6970.15869140625,183.8891503028208
2022-06-09,6878.4462890625,6947.230751953125,6878.4462890625,6878.4462890625,107828300,-0.25,4.0,1.0,6878.4462890625,-77.2986497095726
2022-06-10,6740.8779296875,6832.590554581207,6740.8779296875,6786.734242134354,111768600,0.0,4.0,1.0,6740.8779296875,-136.75421901104073
2022-06-13,6740.8779296875,6786.734242134354,6672.09346101722,6695.021617240646,85539500,-0.2857142857142857,7.0,1.0,6740.8779296875,-23.774933163483183
2022-06-14,6786.7333984375,6786.7333984375,6649.164478198903,6695.020784945102,80865100,0.1666666666666666,6.0,1.0,6786.7333984375,31.82256927801518
2022-06-15,6717.94921875,6763.80552741041,6695.021064419795,6695.021064419795,130367100,-0.4,5.0,1.0,6717.94921875,-68.5580498659474
2022-06-16,6947.23046875,6970.158622112211,6763.80524185231,6786.733395214521,132666300,-0.2,5.0,1.0,6947.23046875,221.03616827562476
2022-06-17,6878.4462890625,6924.30259765625,6809.661826171875,6809.661826171875,117839400,-0.2,5.0,1.0,6878.4462890625,-48.59648505770656
2022-06-20,6993.0869140625,7016.015067879098,6878.446144979508,6970.158760245901,88138700,0.0,3.0,1.0,6993.0869140625,121.40669644643184
2022-06-21,7016.0146484375,7016.0146484375,6924.302038654004,6970.158343545751,44295700,-0.3333333333333333,3.0,1.0,7016.0146484375,32.363963307841914
2022-06-22,6878.4462890625,7016.01521484375,6878.4462890625,6993.087060546875,53041800,0.0,1.0,1.0,6878.4462890625,-127.61574036532876
2022-06-23,6901.3740234375,6947.230329241072,6832.589564732143,6832.589564732143,60443000,0.0,1.0,1.0,6901.3740234375,7.5581126741763
2022-06-24,6855.51806640625,6970.158836747491,6855.51806640625,6970.158836747491,57956600,0.0,2.0,1.0,6855.51806640625,-55.481716223025614
2022-06-27,6740.8779296875,6878.446867028061,6740.8779296875,6855.518710804635,76354100,0.0,5.0,1.0,6740.8779296875,-122.91438662251858
2022-06-28,6695.021484375,6786.73410744863,6695.021484375,6695.021484375,146078100,0.0,2.0,1.0,6695.021484375,-66.5015726718575
2022-06-29,6672.0927734375,6786.73354274055,6672.0927734375,6717.949081158719,98517800,0.0,1.0,1.0,6672.0927734375,-41.22113959824219
2022-06-30,6649.16455078125,6786.733472521551,6649.16455078125,6695.020858028017,101343900,0.0,1.0,1.0,6649.16455078125,-34.40158756011442
2022-07-01,6649.16455078125,6717.949011651401,6649.16455078125,6695.020858028017,68738800,-0.1666666666666666,12.0,1.0,6649.16455078125,-8.96427455965204
2022-07-04,6465.7392578125,6672.092638380984,6419.882951019504,6649.164484984486,102238600,-0.2,5.0,1.0,6465.7392578125,-188.8515757358109
2022-07-05,6649.16455078125,6717.949011651401,6511.595629040949,6511.595629040949,69172900,0.0,0.0,0.0,6649.16455078125,157.88089951975417
2022-07-06,6695.021484375,6717.949640143408,6580.380705532963,6695.021484375,66801100,0.0,2.0,1.0,6695.021484375,50.382529896314736
2022-07-07,6511.595703125,6649.164626430458,6511.595703125,6626.236472546215,86126800,1.0,1.0,1.0,6511.595703125,-168.86135629716773
2022-07-08,6557.4521484375,6580.380302802666,6488.667685342002,6534.523994072334,64312400,0.0,1.0,1.0,6557.4521484375,26.684930292112767
2022-07-11,6534.52392578125,6603.308388157894,6534.52392578125,6603.308388157894,36830800,0.0,1.0,1.0,6534.52392578125,-32.97952745784278
2022-07-12,6580.380859375,6649.165328288328,6557.452703070558,6580.380859375,34269000,0.3333333333333333,3.0,1.0,6580.380859375,41.5837651067277
2022-07-13,6419.88330078125,6534.524074009487,6419.88330078125,6511.595919363839,71988200,0.0,1.0,1.0,6419.88330078125,-159.70041629262414
2022-07-14,6442.81103515625,6511.595494606317,6419.882882006228,6442.81103515625,83316300,-1.0,2.0,1.0,6442.81103515625,4.281457818368835
2022-07-15,6419.88330078125,6511.595919363839,6419.88330078125,6511.595919363839,57419900,0.0,2.0,1.0,6419.88330078125,-35.0857942941002
2022-07-18,6557.4521484375,6557.4521484375,6442.811376611669,6442.811376611669,60077700,0.0,3.0,1.0,6557.4521484375,131.54950247356828
2022-07-19,6580.380859375,6580.380859375,6511.596390461673,6511.596390461673,59641000,0.0,2.0,1.0,6580.380859375,34.49376865299109
2022-07-20,6786.7333984375,6786.7333984375,6580.380018079603,6603.308171452703,105792900,-1.0,1.0,1.0,6786.7333984375,217.2383250494868
2022-07-21,6786.7333984375,6786.7333984375,6649.164478198903,6786.7333984375,64337100,0.0,2.0,1.0,6786.7333984375,26.584612991654467
2022-07-22,6717.94921875,6786.733681740614,6695.021064419795,6786.733681740614,38956500,0.0,1.0,1.0,6717.94921875,-53.155348419425536
2022-07-25,6695.021484375,6763.805951680223,6695.021484375,6740.877795911815,31247600,0.0,1.0,1.0,6695.021484375,-29.653835461819654
2022-07-26,6695.021484375,6763.805951680223,6649.165172838185,6649.165172838185,44379900,0.0,5.0,1.0,6695.021484375,-9.18276416512981
2022-07-27,6717.94921875,6740.877373080205,6672.09291008959,6717.94921875,58465500,0.1,10.0,1.0,6717.94921875,17.79089091100559
2022-07-28,6740.8779296875,6832.590554581207,6717.949773464074,6763.806085910927,86909700,0.1666666666666666,6.0,1.0,6740.8779296875,22.424551543723283
2022-07-29,6740.8779296875,6855.518710804635,6740.8779296875,6786.734242134354,131553000,-0.1666666666666666,6.0,1.0,6740.8779296875,1.8525706103428088
2022-08-01,6878.4462890625,6878.4462890625,6740.87736328125,6740.87736328125,104841600,0.0,4.0,1.0,6878.4462890625,137.23497811825564
2022-08-02,6970.15869140625,6993.086844996403,6878.446077045642,6970.15869140625,106466900,0.0,5.0,1.0,6970.15869140625,106.42480289181005
2022-08-03,6993.0869140625,6993.0869140625,6947.230606429302,6993.0869140625,60170600,-0.5,2.0,1.0,6993.0869140625,42.9137582354042
2022-08-04,7153.583984375,7153.583984375,7016.015061598558,7038.943215394632,164221000,-0.125,8.0,1.0,7153.583984375,170.73187720907208
2022-08-05,7222.36865234375,7222.36865234375,7084.799725632441,7176.51234343998,118734200,0.2857142857142857,7.0,1.0,7222.36865234375,90.29080790610624
2022-08-08,7222.36865234375,7268.22496124752,7107.727880084326,7222.36865234375,84328900,-0.125,8.0,1.0,7222.36865234375,20.258327633909172
2022-08-09,7245.29638671875,7314.080846086333,7222.368233596222,7222.368233596222,92875800,0.5,2.0,1.0,7245.29638671875,29.342031671045333
2022-08-10,7245.29638671875,7245.29638671875,7084.799314861056,7153.583774228639,104376300,0.0,1.0,1.0,7245.29638671875,2.8554851962699104
2022-08-11,7291.15234375,7291.15234375,7176.511583628144,7199.439735652515,73204700,0.0,0.0,0.0,7291.15234375,46.10448723064746
2022-08-12,7268.22509765625,7314.081407420643,7199.440633009661,7268.22509765625,59381200,0.0,1.0,1.0,7268.22509765625,-19.197404359295437
2022-08-15,7291.15234375,7314.08049577437,7245.296039701258,7291.15234375,81411000,0.0,1.0,1.0,7291.15234375,21.61735728353051
2022-08-16,7314.0810546875,7314.0810546875,7199.440285805251,7291.152900911051,83556700,-0.5,2.0,1.0,7314.0810546875,22.222093029007738
2022-08-18,7337.00927734375,7359.937431335449,7222.368507385254,7245.296661376953,86136900,0.0,1.0,1.0,7337.00927734375,25.01087101220037
2022-08-19,7245.29638671875,7382.865305453916,7245.29638671875,7382.865305453916,58194900,0.3333333333333333,3.0,1.0,7245.29638671875,-89.25187034988448
2022-08-22,7337.00927734375,7337.00927734375,7176.512199401855,7199.440353393555,97293300,0.2,5.0,1.0,7337.00927734375,80.50547381997967
2022-08-23,7245.29638671875,7337.008999208861,7245.29638671875,7337.008999208861,71671800,0.0,3.0,1.0,7245.29638671875,-89.9411495021368
2022-08-24,7291.15234375,7359.936799823113,7245.296039701258,7291.15234375,108892400,0.0,4.0,1.0,7291.15234375,38.257754366082736
2022-08-25,7405.7939453125,7428.722099941951,7245.296862906347,7337.009481424148,99503500,0.5,2.0,1.0,7405.7939453125,111.24506786880464
2022-08-26,7337.00927734375,7451.650047302246,7337.00927734375,7359.937431335449,80472400,0.0,1.0,1.0,7337.00927734375,-54.80094873295275
2022-08-29,7474.578125,7474.578125,7291.15289493865,7337.009202453988,57762100,-0.25,4.0,1.0,7474.578125,136.2767981074212
2022-08-30,7497.505859375,7589.218469275612,7405.793249474388,7428.721401949541,124467000,-0.5,2.0,1.0,7497.505859375,33.7540533631809
2022-08-31,7520.43408203125,7543.36223472037,7382.865165896533,7405.793318585652,137659900,0.0,2.0,1.0,7520.43408203125,34.03888967303192
2022-09-01,7474.578125,7566.290740030675,7451.649971242331,7474.578125,74960800,0.0,1.0,1.0,7474.578125,-41.5329435725389
2022-09-02,7543.36279296875,7543.36279296875,7474.57832981098,7474.57832981098,71430600,1.0,1.0,1.0,7543.36279296875,63.963779507789695
2022-09-05,7589.21826171875,7612.146413566843,7520.433806174471,7543.361958022564,62906000,0.25,4.0,1.0,7589.21826171875,48.79694851781096
2022-09-06,7589.21826171875,7658.002717263029,7566.290109870657,7612.146413566843,67079900,0.0,1.0,1.0,7589.21826171875,8.122634521932014
2022-09-07,7680.93115234375,7680.93115234375,7566.290388875933,7566.290388875933,117931700,0.0,1.0,1.0,7680.93115234375,93.89463868837538
2022-09-08,7658.00341796875,7795.572341644835,7658.00341796875,7703.859725860778,132777400,0.0,2.0,1.0,7658.00341796875,-13.052988711691796
2022-09-09,7680.93115234375,7795.571915811567,7589.218541569497,7795.571915811567,91234600,-0.2,5.0,1.0,7680.93115234375,25.54294583016508
2022-09-12,7680.93115234375,7726.787457730877,7635.074846956623,7635.074846956623,52395300,0.0,1.0,1.0,7680.93115234375,0.1782167448909604
2022-09-13,7818.5009765625,7864.357287275477,7680.93204442357,7680.93204442357,124485200,0.0,2.0,1.0,7818.5009765625,137.24094048972256
2022-09-14,7795.57177734375,7933.140691061581,7680.931015912224,7680.931015912224,116642400,0.0,5.0,1.0,7795.57177734375,-8.32749257598698
2022-09-15,8024.85498046875,8139.495765904018,7795.573409598214,7795.573409598214,190404800,0.25,4.0,1.0,8024.85498046875,235.3557672814395
2022-09-16,7749.7158203125,8001.925506772374,7749.7158203125,7978.99735345784,363127600,-0.375,8.0,1.0,7749.7158203125,-249.20732492510436
2022-09-19,7933.140625,8024.853233381503,7749.715408236994,7772.64356033237,102530600,-0.4,5.0,1.0,7933.140625,166.82029116413833
2022-09-20,7841.427734375,7933.14033945541,7841.427734375,7841.427734375,89238400,0.0,4.0,1.0,7841.427734375,-90.11968343833814
2022-09-21,7772.64404296875,7887.28481056416,7726.787735930587,7818.500350006914,90933700,-0.6666666666666666,3.0,1.0,7772.64404296875,-70.65987864610452
2022-09-22,7772.64404296875,7818.500350006914,7680.931428892422,7680.931428892422,61908500,0.0,2.0,1.0,7772.64404296875,-16.614346940421456
2022-09-23,7680.93115234375,7772.643763118004,7680.93115234375,7680.93115234375,60567600,0.5,2.0,1.0,7680.93115234375,-100.4794633549127
2022-09-26,7726.78759765625,7795.572056982567,7520.4342196773,7520.4342196773,106228200,-0.3333333333333333,3.0,1.0,7726.78759765625,30.517842645515884
2022-09-27,7612.14697265625,7749.715893848833,7612.14697265625,7680.931433252542,89567100,0.0,3.0,1.0,7612.14697265625,-119.67685241998606
2022-09-28,7635.07470703125,7726.787316124718,7566.290250211148,7566.290250211148,89153400,0.0,2.0,1.0,7635.07470703125,8.397832053250568
2022-09-29,7680.93115234375,7749.71561042444,7635.074846956623,7635.074846956623,62643700,0.0,3.0,1.0,7680.93115234375,36.86077837314497
2022-09-30,7841.427734375,7864.355885645103,7589.218070403875,7680.930675484284,176524800,-0.5,2.0,1.0,7841.427734375,163.47445743606568
2022-10-03,7795.57177734375,7818.499929630056,7749.71547277114,7749.71547277114,115079600,0.0,2.0,1.0,7795.57177734375,-25.632541761929133
2022-10-04,7841.427734375,7910.212188185307,7818.499583104898,7818.499583104898,80524500,0.0,3.0,1.0,7841.427734375,51.5759979484792
2022-10-05,7749.7158203125,7841.428433570636,7726.787666997966,7818.500280256102,63788000,0.0,0.0,0.0,7749.7158203125,-89.21435203543388
2022-10-06,7726.78759765625,7795.572056982567,7726.78759765625,7772.643903873794,43967400,0.0,0.0,0.0,7726.78759765625,-32.36336254911657
2022-10-07,7520.43408203125,7680.931150855088,7520.43408203125,7635.074845476849,112043400,-0.5,2.0,1.0,7520.43408203125,-218.26428238248167
2022-10-10,7612.14697265625,7680.931433252542,7451.64989793157,7474.578051463667,80238200,0.0,1.0,1.0,7612.14697265625,61.04524596053125
2022-10-11,7566.29052734375,7612.146833570076,7474.577914891098,7520.434221117423,64060000,-1.0,1.0,1.0,7566.29052734375,-55.02909356513101
2022-10-12,7635.07470703125,7635.07470703125,7497.505793391048,7520.433945664414,47569700,0.0,0.0,0.0,7635.07470703125,64.12401265995595
2022-10-13,7589.21826171875,7680.930869111122,7589.21826171875,7589.21826171875,62282800,0.0,1.0,1.0,7589.21826171875,-43.79361445131053
2022-10-14,7566.29052734375,7658.003139796401,7566.290527343749,7612.146833570076,70642900,-0.5,2.0,1.0,7566.29052734375,-26.02076268256951
2022-10-17,7566.29052734375,7612.146833570076,7497.506068004261,7566.290527343749,56387500,0.0,3.0,1.0,7566.29052734375,-8.119305581526532
2022-10-18,7612.14697265625,7772.644047380931,7566.290665592056,7589.218819124153,85665300,0.0,2.0,1.0,7612.14697265625,41.09029918311717
2022-10-19,7589.21826171875,7658.002717263029,7543.361958022564,7566.290109870657,66753500,1.0,1.0,1.0,7589.21826171875,-20.537121752747225
2022-10-20,7795.57177734375,7795.57177734375,7566.290254480698,7566.290254480698,91812300,0.0,6.0,1.0,7795.57177734375,204.54753013936352
2022-10-21,7933.140625,8001.925081286127,7749.715408236994,7749.715408236994,122777800,0.1666666666666666,6.0,1.0,7933.140625,158.95280995977828
2022-10-24,8162.42236328125,8162.42236328125,8001.925294340326,8024.853447046173,89416500,0.2,5.0,1.0,8162.42236328125,260.1153266103684
2022-10-25,7978.99755859375,8139.494635921785,7978.99755859375,8093.638328113775,84696300,-0.5,8.0,1.0,7978.99755859375,-143.35958520312943
2022-10-26,7841.427734375,7933.14033945541,7841.427734375,7910.212188185307,98962100,0.0,2.0,1.0,7841.427734375,-139.69304024542998
2022-10-27,7978.99755859375,7978.99755859375,7841.428635169719,7841.428635169719,77003400,-0.3333333333333333,3.0,1.0,7978.99755859375,109.0426633942816
2022-10-28,8024.85498046875,8024.85498046875,7933.142352120536,7933.142352120536,84980600,-0.5,2.0,1.0,8024.85498046875,47.7326951082523
2022-10-31,8070.70947265625,8116.56577647816,8047.781320745295,8116.56577647816,138922800,0.25,4.0,1.0,8070.70947265625,56.8477813341442
2022-11-01,8070.70947265625,8254.134687943892,8001.925016923384,8254.134687943892,118118400,0.0,2.0,1.0,8070.70947265625,8.01870569670973
2022-11-02,8024.85498046875,8093.63945172991,8001.926823381697,8070.711294642857,68323600,0.0,1.0,1.0,8024.85498046875,-43.14961719034
2022-11-03,8070.70947265625,8093.637624567205,7978.996865012428,7978.996865012428,81856300,0.0,0.0,0.0,8070.70947265625,39.10612125354419
2022-11-04,8047.78173828125,8070.709891381766,7956.069125879185,8047.78173828125,84458300,-0.5,2.0,1.0,8047.78173828125,-23.10774896091607
2022-11-07,8116.56591796875,8116.56591796875,7956.068851794226,8001.925156415518,94794000,0.0,3.0,1.0,8116.56591796875,66.53447993855843
2022-11-08,8024.85498046875,8139.495765904018,8001.926823381697,8116.567608816965,42525500,-0.5,4.0,1.0,8024.85498046875,-87.23169711612263
2022-11-09,8139.49560546875,8139.49560546875,7956.070352387764,7956.070352387764,96599500,0.3333333333333333,3.0,1.0,8139.49560546875,106.44126091663291
2022-11-10,8070.70947265625,8070.70947265625,8001.925016923384,8001.925016923384,89463000,-0.3333333333333333,3.0,1.0,8070.70947265625,-63.73532733385309
2022-11-11,8116.56591796875,8185.350374900689,8093.637765658103,8162.422222590042,59597900,0.0,1.0,1.0,8116.56591796875,43.16146885160288
2022-11-14,8024.85498046875,8162.423922991072,8024.85498046875,8139.495765904018,49208200,0.0,0.0,0.0,8024.85498046875,-92.76909201876606
2022-11-15,8070.70947265625,8116.56577647816,8024.853168834339,8047.781320745295,59092900,-1.0,1.0,1.0,8070.70947265625,35.42842134613966
2022-11-16,7887.28466796875,7956.069127282431,7841.428361759629,7910.21282107331,143424800,-0.5,2.0,1.0,7887.28466796875,-187.35256671624936
2022-11-17,8001.92578125,8093.638397654011,7887.285010744986,7910.213164845988,72679800,0.0,4.0,1.0,8001.92578125,92.23250113306403
2022-11-18,8093.63818359375,8162.42264407755,8001.925569615351,8001.925569615351,83556900,0.3333333333333333,3.0,1.0,8093.63818359375,88.37807804866861
2022-11-21,8001.92578125,8162.42285995702,8001.92578125,8139.494705856017,35901000,0.0,4.0,1.0,8001.92578125,-76.90958524689813
2022-11-22,8162.42236328125,8208.278668692943,8116.566057869558,8162.42236328125,84684200,0.0,2.0,1.0,8162.42236328125,155.00228514489936
2022-11-23,8139.49560546875,8231.208232009243,8139.49560546875,8162.423762103874,84642100,-0.25,4.0,1.0,8139.49560546875,-11.301209152284173
2022-11-24,8254.13671875,8254.13671875,8208.280403645833,8231.208561197916,53520800,0.25,4.0,1.0,8254.13671875,121.5350196039135
2022-11-25,8231.2060546875,8254.13420525766,8162.42160297702,8254.13420525766,75048300,-0.25,4.0,1.0,8231.2060546875,-10.997130208770614
2022-11-28,8277.0634765625,8345.847937586565,8231.207169213123,8299.991630237188,96209700,0.0,1.0,1.0,8277.0634765625,50.56117869082482
2022-11-29,8231.2060546875,8322.91865696814,8185.34975354718,8231.2060546875,91562100,0.0,2.0,1.0,8231.2060546875,-42.50901683450138
2022-11-30,8529.2744140625,8620.987042170698,8116.567587575605,8139.495744602655,644359600,-0.1666666666666666,6.0,1.0,8529.2744140625,294.2285705822105
2022-12-01,8254.13671875,8575.130924479166,8254.13671875,8506.346451822918,155775400,-0.1,10.0,1.0,8254.13671875,-244.34225824055463
2022-12-02,8194.2880859375,8263.341075425737,8194.2880859375,8194.2880859375,130982100,-1.0,3.0,1.0,8194.2880859375,-71.94568839883323
2022-12-05,8079.201171875,8194.289507656695,8079.201171875,8102.218839031339,114656300,-0.4,5.0,1.0,8079.201171875,-142.11962155376386
2022-12-06,7987.130859375,8056.183863922911,7895.060186644453,8033.166195740274,180553800,-0.2,5.0,1.0,7987.130859375,-116.13958141779858
2022-12-07,7779.9716796875,7895.060018144416,7779.9716796875,7826.007015070267,229308700,-0.2857142857142857,7.0,1.0,7779.9716796875,-232.7480438654984
2022-12-08,7826.00634765625,7895.059344841452,7687.900353285846,7710.918019014246,172590100,-0.5,4.0,1.0,7826.00634765625,8.036175385908791
2022-12-09,7895.05908203125,7918.076746993441,7779.9707572203,7826.006087144679,90851300,-0.25,4.0,1.0,7895.05908203125,52.48910141213673
2022-12-12,8010.14794921875,8010.14794921875,7802.988950532058,7849.024283573545,102851800,-0.1666666666666666,6.0,1.0,8010.14794921875,119.93756363059038
2022-12-13,8010.14794921875,8010.14794921875,7872.041950094289,7941.09494965652,104580200,-0.25,4.0,1.0,8010.14794921875,15.984657050748863
2022-12-14,7941.09423828125,8010.147231657609,7849.023580446105,7918.076573822465,118164300,0.0,7.0,1.0,7941.09423828125,-61.18479395385293
2022-12-15,7826.00634765625,7918.077010569853,7826.00634765625,7895.059344841452,113255700,-0.5,4.0,1.0,7826.00634765625,-123.49289239623432
2022-12-16,7918.0771484375,7964.112480695858,7733.93581940407,7756.953485533249,181516700,0.1666666666666666,6.0,1.0,7918.0771484375,70.97603044146399
2022-12-19,7964.11328125,8010.148618135839,7918.077944364162,7964.11328125,67482900,-0.3333333333333333,3.0,1.0,7964.11328125,44.37395142241167
2022-12-20,7895.05908203125,7964.112076917821,7872.04141706906,7872.04141706906,41243700,-0.5,6.0,1.0,7895.05908203125,-61.00122224348252
2022-12-21,7987.130859375,8010.148527557637,7895.060186644453,7918.07785482709,33617700,0.0,7.0,1.0,7987.130859375,85.5781469120484
2022-12-22,7895.05908203125,7987.129741880011,7895.059082031251,7964.112076917821,59591500,-0.1666666666666666,6.0,1.0,7895.05908203125,-87.80510211349156
2022-12-23,7826.00634765625,7895.059344841452,7826.00634765625,7849.024013384651,47393000,-0.5714285714285714,7.0,1.0,7826.00634765625,-76.05439598471366
2022-12-26,7895.05908203125,7941.094411955631,7826.006087144679,7826.006087144679,20495900,-0.1428571428571428,7.0,1.0,7895.05908203125,51.938338143821056
2022-12-27,7918.0771484375,7964.112480695858,7895.059482308321,7918.0771484375,27193800,-0.2,5.0,1.0,7918.0771484375,22.20433073979348
2022-12-28,7964.11328125,7964.11328125,7872.042607478324,7964.11328125,40420200,-0.5714285714285714,7.0,1.0,7964.11328125,50.13428192541869
2022-12-29,7895.05908203125,7918.076746993441,7826.006087144679,7849.02375210687,47020900,0.0,5.0,1.0,7895.05908203125,-63.548223442138806
2022-12-30,7872.0419921875,7964.112658762792,7872.0419921875,7895.059658831323,44681400,-0.5,2.0,1.0,7872.0419921875,-29.43622576522557
2023-01-02,7872.0419921875,7918.077325475146,7826.006658899853,7895.059658831323,10653900,0.0,2.0,1.0,7872.0419921875,-9.847954565548209
2023-01-03,7872.0419921875,7918.077325475146,7849.024325543676,7872.0419921875,27399100,0.0,0.0,0.0,7872.0419921875,-5.203015344372943
2023-01-04,7687.900390625,7895.059383186752,7687.900390625001,7849.024051506362,90918800,0.0,2.0,1.0,7687.900390625,-187.47796631080652
2023-01-05,7595.82958984375,7710.917916962595,7503.758928148674,7687.900251538827,128838500,-0.6,5.0,1.0,7595.82958984375,-117.19836211309484
2023-01-06,7641.865234375,7664.8829007436,7457.723903426205,7457.723903426205,69286600,-0.25,8.0,1.0,7641.865234375,17.30011806112998
2023-01-09,7779.9716796875,7779.9716796875,7664.883341230585,7664.883341230585,86916900,0.5,2.0,1.0,7779.9716796875,130.35508019961435
2023-01-10,7526.77734375,7756.954020928899,7503.75967603211,7733.936353211009,101759100,-0.5714285714285714,7.0,1.0,7526.77734375,-238.2881732927426
2023-01-11,7480.74169921875,7503.759365985577,7365.653365384615,7411.688698918269,96069100,-0.3333333333333333,12.0,1.0,7480.74169921875,-68.30332325130075
2023-01-12,7526.77734375,7618.84801462156,7480.742008314221,7503.75967603211,103804600,-0.6,5.0,1.0,7526.77734375,19.8474208225698
2023-01-13,7411.6884765625,7526.776806943905,7388.670810486219,7503.759140867624,119748200,-0.25,4.0,1.0,7411.6884765625,-119.27774835729087
2023-01-16,7503.75927734375,7549.794610333589,7411.688611364072,7411.688611364072,105710700,0.0,3.0,1.0,7503.75927734375,76.87924485541498
2023-01-17,7664.8828125,7710.918144707207,7503.759149774775,7526.776815878378,88695900,0.0,4.0,1.0,7664.8828125,160.45758970349289
2023-01-18,7641.865234375,7664.8829007436,7526.776902532003,7549.794568900603,96814600,-0.3333333333333333,3.0,1.0,7641.865234375,-0.4969930505340016
2023-01-19,7664.8828125,7687.900478603604,7595.829814189189,7687.900478603604,66391800,-0.5,4.0,1.0,7664.8828125,31.58447621215328
2023-01-20,7641.865234375,7664.8829007436,7595.829901637801,7618.847568006401,96859500,0.0,5.0,1.0,7641.865234375,-21.271328289118173
2023-01-24,7572.8125,7687.900835866261,7572.8125,7641.865501519756,42474500,0.0,6.0,1.0,7572.8125,-71.58028783449299
2023-01-25,7549.794921875,7641.865591653963,7549.794921875,7641.865591653963,66124500,0.0,2.0,1.0,7549.794921875,-35.162133643376364
2023-01-26,7802.98876953125,7802.98876953125,7572.812109663072,7572.812109663072,77582300,-0.1666666666666666,6.0,1.0,7802.98876953125,242.11716502895436
2023-01-27,8010.14794921875,8148.253948343211,7872.041950094289,8010.14794921875,196804700,-0.2,10.0,1.0,8010.14794921875,232.12515165496825
2023-01-30,8010.14794921875,8079.200948780981,7895.059616615033,8033.165615739494,68544300,-0.6666666666666666,3.0,1.0,8010.14794921875,42.20551592562697
2023-01-31,7802.98876953125,7987.130097425793,7802.98876953125,7941.094765452158,200589000,-0.5,2.0,1.0,7802.98876953125,-188.6457445327824
2023-02-01,7826.00634765625,7895.059344841452,7779.971016199448,7895.059344841452,77396200,0.2,5.0,1.0,7826.00634765625,0.903141484994194
2023-02-02,7779.9716796875,7849.024682761649,7733.936344304734,7756.954011996118,99109500,-0.125,8.0,1.0,7779.9716796875,-60.52845259413425
2023-02-03,8010.14794921875,8010.14794921875,7826.006617052802,7872.041950094289,71716700,0.3333333333333333,3.0,1.0,8010.14794921875,220.84727520944125
2023-02-06,8033.16650390625,8056.184172971884,7964.113496709349,8056.184172971884,117757700,0.3333333333333333,3.0,1.0,8033.16650390625,43.71766151367865
2023-02-07,8148.25439453125,8148.25439453125,8056.183723406603,8079.201391187765,116014700,0.25,4.0,1.0,8148.25439453125,133.03420312840808
2023-02-08,8125.236328125,8148.253994776912,8102.218661473087,8125.236328125,54495500,-0.2,5.0,1.0,8125.236328125,-6.029160966523705
2023-02-09,8194.2880859375,8194.2880859375,8102.217433286516,8125.235096449263,72381700,0.0,1.0,1.0,8194.2880859375,75.123058047001
2023-02-10,8125.236328125,8194.289328080737,8010.147994865439,8171.271661428824,62060900,-0.3333333333333333,3.0,1.0,8125.236328125,-62.39471485738159
2023-02-13,8171.27294921875,8194.290619498239,8079.202268100792,8171.27294921875,63775000,0.0,0.0,0.0,8171.27294921875,41.42017713328369
2023-02-14,8240.32421875,8240.32421875,8125.235891672486,8148.253557087989,81678200,1.0,1.0,1.0,8240.32421875,67.87119727959089
2023-02-15,8171.27294921875,8194.290619498239,8056.184597821302,8171.27294921875,38037000,0.0,2.0,1.0,8171.27294921875,-60.11606304482848
2023-02-16,8010.14794921875,8148.253948343211,8010.14794921875,8125.236281822467,66040400,0.0,1.0,1.0,8010.14794921875,-165.94772618240313
2023-02-17,8033.16650390625,8148.25484923442,8033.166503906251,8079.201842037518,43588900,-0.3333333333333333,3.0,1.0,8033.16650390625,-3.1526188803909463
2023-02-20,8056.18359375,8125.236595982143,8010.148258928572,8033.165926339286,40077000,0.0,0.0,0.0,8056.18359375,9.541954802238251
2023-02-21,8010.14794921875,8102.218615301725,8010.14794921875,8079.200948780981,25390500,-1.0,1.0,1.0,8010.14794921875,-47.13869741572398
2023-02-22,7987.130859375,8056.183863922911,7941.095523009726,8010.148527557637,38671900,0.0,0.0,0.0,7987.130859375,-30.14776283585616
2023-02-23,8033.16650390625,8056.184172971884,7941.095827643715,7941.095827643715,53412300,0.0,0.0,0.0,8033.16650390625,37.19336023801043
2023-02-24,7987.130859375,8148.254536653459,7987.130859375,8079.201532105548,44123400,-0.2,5.0,1.0,7987.130859375,-45.582390906494766
2023-02-27,8079.201171875,8079.201171875,7964.112836093304,7987.130503249644,59983900,0.0,3.0,1.0,8079.201171875,86.96834930933073
2023-02-28,8056.18359375,8079.201261160714,7987.130591517856,8079.201261160714,106349400,0.0,0.0,0.0,8056.18359375,-17.556327050835534
2023-03-01,7918.0771484375,8056.183145212573,7918.0771484375,8033.165479083394,67034700,0.0,1.0,1.0,7918.0771484375,-136.4981472844429
2023-03-02,7941.09423828125,8010.147231657609,7918.076573822465,7918.076573822465,56672000,0.25,4.0,1.0,7941.09423828125,3.248648521915129
2023-03-03,7802.98876953125,7987.130097425793,7802.98876953125,7964.112431438975,95376900,-0.5,2.0,1.0,7802.98876953125,-148.84480098577842
2023-03-06,7733.93603515625,7872.042035784039,7733.93603515625,7872.042035784039,92652000,0.0,4.0,1.0,7733.93603515625,-88.93374089193912
2023-03-07,7756.9541015625,7802.989437476818,7687.901097691024,7687.901097691024,106115600,-0.3333333333333333,3.0,1.0,7756.9541015625,0.2803131687360292
2023-03-08,7895.05908203125,7895.059082031251,7733.935427295919,7733.935427295919,79350900,0.0,4.0,1.0,7895.05908203125,130.1708332533135
2023-03-09,7895.05908203125,7964.112076917821,7872.04141706906,7964.112076917821,54201400,-0.25,4.0,1.0,7895.05908203125,13.751271379929676
2023-03-10,7779.9716796875,7872.042350453033,7779.9716796875,7826.007015070267,59580100,-0.2,5.0,1.0,7779.9716796875,-106.80832233996988
2023-03-13,7872.0419921875,7941.094992118969,7779.971325612207,7779.971325612207,82077700,0.3333333333333333,3.0,1.0,7872.0419921875,77.98497955376843
2023-03-14,7664.8828125,7802.988809121622,7664.8828125,7756.953476914415,90495300,-0.2222222222222222,9.0,1.0,7664.8828125,-206.86130294176385
2023-03-15,7664.8828125,7802.988809121622,7664.8828125,7779.971143018018,86747400,-0.2857142857142857,7.0,1.0,7664.8828125,-21.94213874927027
2023-03-16,7641.865234375,7687.900567112199,7595.829901637801,7641.865234375,105894000,-0.1428571428571428,7.0,1.0,7641.865234375,-41.493404885975
2023-03-17,7710.91845703125,7779.971458138993,7664.883122959422,7710.91845703125,198558600,0.3,10.0,1.0,7710.91845703125,60.511972686876106
2023-03-20,7733.93603515625,7802.989035470145,7710.918368384951,7733.93603515625,37277900,0.0,6.0,1.0,7733.93603515625,25.543167802989046
2023-03-21,7826.00634765625,7826.00634765625,7710.918019014246,7733.935684742647,91617400,0.125,8.0,1.0,7826.00634765625,97.14380236821944
2023-03-24,8125.236328125,8125.236328125,7941.094994909702,8010.147994865439,145603600,-0.3333333333333333,6.0,1.0,8125.236328125,310.6578950054054
2023-03-27,8010.14794921875,8125.236281822467,8010.14794921875,8125.236281822467,110692800,-0.4,5.0,1.0,8010.14794921875,-73.00799382594505
2023-03-28,7987.130859375,8102.219200288185,7987.130859375,8102.219200288185,98296600,0.0,7.0,1.0,7987.130859375,-13.247125500539369
2023-03-29,8264.1669921875,8264.1669921875,8099.822762229226,8146.778256503018,101068200,-0.2,5.0,1.0,8264.1669921875,268.52157443818305
2023-03-30,8287.64453125,8358.077770892352,8264.16678470255,8358.077770892352,118912100,0.0,3.0,1.0,8287.64453125,53.10325993202423
2023-03-31,8217.212890625,8311.123895089286,8193.735139508928,8287.646143973214,97146900,-0.3333333333333333,3.0,1.0,8217.212890625,-48.17495343989504
2023-04-03,8264.1669921875,8287.644739324396,8217.211497913708,8287.644739324396,60288900,0.0,4.0,1.0,8264.1669921875,42.596493282218944
2023-04-04,8240.689453125,8287.644948584402,8123.300714476495,8287.644948584402,60975800,-0.1666666666666666,6.0,1.0,8240.689453125,-23.568758451163376
2023-04-05,8193.734375,8264.167621776503,8193.734375,8240.689872851002,36922100,0.0,6.0,1.0,8193.734375,-49.02841343606451
2023-04-06,8217.212890625,8240.690641741072,8170.257388392857,8170.257388392857,45489400,0.0,2.0,1.0,8217.212890625,13.915428254695144
2023-04-10,8264.1669921875,8264.1669921875,8170.256003639915,8193.733750776812,32996000,-0.25,4.0,1.0,8264.1669921875,43.328597990768685
2023-04-11,8287.64453125,8287.64453125,8217.21129160765,8287.64453125,44554300,0.0,2.0,1.0,8287.64453125,27.606776379212533
2023-04-12,8358.0771484375,8358.0771484375,8287.643914040555,8358.0771484375,91903600,-0.3333333333333333,3.0,1.0,8358.0771484375,74.61287700869434
2023-04-13,8381.5556640625,8405.033411020659,8334.600170146183,8405.033411020659,51726500,0.0,2.0,1.0,8381.5556640625,32.311942790032845
2023-04-14,8451.9892578125,8451.9892578125,8405.033761935763,8451.9892578125,110354200,0.25,4.0,1.0,8451.9892578125,77.2660960440171
2023-04-17,8475.466796875,8498.944544234764,8358.078060076177,8475.466796875,83946900,0.0,4.0,1.0,8475.466796875,32.945757716397566
2023-04-18,8569.3779296875,8616.333425192637,8475.466938677226,8498.944686429793,91178700,0.0,2.0,1.0,8569.3779296875,100.99703686869908
2023-04-26,8639.810546875,8639.810546875,8451.988578464674,8569.377308721127,186928200,0.0,0.0,0.0,8639.810546875,82.82031658086635
2023-04-27,8592.8564453125,8616.334195163081,8522.423195760759,8545.900945611338,54842400,-0.125,8.0,1.0,8592.8564453125,-32.24192615780703
2023-04-28,8498.9443359375,8569.377576290573,8498.9443359375,8545.899829506216,145775300,0.0,5.0,1.0,8498.9443359375,-94.36041902186662
2023-05-02,8498.9443359375,8545.899829506216,8358.077855231353,8545.899829506216,83645900,0.0,5.0,1.0,8498.9443359375,-15.636595841509916
2023-05-03,8381.5556640625,8498.944398853291,8334.600170146183,8498.944398853291,83728800,-0.25,4.0,1.0,8381.5556640625,-127.61380448743694
2023-05-04,8451.9892578125,8475.467005750868,8334.60051812066,8381.556013997395,67565000,0.0,2.0,1.0,8451.9892578125,51.87009708943151
2023-05-05,8451.9892578125,8498.944753689235,8405.033761935763,8451.9892578125,64815100,0.0,2.0,1.0,8451.9892578125,-4.252936507256891
2023-05-08,8451.9892578125,8522.422501627603,8405.033761935763,8451.9892578125,84754500,0.0,1.0,1.0,8451.9892578125,0.8857446362562769
2023-05-09,8381.5556640625,8428.511157978817,8358.077917104341,8405.033411020659,40929600,0.0,1.0,1.0,8381.5556640625,-72.65940452273207
2023-05-10,8381.5556640625,8405.033411020659,8358.077917104341,8381.5556640625,45322600,0.5,2.0,1.0,8381.5556640625,-10.800993133423615
2023-05-11,8287.64453125,8358.077770892352,8264.16678470255,8358.077770892352,81993900,-0.75,4.0,1.0,8287.64453125,-102.10590880845302
2023-05-12,8264.1669921875,8334.600233598188,8193.733750776812,8217.211497913708,96525600,0.0,1.0,1.0,8264.1669921875,-38.626504284955445
2023-05-15,8240.689453125,8334.600444043803,8193.733957665598,8334.600444043803,64830300,-0.2,5.0,1.0,8240.689453125,-37.00553791853417
2023-05-16,8170.25732421875,8287.646078877066,8170.25732421875,8264.168327945403,49497000,0.0,2.0,1.0,8170.25732421875,-79.53946928249024
2023-05-17,8240.689453125,8311.122696314102,8217.211705395299,8240.689453125,69996100,0.0,2.0,1.0,8240.689453125,56.2755424617344
2023-05-19,8451.9892578125,8451.9892578125,8287.645022243923,8358.078266059027,123592500,-0.1428571428571428,7.0,1.0,8451.9892578125,210.7800340572885
2023-05-22,8451.9892578125,8522.422501627603,8381.556013997395,8451.9892578125,91000000,0.0833333333333333,12.0,1.0,8451.9892578125,27.25099319336732
2023-05-23,8569.3779296875,8592.855677440068,8475.466938677226,8498.944686429793,102980500,0.1666666666666666,6.0,1.0,8569.3779296875,132.66854452638654
2023-05-24,8475.466796875,8639.811028393351,8475.466796875,8639.811028393351,77392900,-0.3333333333333333,3.0,1.0,8475.466796875,-78.06230678672364
2023-05-25,8498.9443359375,8592.855323074931,8498.9443359375,8545.899829506216,76325700,0.0,4.0,1.0,8498.9443359375,20.79070650930589
2023-05-26,8592.8564453125,8639.811945013662,8545.900945611338,8616.334195163081,55675900,0.0,2.0,1.0,8592.8564453125,89.18820497323941
2023-05-29,8592.8564453125,8686.767444714822,8522.423195760759,8686.767444714822,79148200,-0.2,5.0,1.0,8592.8564453125,10.1470785837555
2023-05-30,8686.7666015625,8757.199844277871,8592.855611275338,8639.81110641892,97189500,0.3333333333333333,3.0,1.0,8686.7666015625,99.0251245296713
2023-05-31,8498.9443359375,8757.199550565434,8498.9443359375,8733.721803781076,722827900,-0.2,5.0,1.0,8498.9443359375,-177.19075115799023
2023-06-05,8639.810546875,8757.199277131453,8545.899562669836,8592.855054772419,163535600,0.5,2.0,1.0,8639.810546875,123.92161478414164
2023-06-06,8592.8564453125,8639.811945013662,8498.945445910178,8498.945445910178,74872200,0.0,2.0,1.0,8592.8564453125,-45.77001734493933
2023-06-07,8545.900390625,8616.33363560268,8522.422642299107,8569.378138950893,87492200,0.0,3.0,1.0,8545.900390625,-46.309593466508886
2023-06-08,8569.3779296875,8569.3779296875,8522.422434182363,8522.422434182363,53188400,0.5,2.0,1.0,8569.3779296875,12.766758087847847
2023-06-09,8545.900390625,8616.33363560268,8545.900390625,8616.33363560268,44632400,-1.0,1.0,1.0,8545.900390625,-27.061396494933437
2023-06-12,8592.8564453125,8592.8564453125,8545.900945611338,8592.8564453125,38082300,0.0,3.0,1.0,8592.8564453125,42.47428226106604
2023-06-13,8592.8564453125,8616.334195163081,8545.900945611338,8616.334195163081,45552600,-0.5,2.0,1.0,8592.8564453125,1.2989260413778538
2023-06-14,8522.4228515625,8569.378349367253,8498.945102660124,8545.900600464876,72223700,-0.4,5.0,1.0,8522.4228515625,-69.49992996374567
2023-06-15,8498.9443359375,8545.899829506216,8498.9443359375,8545.899829506216,59073000,-1.0,2.0,1.0,8498.9443359375,-33.8689376367638
2023-06-16,8498.9443359375,8545.899829506216,8428.511095584427,8545.899829506216,112769400,-0.3333333333333333,3.0,1.0,8498.9443359375,-10.781452908338906
2023-06-19,8451.9892578125,8498.944753689235,8451.9892578125,8451.9892578125,32330600,0.0,2.0,1.0,8451.9892578125,-52.56624404375361
2023-06-20,8498.9443359375,8498.9443359375,8405.033348800069,8475.466589153142,54990100,0.0,0.0,0.0,8498.9443359375,37.81394744110548
2023-06-21,8569.3779296875,8569.3779296875,8451.989190924658,8498.944686429793,42676300,0.0,2.0,1.0,8569.3779296875,69.47029474138435
2023-06-22,8498.9443359375,8592.855323074931,8498.9443359375,8569.377576290573,48291100,0.0,0.0,0.0,8498.9443359375,-61.54447151974637
2023-06-23,8498.9443359375,8592.855323074931,8475.466589153142,8475.466589153142,47813500,-1.0,1.0,1.0,8498.9443359375,-4.889507357931507
2023-06-26,8522.4228515625,8569.378349367253,8475.467353757747,8475.467353757747,36389900,0.0,2.0,1.0,8522.4228515625,16.740112318680985
2023-06-27,8592.8564453125,8592.8564453125,8498.945445910178,8498.945445910178,36225100,0.0,1.0,1.0,8592.8564453125,70.08771758072544
2023-07-03,8522.4228515625,8522.4228515625,8475.467353757747,8475.467353757747,108855900,0.0,0.0,0.0,8522.4228515625,-62.87193080085308
2023-07-04,8498.9443359375,8592.855323074931,8498.9443359375,8592.855323074931,35049300,0.0,3.0,1.0,8498.9443359375,-28.487888122195727
2023-07-05,8498.9443359375,8522.422082721858,8475.466589153142,8498.9443359375,44609200,-0.25,4.0,1.0,8498.9443359375,-9.687968838778032
2023-07-06,8522.4228515625,8545.900600464876,8475.467353757747,8498.945102660124,52532400,0.0,1.0,1.0,8522.4228515625,18.358003464465583
2023-07-07,8475.466796875,8545.900038954293,8475.466796875,8475.466796875,37641300,-0.25,4.0,1.0,8475.466796875,-47.42507132602623
2023-07-10,8498.9443359375,8545.899829506216,8498.9443359375,8545.899829506216,28981500,0.0,2.0,1.0,8498.9443359375,16.898791983425326
2023-07-11,8475.466796875,8545.900038954293,8475.466796875,8545.900038954293,43703500,-0.3333333333333333,3.0,1.0,8475.466796875,-26.634627343366446
2023-07-12,8616.333984375,8616.333984375,8498.94523799387,8522.422987270096,61566500,0.5,2.0,1.0,8616.333984375,136.71211820105054
2023-07-13,8569.3779296875,8663.288920697774,8569.3779296875,8639.811172945205,65230900,0.0,4.0,1.0,8569.3779296875,-34.20267796149892
2023-07-14,8639.810546875,8639.810546875,8569.377308721127,8616.33280082371,55554500,0.3333333333333333,3.0,1.0,8639.810546875,73.33270399118192
2023-07-17,8616.333984375,8686.76723220368,8616.333984375,8639.811733651226,62550100,0.0,1.0,1.0,8616.333984375,-18.911349863916257
2023-07-18,8592.8564453125,8686.767444714822,8545.900945611338,8639.811945013662,52924600,-0.2,5.0,1.0,8592.8564453125,-22.940892598377104
2023-07-20,8592.8564453125,8663.289694864241,8569.378695461919,8639.811945013662,83476600,1.0,2.0,1.0,8592.8564453125,-6.090135740532787
2023-07-21,8592.8564453125,8616.334195163081,8569.378695461919,8592.8564453125,42667800,0.0,1.0,1.0,8592.8564453125,-4.3151710950533015
2023-07-24,8545.900390625,8639.811383928572,8545.900390625,8639.811383928572,62061200,-0.2,5.0,1.0,8545.900390625,-49.9347138090543
2023-07-25,8592.8564453125,8733.722944415984,8592.8564453125,8616.334195163081,122802700,0.0,6.0,1.0,8592.8564453125,38.56427600414645
2023-07-26,8780.6767578125,8780.6767578125,8569.377049736799,8616.332540420288,113868700,-0.1428571428571428,7.0,1.0,8780.6767578125,187.12309893734343
2023-07-27,8663.2890625,8827.633299457995,8663.2890625,8827.633299457995,77848400,-0.6,5.0,1.0,8663.2890625,-94.18359776234138
2023-07-28,8569.3779296875,8663.288920697774,8569.3779296875,8639.811172945205,74510200,-0.25,4.0,1.0,8569.3779296875,-94.92904403142713
2023-07-31,8569.3779296875,8639.811172945205,8545.90018193493,8616.333425192637,80868000,0.0,1.0,1.0,8569.3779296875,-19.827335486885204
2023-08-01,8569.3779296875,8616.333425192637,8545.90018193493,8616.333425192637,49756400,0.0,3.0,1.0,8569.3779296875,-10.771085212758408
2023-08-02,8639.810546875,8639.810546875,8569.377308721127,8569.377308721127,60629900,0.0,1.0,1.0,8639.810546875,65.75708113048313
2023-08-03,8686.7666015625,8733.722096706082,8592.855611275338,8592.855611275338,64596100,0.0,1.0,1.0,8686.7666015625,52.161958614151445
2023-08-04,8592.8564453125,8710.245194565403,8569.378695461919,8686.767444714822,52675900,-0.25,4.0,1.0,8592.8564453125,-85.26019246196847
2023-08-07,8710.244140625,8710.244140625,8592.855405576145,8592.855405576145,55589300,0.0,7.0,1.0,8710.244140625,108.4709769725905
2023-08-08,8639.810546875,8733.721531080162,8639.810546875,8710.243785028872,43373400,-0.1666666666666666,6.0,1.0,8639.810546875,-65.00550116653903
2023-08-09,8827.6328125,8827.6328125,8686.76633144947,8710.244078291224,77056800,-0.1428571428571428,7.0,1.0,8827.6328125,185.1083481886781
2023-08-10,8827.6328125,8851.110559341756,8780.67731881649,8827.6328125,76738100,0.0,2.0,1.0,8827.6328125,16.06795316440912
2023-08-11,8827.6328125,8874.58830618351,8804.155065658246,8851.110559341756,68898600,-0.2,5.0,1.0,8827.6328125,12.215687403893751
2023-08-14,8780.6767578125,8780.6767578125,8663.288031103777,8757.199012470755,75495400,-0.25,4.0,1.0,8780.6767578125,-46.45592767641756
2023-08-15,8733.72265625,8804.155903477822,8733.72265625,8757.20040532594,59303700,0.0,0.0,0.0,8733.72265625,-53.82407213180159
2023-08-16,8733.72265625,8757.20040532594,8686.767158098119,8710.24490717406,53440000,0.0,1.0,1.0,8733.72265625,-11.66753139958746
2023-08-18,8686.7666015625,8780.677591849662,8686.7666015625,8686.7666015625,79328900,0.0,0.0,0.0,8686.7666015625,-54.00253297547715
2023-08-21,8616.333984375,8686.76723220368,8616.333984375,8663.289482927452,73573000,0.0,2.0,1.0,8616.333984375,-79.80685603048732
2023-08-22,8733.72265625,8757.20040532594,8592.856161794354,8592.856161794354,65664600,0.25,4.0,1.0,8733.72265625,102.06863155548308
2023-08-23,8733.72265625,8757.20040532594,8710.24490717406,8733.72265625,63749800,-0.5,4.0,1.0,8733.72265625,5.01470992646864
2023-08-24,8639.810546875,8757.199277131453,8639.810546875,8686.766038977581,53725900,0.5,2.0,1.0,8639.810546875,-88.56232074694162
2023-08-25,8710.244140625,8710.244140625,8616.333152585916,8639.810899595686,50379000,-0.6,5.0,1.0,8710.244140625,57.97917466906984
2023-08-28,8639.810546875,8686.766038977581,8639.810546875,8686.766038977581,44423100,0.0,1.0,1.0,8639.810546875,-71.34721333374728
2023-08-29,8686.7666015625,8733.722096706082,8639.81110641892,8710.244349134291,45428500,0.0,1.0,1.0,8686.7666015625,40.11333895146527
2023-08-30,8639.810546875,8733.721531080162,8639.810546875,8733.721531080162,56227000,0.0,1.0,1.0,8639.810546875,-48.89030479571193
2023-08-31,8616.333984375,8663.289482927452,8545.900736546322,8639.811733651226,136107200,-0.3333333333333333,3.0,1.0,8616.333984375,-28.785295569376103
2023-09-01,8663.2890625,8710.244558773713,8616.333566226287,8639.811314363144,42152700,0.0,3.0,1.0,8663.2890625,38.16143134113372
2023-09-04,8663.2890625,8710.244558773713,8616.333566226287,8663.2890625,40610600,0.0,3.0,1.0,8663.2890625,0.6612922129643266
2023-09-05,8663.2890625,8686.766810636856,8639.811314363144,8686.766810636856,42007200,-0.3333333333333333,3.0,1.0,8663.2890625,0.5693618163641077
2023-09-06,8592.8564453125,8686.767444714822,8592.8564453125,8639.811945013662,49318400,0.0,0.0,0.0,8592.8564453125,-72.36978002960677
2023-09-07,8616.333984375,8616.333984375,8545.900736546322,8569.378485822548,61405200,0.0,2.0,1.0,8616.333984375,12.690608903614702
2023-09-08,8569.3779296875,8592.855677440068,8498.944686429793,8545.90018193493,80732300,-0.2,5.0,1.0,8569.3779296875,-52.283272571643465
2023-09-11,8569.3779296875,8569.3779296875,8522.422434182363,8522.422434182363,53155900,-0.4,5.0,1.0,8569.3779296875,-7.544915698450495
2023-09-12,8545.900390625,8569.378138950893,8522.422642299107,8545.900390625,66479000,-0.2,5.0,1.0,8545.900390625,-29.921632989309728
2023-09-13,8522.4228515625,8522.4228515625,8451.989604855373,8498.945102660124,69490200,-0.25,4.0,1.0,8522.4228515625,-29.65770979221452
2023-09-14,8545.900390625,8569.378138950893,8451.98939732143,8451.98939732143,112757900,0.0,3.0,1.0,8545.900390625,15.84035037292233
2023-09-15,8451.9892578125,8545.900249565972,8451.9892578125,8498.944753689235,121005300,0.0,1.0,1.0,8451.9892578125,-96.0142572577406
2023-09-18,8451.9892578125,8522.422501627603,8451.9892578125,8498.944753689235,34272200,0.0,1.0,1.0,8451.9892578125,-12.637571304021549
2023-09-19,8522.4228515625,8522.4228515625,8428.511855952996,8451.989604855373,33325800,-0.3333333333333333,3.0,1.0,8522.4228515625,60.46203212742876
2023-09-20,8592.8564453125,8616.334195163081,8522.423195760759,8569.378695461919,54305500,0.0,0.0,0.0,8592.8564453125,74.87328711325245
2023-09-21,8569.3779296875,8592.855677440068,8522.422434182363,8569.3779296875,40607000,0.0,1.0,1.0,8569.3779296875,-12.427221441850634
2023-09-22,8522.4228515625,8592.856098269629,8522.4228515625,8569.378349367253,42445300,0.0,2.0,1.0,8522.4228515625,-45.5297354390932
2023-09-25,8451.9892578125,8522.422501627603,8451.9892578125,8522.422501627603,56132200,-0.5,4.0,1.0,8451.9892578125,-78.83108374900985
2023-09-26,8405.033203125,8475.466442257331,8405.033203125,8451.988695879889,73544700,0.0,4.0,1.0,8405.033203125,-61.59397871221336
2023-09-27,8334.6005859375,8451.989326584506,8334.6005859375,8358.0783340669,84345000,0.0,6.0,1.0,8334.6005859375,-85.1965719450709
2023-09-29,8287.64453125,8358.077770892352,8287.64453125,8287.64453125,118960000,0.0,1.0,1.0,8287.64453125,-63.43474064672591
2023-10-02,8522.4228515625,8545.900600464876,8334.600860343491,8358.078609245867,93663000,0.0,3.0,1.0,8522.4228515625,219.36759894257372
2023-10-03,8639.810546875,8639.810546875,8475.466324515965,8522.421816618546,98380200,0.0,4.0,1.0,8639.810546875,137.7140022352578
2023-10-04,8639.810546875,8686.766038977581,8569.377308721127,8639.810546875,112582800,0.25,4.0,1.0,8639.810546875,29.24462169047365
2023-10-05,8522.4228515625,8639.81159607438,8522.4228515625,8639.81159607438,72855700,0.0,3.0,1.0,8522.4228515625,-106.72814709656268
2023-10-06,8475.466796875,8545.900038954293,8475.466796875,8545.900038954293,53344400,0.0,3.0,1.0,8475.466796875,-60.000689884233
2023-10-09,8498.9443359375,8569.377576290573,8475.466589153142,8475.466589153142,43774500,0.0,1.0,1.0,8498.9443359375,7.050406538497555
2023-10-10,8381.5556640625,8451.988904936974,8381.5556640625,8451.988904936974,71966100,0.0,1.0,1.0,8381.5556640625,-122.57666866008913
2023-10-11,8381.5556640625,8475.466651895133,8381.5556640625,8381.5556640625,84305800,0.0,1.0,1.0,8381.5556640625,-16.443093998355835
2023-10-12,8498.9443359375,8545.899829506216,8451.988842368784,8451.988842368784,71064500,0.0,1.0,1.0,8498.9443359375,105.18815492481916
2023-10-13,8522.4228515625,8569.378349367253,8475.467353757747,8545.900600464876,62941800,0.0,2.0,1.0,8522.4228515625,33.08788430920322
2023-10-16,8545.900390625,8569.378138950893,8498.944893973214,8569.378138950893,29429200,0.0,2.0,1.0,8545.900390625,32.43869802955669
2023-10-17,8405.033203125,8522.42193501222,8405.033203125,8498.944188634776,59606000,0.0,2.0,1.0,8405.033203125,-136.78252143513237
2023-10-18,8311.123046875,8405.034041754943,8311.123046875,8381.556293034957,50919200,0.0,1.0,1.0,8311.123046875,-110.3862492985536
2023-10-19,8217.212890625,8311.123895089286,8217.212890625,8287.646143973214,89509700,-0.1,10.0,1.0,8217.212890625,-118.4462987433999
2023-10-20,8428.5107421875,8475.46623378743,8193.733284187847,8193.733284187847,64554500,-0.1428571428571428,7.0,1.0,8428.5107421875,187.54094428767348
2023-10-23,8311.123046875,8381.556293034957,8311.123046875,8334.600795594986,50633500,0.0,1.0,1.0,8311.123046875,-104.58091766565668
2023-10-24,8240.689453125,8334.600444043803,8240.689453125,8240.689453125,76963200,-0.25,4.0,1.0,8240.689453125,-72.68434375113065
2023-10-25,8334.6005859375,8381.556082196303,8287.645089678697,8287.645089678697,54748400,0.0,3.0,1.0,8334.6005859375,76.08902914986174
2023-10-26,8193.734375,8405.034115329512,8193.734375,8381.556366404011,63199400,0.0,4.0,1.0,8193.734375,-138.52749450460033
2023-10-27,8170.25732421875,8264.168327945403,8170.25732421875,8193.735075150413,52450700,-0.2,5.0,1.0,8170.25732421875,-37.260084840429045
2023-10-30,8311.123046875,8311.123046875,8170.256554555084,8170.256554555084,51958200,0.0,2.0,1.0,8311.123046875,125.0797900132211
2023-10-31,8217.212890625,8287.646143973214,8193.735139508928,8264.168392857144,64907600,0.0,3.0,1.0,8217.212890625,-83.27421576958295
2023-11-01,8076.34619140625,8240.690445301145,8076.34619140625,8217.21269474473,67027600,-0.25,4.0,1.0,8076.34619140625,-144.69043977729234
2023-11-02,8311.123046875,8358.07854431497,8193.73430327507,8193.73430327507,56050900,-0.5,6.0,1.0,8311.123046875,209.6420464335661
2023-11-03,8358.0771484375,8405.032638035464,8311.121658839536,8381.554893236482,60414100,0.0,5.0,1.0,8358.0771484375,60.69420237954
2023-11-06,8498.9443359375,8498.9443359375,8405.033348800069,8428.511095584427,84994200,0.0,3.0,1.0,8498.9443359375,160.126222636105
2023-11-07,8428.5107421875,8475.46623378743,8358.077504787605,8451.988487987464,60648200,-0.3333333333333333,3.0,1.0,8428.5107421875,-49.03019006652721
2023-11-08,8451.9892578125,8451.9892578125,8358.078266059027,8405.033761935763,31829300,-1.0,1.0,1.0,8451.9892578125,26.138860390379705
2023-11-09,8451.9892578125,8498.944753689235,8358.078266059027,8358.078266059027,46076800,0.0,1.0,1.0,8451.9892578125,-2.143567679391708
2023-11-10,8287.64453125,8451.988757082154,8287.64453125,8405.033263987252,50754600,-0.5,2.0,1.0,8287.64453125,-164.91546557126094
2023-11-13,8334.6005859375,8381.556082196303,8311.122837808098,8334.6005859375,20827700,0.0,4.0,1.0,8334.6005859375,24.767713582072247
2023-11-14,8381.5556640625,8405.033411020659,8334.600170146183,8358.077917104341,37195700,0.0,7.0,1.0,8381.5556640625,36.933888708597806
2023-11-15,8498.9443359375,8498.9443359375,8405.033348800069,8428.511095584427,84977900,0.2,5.0,1.0,8498.9443359375,121.4647156021838
2023-11-16,8522.4228515625,8522.4228515625,8405.03410705062,8498.945102660124,48714300,-0.2,5.0,1.0,8522.4228515625,38.6132419614587
2023-11-17,8522.4228515625,8522.4228515625,8428.511855952996,8475.467353757747,57050500,0.0,3.0,1.0,8522.4228515625,10.714185892851674
2023-11-20,8334.6005859375,8475.467074713908,8334.6005859375,8428.511578455105,49216000,0.0,5.0,1.0,8334.6005859375,-186.00395599182772
2023-11-21,8240.689453125,8358.078191773504,8240.689453125,8287.644948584402,107614800,-0.25,4.0,1.0,8240.689453125,-117.8007937276052
2023-11-22,8334.6005859375,8334.6005859375,8240.689593419895,8240.689593419895,40364800,-0.2,5.0,1.0,8334.6005859375,65.20064866301982
2023-11-23,8381.5556640625,8428.511157978817,8311.122423188026,8311.122423188026,55542100,0.0,3.0,1.0,8381.5556640625,44.97141951737649
2023-11-24,8381.5556640625,8428.511157978817,8358.077917104341,8381.5556640625,43631900,0.0,3.0,1.0,8381.5556640625,7.741105922745191
2023-11-27,8334.6005859375,8405.033830325703,8334.6005859375,8358.0783340669,35679000,0.0,1.0,1.0,8334.6005859375,-45.07415209985811
2023-11-28,8334.6005859375,8405.033830325703,8311.122837808098,8334.6005859375,69070600,0.0,1.0,1.0,8334.6005859375,-7.000187332016139
2023-11-29,8358.0771484375,8405.032638035464,8358.0771484375,8358.0771484375,54715600,0.0,3.0,1.0,8358.0771484375,17.578233013227873
2023-11-30,8428.5107421875,8428.5107421875,8358.077504787605,8381.55525058757,205312100,-0.25,4.0,1.0,8428.5107421875,70.04888582578315
2023-12-01,8405.033203125,8428.510949502444,8358.077710370111,8381.555456747556,80566400,0.0,3.0,1.0,8405.033203125,-15.864813132700874
2023-12-04,8421.546875,8515.905943627451,8421.546875,8445.136642156864,54747400,0.0,5.0,1.0,8421.546875,17.201185996413187
2023-12-05,8397.9560546875,8445.13558308462,8327.186762091818,8445.13558308462,94363900,0.0,2.0,1.0,8397.9560546875,-24.611124404393195
2023-12-06,8303.59765625,8445.136252663353,8303.59765625,8350.777188387785,81852800,0.0,1.0,1.0,8303.59765625,-98.24800187722394
2023-12-07,8327.1875,8327.1875,8232.828434844192,8256.418201133145,91322500,0.0,5.0,1.0,8327.1875,7.989668052732668
2023-12-08,8256.4189453125,8350.778018973215,8256.4189453125,8303.598482142857,43891600,0.0,7.0,1.0,8256.4189453125,-78.38776649172905
2023-12-11,8256.4189453125,8280.008713727679,8185.649640066965,8185.649640066965,78642800,-0.6666666666666666,3.0,1.0,8256.4189453125,-11.022822038143204
2023-12-12,8209.2392578125,8256.41879377694,8209.2392578125,8209.2392578125,87589300,-0.25,4.0,1.0,8209.2392578125,-55.7825429801087
2023-12-13,8185.6484375,8256.417732348704,8185.6484375,8209.238202449567,51560500,0.5,2.0,1.0,8185.6484375,-33.13797896709912
2023-12-14,8539.49609375,8539.49609375,8256.418875172652,8280.008643387431,115332800,0.0,5.0,1.0,8539.49609375,344.06762836891176
2023-12-15,8704.6240234375,8704.6240234375,8563.085421430387,8610.264955432758,275013500,0.3333333333333333,6.0,1.0,8704.6240234375,202.5897801529536
2023-12-18,8681.0341796875,8704.62394648013,8633.854646102242,8681.0341796875,111712200,0.0,4.0,1.0,8681.0341796875,21.818705535069967
2023-12-19,8728.2138671875,8728.2138671875,8610.265031144425,8610.265031144425,65174500,-0.3333333333333333,3.0,1.0,8728.2138671875,61.25590621914489
2023-12-20,8775.3935546875,8775.3935546875,8704.624251827117,8728.214019447245,72938100,-0.6666666666666666,3.0,1.0,8775.3935546875,54.00846580267171
2023-12-21,8798.982421875,8798.982421875,8728.213126256702,8775.3926566689,88116700,0.0,4.0,1.0,8798.982421875,32.163191901519895
2023-12-22,8798.982421875,8822.5721870811,8751.802891462801,8751.802891462801,64449600,0.25,4.0,1.0,8798.982421875,5.443383728086701
2023-12-27,8846.162109375,8869.751875,8798.982578125,8846.162109375,64464700,0.0,2.0,1.0,8846.162109375,47.92972151933827
2023-12-28,8869.751953125,8893.34171895778,8798.982655626662,8798.982655626662,70184600,-0.2,5.0,1.0,8869.751953125,27.713196601063828
2023-12-29,8869.751953125,8916.931484790559,8822.572421459441,8893.34171895778,79903400,0.0,4.0,1.0,8869.751953125,4.499336325701734
2024-01-02,8893.3427734375,8893.3427734375,8822.573467548076,8869.753004807691,30545200,0.0,1.0,1.0,8893.3427734375,23.930274621679928
2024-01-03,8822.5732421875,8893.342546269218,8798.98347416026,8893.342546269218,34603300,0.0,2.0,1.0,8822.5732421875,-69.61885854070715
2024-01-04,8940.521484375,8940.521484375,8846.162418576847,8869.752185026386,56501800,0.5,4.0,1.0,8940.521484375,109.0493622688573
2024-01-05,9034.880859375,9058.470626631854,8940.521790347584,8964.11155760444,85290100,-0.2857142857142857,7.0,1.0,9034.880859375,100.89841909204188
2024-01-08,9034.880859375,9082.060393888707,8940.521790347584,9058.470626631854,50896000,-0.3333333333333333,3.0,1.0,9034.880859375,17.439917875943138
2024-01-09,9082.060546875,9082.060546875,9034.881011566558,9058.47077922078,59848600,0.0,3.0,1.0,9082.060546875,53.95812529467912
2024-01-10,9011.291015625,9105.65008385144,9011.291015625,9105.65008385144,52774900,0.0,1.0,1.0,9011.291015625,-65.11696521545309
2024-01-11,9034.880859375,9105.65016114556,9034.880859375,9082.060393888707,39381500,0.5,2.0,1.0,9034.880859375,17.234953325278184
2024-01-12,9152.830078125,9152.830078125,9058.471005154639,9105.65054163982,68253400,0.2,5.0,1.0,9152.830078125,113.6556141958972
2024-01-15,9176.419921875,9200.009690311697,9105.65061656491,9200.009690311697,88399500,0.2,5.0,1.0,9176.419921875,36.46691046512569
2024-01-16,9152.830078125,9200.00961461018,9129.24030988241,9152.830078125,44869200,0.0,1.0,1.0,9152.830078125,-13.655536461767042
2024-01-17,9200.0078125,9200.0078125,9105.64875801282,9200.0078125,107706100,-0.25,4.0,1.0,9200.0078125,45.89846528635826
2024-01-18,9129.2392578125,9200.00855438469,9082.059726764373,9129.2392578125,71048900,0.0,1.0,1.0,9129.2392578125,-68.16238831785085
2024-01-19,9082.060546875,9223.599152800323,9058.47077922078,9223.599152800323,63176500,0.0,2.0,1.0,9082.060546875,-54.43916506551068
2024-01-22,9082.060546875,9105.65031452922,8987.701476258117,9058.47077922078,52868300,0.0,4.0,1.0,9082.060546875,-13.1865263957734
2024-01-23,9058.4697265625,9058.4697265625,8916.931137084961,8916.931137084961,92348600,0.0,3.0,1.0,9058.4697265625,-30.86240237954007
2024-01-24,8987.701171875,9058.470472440946,8940.52163816437,9058.470472440946,84906000,0.0,3.0,1.0,8987.701171875,-77.43820155198955
2024-01-25,8964.111328125,9034.880628083882,8916.931794819078,8916.931794819078,63212700,0.0,6.0,1.0,8964.111328125,-37.08287409571494
2024-01-26,8822.5732421875,8916.932314296457,8775.393706133022,8869.752778241978,78977300,-0.2222222222222222,9.0,1.0,8822.5732421875,-153.2374567120296
2024-01-29,9011.291015625,9011.291015625,8846.16264622873,8869.75241328534,73452800,0.2,5.0,1.0,9011.291015625,165.62038309387572
2024-01-30,9105.6494140625,9105.6494140625,8940.521056812662,8964.110822134067,73136400,0.0,5.0,1.0,9105.6494140625,102.19226028400954
2024-01-31,9011.291015625,9152.82961796466,9011.291015625,9152.82961796466,102581200,0.0,1.0,1.0,9011.291015625,-72.99719081382864
2024-02-01,9152.830078125,9176.41984636759,9034.88123691205,9105.65054163982,104208700,0.0,6.0,1.0,9152.830078125,137.43837115241695
2024-02-02,9152.830078125,9247.189151095361,9082.06077339723,9223.59938285277,99324000,-0.25,4.0,1.0,9152.830078125,9.756320452610453
2024-02-05,9034.880859375,9129.239928402416,8987.701324861293,9129.239928402416,57983300,0.0,2.0,1.0,9034.880859375,-109.67090938619548
2024-02-06,9082.060546875,9200.009385146104,9082.060546875,9200.009385146104,87651000,0.0,3.0,1.0,9082.060546875,32.48143782213447
2024-02-07,9152.830078125,9176.41984636759,9105.65054163982,9152.830078125,92953500,0.0,3.0,1.0,9152.830078125,65.35975578091893
2024-02-12,9247.1884765625,9247.1884765625,9152.829410475128,9200.008943518813,87949400,0.0,3.0,1.0,9247.1884765625,102.39428814316489
2024-02-13,9176.419921875,9247.18922718509,9152.830153438304,9200.009690311697,66072400,0.0,6.0,1.0,9176.419921875,-56.05451241620358
2024-02-15,9294.3681640625,9412.31699863182,9294.3681640625,9388.727231717956,164748900,0.0,6.0,1.0,9294.3681640625,115.91524284245496
2024-02-16,9388.7265625,9435.906092964824,9317.957266802763,9412.316327732413,142277200,0.0,2.0,1.0,9388.7265625,102.63252442670272
2024-02-19,9317.9580078125,9412.317076246045,9270.778473595728,9341.547774920886,53341300,0.0,6.0,1.0,9317.9580078125,-52.66150429051959
2024-02-20,9459.49609375,9459.49609375,9294.367733011222,9294.367733011222,63997700,0.0,2.0,1.0,9459.49609375,139.93233154747395
2024-02-21,9412.3173828125,9435.907150689223,9294.368543428885,9388.727614935777,75371600,0.0,2.0,1.0,9412.3173828125,-35.76680416520503
2024-02-22,9317.9580078125,9412.317076246045,9317.9580078125,9412.317076246045,66913000,0.0,4.0,1.0,9317.9580078125,-91.43465053487488
2024-02-23,9270.779296875,9365.138373687976,9247.189527671755,9341.548604484733,55192300,0.0,4.0,1.0,9270.779296875,-62.69512279307128
2024-02-26,9247.1884765625,9317.957776128029,9176.419176996971,9200.008943518813,41356000,0.0,2.0,1.0,9247.1884765625,-39.32696682293681
2024-02-27,9317.9580078125,9341.547774920886,9200.00917227057,9200.00917227057,43735800,-0.5,2.0,1.0,9317.9580078125,59.77912232273593
2024-02-28,9435.9072265625,9435.9072265625,9341.548154296876,9412.317458496094,54043100,0.0,3.0,1.0,9435.9072265625,120.53011421192424
2024-02-29,9317.9580078125,9435.90684335443,9294.368240704114,9435.90684335443,126671200,-0.25,4.0,1.0,9317.9580078125,-101.40761558835766
2024-03-01,9270.779296875,9365.138373687976,9247.189527671755,9341.548604484733,51520600,0.0,2.0,1.0,9270.779296875,-53.503821167874776
2024-03-04,9200.0078125,9270.777103365384,9200.0078125,9247.18733974359,43822900,-0.3333333333333333,3.0,1.0,9200.0078125,-86.05684618255145
2024-03-05,9247.1884765625,9341.547542649872,9223.598710040656,9341.547542649872,61952900,-0.25,4.0,1.0,9247.1884765625,31.136017239523422
2024-03-06,9388.7265625,9435.906092964824,9223.598205873115,9341.547032035176,70242200,0.3333333333333333,3.0,1.0,9388.7265625,137.53653707418923
2024-03-07,9553.8564453125,9601.035983314043,9435.907600308641,9483.087138310186,118369300,0.0,1.0,1.0,9553.8564453125,181.82746002764907
2024-03-08,9577.4453125,9718.98391317734,9553.855545720444,9671.804379618226,100947200,0.3333333333333333,3.0,1.0,9577.4453125,52.73681319921161
2024-03-13,9435.9072265625,9813.343515625,9435.9072265625,9813.343515625,141622600,0.0,3.0,1.0,9435.9072265625,-125.09473106440964
2024-03-14,9742.57421875,9742.57421875,9459.497001740316,9483.086769824455,110681100,0.2222222222222222,9.0,1.0,9742.57421875,292.9587093728114
2024-03-15,9577.4453125,9718.98391317734,9483.086245381774,9624.624846059114,154176800,-0.1666666666666666,6.0,1.0,9577.4453125,-139.98295176010834
2024-03-18,9577.4453125,9695.394146397783,9577.4453125,9601.035079279556,62444100,0.0,4.0,1.0,9577.4453125,0.4716935642900353
2024-03-19,9601.03515625,9671.804457156019,9577.445389281327,9577.445389281327,55004800,0.0,4.0,1.0,9601.03515625,12.28192417927312
2024-03-20,9553.8564453125,9577.446214313271,9506.676907310957,9530.266676311729,66269700,-0.5,2.0,1.0,9553.8564453125,-47.70837757321897
2024-03-21,9553.8564453125,9648.215521315586,9483.087138310186,9601.035983314043,90279400,-0.2,5.0,1.0,9553.8564453125,-7.017418719497073
2024-03-22,9530.265625,9553.855391398516,9388.72702660891,9435.906559405941,91968200,-0.2,5.0,1.0,9530.265625,-29.666528783387548
2024-03-25,9725.74609375,9725.74609375,9580.94590376861,9725.74609375,66971000,-0.1428571428571428,7.0,1.0,9725.74609375,189.36632995697252
2024-03-26,9701.6123046875,9701.6123046875,9605.078848919466,9701.6123046875,65742700,0.25,4.0,1.0,9701.6123046875,-5.198001032193133
2024-03-27,9725.74609375,9725.74609375,9653.345998759305,9677.479363756203,39514100,0.0,4.0,1.0,9725.74609375,34.054383578588386
2024-03-28,9725.74609375,9749.879458746898,9629.212633762407,9677.479363756203,79229700,0.0,3.0,1.0,9725.74609375,1.7328986175562022
2024-04-01,9508.5458984375,9749.879550682106,9484.412533213039,9725.746185457645,79248700,0.0,2.0,1.0,9508.5458984375,-216.77420047017768
2024-04-02,9556.8125,9605.079229797979,9460.27904040404,9580.94586489899,76763100,0.0,6.0,1.0,9556.8125,20.04849834007291
2024-04-03,9194.8125,9460.279527559056,9194.8125,9412.01279527559,177418400,-0.75,4.0,1.0,9194.8125,-376.0442249163116
2024-04-04,9508.5458984375,9508.5458984375,9243.078880968433,9243.078880968433,75993500,0.0,6.0,1.0,9508.5458984375,267.4230654520561
2024-04-05,9484.4130859375,9605.07991909192,9484.4130859375,9605.07991909192,70428600,-0.3333333333333333,6.0,1.0,9484.4130859375,-18.781953933399564
2024-04-16,9146.544921875,9243.078377514841,8929.344646685357,9025.878102325198,283265900,-0.1666666666666666,6.0,1.0,9146.544921875,-324.4004395561915
2024-04-17,9194.8125,9339.612696850394,9194.8125,9218.945866141732,95620700,0.0,4.0,1.0,9194.8125,5.634996018323363
2024-04-18,9146.544921875,9243.078377514841,9122.41155796504,9194.81164969492,127134000,0.0,4.0,1.0,9146.544921875,-71.2211883538348
2024-04-19,9146.544921875,9170.678285784961,8977.611374505277,9025.878102325198,147784300,-0.3333333333333333,6.0,1.0,9146.544921875,-10.310583507178308
2024-04-22,9025.87890625,9098.279004428476,9025.87890625,9074.145638368984,128908000,0.0,9.0,1.0,9025.87890625,-128.70562746713404
2024-04-23,9387.8798828125,9436.146617428503,9074.146107808483,9074.146107808483,178833000,0.1111111111111111,9.0,1.0,9387.8798828125,343.6595094521217
2024-04-24,9605.0791015625,9605.0791015625,9412.012184948178,9484.412278678548,132832700,0.0,5.0,1.0,9605.0791015625,248.2522111323742
2024-04-25,9436.1455078125,9653.345788043478,9363.745414402174,9653.345788043478,104874100,0.0,9.0,1.0,9436.1455078125,-118.01577057432404
2024-04-26,9291.345703125,9484.412626826299,9291.345703125,9363.745799512986,100932900,0.0,3.0,1.0,9291.345703125,-144.63956935771603
2024-04-29,9460.279296875,9508.546027981505,9194.812275789222,9194.812275789222,90063500,0.0,2.0,1.0,9460.279296875,141.493139186181
2024-04-30,9460.279296875,9701.612952407526,9460.279296875,9701.612952407526,109623000,0.0,1.0,1.0,9460.279296875,5.4806373530063865
2024-05-02,9218.9453125,9556.812418193716,9170.678583115183,9556.812418193716,97079400,0.0,4.0,1.0,9218.9453125,-233.3042714887397
2024-05-03,9508.5458984375,9508.5458984375,9339.612341866276,9412.012437539657,81200400,0.0,5.0,1.0,9508.5458984375,259.6276481228306
2024-05-06,9460.279296875,9532.679393534758,9436.145931321747,9508.546027981505,53076200,0.25,4.0,1.0,9460.279296875,-34.36254381742583
2024-05-07,9363.74609375,9412.012826192009,9291.345995086984,9363.74609375,66746800,0.0,0.0,0.0,9363.74609375,-85.4733097711287
2024-05-08,9050.01171875,9363.745458333333,9050.01171875,9267.212,112808900,-0.4,5.0,1.0,9050.01171875,-328.4345484039768
2024-05-13,9194.8125,9194.8125,8881.078740157482,8881.078740157482,145469900,0.0,5.0,1.0,9194.8125,97.24122100521708
2024-05-14,9218.9453125,9339.612135962041,9194.811947807591,9291.345406577226,95363500,-0.25,4.0,1.0,9218.9453125,12.01773710830821
2024-05-15,9170.6787109375,9267.212171052632,9098.278615851152,9170.6787109375,54741900,-0.3333333333333333,3.0,1.0,9170.6787109375,-42.38894833688755
2024-05-16,9267.2119140625,9339.612007141113,9194.811820983887,9243.078549702961,61126000,0.0,3.0,1.0,9267.2119140625,90.143169238052
2024-05-17,9412.01171875,9508.54517227564,9243.078175080127,9267.211538461539,99848500,0.0,5.0,1.0,9412.01171875,150.85849487227097
2024-05-20,9146.544921875,9460.278652704486,9146.544921875,9363.745197064643,87890100,0.0,2.0,1.0,9146.544921875,-243.2274493067598
2024-05-21,9050.01171875,9243.078635416667,9050.01171875,9122.4118125,75311400,-0.3333333333333333,3.0,1.0,9050.01171875,-118.0353917567736
2024-05-22,9098.279296875,9243.079497886274,9001.745829534151,9146.546030545425,121712700,0.0,3.0,1.0,9098.279296875,15.720816660201308
2024-05-27,8977.6123046875,9050.01240391885,8953.47893827705,8977.6123046875,128578500,0.0,6.0,1.0,8977.6123046875,-128.66554142198402
2024-05-28,8977.6123046875,9074.145770329302,8977.6123046875,8977.6123046875,73945700,0.0,4.0,1.0,8977.6123046875,-16.60439474323539
2024-05-29,8832.8125,9001.746072404372,8832.8125,8953.479337431694,117351600,-0.5,2.0,1.0,8832.8125,-157.42505179914588
2024-05-30,8688.01171875,8929.345377604166,8470.81142578125,8688.01171875,207115100,0.0,5.0,1.0,8688.01171875,-167.04320174562417
2024-05-31,8929.345703125,8929.345703125,8712.145402238175,8784.545502533783,756431600,0.0,2.0,1.0,8929.345703125,208.5547385011596
2024-06-03,8953.478515625,9025.878611438678,8905.211785082547,9025.878611438678,72197700,0.2,5.0,1.0,8953.478515625,36.25365673959823
2024-06-04,9025.87890625,9194.812468666443,9025.87890625,9194.812468666443,75353100,0.0,1.0,1.0,9025.87890625,88.62373072242917
2024-06-05,9122.4130859375,9170.679821841932,8977.612878224207,9170.679821841932,82087300,0.0,5.0,1.0,9122.4130859375,107.64177130467031
2024-06-06,9146.544921875,9194.81164969492,9122.41155796504,9194.81164969492,44991300,0.0,3.0,1.0,9146.544921875,41.030178435008565
2024-06-07,9001.7451171875,9170.67867166555,9001.7451171875,9170.67867166555,51599800,0.0,1.0,1.0,9001.7451171875,-134.71239519145092
2024-06-10,9194.8125,9194.8125,9122.412401574804,9170.679133858268,45584700,0.0,4.0,1.0,9194.8125,177.4139906963719
2024-06-11,8977.6123046875,9218.945968792003,8977.6123046875,9218.945968792003,68690900,-0.3333333333333333,6.0,1.0,8977.6123046875,-206.7036778352467
2024-06-12,8929.345703125,9001.745803420608,8929.345703125,8977.612436655405,49785700,0.0,4.0,1.0,8929.345703125,-63.57330650848962
2024-06-13,8881.078125,9146.545134171196,8881.078125,9146.545134171196,84652200,-0.3333333333333333,6.0,1.0,8881.078125,-71.78056897786519
2024-06-14,8881.078125,8929.344853940218,8784.544667119566,8881.078125,52986300,0.0,1.0,1.0,8881.078125,-14.983747002759628
2024-06-19,8736.2783203125,8929.345244518301,8736.2783203125,8929.345244518301,100051000,-0.3333333333333333,3.0,1.0,8736.2783203125,-153.44324640948798
2024-06-20,9098.279296875,9098.279296875,8784.545528017241,8832.812261687666,81474800,0.4,5.0,1.0,9098.279296875,340.34918095592184
2024-06-21,9267.2119140625,9339.612007141113,9074.144999186197,9146.54509226481,166841200,-0.6666666666666666,3.0,1.0,9267.2119140625,197.9381225252964
2024-06-24,9267.2119140625,9412.012100219727,9243.078549702961,9267.2119140625,79592300,0.3333333333333333,3.0,1.0,9267.2119140625,44.59711258766765
2024-06-25,9267.2119140625,9267.2119140625,9122.411727905273,9267.2119140625,80029000,0.0,5.0,1.0,9267.2119140625,16.528495491500507
2024-06-26,9170.6787109375,9315.478901110197,9122.411980879933,9194.812075966283,77913200,-0.2,5.0,1.0,9170.6787109375,-93.61174030855364
2024-06-27,9412.01171875,9412.01171875,9218.944811698717,9243.078175080127,89150700,-0.25,4.0,1.0,9412.01171875,229.03252577210333
2024-06-28,9580.9462890625,9629.213020997324,9436.146093258028,9460.279459225441,166172300,-0.25,4.0,1.0,9580.9462890625,188.42464691855275
2024-07-01,9532.6796875,9556.813053797468,9484.412954905063,9508.546321202532,68634600,0.0,4.0,1.0,9532.6796875,-12.230332902745433
2024-07-02,9556.8125,9653.34595959596,9508.54577020202,9653.34595959596,78848500,0.0,1.0,1.0,9556.8125,33.13809550094993
2024-07-03,9653.3466796875,9653.3466796875,9580.946579589843,9629.21331298828,55860200,0.0,1.0,1.0,9653.3466796875,97.68802745078574
2024-07-04,9484.4130859375,9653.34665235369,9484.4130859375,9629.213285722804,67054000,0.0,3.0,1.0,9484.4130859375,-156.934302956608
2024-07-05,9605.0791015625,9629.21246613929,9532.67900783213,9580.94573698571,36946900,0.3333333333333333,3.0,1.0,9605.0791015625,106.0884777612664
2024-07-08,9701.6123046875,9701.6123046875,9605.078848919466,9653.345576803482,72903600,0.0,3.0,1.0,9701.6123046875,96.90300191260394
2024-07-09,9725.74609375,9798.146188740695,9725.74609375,9749.879458746898,61853200,0.0,2.0,1.0,9725.74609375,40.89224804939295
2024-07-10,9749.8798828125,9870.546713045327,9701.61315071937,9822.279980952197,62325900,1.0,1.0,1.0,9749.8798828125,33.489883090222065
2024-07-11,9725.74609375,9774.012823743797,9653.345998759305,9653.345998759305,55908400,0.0,1.0,1.0,9725.74609375,-19.40234283989048
2024-07-12,9725.74609375,9749.879458746898,9677.479363756203,9701.612728753102,62646500,0.0,1.0,1.0,9725.74609375,-2.174152809784573
2024-07-15,9701.6123046875,9725.745668629508,9605.078848919466,9701.6123046875,36682600,0.0,3.0,1.0,9701.6123046875,-27.738692749762777
2024-07-16,9605.0791015625,9677.47919529287,9605.0791015625,9629.21246613929,37192700,-0.25,4.0,1.0,9605.0791015625,-102.09131134120798
2024-07-17,9460.279296875,9605.079490194516,9460.279296875,9556.81275908801,90666000,-0.3333333333333333,3.0,1.0,9460.279296875,-161.07408834617308
2024-07-18,9749.8798828125,9749.8798828125,9460.279490253713,9460.279490253713,65383200,-0.25,4.0,1.0,9749.8798828125,261.2271598367497
2024-07-19,9774.013671875,9774.013671875,9629.213469328703,9701.613570601852,53880300,0.0,3.0,1.0,9774.013671875,43.03820858182189
2024-07-22,9749.8798828125,9798.14661490563,9749.8798828125,9774.013248859066,31285300,0.0,0.0,0.0,9749.8798828125,-3.5828523792588385
2024-07-23,9822.279296875,9846.412661240787,9774.012568143427,9846.412661240787,39321100,0.3333333333333333,3.0,1.0,9822.279296875,72.77870245352642
2024-07-24,9725.74609375,9822.279553737593,9725.74609375,9774.012823743797,24658000,-0.1428571428571428,7.0,1.0,9725.74609375,-89.99762103918147
2024-07-25,9942.9462890625,9942.9462890625,9846.412829945388,9870.546194724666,98088100,-0.2,5.0,1.0,9942.9462890625,209.08098173381583
2024-07-26,9967.080078125,10039.48017554479,9942.946712318402,10015.3468097382,75565800,-1.0,1.0,1.0,9967.080078125,41.44529637447158
2024-07-29,9894.6796875,10063.61324314024,9822.27959222561,10039.47987804878,69092500,-0.3333333333333333,3.0,1.0,9894.6796875,-55.512562053858346
2024-07-30,9822.279296875,9942.946118703932,9822.279296875,9942.946118703932,32122900,0.0,1.0,1.0,9822.279296875,-78.42341964660409
2024-07-31,9918.8134765625,9991.21357493157,9870.546744316454,9991.21357493157,82519900,-0.3333333333333333,3.0,1.0,9918.8134765625,81.28139470687529
2024-08-01,10015.3466796875,10015.3466796875,9846.41312123494,9846.41312123494,61176200,0.0,3.0,1.0,10015.3466796875,99.11958181096634
2024-08-02,9846.4130859375,9991.213278377758,9846.4130859375,9918.813182157628,55699900,-1.0,2.0,1.0,9846.4130859375,-153.5571232715483
2024-08-05,9532.6796875,9798.146716772151,9532.6796875,9653.34651898734,126328300,0.0,2.0,1.0,9532.6796875,-327.80620332130457
2024-08-06,9653.3466796875,9725.746779785157,9605.079946289063,9725.746779785157,78473900,0.0,2.0,1.0,9653.3466796875,68.6531036625438
2024-08-07,9749.8798828125,9749.8798828125,9653.346418626237,9653.346418626237,52327400,0.0,1.0,1.0,9749.8798828125,80.99371719232295
2024-08-08,9870.546875,9870.546875,9725.746676344743,9798.14677567237,54162100,-0.5,2.0,1.0,9870.546875,133.00542989439782
2024-08-09,9798.146484375,9894.679947275246,9749.879752924877,9870.546581550185,47062400,0.0,1.0,1.0,9798.146484375,-52.93450670086713
2024-08-12,9846.4130859375,9846.4130859375,9725.746258903951,9749.879624310663,40364100,-0.3333333333333333,3.0,1.0,9846.4130859375,48.64885606633288
2024-08-13,9942.9462890625,9942.9462890625,9822.279465166112,9894.679559503944,55207100,-0.3333333333333333,3.0,1.0,9942.9462890625,96.85909859532876
2024-08-14,9846.4130859375,9942.946547564337,9846.4130859375,9942.946547564337,47999100,0.0,1.0,1.0,9846.4130859375,-83.60228216626274
2024-08-15,9870.546875,9942.946974327628,9822.280142114914,9846.413508557456,33396600,0.0,3.0,1.0,9870.546875,18.392376997573592
2024-08-16,9967.080078125,9967.080078125,9894.679980705205,9942.946712318402,40731400,-0.5,2.0,1.0,9967.080078125,91.14986097636756
2024-08-19,10015.3466796875,10063.61341067395,9918.813217714609,9967.079948701054,51054400,0.0,1.0,1.0,10015.3466796875,58.49193252972327
2024-08-20,10063.6142578125,10087.74762533723,9942.947420188848,9967.08078771358,60304400,0.0,1.0,1.0,10063.6142578125,59.37474830417887
2024-08-21,10063.6142578125,10136.01436038669,10063.6142578125,10136.01436038669,84848800,0.0,1.0,1.0,10063.6142578125,9.041046620888665
2024-08-22,9967.080078125,10039.48017554479,9870.546614898607,9991.213443931598,56611600,-0.1666666666666666,6.0,1.0,9967.080078125,-93.53719654144334
2024-08-23,9967.080078125,10015.3468097382,9942.946712318402,9967.080078125,46651600,-0.1666666666666666,6.0,1.0,9967.080078125,-12.78968246612385
2024-08-26,9967.080078125,10015.3468097382,9894.679980705205,9918.813346511803,35145600,0.0,1.0,1.0,9967.080078125,-9.82517315172845
2024-08-27,9846.4130859375,9942.946547564337,9822.27972053079,9918.813182157628,60448400,0.0,2.0,1.0,9846.4130859375,-124.75953148576993
2024-08-28,9991.212890625,9991.212890625,9894.679432744566,9942.946161684782,38489900,0.0,1.0,1.0,9991.212890625,126.9690905069274
2024-08-29,9870.546875,10136.01390586797,9870.546875,10136.01390586797,53004700,0.0,2.0,1.0,9870.546875,-115.62349430431276
2024-08-30,9967.080078125,9967.080078125,9846.41324909201,9967.080078125,158403700,-0.25,4.0,1.0,9967.080078125,88.91293060401767
2024-09-02,9918.8134765625,10015.34694105459,9846.41337819343,10015.34694105459,72008600,0.0,3.0,1.0,9918.8134765625,-47.230333402485485
2024-09-03,9822.279296875,9967.079483069718,9798.145932509215,9967.079483069718,50950200,0.0,3.0,1.0,9822.279296875,-98.39436641445536
2024-09-04,9942.9462890625,9942.9462890625,9774.012735607555,9798.146100386833,44817000,0.0,3.0,1.0,9942.9462890625,103.5439162170951
2024-09-05,9894.6796875,9991.213147865854,9894.6796875,9991.213147865854,39332900,0.0,2.0,1.0,9894.6796875,-44.3098898242406
2024-09-06,9942.9462890625,9942.9462890625,9870.546194724666,9870.546194724666,31541800,-0.25,4.0,1.0,9942.9462890625,47.73410202964988
2024-09-09,9918.8134765625,9991.21357493157,9846.41337819343,9942.946842685524,36185100,0.0,2.0,1.0,9918.8134765625,-23.343918782351462
2024-09-10,9991.212890625,9991.212890625,9918.812797214674,9991.212890625,55093100,-0.5,2.0,1.0,9991.212890625,70.69521268573044
2024-09-11,10063.6142578125,10063.6142578125,9991.21415523831,10063.6142578125,64621300,-0.5,2.0,1.0,10063.6142578125,77.3693683217225
2024-09-12,10111.8798828125,10136.01324768795,10015.34642331071,10087.74651793705,70759100,0.0,2.0,1.0,10111.8798828125,60.30050980761917
2024-09-13,10063.6142578125,10063.6142578125,9967.08078771358,10039.48089028777,70057100,-0.6666666666666666,3.0,1.0,10063.6142578125,-37.856168059879565
2024-09-17,10136.013671875,10136.013671875,9991.2134765625,10087.74694010417,89745000,0.0,1.0,1.0,10136.013671875,69.77185511700009
2024-09-18,10256.6806640625,10256.6806640625,10087.74710018382,10136.01383272059,65420200,0.0,1.0,1.0,10256.6806640625,124.5573478489332
2024-09-19,10522.1474609375,10522.1474609375,10280.81380357655,10329.08053504874,140886600,0.2,5.0,1.0,10522.1474609375,283.1616380963733
2024-09-20,10401.48046875,10522.14729553364,10401.48046875,10522.14729553364,142194600,0.5,2.0,1.0,10401.48046875,-80.09626056104753
2024-09-23,10570.4140625,10570.4140625,10353.21377354452,10353.21377354452,72553800,0.0,3.0,1.0,10570.4140625,176.01443894952354
2024-09-24,10425.6142578125,10570.41445583767,10401.48089147497,10401.48089147497,105191100,-0.25,4.0,1.0,10425.6142578125,-130.83864753365197
2024-09-25,10473.880859375,10473.880859375,10160.14710091446,10304.94729712702,158369100,-0.25,4.0,1.0,10473.880859375,42.06517108491062
2024-09-26,10329.0810546875,10498.01462333893,10304.94768773729,10498.01462333893,84960100,-1.0,1.0,1.0,10329.0810546875,-150.45615006828484
2024-09-27,10280.8134765625,10377.34693643633,10039.47982687793,10136.01328675176,93027400,0.0,2.0,1.0,10280.8134765625,-65.76098112491127
2024-09-30,9967.080078125,10184.28037038438,9967.080078125,10111.88027296459,144692100,0.0,4.0,1.0,9967.080078125,-333.7687490426397
2024-10-01,10184.2802734375,10184.2802734375,10015.34671439944,10039.4800799763,59797700,0.0,2.0,1.0,10184.2802734375,170.3056003646234
2024-10-02,10136.013671875,10184.28040364583,9967.080110677083,9967.080110677083,86746200,-0.25,4.0,1.0,10136.013671875,-51.87779696345751
2024-10-03,10087.74609375,10160.14618533194,10039.47936602871,10087.74609375,60887000,-0.5,2.0,1.0,10087.74609375,-45.27512894016763
2024-10-04,10111.8798828125,10111.8798828125,9991.213058435262,10039.47978818616,58500400,0.3333333333333333,3.0,1.0,10111.8798828125,13.142002720591336
2024-10-07,9942.9462890625,10015.34638340033,9894.679559503944,9991.213018621056,91867900,-0.5,2.0,1.0,9942.9462890625,-172.4031173519852
2024-10-08,10039.48046875,10136.01393479567,9798.146803635816,9846.413536658654,99622900,0.0,3.0,1.0,10039.48046875,74.45513389673215
2024-10-09,10063.6142578125,10160.14772791142,10039.48089028777,10039.48089028777,56835200,-0.5,2.0,1.0,10063.6142578125,19.63879669487505
2024-10-10,10136.013671875,10136.013671875,10039.48020833333,10063.61357421875,51080000,-0.5,2.0,1.0,10136.013671875,77.68483905864741
2024-10-11,10015.3466796875,10208.41360363328,10015.3466796875,10208.41360363328,44632100,0.0,1.0,1.0,10015.3466796875,-111.991313608969
2024-10-14,10136.013671875,10136.013671875,10015.34684244792,10015.34684244792,31738600,0.0,1.0,1.0,10136.013671875,110.20757992967992
2024-10-15,10256.6806640625,10256.6806640625,10087.74710018382,10184.28056525735,66635200,0.0,1.0,1.0,10256.6806640625,124.52686890613586
2024-10-16,10111.8798828125,10353.21353156697,10111.8798828125,10329.08016669153,63255900,0.0,2.0,1.0,10111.8798828125,-124.41891393540936
2024-10-17,10353.212890625,10425.61298076923,10136.01262019231,10184.27934695513,66993300,0.25,4.0,1.0,10353.212890625,232.48380412438743
2024-10-18,10377.3466796875,10498.01350154433,10353.21331531613,10498.01350154433,56299600,-0.5,2.0,1.0,10377.3466796875,41.99231552115453
2024-10-21,10304.947265625,10473.88082735656,10304.947265625,10473.88082735656,36472500,0.0,1.0,1.0,10304.947265625,-53.88796293635278
2024-10-22,10136.013671875,10232.54713541667,10111.88030598958,10111.88030598958,94799500,0.0,2.0,1.0,10136.013671875,-174.72324465878592
2024-10-23,10280.8134765625,10280.8134765625,10111.8799217833,10111.8799217833,48903000,-0.3333333333333333,3.0,1.0,10280.8134765625,117.9790636549169
2024-10-24,10329.0810546875,10473.88125638873,10329.0810546875,10353.2144216377,85341200,0.0,4.0,1.0,10329.0810546875,48.89534174185246
2024-10-25,10377.3466796875,10377.3466796875,10256.67985783067,10280.81322220203,34847500,-0.1,10.0,1.0,10377.3466796875,59.99453798839932
2024-10-28,10232.546875,10449.74716244104,10232.546875,10449.74716244104,39061500,0.0,5.0,1.0,10232.546875,-136.3221980795788
2024-10-29,10136.013671875,10208.41376953125,10136.013671875,10160.14703776042,49680100,0.0,3.0,1.0,10136.013671875,-111.11983023956418
2024-10-30,9991.212890625,10039.47961956522,9918.812797214674,9918.812797214674,114484100,-0.6666666666666666,3.0,1.0,9991.212890625,-169.39523683178777
2024-10-31,9894.6796875,10111.87997332317,9894.6796875,9967.07978277439,97553400,0.0,3.0,1.0,9894.6796875,-126.5163295968032
2024-11-01,10063.6142578125,10063.6142578125,9918.814052664118,9918.814052664118,47710000,0.0,5.0,1.0,10063.6142578125,140.27255077334848
2024-11-04,10015.3466796875,10136.01350715362,9942.946583207831,10063.61341067395,49275700,-0.5,2.0,1.0,10015.3466796875,-41.72895547724329
2024-11-05,10136.013671875,10208.41376953125,9942.946744791667,9942.946744791667,50296500,0.0,3.0,1.0,10136.013671875,122.89146313665697
2024-11-06,10087.74609375,10136.01282147129,10015.34600216806,10111.87945761064,50324900,-0.6666666666666666,3.0,1.0,10087.74609375,-38.19433849621964
2024-11-07,9822.279296875,10087.74630489865,9822.279296875,9967.079483069718,131579100,0.0,3.0,1.0,9822.279296875,-263.9703571073751
2024-11-08,9725.74609375,9870.54628373139,9701.612728753102,9846.412918734492,92166100,0.0,1.0,1.0,9725.74609375,-133.13058254265707
2024-11-11,9701.6123046875,9701.6123046875,9460.278665267413,9460.278665267413,128707600,-0.5,2.0,1.0,9701.6123046875,-59.89109565316176
2024-11-12,9798.146484375,9870.546581550185,9653.34629002463,9749.879752924877,80378500,0.0,4.0,1.0,9798.146484375,78.36343321034838
2024-11-13,9798.146484375,9894.679947275246,9798.146484375,9870.546581550185,62933100,0.0,6.0,1.0,9798.146484375,3.465784400876146
2024-11-14,9749.8798828125,9822.279980952197,9701.61315071937,9774.013248859066,56381400,-0.3333333333333333,3.0,1.0,9749.8798828125,-44.68203465907754
2024-11-15,9822.279296875,9918.812754338145,9701.61247504607,9701.61247504607,63598200,0.0,2.0,1.0,9822.279296875,65.16227630765934
2024-11-18,9653.3466796875,9774.013513183594,9653.3466796875,9725.746779785157,65716200,-0.5,2.0,1.0,9653.3466796875,-166.055373837562
2024-11-19,9580.9462890625,9677.479752932148,9556.812923095087,9556.812923095087,85295300,-0.25,4.0,1.0,9580.9462890625,-90.24819749909877
2024-11-20,9725.74609375,9798.146188740695,9653.345998759305,9677.479363756203,58584400,0.0,3.0,1.0,9725.74609375,120.75743138181495
2024-11-21,9555.970703125,9701.493099619289,9555.970703125,9701.493099619289,93181200,0.0,2.0,1.0,9555.970703125,-163.18952036634437
2024-11-22,9555.970703125,9652.985634121193,9555.970703125,9628.731901372144,58396100,0.3333333333333333,3.0,1.0,9555.970703125,-13.80085260688793
2024-11-25,9871.2685546875,9895.522285780098,9604.477512668918,9652.984974854115,165369400,0.2,5.0,1.0,9871.2685546875,300.71519021740096
2024-11-26,9701.4931640625,9944.030493164062,9701.4931640625,9944.030493164062,62310100,-0.2,5.0,1.0,9701.4931640625,-136.28313813492423
2024-11-28,9701.4931640625,9774.254362792968,9628.731965332032,9677.239431152344,57443500,0.0,2.0,1.0,9701.4931640625,1.436425631358361
2024-11-29,9701.4931640625,9798.508095703126,9652.985698242188,9701.4931640625,76886000,0.0,1.0,1.0,9701.4931640625,-10.944751379258378
2024-12-02,9458.955078125,9749.999849759615,9458.955078125,9701.492387820514,87879600,0.25,4.0,1.0,9458.955078125,-245.81972028215023
2024-12-03,9895.5224609375,9919.776192459405,9604.477682674631,9725.74634028416,126087100,0.2,5.0,1.0,9895.5224609375,403.983987206464
2024-12-04,9895.5224609375,9944.02992398131,9750.000071806066,9871.268729415593,97876300,0.25,4.0,1.0,9895.5224609375,30.574008806559505
2024-12-05,9944.0302734375,10041.04520293445,9919.776541063262,9944.0302734375,96904400,0.0,4.0,1.0,9944.0302734375,77.04699548014469
2024-12-06,9774.25390625,9871.268833359181,9750.000174472705,9798.507638027295,68247200,0.0,1.0,1.0,9774.25390625,-160.45036146098573
2024-12-09,10041.044921875,10041.044921875,9701.492678140097,9725.746409835447,64458400,0.0,2.0,1.0,10041.044921875,250.41364648632955
2024-12-10,10041.044921875,10041.044921875,9968.28372678895,10016.79119017965,61230400,-0.4,5.0,1.0,10041.044921875,17.634818553846344
2024-12-11,10113.806640625,10113.806640625,9919.776777015888,9919.776777015888,37934300,0.0,5.0,1.0,10113.806640625,89.51300582579643
2024-12-12,9871.2685546875,10065.29840342829,9871.2685546875,9992.53721015049,44780100,-0.3333333333333333,3.0,1.0,9871.2685546875,-232.5616290435737
2024-12-13,9750,9919.776119402984,9725.746268656716,9822.76119402985,75126400,-0.3333333333333333,6.0,1.0,9750.0,-145.55966862943933
2024-12-16,9798.5078125,9822.761544709158,9701.492883663366,9701.492883663366,57746100,0.0,4.0,1.0,9798.5078125,13.333553410695458
2024-12-17,9604.4775390625,9749.999926017992,9604.4775390625,9652.985001380997,99845900,0.0,3.0,1.0,9604.4775390625,-204.1498239223456
2024-12-18,9507.462890625,9725.746477399554,9507.462890625,9604.477818080357,84868500,-1.0,3.0,1.0,9507.462890625,-122.9301398303669
2024-12-19,9386.1943359375,9483.209264474322,9264.925675266473,9410.448068071706,104254100,0.0,2.0,1.0,9386.1943359375,-151.808440204597
2024-12-20,9361.9404296875,9458.955356420012,9337.686698004372,9361.9404296875,91576900,0.0,4.0,1.0,9361.9404296875,-52.89058242630381
2024-12-23,9483.208984375,9555.970178628517,9410.447790121483,9410.447790121483,43292100,0.0,1.0,1.0,9483.208984375,102.70371525186602
2024-12-24,9458.955078125,9604.477463942309,9458.955078125,9555.970002003205,32415700,-0.25,4.0,1.0,9458.955078125,-17.37110000447683
2024-12-27,9507.462890625,9531.71662248884,9434.701695033482,9507.462890625,24016700,0.0,0.0,0.0,9507.462890625,51.18564997931571
2024-12-30,9386.1943359375,9531.716728742733,9386.1943359375,9507.462996608527,56350100,0.0,3.0,1.0,9386.1943359375,-118.26857859219308
2025-01-02,9604.4775390625,9604.4775390625,9361.940227470013,9361.940227470013,38124800,0.0,0.0,0.0,9604.4775390625,205.29935128950277
2025-01-03,9555.970703125,9628.731901372144,9531.716970375952,9555.970703125,41916000,0.0,0.0,0.0,9555.970703125,-33.53507917824936
2025-01-06,9386.1943359375,9580.224193011143,9361.940603803296,9555.970460876939,41593900,-0.25,4.0,1.0,9386.1943359375,-162.23132369753148
2025-01-07,9240.671875,9434.701730643044,9240.671875,9386.194266732284,71318600,-0.5,4.0,1.0,9240.671875,-169.4742488624197
2025-01-08,9386.1943359375,9483.209264474322,9289.17940740068,9386.1943359375,55943100,0.0,3.0,1.0,9386.1943359375,112.12863336653209
2025-01-09,9555.970703125,9580.224435874048,9434.70203937976,9458.955772128807,42733800,0.0,3.0,1.0,9555.970703125,170.04406870971798
2025-01-10,9434.7021484375,9628.732012672719,9434.7021484375,9507.463347525707,72531300,-0.3333333333333333,3.0,1.0,9434.7021484375,-95.24003179538522
2025-01-13,9386.1943359375,9434.701800205912,9337.68687166909,9337.68687166909,88270100,0.0,2.0,1.0,9386.1943359375,-50.79030606762535
2025-01-14,9240.671875,9434.701730643044,9240.671875,9313.433070866142,70942600,-1.0,1.0,1.0,9240.671875,-160.06840664302217
2025-01-15,9507.462890625,9507.462890625,9264.925571986607,9289.179303850447,77098000,0.1666666666666666,6.0,1.0,9507.462890625,241.9532572320095
2025-01-16,9458.955078125,9628.73119491186,9458.955078125,9555.970002003205,76979000,0.0,7.0,1.0,9458.955078125,-31.873374025219164
2025-01-17,9604.4775390625,9604.4775390625,9361.940227470013,9458.955152107008,71033100,0.3333333333333333,3.0,1.0,9604.4775390625,155.7080484752223
2025-01-20,9337.6865234375,9580.223835734578,9337.6865234375,9555.97010450487,112111200,0.0,1.0,1.0,9337.6865234375,-252.0830427473793
2025-01-21,9289.1796875,9386.194618962141,9264.925954634466,9313.433420365536,124547900,0.0,1.0,1.0,9289.1796875,-70.76003374420361
2025-01-22,9313.4326171875,9386.193809509277,9289.178886413574,9361.940078735352,90154800,0.0,2.0,1.0,9313.4326171875,-3.1511171584934345
2025-01-23,9313.4326171875,9458.955001831055,9313.4326171875,9313.4326171875,120515400,0.0,6.0,1.0,9313.4326171875,-7.140861544727159
2025-01-24,9070.8955078125,9361.940283464237,9070.8955078125,9337.686552159927,152057000,0.0,8.0,1.0,9070.8955078125,-245.6628032708013
2025-01-30,8876.8662109375,8998.134875021346,8876.8662109375,8876.8662109375,154645800,-0.5,4.0,1.0,8876.8662109375,-226.3405438561913
2025-01-31,9167.9111328125,9216.418599123677,8949.627534412202,8973.881267567791,112982800,0.0,1.0,1.0,9167.9111328125,245.2044326451905
2025-02-03,9070.8955078125,9119.402970421123,8949.626851290943,9119.402970421123,90439900,-0.2,5.0,1.0,9070.8955078125,-84.39694987888288
2025-02-04,8901.1201171875,9119.403716791554,8901.1201171875,9070.896250212874,94607700,0.0,1.0,1.0,8901.1201171875,-165.7417839975078
2025-02-05,8852.6123046875,8901.119769370718,8828.35857234589,8828.35857234589,98229900,0.0,2.0,1.0,8852.6123046875,-76.26974353980768
2025-02-06,8682.8359375,8828.358327513966,8585.821010824022,8804.104595844972,171477800,-0.0909090909090909,11.0,1.0,8682.8359375,-192.10302803495145
2025-02-07,9070.8955078125,9070.8955078125,8561.567150421957,8682.835806943516,131162200,0.0,5.0,1.0,9070.8955078125,357.64222842160234
2025-02-10,8876.8662109375,8973.881142204576,8755.597546853654,8755.597546853654,76209100,-0.5,10.0,1.0,8876.8662109375,-165.49960659386488
2025-02-11,8804.1044921875,8828.358223570936,8731.343298037189,8755.597029420627,71188300,-0.1666666666666666,6.0,1.0,8804.1044921875,-71.07959545633275
2025-02-12,8876.8662109375,8876.8662109375,8682.836348403347,8682.836348403347,121172600,0.0,4.0,1.0,8876.8662109375,51.080462887579415
2025-02-13,8731.34375,8876.866145833334,8731.34375,8828.358680555555,90439700,-0.4,5.0,1.0,8731.34375,-146.10917235023953
2025-02-14,8707.08984375,8804.104772371169,8682.836111594708,8731.343575905292,116274500,-0.5,2.0,1.0,8707.08984375,-40.62034521744681
2025-02-17,9046.6416015625,9046.6416015625,8707.089369868465,8707.089369868465,89096400,0.4,5.0,1.0,9046.6416015625,322.85389485185806
2025-02-18,9022.388671875,9289.179734753025,8973.881205897176,9046.642404863911,107318300,0.3333333333333333,3.0,1.0,9022.388671875,10.13891943908311
2025-02-19,8682.8359375,8973.880717527933,8682.8359375,8949.626985858938,154438200,0.0,3.0,1.0,8682.8359375,-318.88989812574255
2025-02-20,8731.34375,8755.597482638888,8682.836284722222,8707.090017361112,119260800,0.0,2.0,1.0,8731.34375,8.467853628373632
2025-02-21,8731.34375,8731.34375,8658.582552083333,8682.836284722222,106054700,0.0,1.0,1.0,8731.34375,-22.243445894935576
2025-02-24,8658.58203125,8707.089493609943,8610.074568890055,8658.58203125,108530300,0.0,1.0,1.0,8658.58203125,-76.94539202055785
2025-02-25,8561.5673828125,8731.343506550991,8561.5673828125,8634.328578700424,101592700,-0.5,2.0,1.0,8561.5673828125,-109.8743943780064
2025-02-26,8513.0595703125,8634.328225160256,8464.552108373397,8537.31330128205,117843500,0.0,1.0,1.0,8513.0595703125,-69.00014147170805
2025-02-27,8270.5224609375,8537.313508064515,8246.268729380497,8537.313508064515,199991600,-0.25,4.0,1.0,8270.5224609375,-260.26475942784054
2025-02-28,8173.5078125,8416.045136313056,8173.5078125,8270.522742025223,293095000,-0.2,5.0,1.0,8173.5078125,-135.21265134710302
2025-03-03,8537.3134765625,8634.32840243253,8294.77616188743,8343.283624822443,192944300,-0.2857142857142857,7.0,1.0,8537.3134765625,328.04249517741664
2025-03-04,8585.8212890625,8658.582486427436,8416.045161877648,8634.328753972457,125418500,0.0,2.0,1.0,8585.8212890625,77.23429117559681
2025-03-05,8731.34375,8901.119878472222,8561.567621527778,8561.567621527778,155207900,0.0,5.0,1.0,8731.34375,174.66567368833967
2025-03-06,8707.08984375,8925.373433147632,8707.08984375,8925.373433147632,96270100,0.0,3.0,1.0,8707.08984375,0.012991873498322
2025-03-07,8658.58203125,8731.343224789916,8658.58203125,8731.343224789916,82295300,0.0,2.0,1.0,8658.58203125,-38.93362924564826
2025-03-10,8658.58203125,8707.089493609943,8464.552181810224,8488.805912990196,97652100,0.0,1.0,1.0,8658.58203125,-6.76992079606498
2025-03-11,8658.58203125,8779.85068714986,8610.074568890055,8682.835762429972,109295600,0.0,0.0,0.0,8658.58203125,-5.461800470864546
2025-03-12,8852.6123046875,8852.6123046875,8707.089910637842,8755.597375321062,87968900,0.25,4.0,1.0,8852.6123046875,190.86735392097216
2025-03-13,8707.08984375,8901.11970099234,8707.08984375,8876.865968837048,83030700,0.0,4.0,1.0,8707.08984375,-124.79401879099896
2025-03-14,8488.806640625,8658.5827734375,8488.806640625,8537.314107142858,111397800,0.0,6.0,1.0,8488.806640625,-222.76338053770635
2025-03-17,8343.2841796875,8513.060311250909,8294.776713526526,8488.806578170423,151365700,0.0,3.0,1.0,8343.2841796875,-182.886237094408
2025-03-18,8052.23876953125,8294.776081866528,7833.9551884295,8246.268619399472,417305700,0.0,4.0,1.0,8052.23876953125,-330.0933960096754
2025-03-19,8076.49267578125,8149.253871058559,7979.477748744839,8052.238944022148,214108200,0.0,2.0,1.0,8076.49267578125,-29.98894985665811
2025-03-20,8125,8222.014925373134,8100.746268656717,8197.76119402985,152917300,0.0,3.0,1.0,8125.0,20.85559107100562
2025-03-21,7900,8275,7900,8275,377916400,0.0,5.0,1.0,7900.0,-226.51708347058047
2025-03-24,7950,8100,7625,7825,331836800,0.0,3.0,1.0,7950.0,21.8730864291947
2025-03-25,8050,8150,8000,8075,136341700,0.0,2.0,1.0,8050.0,85.52867847880407
2025-03-26,8525,8650,8275,8300,283104600,0.0,1.0,1.0,8525.0,484.7753970810545
2025-03-27,8500,8575,8375,8425,122943900,0.0,3.0,1.0,8500.0,37.418697470677216
2025-04-08,7775,8000,7275,7400,533073600,0.2,5.0,1.0,7775.0,-690.2548022095161
2025-04-09,7925,7950,7675,7700,136753900,-0.25,4.0,1.0,7925.0,66.74845466027364
2025-04-10,8225,8650,8175,8500,144148600,0.1428571428571428,7.0,1.0,8225.0,260.1111000617948
2025-04-11,8275,8325,8050,8200,82603000,0.0,2.0,1.0,8275.0,83.92913634035449
2025-04-14,8400,8400,8250,8250,83319300,0.0,3.0,1.0,8400.0,150.4345716303451
2025-04-15,8575,8600,8450,8575,83431800,0.0,5.0,1.0,8575.0,196.7744466716285
2025-04-16,8475,8550,8425,8500,76874900,0.0,6.0,1.0,8475.0,-68.1815009504844
2025-04-17,8500,8500,8350,8450,83540600,-0.25,4.0,1.0,8500.0,27.77699558054701
2025-04-21,8300,8500,8300,8500,40683800,0.0,4.0,1.0,8300.0,-203.21933781055304
2025-04-22,8500,8500,8325,8325,56537100,-0.25,4.0,1.0,8500.0,175.15843975066127
2025-04-23,8725,8725,8550,8550,92329600,-0.1428571428571428,7.0,1.0,8725.0,230.6643691849185
2025-04-24,8475,8850,8475,8850,143675300,-0.4,5.0,1.0,8475.0,-212.42724579706737
2025-04-25,8600,8650,8575,8650,58297000,0.4,5.0,1.0,8600.0,112.5427791123675
2025-04-28,8775,8775,8650,8750,73235400,0.25,4.0,1.0,8775.0,172.45968658344646
2025-04-29,8725,8825,8700,8800,60315700,0.0,1.0,1.0,8725.0,-23.65103218546756
2025-04-30,8825,8925,8675,8800,164597500,0.0,4.0,1.0,8825.0,106.5581986392499
2025-05-02,8975,9000,8850,9000,92219000,0.5,4.0,1.0,8975.0,159.29584323105337
2025-05-05,8975,9050,8975,9000,86385600,0.0,3.0,1.0,8975.0,24.35465869391373
2025-05-06,9025,9050,8975,9050,48860500,0.0,0.0,0.0,9025.0,61.5027792713372
2025-05-07,9075,9100,9000,9075,77382000,0.0,1.0,1.0,9075.0,57.02746129095431
2025-05-08,8975,9200,8925,9075,99614500,-0.2,5.0,1.0,8975.0,-91.04320351213572
2025-05-09,9000,9050,8975,9050,47167500,0.0,2.0,1.0,9000.0,15.705875093501165
2025-05-14,9275,9300,9150,9250,149002900,0.3333333333333333,3.0,1.0,9275.0,268.7957850920229
2025-05-15,9275,9400,9250,9275,101401300,0.3333333333333333,3.0,1.0,9275.0,31.585592709001503
2025-05-16,9300,9325,9225,9300,63007500,0.0,1.0,1.0,9300.0,44.66598207105926
2025-05-19,9500,9500,9250,9275,111597200,0.25,4.0,1.0,9500.0,205.4672199566612
2025-05-20,9475,9675,9475,9500,160614800,-0.3333333333333333,3.0,1.0,9475.0,0.8342935530490649
2025-05-21,9700,9725,9550,9700,169739200,0.25,4.0,1.0,9700.0,236.72339632430885
2025-05-22,9650,9800,9650,9800,103113000,0.0,1.0,1.0,9650.0,-23.292689539361163
2025-05-23,9675,9700,9625,9675,48521800,0.0,2.0,1.0,9675.0,35.877957978636914
2025-05-26,9625,9650,9500,9600,56625300,0.0,1.0,1.0,9625.0,-49.25007656190246
2025-05-27,9450,9600,9450,9550,93212000,0.0,3.0,1.0,9450.0,-180.6341900096577
2025-05-28,9400,9550,9400,9450,236950800,0.0,2.0,1.0,9400.0,-77.22880555732809
2025-06-02,9100,9175,9025,9025,264428700,0.0,5.0,1.0,9100.0,-323.4339322131709
2025-06-03,9050,9125,8950,9050,128318100,0.0,2.0,1.0,9050.0,-96.40463518228898
2025-06-04,8975,9125,8950,9100,93357200,0.0,1.0,1.0,8975.0,-110.26129190921527
2025-06-05,8925,9050,8900,9000,95529000,0.0,1.0,1.0,8925.0,-71.8341189773073
2025-06-10,9100,9100,8950,8975,80406400,0.0,3.0,1.0,9100.0,156.9029933695747
2025-06-11,9050,9125,9050,9100,56632600,0.0,2.0,1.0,9050.0,-37.80625857808445
2025-06-12,9125,9125,9000,9000,41337300,-1.0,1.0,1.0,9125.0,78.80672854096156
2025-06-13,9025,9125,8975,9100,83318000,0.0,3.0,1.0,9025.0,-95.01087217204076
2025-06-16,8925,9000,8900,8925,57825000,0.0,3.0,1.0,8925.0,-108.32593108683614
2025-06-17,9075,9100,8975,8975,54927900,-0.2,5.0,1.0,9075.0,128.4932830771122
2025-06-18,8900,9025,8900,8950,86270200,0.0,4.0,1.0,8900.0,-168.67913097608653
2025-06-19,8775,8925,8750,8900,78879500,-0.4,5.0,1.0,8775.0,-138.95168311762063
2025-06-20,8700,8875,8625,8700,445915100,-0.6666666666666666,3.0,1.0,8700.0,-105.1221165217048
2025-06-23,8625,8700,8500,8575,87324500,-0.25,4.0,1.0,8625.0,-99.04222525082332
2025-06-24,8775,8850,8700,8725,110158900,0.0,3.0,1.0,8775.0,128.94606996700531
2025-06-25,8600,8775,8475,8725,117561000,0.0,5.0,1.0,8600.0,-168.00646466150465
2025-06-26,8650,8650,8525,8525,117281700,0.3333333333333333,3.0,1.0,8650.0,36.160005513072974
2025-06-30,8675,8825,8550,8575,185441800,0.0,1.0,1.0,8675.0,16.15440656874125
2025-07-01,8700,8775,8600,8750,82364500,0.0,1.0,1.0,8700.0,27.31467376275577
2025-07-02,8675,8675,8575,8575,68545100,0.0,2.0,1.0,8675.0,-22.663413751870397
2025-07-03,8600,8750,8600,8700,50370800,-0.4,5.0,1.0,8600.0,-77.9804658224275
2025-07-04,8650,8700,8550,8650,43593300,0.0,3.0,1.0,8650.0,36.98680850159872
2025-07-07,8625,8650,8550,8625,49936900,0.0,3.0,1.0,8625.0,-27.754730144337373
2025-07-08,8500,8600,8425,8550,215611000,0.0,5.0,1.0,8500.0,-127.95415794166728
2025-07-09,8500,8550,8450,8500,94459300,0.0,2.0,1.0,8500.0,-19.411142635415672
2025-07-10,8600,8650,8500,8525,111769400,0.2,5.0,1.0,8600.0,87.08178092608796
2025-07-11,8625,8675,8575,8575,135986500,0.0,3.0,1.0,8625.0,32.21652230670588
2025-07-14,8525,8675,8450,8650,125196000,0.0,4.0,1.0,8525.0,-92.3493466764976
2025-07-15,8550,8600,8475,8600,77219300,0.0,4.0,1.0,8550.0,13.89651050014436
2025-07-16,8525,8600,8500,8550,97475300,0.0,3.0,1.0,8525.0,-31.510509798470597
2025-07-17,8525,8550,8500,8500,86016400,0.0,1.0,1.0,8525.0,-4.94603662152258
2025-07-18,8425,8575,8425,8550,80432200,0.0,3.0,1.0,8425.0,-104.74670209277063
2025-07-21,8450,8500,8375,8450,95383500,0.0,3.0,1.0,8450.0,9.920453996741344
2025-07-22,8400,8475,8400,8450,77981700,0.0,1.0,1.0,8400.0,-57.81755401332339
2025-07-23,8425,8500,8400,8450,70969500,0.0,2.0,1.0,8425.0,16.599734536248434
2025-07-24,8500,8550,8450,8475,138256800,0.0,3.0,1.0,8500.0,71.11510310004633
2025-07-25,8450,8525,8450,8500,58682800,0.0,2.0,1.0,8450.0,-42.323110852701575
2025-07-28,8500,8625,8475,8625,99484300,-0.25,4.0,1.0,8500.0,47.55047516381092
2025-07-29,8400,8500,8375,8500,104240300,-0.6666666666666666,3.0,1.0,8400.0,-99.10116389977884
2025-07-30,8375,8475,8325,8475,98098100,-0.3333333333333333,3.0,1.0,8375.0,-35.9017569519674
2025-07-31,8275,8375,8250,8350,206006300,0.0,5.0,1.0,8275.0,-112.99768622589907
2025-08-01,8300,8425,8300,8400,86196100,0.0,3.0,1.0,8300.0,6.860155206042691
2025-08-04,8275,8350,8275,8325,49054500,0.0,1.0,1.0,8275.0,-33.73765266375631
2025-08-05,8425,8450,8325,8350,69475900,0.25,4.0,1.0,8425.0,144.31570762111917
2025-08-06,8300,8425,8300,8425,56325400,-0.3333333333333333,6.0,1.0,8300.0,-111.79736895976204
2025-08-07,8300,8350,8300,8325,43621300,0.0,2.0,1.0,8300.0,-6.0020674102597695
2025-08-08,8300,8400,8300,8325,68378700,0.0,0.0,0.0,8300.0,-10.2172852655749
2025-08-11,8550,8550,8425,8500,128561300,0.3333333333333333,6.0,1.0,8550.0,246.31158776245505
2025-08-12,8850,8875,8575,8625,171015700,0.0,9.0,1.0,8850.0,327.13444246480867
2025-08-13,8925,8975,8725,8975,129083900,-0.25,4.0,1.0,8925.0,129.00421481331614
2025-08-14,8775,8950,8750,8925,122930900,-0.3333333333333333,3.0,1.0,8775.0,-114.64026555948658
2025-08-15,8700,8850,8700,8825,68754200,0.0,1.0,1.0,8700.0,-82.36563537851362
2025-08-19,8500,8600,8450,8600,128591700,0.0,5.0,1.0,8500.0,-219.665311904786
2025-08-20,8525,8600,8350,8375,202260200,0.1111111111111111,9.0,1.0,8525.0,-9.164825315328926
2025-08-21,8550,8575,8500,8550,69470200,0.0,2.0,1.0,8550.0,7.22136435520224
2025-08-22,8450,8575,8450,8575,66394100,0.0,4.0,1.0,8450.0,-101.78448875972754
2025-08-25,8475,8550,8475,8525,64052700,0.0,2.0,1.0,8475.0,11.089270899819894
2025-08-26,8250,8475,8250,8450,326794200,0.0,5.0,1.0,8250.0,-232.47872342019215
2025-08-27,8300,8350,8200,8250,111915700,-0.2,5.0,1.0,8300.0,20.500373679575205
2025-08-28,8325,8375,8275,8350,81281400,0.0,6.0,1.0,8325.0,9.965534757277055
2025-08-29,8075,8275,8075,8250,236499300,0.0,4.0,1.0,8075.0,-249.47774983975611
2025-09-01,8000,8050,7600,7650,421127500,-0.1428571428571428,7.0,1.0,8000.0,-106.63548374688708
2025-09-02,8000,8175,8000,8000,155531500,-0.25,4.0,1.0,8000.0,-31.58047200665169
2025-09-03,7975,8000,7900,7900,212372700,0.0,2.0,1.0,7975.0,-37.97510109313589
2025-09-04,8000,8000,7925,7975,103534800,0.0,3.0,1.0,8000.0,16.243968395625416
2025-09-08,7700,8025,7700,8025,321191900,0.0,5.0,1.0,7700.0,-302.6076526200386
2025-09-09,7525,7725,7475,7625,595368700,-0.1666666666666666,6.0,1.0,7525.0,-212.65953658171568
2025-09-10,7800,7800,7550,7550,246849600,0.0,5.0,1.0,7800.0,227.0290002945276
2025-09-11,7850,7975,7850,7900,235173400,0.0,4.0,1.0,7850.0,61.325336693569625
2025-09-12,7925,7975,7850,7975,156084700,0.0,6.0,1.0,7925.0,95.49254139901495
2025-09-15,8025,8100,7975,8000,142567700,0.0,3.0,1.0,8025.0,113.60876332638144
2025-09-16,7925,8075,7900,8050,129312900,-0.25,4.0,1.0,7925.0,-81.92110531602339
2025-09-17,7850,7900,7800,7850,183725900,0.0,5.0,1.0,7850.0,-79.42299856870159
2025-09-18,7700,7900,7650,7850,275378700,-0.3333333333333333,6.0,1.0,7700.0,-167.13128925178535
2025-09-19,7800,7825,7650,7650,149025300,0.0,3.0,1.0,7800.0,72.4005781775686
2025-09-22,7725,7825,7725,7800,92588800,-0.3333333333333333,3.0,1.0,7725.0,-79.3932968365043
2025-09-23,7875,7900,7750,7750,102606200,0.0,4.0,1.0,7875.0,143.14136701414918
2025-09-24,7775,7950,7725,7950,150428400,0.0,3.0,1.0,7775.0,-89.97782578857004
2025-09-25,7700,7775,7700,7725,147986600,0.0,4.0,1.0,7700.0,-78.4346582583812
2025-09-26,7625,7700,7575,7575,121657700,0.5,2.0,1.0,7625.0,-92.54757575571512
2025-09-29,7775,7800,7700,7750,116454700,-0.3333333333333333,3.0,1.0,7775.0,131.50939478770852
2025-09-30,7625,7775,7625,7700,170666700,0.0,4.0,1.0,7625.0,-142.26349468511853
2025-10-01,7500,7675,7500,7600,202433400,0.0,6.0,1.0,7500.0,-135.54816559091614
2025-10-02,7500,7600,7500,7500,126952400,0.0,3.0,1.0,7500.0,-27.951669984918222
2025-10-03,7525,7550,7500,7525,76787500,0.0,3.0,1.0,7525.0,10.540938467633168
2025-10-06,7500,7550,7450,7500,104032400,0.0,0.0,0.0,7500.0,-27.6321367759374
2025-10-07,7575,7600,7500,7550,74282600,0.0,0.0,0.0,7575.0,70.30091393575731
