Title,Date,DayOfWeek
"Kena Lempar Botol, Satu Pengunjung Jakarta Night Festival Dibawa Ambulans",2015-01-01,Thursday
"Harga BBM Sudah Turun, Tapi Tarif Angkutan Sulit Mengikuti",2015-01-04,Sunday
Pencabutan Subsidi Premium Bisa Bikin Dolar Keok ke Rp 12.000,2015-01-04,Sunday
"Subsidi Premium Dicabut, Ekonom BCA: Market Menyambut Positif",2015-01-04,Sunday
Ini Alasan Mengapa Anak Sebaiknya Tak Diizinkan Punya Gadget di Kamar Tidur,2015-01-06,Tuesday
Waterfront Securities: Profit Taking Berpotensi Berlanjut,2015-01-06,Tuesday
Waterfront Securities: IHSG Cenderung Mix,2015-01-07,Wednesday
"Sudah Bayar, Oknum Kolektor HSBC Menagih Tanpa Etika",2015-01-07,Wednesday
"Yuk Bantu, Anak-anak TPA di Cileungsi Bogor ini Ingin Merasakan Naik Kereta",2015-01-07,Wednesday
Proses KTA BCA yang Tak Kunjung Selesai,2015-01-08,Thursday
Tanggapan BCA untuk Keluhan Bapak Angga,2015-01-08,Thursday
"Tahun Politik, KPK akan Soroti Proses Seluruh Pilkada",2015-01-08,Thursday
Waterfront Securities: Penguatan IHSG Berpotensi Berlanjut,2015-01-08,Thursday
"Transaksi Gagal, Saldo Rekening BritAma Terpotong",2015-01-08,Thursday
Waterfront Securities: IHSG Akan Cenderung Menguat,2015-01-09,Friday
"Pindah Ramah, FirstMedia Persulit Berhenti Berlangganan",2015-01-09,Friday
3 Bandit Pembajak Truk Berisi 540 Sak Semen Diringkus di Tol Cikampek,2015-01-09,Friday
"Mobil Milik Polisi Digelapkan, Seorang Penadah Ditangkap",2015-01-11,Sunday
Saham-saham Sektor Ini Bakal Kinclong di Tahun 2015,2015-01-12,Monday
Waterfront Securities: IHSG Cenderung Mix,2015-01-13,Tuesday
Perusahaan yang Beri Pinjaman Rp 57 M ke Anak Budi Gunawan Sudah Tutup,2015-01-14,Wednesday
"Dapat Kredit Rp 57 M Saat Berusia 19 Tahun, Ini Lini Bisnis Anak Komjen Budi",2015-01-14,Wednesday
"Pinjaman Rp 57 M Dibayar Tunai, Begini Alur Uang ke Rekening Komjen Budi",2015-01-14,Wednesday
Promo Pembelian Sony Bravia di Lazada Mengecewakan,2015-01-14,Wednesday
"Kasus Pajak BCA Jadi Prioritas, Ditargetkan Selesai Tengah Tahun 2015",2015-01-14,Wednesday
Kiwoom Securities: Bursa Dunia Beri Sentimen Positif,2015-01-15,Thursday
Begini Aliran Uang yang Masuk ke Rekening Komjen BG dan Anaknya,2015-01-15,Thursday
"Beroperasi Sejak 2010, Bandar Togel Beromset Miliaran Ditangkap di Tangerang",2015-01-15,Thursday
Bahana Securities: Indeks Cenderung Melemah,2015-01-15,Thursday
IHSG Berpotensi Menguat,2015-01-15,Thursday
"Pengusaha Jadi Korban Perampokan Modus Ban Kempis, Uang Rp 300 Juta Raib",2015-01-15,Thursday
Kaus 'Aku akan Terus Berjuang' untuk Pengobatan si Kecil Rafi,2015-01-19,Monday
Bursa Global Beri Sentimen Positif,2015-01-19,Monday
Waterfront Securities: IHSG Variatif,2015-01-19,Monday
Investor Asing Masih Semangat Jual Saham,2015-01-20,Tuesday
Waterfront Securities: IHSG Diprediksi Mix,2015-01-20,Tuesday
Bursa Regional Bantu IHSG Menguat,2015-01-21,Wednesday
Waterfront Securities: IHSG Diperkirakan Mix,2015-01-21,Wednesday
IHSG Disemangati Rencana Stimulus Bank Sentral Eropa,2015-01-22,Thursday
"Leasing Mulai Lirik Sektor Perikanan, Ini Peluang Bisnisnya",2015-01-22,Thursday
Kartu Pengganti BCA Card Belum Diterima,2015-01-22,Thursday
Basarnas: 6 Jenazah Korban AirAsia Ditemukan Terhimpit Serpihan Pesawat,2015-01-22,Thursday
Menteri Susi Kumpul Bareng dengan Para Pengusaha Leasing,2015-01-22,Thursday
"Demi Gaya Hidup dan Narkoba, Fredy Gelapkan Rp 600 Juta Milik Perusahaan",2015-01-22,Thursday
Waterfront Securities: IHSG Cenderung Menguat,2015-01-22,Thursday
"Tipu Perusahaan Bulu Mata Rp 1,6 Miliar, Sopir Taksi dan 2 WN Nigeria Ditangkap",2015-01-22,Thursday
IHSG Disemangati Stimulus Bank Sentral Eropa,2015-01-23,Friday
Waterfront Securities: IHSG Akan Bergerak Mixed,2015-01-23,Friday
Bakti BCA Donasikan Sarana Pendukung Sekolah di Lampung,2015-01-23,Friday
Ini Dampak Kegaduhan KPK-Polri Buat Investasi di RI,2015-01-24,Saturday
"ATM di Mata Rio Febrian, Bebi Romeo, Tata Zaneta, Bams",2015-01-26,Monday
IHSG Mampu Lanjutkan Penguatan,2015-01-26,Monday
"Gaduh KPK-Polri, Menkeu: Kisruh Politik Harus Bisa Dikelola",2015-01-26,Monday
Waterfront Securities: IHSG Diperkirakan Dipengaruhi Indeks Global,2015-01-26,Monday
Home Theatre Samsung Diskon 74% Hanya dengan BCA KlikPay di Elevenia (Periode 2),2015-01-26,Monday
"Politik RI Masih Gaduh, Ini Komentar Ekonom Bank Inggris",2015-01-27,Tuesday
"Arti Sukses untuk Catherine Lian, Pemimpin Dell Indonesia",2015-01-27,Tuesday
Pemprov DKI Luncurkan Pembayaran Elektronik Parkir Meter,2015-01-29,Thursday
Bayar Parkir Elektronik Bisa Pakai Kartu Apa Saja?,2015-01-29,Thursday
Bayar Parkir di Jakarta Tak Perlu Pakai Uang Tunai,2015-01-29,Thursday
Ahok Uji Coba Parkir Elektronik di Jalan Sabang,2015-01-29,Thursday
Ini Dia Lokasi-lokasi Terminal Parkir Elektronik di Jakarta,2015-01-29,Thursday
Terminal Parkir Elektronik Diluncurkan di Jakarta,2015-01-29,Thursday
Bayar Parkir Elektronik di Jalan Sabang Kini Bisa Pakai BRIZZI,2015-01-29,Thursday
Kiwoom Securities: IHSG Cenderung Negatif,2015-01-29,Thursday
"Pakai Parkir Elekronik, Ahok: Bapak-bapak Enggak Bisa Bohongin Istri Lagi",2015-01-29,Thursday
Polisi Sita Senjata Api dan Narkoba dari 2 Penjahat Pengendara CRV di Depok,2015-01-29,Thursday
"Tak Perlu Pakai Recehan, Begini Praktisnya Bayar Parkir Elektronik",2015-01-29,Thursday
Polisi Periksa Intensif 2 Pria Diduga Perampok yang Tertangkap di Depok,2015-01-30,Friday
Bagaimana Cara Saeful Bisa Main FB di Lapas dan Peras Ibu-ibu Bugil?,2015-01-30,Friday
"Transaksi Lewat m-BCA STK dan SMS BCA Indosat, Hadiah Liburan ke Korea Menanti",2015-01-30,Friday
CMNP Restrukturisasi Utang Anak Usaha Rp 350 Miliar,2015-01-30,Friday
"Ahok: Bank DKI Harus Seperti BCA, ATM di Mana-mana",2015-01-31,Saturday
"Pecat Pegawai Malas, Ahok: Banyak yang Tak Mau Saya Lama Jadi Gubernur",2015-01-31,Saturday
Earphone Sennheiser Cuman Seratus Ribuan Pakai BCA KlikPay di Elevenia!,2015-02-02,Monday
Menabung Dan Belanja Online Dimata Artis Gebyar BCA,2015-02-02,Monday
Waterfront Securities: IHSG Cenderung Mixed,2015-02-03,Tuesday
IHSG Batal Cetak Rekor Tertinggi,2015-02-04,Wednesday
IHSG Siap Mengekor Bursa Asia,2015-02-04,Wednesday
Kiwoom Securities: Naiknya Harga Minyak Dunia Beri Sentimen Positif,2015-02-04,Wednesday
Waterfront Securities: IHSG Berpotensi Menguat,2015-02-04,Wednesday
Waterfront Securities: IHSG Cenderung Mix,2015-02-05,Thursday
"Ekonomi RI Melambat, IHSG Ikut Terpangkas",2015-02-05,Thursday
Sentimen Bursa Saham Global Bisa Menyeret IHSG ke Zona Merah,2015-02-05,Thursday
Ini Penjelasan TransJ Terkait Operasional e-Ticketing di Koridor 4 dan 6,2015-02-05,Thursday
"Tak Mau Ketinggalan, Android One Mito Dibanderol Rp 600 Ribuan",2015-02-05,Thursday
Waterfront Securities: IHSG Diperkirakan Variatif,2015-02-06,Friday
"IHSG Mix, Cenderung Menguat",2015-02-06,Friday
Rayakan Valentine Bersama Tahapan Xpresi BCA,2015-02-06,Friday
"Resmi Dijual di Indonesia, iPhone 6 Paling Murah Rp 10,799 Juta",2015-02-06,Friday
"Geber iPhone 6, Erajaya Andalkan Operator The Big Three",2015-02-06,Friday
"Paket Bundling iPhone 6, Mana Paling Menggiurkan?",2015-02-06,Friday
Bayar Taksi Premium Express Sekarang Bisa Pakai Kartu BCA,2015-02-07,Saturday
"Besok, Hardisk Eksternal Diskon 76% di elevenia!",2015-02-09,Monday
"Kisah Inspiratif Pusat Oleh-oleh Khas Balikpapan, Toko Amplang Sibayak",2015-02-09,Monday
Rayakan Kebahagiaan Miliki Rumah Idaman dengan Program Fix & Cap dari KPR BCA,2015-02-09,Monday
Waterfront Securities: IHSG di Kisaran 5.309-5.377,2015-02-09,Monday
"Idap Caroli Disease, Bayi 11 Bulan Ini Butuh Bantuan untuk Cangkok Hati",2015-02-10,Tuesday
IHSG Berpotensi Menguat,2015-02-11,Wednesday
Waterfront Securities: IHSG Diperkirakan Mix,2015-02-11,Wednesday
Sarang Judi Online Digerebek di Cengkareng,2015-02-12,Thursday
"Sindikat Judi Online Internasional Dibekuk, Dipimpin Ibu Rumah Tangga",2015-02-12,Thursday
"Bahana Securities: IHSG Mix, Cenderung Menguat",2015-02-12,Thursday
Siap-siap Sambut Social Media Week Pertama di Jakarta,2015-02-12,Thursday
IHSG Diprediksi Tertekan Bursa Regional,2015-02-12,Thursday
BCA Dukung Perkembangan Wirausahawan di Konferensi Endeavor Scale-Up 2.0,2015-02-13,Friday
Waterfront Securities: IHSG Diperkirakan Cenderung Menguat,2015-02-13,Friday
Beberapa Hal yang Harus Dilakukan Jika Ingin Sukses Mengembangkan Wirausaha,2015-02-13,Friday
IHSG Masih Bisa Menguat Terbatas,2015-02-13,Friday
Tanggapan BCA untuk Keluhan Bapak Ibnu,2015-02-15,Sunday
Kiwoom Securities: Ada Risiko Profit Taking,2015-02-16,Monday
Bayar Iuran BPJS Ketenagakerjaan Lewat KlikBCA Bisnis? Bisa!,2015-02-16,Monday
Rayakan Kebahagiaan Miliki Rumah Idaman dengan Program Fix & Cap dari KPR BCA,2015-02-16,Monday
Empat Wirausahawan Muda Berbagi Kisah Sukses Mengembangkan Bisnisnya,2015-02-16,Monday
"Bahana Securities: IHSG Mix, Cenderung Menguat",2015-02-16,Monday
Waterfront Securities: IHSG Berpeluang Lanjutkan Kenaikan,2015-02-16,Monday
"Bos BCA Lepas Saham Rp 2,8 Miliar",2015-02-16,Monday
"BCA Untung Rp 16 Triliun di 2014, Naik 12%",2015-02-16,Monday
Bank Ekonomi Segera Keluar dari Pasar Modal,2015-02-16,Monday
"Kejar Penjambret, Mahasiswi Bogor Terluka setelah Terjatuh dari Motor",2015-02-16,Monday
IHSG Diperkirakan Bisa Lanjutkan Penguatan,2015-02-16,Monday
Begini Pandangan Investor Mengenai Kegagalan Scale-Up,2015-02-17,Tuesday
Nikmati Petualangan Seru di Jungle Land Bersama Flazz dan Kartu Kredit BCA,2015-02-17,Tuesday
Ajang Bersosialisasi dan Belajar Bagi Wirausahawan,2015-02-17,Tuesday
Waterfront Securities: IHSG Cenderung Melemah,2015-02-17,Tuesday
"9 Pelaku Poker Online di Medan Dibekuk Polisi, 1 di Antaranya Pelajar",2015-02-17,Tuesday
"Satu Lagi Direksi BCA Jual Saham, Raup Rp 1,42 Miliar",2015-02-17,Tuesday
BCA Finance Akan Lakukan IPO Berkelanjutan II,2015-02-17,Tuesday
IHSG Bisa Lanjutkan Koreksi,2015-02-17,Tuesday
Tolong! Bayi Ini Membutuhkan Bantuan Rp 1 Miliar untuk Cangkok Hati,2015-02-17,Tuesday
"Jadi Donor Hati untuk sang Anak, Ayah Alfariel: Nyawa Juga Saya Korbanin",2015-02-18,Wednesday
"Jika KPK Benar Lumpuh, Ini Daftar Kasus Besar yang Terancam Stop Pengusutannya",2015-02-18,Wednesday
IHSG Bakal Positif,2015-02-18,Wednesday
Bahana Securities: IHSG dan Rupiah akan Melemah,2015-02-18,Wednesday
Ciputra Tawarkan Rumah Kelas Menengah Bawah Rp 135 Juta di Jonggol,2015-02-18,Wednesday
Pesan Ortu Pasien Caroli Disease: Jangan Remehkan Kuning pada Bayi,2015-02-18,Wednesday
"Dirut Harian Memo Kediri Dirampok, Uang Rp 230 Juta Raib",2015-02-20,Friday
Ellen May: Sektor Perbankan Masih Positif,2015-02-20,Friday
"Perhatian! Tak Terima Uang Cash, Kini TransJ Semua Koridor Harus Pakai e-ticket",2015-02-21,Saturday
"Cegah Perusahaan 'Kabur', BEI Naikkan Biaya Delisting",2015-02-23,Monday
Berkeliling Dunia di HUT BCA ke-58,2015-02-23,Monday
"Path, Twitter, Facebook dkk Berpesta di Jakarta",2015-02-23,Monday
Empat Bank Ini Layani Pembuatan e-KTP,2015-02-23,Monday
Sukuk Negara Ritel seri SR-007 Dipasarkan Mulai 23 Februari 2015,2015-02-23,Monday
Lebih Mudah Isi Ulang Listrik Prabayar Melalui e-Channel BCA,2015-02-23,Monday
"MPN G-2 Diluncurkan Perdana, BCA Nyatakan Kesiapan Dukung Sistem Ini",2015-02-25,Wednesday
DPK Bank Pundi Capai Rp 8 Triliun Lebih,2015-02-25,Wednesday
"Mulai 1 Maret, BCA Turunkan Bunga KPR",2015-02-25,Wednesday
"Sukses Tingkatkan Kualitas Layanan Perbankan, BCA Raih ESEA 2015",2015-02-25,Wednesday
Polisi dan Warga Gagalkan Perampokan Rp 348 Juta di Medan,2015-02-26,Thursday
"Simpan Uang di Bawah Rp 2 M di BCA Dapat Bunga 6,75%",2015-02-27,Friday
"BCA Dollar, Simpanan dengan Banyak Keuntungan",2015-02-27,Friday
IHSG Rawan Profit Taking,2015-02-27,Friday
Semarak Diskon dan Promo Menyambut HUT BCA Ke-58,2015-02-27,Friday
"Bahana Securities: IHSG Mix, Cenderung Menguat",2015-02-27,Friday
Ini Penyebab Rupiah Terseok Sampai Nyaris Rp 13.000/US$,2015-02-27,Friday
BCA HUT ke-58,2015-02-28,Saturday
Yuk Test Drive Mobil Mercy di Senayan,2015-02-28,Saturday
BCA Kembali Undi Pemenang Program,2015-03-02,Monday
Rayakan HUT BCA ke-58 dengan Diskon 58% Menginap di Hotel Berbintang,2015-03-02,Monday
Kacamata Gratis Untuk Siswa Berekonomi Lemah,2015-03-03,Tuesday
Erafone Menggebrak MBC 2015 dengan Harga Gadget Spektakuler!,2015-03-04,Wednesday
"Kasus Blokir Rekening Judi Online, AKBP Murjoko Didakwa Peras Rp 7 M",2015-03-04,Wednesday
Korban Sempat 'Hajar' Pelaku Begal di Tangerang,2015-03-04,Wednesday
Bahana Securities: IHSG dan Rupiah Akan Melemah,2015-03-04,Wednesday
"BCA Untung Rp 16,5 Triliun, Naik 15,7%",2015-03-05,Thursday
"Dipanggil KPK Sebagai Tersangka Kasus Bank BCA, Hadi Poernomo Mangkir",2015-03-05,Thursday
Bahana Securities: IHSG Lanjutkan Pelemahan,2015-03-05,Thursday
BCA Pertahankan 1% Saham di Bank Ekonomi,2015-03-05,Thursday
KPK Panggil Hadi Poernomo sebagai Tersangka Kasus Pajak BCA,2015-03-05,Thursday
Bank Jual Dolar AS di Rp 13.100,2015-03-05,Thursday
"Dolar Sentuh Rp 13.000, BCA Turunkan Bunga Deposito",2015-03-05,Thursday
"BCA Raih Laba Bersih Rp 16,5 Triliun",2015-03-05,Thursday
Mandiri Sekuritas: IHSG Cenderung Melemah,2015-03-05,Thursday
Bos BCA: Kita Nggak Bisa Kasih Banyak Buat Infrastruktur,2015-03-05,Thursday
Bahana Securities: IHSG Bergerak Cenderung Melemah,2015-03-06,Friday
Bakti BCA Serahkan 13 Alat Operasi Katarak,2015-03-06,Friday
"Menabung Tidak Bikin Kaya, Ayo Mulai Berinvestasi",2015-03-07,Saturday
Seorang Karyawati Mengaku Dirampok Sopir Taksi Putih,2015-03-08,Sunday
BCA Jalin Kebersamaan dengan Nasabah di Momen Imlek,2015-03-09,Monday
BCA Dukung Pelaksanaan Social Media Week Pertama di Indonesia,2015-03-09,Monday
Kepala UP Perparkiran: Total 87 Mesin Parkir Akan Dipasang di Kelapa Gading,2015-03-09,Monday
"Bayar Parkir Meter di Kelapa Gading Pakai Kartu Prabayar, Bukan Koin",2015-03-09,Monday
BCA Berdayakan Komunitas UKM Lewat Media Sosial,2015-03-09,Monday
"OJK Undang Petinggi Bank Sampai Cak Lontong, Ada Apa?",2015-03-10,Tuesday
"Data Perbankan Dicuri Lewat Internet, Segera Lakukan Ini!",2015-03-10,Tuesday
Sampai Kapan Dolar Bertahan Rp 13.000?,2015-03-10,Tuesday
"Banyak 'Uang Panas' di Indonesia, Dolar AS Bisa di Atas Rp 13.000",2015-03-10,Tuesday
"Dolar Tembus Rp 13.000, Ada Apa dengan 'Jokowi Effect'?",2015-03-10,Tuesday
Bank Sudah Jual Dolar AS Rp 13.300,2015-03-11,Wednesday
"Likuiditas Ketat, Awas Bank Perang Bunga Deposito Lagi",2015-03-11,Wednesday
"Jokowi Punya 8 Taktik Perkuat Rupiah, Ekonom: Yang Penting Implementasi",2015-03-12,Thursday
"Direksi BCA Jual Saham Lagi, Raup Rp 1,46 Miliar",2015-03-12,Thursday
Bahana Securities: IHSG Bergerak Cenderung Melemah,2015-03-12,Thursday
KPK Panggil Lagi Hadi Poernomo Sebagai Tersangka Kasus Pajak Bank BCA,2015-03-12,Thursday
"Sakit Jantung, Hadi Poernomo Tidak Bisa Penuhi Panggilan KPK",2015-03-12,Thursday
"Dolar AS 'Menjinak', Bank Masih Jual di Atas Rp 13.200",2015-03-12,Thursday
Meneropong Paket Kebijakan Jokowi Untuk 'Obati' Rupiah,2015-03-12,Thursday
Pebisnis Judi Online di Tangerang Digerebek Polisi,2015-03-13,Friday
"Ikut Mediasi Perselisihan MKS-Fuad Amin, Zaini Dapat Fee Rp 3,5 Miliar",2015-03-16,Monday
BCA Paparkan Hasil Kinerja Keuangan Tahun 2014,2015-03-16,Monday
KPK Berencana Panggil Ulang Hadi Poernomo yang Beralasan Sakit Jantung,2015-03-16,Monday
BCA Dukung Pelaksanaan Social Media Week Pertama di Indonesia,2015-03-16,Monday
"'Diserang' Praperadilan Tersangka Korupsi, KPK: Kami Pernah Usul SEMA",2015-03-16,Monday
Lamanya Proses Pengambalian Uang Dari BCA,2015-03-16,Monday
"Sarpin Effect, Giliran Hadi Poernomo yang Ajukan Praperadilan 'Melawan' KPK",2015-03-16,Monday
Bayar Parkir Pinggir Jalan Sekarang Bisa Pakai Flazz BCA,2015-03-16,Monday
"PN Jaksel Sudah Terima Praperadilan Hadi Poernomo, Belum Tunjuk Hakim",2015-03-16,Monday
Paket Kebijakan Ekonomi Jokowi Belum Direspons Penguatan Rupiah,2015-03-17,Tuesday
Jumlah Pinjaman KTA DBS Tak Sesuai Perjanjian,2015-03-17,Tuesday
"Jokowi Keluarkan 6 Langkah Penguatan Rupiah, IHSG Bisa Positif",2015-03-17,Tuesday
"KPK 'Diserang' Gelombang Praperadilan, Busyro: MA Harus Tanggung Jawab",2015-03-17,Tuesday
3 Siasat Hadi Poernomo Hindari Jeratan KPK,2015-03-17,Tuesday
Jaksa KPK Siap 'Bertarung' Hadapi Gelombang Praperadilan Para Tersangka,2015-03-17,Tuesday
"Rupiah Naik Turun, Pengusaha Harus Amankan Diri Sendiri",2015-03-18,Wednesday
Bahana Securities: IHSG Cenderung Menguat,2015-03-18,Wednesday
Waterfront Securities: IHSG Diperkirakan Menguat,2015-03-19,Thursday
Duit dari Bos MKS Ditransfer ke Rekening Istri Muda Fuad Amin,2015-03-19,Thursday
"Rupiah Menguat, Dolar Anda Tak Laku Lagi Rp 13.000 di Bank",2015-03-19,Thursday
IHSG Bakal Bergerak Positif,2015-03-19,Thursday
Garuda Indonesia Gelar Travel Fair 2015 di Surabaya,2015-03-20,Friday
Garuda Indonesia Akan Gelar Travel Fair 2015 di Surabaya,2015-03-20,Friday
Tersangka Kasus Innospec di KPK Juga Ajukan Praperadilan,2015-03-20,Friday
"Gelombang Praperadilan, KPK: Kami Upayakan Maksimal dengan Tenaga Terbatas",2015-03-20,Friday
Tips dari Slank Supaya Air di Bumi Tetap Awet,2015-03-22,Sunday
"Peringati Hari Air Sedunia, Slank Manggung di Car Free Day Bundaran HI",2015-03-22,Sunday
Hobi Travelling dan Belanja? Ini Tips Agar Tak Pusing di Akhir Bulan,2015-03-22,Sunday
"Masih Digaris Polisi Pascakebakaran, Hari ini Margo City Belum Beroperasi",2015-03-23,Monday
"Pelayanan BCA Finance di Mal, Buka Setiap Hari",2015-03-23,Monday
Kredit Mobil Melalui BCA Finance Kini Bisa di Mal,2015-03-23,Monday
"Wujudkan Jakarta Smart City, Pemprov DKI Manfaatkan Media Sosial",2015-03-23,Monday
Layanan Kredit Mobil BCA Finance Kini Ada di Mal,2015-03-23,Monday
"Indomaret Lakarsantri Dibobol, Hanya Rp 300 Ribu Raib",2015-03-23,Monday
"Peduli Katarak, BCA Sumbang Alat Operasi dan Biometri ke SPBK Perdami",2015-03-23,Monday
Mengungkap Strategi Digital Marketing BCA,2015-03-23,Monday
Ini Alasan KPK Absen di Sidang Praperadilan Perdana Sutan Bhatoegana,2015-03-23,Monday
"Kartu Kredit BCA Rusak, Kartu Pengganti Belum Diterima",2015-03-24,Tuesday
BCA Finance : Pembelian Mobil Secara Kredit Turun 18 Persen,2015-03-24,Tuesday
Ini Strategi Leasing Hadapi Tantangan 2015,2015-03-24,Tuesday
"Pasca Kebakaran, Margo City Depok Kembali Beroperasi",2015-03-24,Tuesday
"Banyak Penipuan, Hati-hati Beli Tiket Online Konser One Direction",2015-03-24,Tuesday
"Ganti Parkir On The Street, Dishub Terapkan Sistem Elektronik Rp 5.000/Jam",2015-03-25,Wednesday
"Mulai Besok, 'Bank Tanpa Kantor Cabang' Diluncurkan di Sumatera Hingga Papua",2015-03-26,Thursday
Ahok Ingin JPO di Jakarta Langsung Terhubung ke Gedung-gedung,2015-03-26,Thursday
Indonesia Siap Fasilitasi Kantor Utama Bank Infrastruktur Asia,2015-03-26,Thursday
"Kartu ATM Pakai Chip, Bos BCA: Nasabah Kita Jutaan Jadi Tidak Mudah",2015-03-26,Thursday
"Baru Belajar, BCA Hanya Targetkan 3.000 Agen Laku Pandai",2015-03-26,Thursday
BCA Tawarkan Bunga KPR di Bawah 10% Selama 5 Tahun,2015-03-26,Thursday
"Mandiri Sekuritas: IHSG di Tahap Krusial, Hati-hati Ambil Posisi",2015-03-26,Thursday
"Empat Bank Luncurkan 'Laku Pandai', Bank Tanpa Kantor Cabang",2015-03-26,Thursday
Waterfront Securities: IHSG di Kisaran 5.372-5.457,2015-03-26,Thursday
Ini Persiapan KPK Hadapi 3 Sidang Praperadilan Senin 30 Maret,2015-03-27,Friday
"Satu Lagi Pameran Wisata Seru, Astindo Fair 2015!",2015-03-27,Friday
"Dikejar, Penjambret Jatuh dari Motor dan Jadi Bulan-bulanan Massa",2015-03-27,Friday
OJK dan BRI Luncurkan Layanan Bank Tanpa Kantor di Jayapura,2015-03-27,Friday
Lenggak-Lenggok Ladyboy Seksi Thailand di Astindo Fair 2015,2015-03-27,Friday
Jokowi Siap Fasilitasi Kantor Utama Bank Infrastruktur Asia,2015-03-27,Friday
Peduli Lingkungan dengan Tanam Pohon Mangrove,2015-03-27,Friday
Serbu! Aneka Promo Tiket Maskapai di Astindo Fair 2015,2015-03-28,Saturday
Pagi Ini KPK Akan Hadapi 3 Gugatan Praperadilan di PN Jaksel,2015-03-30,Monday
"Buka Bisnis Sampingan Judi Online, 2 Pengusaha Ditangkap Polisi",2015-03-30,Monday
BCA Kerjasama dengan Bank Woori Saudara Terbitkan Flazz,2015-03-30,Monday
"Hakim PN Jaksel Rapat, Praperadilan 3 Tersangka Melawan KPK Belum Dimulai",2015-03-30,Monday
Akankah 3 Tersangka yang Ajukan Gugatan Praperadilan Bernasib Seperti Sutan?,2015-03-30,Monday
KPK Beri Perhatian Khusus ke Kasus yang Dipraperadilankan,2015-03-30,Monday
BCA Raih 5 Penghargaan Net Promoter Customer Loyalty Award 2014,2015-03-30,Monday
Absen Praperadilan Strategi KPK Agar 3 Tersangka Bernasib Seperti Sutan?,2015-03-30,Monday
Meningkatkan Produktivitas Usaha dengan Virtual Account BCA,2015-03-30,Monday
Garuda Indonesia dan BCA Jalin Kerja Sama,2015-03-30,Monday
Waterfront Securities: IHSG Cenderung Melemah,2015-04-01,Wednesday
Mandiri Sekuritas: IHSG Rawan Profit Taking,2015-04-01,Wednesday
Polisi Bekuk Agen Judi Online di Tasikmalaya,2015-04-03,Friday
Ini Dia Hobi yang Bisa Jadi Investasi,2015-04-05,Sunday
"Nasabah Bank di Bandung Dibacok Penjambret, Uang Rp 225 Juta Amblas",2015-04-06,Monday
IHSG dan Rupiah Kompak Menguat di Awal Pekan,2015-04-06,Monday
Penerapan Sistem Parkir Elektronik di Jalan Boulevard Raya Kelapa Gading,2015-04-06,Monday
Polisi Tangkap Komplotan Pembobol ATM di Pekanbaru,2015-04-06,Monday
Solusi BCA untuk Kebutuhan Pengusaha SPBU,2015-04-06,Monday
Ingin Business Trip sekaligus Wisata ke Korea Selatan? Manfaatkan Virtual Account BCA,2015-04-06,Monday
Waterfront Securities: IHSG Mixed di 5.412-5.489,2015-04-06,Monday
BCA Luncurkan Tabungan LAKU,2015-04-06,Monday
Mandiri Sekuritas: IHSG Lanjutkan Penguatan,2015-04-07,Tuesday
Bahana Securities: IHSG Akan Bergerak Menguat,2015-04-07,Tuesday
Waterfront Securities: IHSG Cenderung Menguat,2015-04-07,Tuesday
IHSG Jauhi Rekor Tertinggi,2015-04-08,Wednesday
Pencuri Modus Gembos Ban Babak Belur Dihakimi Warga di Bogor,2015-04-08,Wednesday
"RUPS dan RUPSLB: PT Bank Central Asia Tbk (BBCA). Pukul 10.00. Grand Ballroom Hotel Kempinski Lantai 11. Jalan MH Thamrin, Jakarta Pusat.",2015-04-09,Thursday
Bahana Securities: IHSG Bakal Cenderung Menguat,2015-04-09,Thursday
"BCA Akan Bagi-bagi Dividen Rp 3,2 Triliun",2015-04-09,Thursday
"BCA Bakal Bagi-bagi Dividen Rp 3,2 Triliun",2015-04-09,Thursday
"Pakai Internet Banking, Uang Nasabah Ini Raib Rp 41 Juta",2015-04-09,Thursday
"Masih 'Berlindung' Praperadilan, Hadi Poernomo Menolak Diperiksa KPK",2015-04-10,Friday
"Berlagak Cari Calon TKI, 2 Penipu ini 'Blusukan' ke Sekolah dan Raup Rp 1,9 M",2015-04-10,Friday
Bahana Securities: IHSG Diperkirakan Menguat,2015-04-10,Friday
LAKU PANDAI Menyediakan Produk Keuangan yang Sederhana,2015-04-10,Friday
"Pesanan Lazada DIbatalkan Sistem, Refund Belum Diterima",2015-04-10,Friday
Pria yang Ditangkap Densus di Petamburan Diduga Fasilitasi WNI Gabung ISIS,2015-04-11,Saturday
"Warga Tangerang Selatan, Sekarang Bisa Bayar PBB Melalui BCA",2015-04-13,Monday
"Eks Kadishub Didakwa Lakukan Pencucian Uang Belasan Miliar, Ini Rinciannya",2015-04-13,Monday
"Kuning Saat Lahir Dikira Kurang Dijemur, Meghan Ternyata Kena Atresia Bilier",2015-04-13,Monday
Hakim Kabulkan Pencabutan Gugatan Praperadilan Hadi Poernomo,2015-04-13,Monday
Eks Kadishub Udar Pristono Juga Protes 2 Poin Dakwaan Jaksa,2015-04-13,Monday
BCA Dukung Pelaksanaan Program Laku Pandai OJK,2015-04-13,Monday
"Pasca Pencabutan Gugatan Praperadilan, Hadi Poernomo Langsung Dipanggil KPK",2015-04-13,Monday
Hadi Poernomo Cabut Gugatan Praperadilan di PN Jaksel,2015-04-13,Monday
BCA Dinobatkan Sebagai Bank Swasta Terbaik di Ajang Obsession Award 2015,2015-04-13,Monday
"Dakwaan Jaksa: Eks Kadishub Udar Pristono Juga Terima Duit Rp 6,5 Miliar",2015-04-13,Monday
"Pasca Cabut Praperadilan, Pihak Hadi Poernomo Janji Siap Penuhi Panggilan KPK",2015-04-14,Tuesday
Memoles e-Banking Guna Menangkal Serangan Sinkronisasi Token,2015-04-14,Tuesday
Pembatalan dan Refund Tagihan Ganda Global Teleshop,2015-04-15,Wednesday
Istri Yohan Yap Beberkan Bujukan Pengacara Sentul City Soal Penyamaran Duit Suap,2015-04-15,Wednesday
Bahana Securities: IHSG Bakal Menguat,2015-04-15,Wednesday
"Terima Judi Togel via BBM, Pengusaha Alat Musik Ini Dibekuk Polisi",2015-04-16,Thursday
Janji Penyelesaian Keluhan XL Belum Ada Realisasi,2015-04-16,Thursday
Ratusan Nelayan dan Petani Tanam Mangrove di Teluk Lamong,2015-04-17,Friday
Memoles e-Banking Guna Menangkal Serangan Sinkronisasi Token,2015-04-17,Friday
Tanggapan BCA untuk Surat Bapak Irfan,2015-04-18,Saturday
"Kartu Kredit BCA Expired, Kartu Pengganti Belum Diterima",2015-04-18,Saturday
Tiket KA Lebaran: Pembayaran Dibatalkan Sepihak hingga Habis Dalam 5 Menit,2015-04-19,Sunday
Ini Dia Jalur Kereta dari Manggarai ke Bandara Soekarno-Hatta,2015-04-20,Monday
"Penggemar Berat Komik Indonesia, Yuk Ramai-Ramai ke re:ON Comics Convention",2015-04-20,Monday
"Penggemar Berat Komik Jepang, Yuk Ramai-Ramai ke re:ON Comics Convention",2015-04-20,Monday
"Penggemar Berat Komik Jepang, Yuk Ramai-Ramai ke re:ON Comics Convention",2015-04-20,Monday
"Karya Sejuta Xpresi, Wadah Anak Muda Indonesia Pamer Kreativitas",2015-04-20,Monday
"Beli Pulsa Listrik Prabayar Lewat e-Banking BCA, Satu Unit Mobil Menanti",2015-04-20,Monday
"Tak Berhasil Bobol ATM di Indomaret, Pencuri Ini Bawa Kabur Makanan Ringan",2015-04-20,Monday
"Akhir 2016, Bandara Soekarno-Hatta Punya KRL ke Manggarai",2015-04-20,Monday
"Abdur Rouf Didakwa Jadi Perantara Duit Suap Rp 1,9 M ke Fuad Amin",2015-04-20,Monday
4 Bank Raksasa Kucuri Rp 2 Triliun ke Proyek Kereta Bandara Soekarno-Hatta,2015-04-20,Monday
Bahana Securities: IHSG Cenderung Akan Melemah,2015-04-20,Monday
Tiga Bank Ini Ajukan Izin Layanan Tanpa Kantor Cabang,2015-04-20,Monday
Bahana Securities: IHSG Cenderung Melemah,2015-04-21,Tuesday
"BTN Cari Utang Rp 9,5 Triliun Genjot Penyaluran KPR",2015-04-22,Wednesday
Bahana Securities: IHSG Cenderung Melemah,2015-04-23,Thursday
Hadi Poernomo Tak Ditahan Usai Diperiksa 7 Jam dalam Kasus BCA,2015-04-23,Thursday
"Udar Pristono Protes Dakwaan Korupsi dan TPPU, Jaksa: Nanti Kita Buktikan!",2015-04-23,Thursday
Hadi Poernomo Penuhi Panggilan KPK dan Siap Ditahan,2015-04-23,Thursday
"Diperiksa KPK, Hadi Poernomo Sangkal Menerima Kick Back dari BCA",2015-04-23,Thursday
"Minta Hakim Tipikor Tunda Sidang, Udar Pristono Bandingkan Kasus Andrew Chan",2015-04-23,Thursday
Janji Hadi Poernomo ke KPK: Kooperatif dan Ikuti Proses Hukum,2015-04-23,Thursday
"Tingkatkan Wawasan Seni dan Budaya, Para Siswa SMA Nonton ""Opera Ular Putih""",2015-04-24,Friday
Polda Metro Bongkar Prostitusi Online Via Twitter,2015-04-24,Friday
"Menabung ke Agen, Bukan ke Kantor Cabang Bank",2015-04-27,Monday
"Ajak Masyarakat Bantu Korban Gempa Nepal, PMI Sediakan 3 Rekening Bank",2015-04-27,Monday
Hakim Tipikor Tolak Eksepsi Eks Kadishub Udar Pristono,2015-04-27,Monday
Dua Bandros Berlogo BCA Siap Bawa Wisatawan Keliling Bandung,2015-04-27,Monday
"BCA Luncurkan Tabungan LAKU di Grobogan, Jawa Tengah",2015-04-27,Monday
"Pakai Flazz, ke Waterbom Jakarta Cuma Rp1,-",2015-04-27,Monday
"Ekonomi RI Lesu Seperti China-Brasil-Turki, Tapi India Sedang Bersinar",2015-04-28,Tuesday
Lambatnya Penanganan Double Transaksi di Tiket.com,2015-04-28,Tuesday
"Ekonomi RI Lesu di Kuartal I-2015, Pengusaha Maklum Jokowi Baru 6 Bulan",2015-04-28,Tuesday
"Mengecewakan, Ekonomi RI di Kuartal I-2015 Diprediksi Tumbuh Tak Sampai 5%",2015-04-28,Tuesday
Bahana Securities: IHSG Cenderung Menguat Terbatas,2015-04-28,Tuesday
Tagihan Speedy Tak Sesuai Paket yang Diambil,2015-04-28,Tuesday
Uang Rp 75 Juta Milik Nasabah Bank Digasak Maling,2015-04-28,Tuesday
"3 Warga Bandung Diberangkatkan ke Nepal, 1 di Antaranya Eks Relawan KAA",2015-04-29,Wednesday
Bandar Judi Togel dan Bola Online Beromset Rp 500 Juta Dibekuk,2015-04-29,Wednesday
"Awal Mei, BCA Turunkan Bunga Deposito 0,25%",2015-04-29,Wednesday
Sejumlah Organisasi Sosial Indonesia Kirim Bantuan ke Nepal,2015-04-29,Wednesday
"BCA Kantongi Laba Rp 4,1 T Dalam 3 Bulan, Naik 10,7%",2015-04-29,Wednesday
"Pesanan Dinomarket Dibatalkan Sistem, Refund Belum Diterima",2015-04-29,Wednesday
Bahana Securities: IHSG Akan Menguat Terbatas,2015-04-29,Wednesday
Mandiri Sekuritas: IHSG Akan Menguat,2015-04-29,Wednesday
"JPMorgan: Isu Perbankan Bukan Lagi Soal Likuiditas, Tapi Kredit Macet",2015-04-29,Wednesday
Tessy Divonis 10 Bulan Penjara,2015-04-30,Thursday
"Pesanan Lazada Dibatalkan Sepihak, Refund Belum Diterima",2015-05-01,Friday
"Ekonomi RI Lesu di Triwulan I, Bagaimana Triwulan II?",2015-05-03,Sunday
Lazada Indonesia tidak Bertanggung Jawab,2015-05-04,Monday
"Menabung ke Agen, Bukan ke Kantor Cabang Bank",2015-05-04,Monday
"Transaksi Lewat m-BCA STK dan SMS BCA Indosat, Hadiah Liburan ke Korea Menanti",2015-05-04,Monday
Christine Hakim Mereguk Sukses Dari Gurih Pedas Keripik Balado,2015-05-04,Monday
"Kasus Pajak BCA, KPK Kembali Periksa Hadi Poernomo",2015-05-05,Tuesday
"Usai Jalani Pemeriksaan Kedua, Hadi Poernomo Belum Juga Ditahan",2015-05-05,Tuesday
Pemeriksaan Kedua Hadi Purnomo,2015-05-05,Tuesday
Catat! Aneka Promo & Diskon di Waterpark Jakarta,2015-05-07,Thursday
Brankas ATM BCA di Mojosari Nyaris Dibobol Pria Berjaket Hitam,2015-05-07,Thursday
Ini Deretan Kekayaan Fuad Amin yang Didakwa Hasil Pencucian Uang,2015-05-07,Thursday
"Ekonomi Premium, Kelas Pesawat Baru Singapore Airlines",2015-05-08,Friday
Dukung Peningkatan Wirausaha BCA Syariah Serahkan Bantuan Kepada LAZ Sidogiri,2015-05-08,Friday
Singapore Airlines Tebar Promo Tiket di Gandaria City,2015-05-08,Friday
Kecewa Kenaikan Harga Paket Promo FirstMedia dan BCA,2015-05-08,Friday
"Sidang Praperadilan, Hadi Poernomo Tolak Ungkap Alasan Tak Didampingi Pengacara",2015-05-11,Monday
Bahana Securites: IHSG Cenderung Menguat Terbatas,2015-05-11,Monday
Ke Jungle Land dengan Kartu Kredit BCA atau Flazz Dapat Diskon Tiap Hari,2015-05-11,Monday
Ari Irsyad Wahyudi : Terima Tantangan Teruskan Bisnis Orang Tua Berbuah Sukses,2015-05-11,Monday
IHSG akan Lanjutkan Penguatan,2015-05-11,Monday
"Tak Didampingi Pengacara, Hadi Poernomo Hadapi Praperadilan di PN Jaksel",2015-05-11,Monday
"Terminal Parkir Elektronik (TPE) Hadir di Faletehan, Parkir On The Street Jadi Mudah",2015-05-11,Monday
Waterfront Securities: IHSG Diperkirakan di Kisaran 5.185-5.242,2015-05-13,Wednesday
"Kebakaran di Menara BCA Thamrin, 11 Mobil Pemadam ke Lokasi",2015-05-13,Wednesday
Petugas Damkar Masih Sisir Basement Menara BCA Sumber Kepulan Asap,2015-05-13,Wednesday
"IHSG Diprediksi Mix, Cenderung Menguat",2015-05-13,Wednesday
Petugas Pemadam Berhasil Tangani Kepulan Asap di Menara BCA,2015-05-13,Wednesday
Menunggu Refund atas Premi AXA Life,2015-05-13,Wednesday
Hadi Poernomo Jadi 'Korban Pertama' Gaya Main Baru KPK di Praperadilan,2015-05-13,Wednesday
Kebakaran di Basement Menara BCA Berasal dari Panel Listrik,2015-05-13,Wednesday
Lumia 640 LTE Sudah Bisa Dipesan,2015-05-15,Friday
Buah Dari Komitmen BCA Utamakan Pelanggan,2015-05-15,Friday
"Tak Mau Kalah Lagi, KPK Siap Buka-bukaan di Sidang Praperadilan",2015-05-15,Friday
"Tekun, Albert Santoso Sukses Arungi Lika-Liku Bisnis Kayu Lapis",2015-05-18,Monday
"Pertumbuhan Ekonomi RI Diprediksi Hanya 5,4%, Saham Bank Sempat Jatuh",2015-05-18,Monday
"re:CON 2015, Ajang Komikus Indonesia Unjuk Gigi",2015-05-18,Monday
Kredit 1 Mobil di BCA Bisa Bawa Pulang 3 Mobil,2015-05-18,Monday
KPK Jawab Gugatan Hadi Poernomo Soal Penetapan Tersangka dan Penggeledahan,2015-05-18,Monday
"Di Praperadilan, Hadi Poernomo Gugat Status Tersangka dan Geledah oleh KPK",2015-05-18,Monday
Potensi Kerugian Negara di Kasus Hadi Poernomo Bisa Capai Triliunan Rupiah,2015-05-18,Monday
Bahana Securities: IHSG Akan Menguat Terbatas,2015-05-18,Monday
"Sidang Praperadilan, Hadi: Tak ada Kerugian Negara di Keberatan Wajib Pajak",2015-05-18,Monday
"Tanpa Pengacara, Hadi Poernomo Kembali Beraksi Seorang Diri di Praperadilan",2015-05-18,Monday
KPK Bakal 'Buka-bukaan' di Sidang Praperadilan Hadi Poernomo Hari Ini,2015-05-19,Tuesday
"Tiket Indonesia Open 2015 Sudah Dijual, Ini Harganya",2015-05-19,Tuesday
"Bermodal Ratusan Berkas, KPK Optimis Menang di Sidang Praperadilan Hadi Poernomo",2015-05-19,Tuesday
Majelis Hakim Verifikasi Berkas KPK dari 2 Koper dan 3 Kontainer,2015-05-19,Tuesday
"Buka-bukaan, KPK Siapkan 3 Kontainer dan 2 Koper Berkas di Praperadilan Hadi Purnomo",2015-05-19,Tuesday
Ahli Pidana UI Bahas Kewenangan Pengadilan Pajak di Kasus Hadi Poernomo,2015-05-20,Wednesday
KPK Makin Percaya Diri Menang di Praperadilan Hadi Poernomo,2015-05-20,Wednesday
Ahli: Petugas Pajak Diduga Korupsi Bisa Dilaporkan ke Penegak Hukum,2015-05-20,Wednesday
KPK Sisakan 3 Saksi Fakta untuk Sidang Praperadilan Hadi Poernomo Besok,2015-05-21,Thursday
Bahana Securities: IHSG Cenderung Melemah,2015-05-21,Thursday
Senangnya Carolina Marin Kembali ke Pelatnas Cipayung,2015-05-21,Thursday
IHSG Berpotensi Terkoreksi,2015-05-21,Thursday
Mengenal Dirkrimum Polda Metro Kombes Krishna: dari Kalijodo Sampai Yaman,2015-05-22,Friday
Mahasiswa Universitas Ternama di Singapura Dapat Edukasi Perbankan,2015-05-22,Friday
KPK Lakukan 3 Kali Ekspose Saat Tentukan Status Tersangka Hadi Poernomo,2015-05-22,Friday
Penyelidik KPK: Temuan Awal Kerugian Negara Kasus Hadi Poernomo Rp 375 M,2015-05-22,Friday
"Disebut Rugikan Negara Rp 2 T, Hadi: Saya Untungkan Negara Rp 10 T",2015-05-22,Friday
"Aset Bank Daerah Rp 498 T, Urutan ke-13 ASEAN",2015-05-22,Friday
"Masyarakat Susah Beli Rumah, DP KPR Harus Segera Turun",2015-05-22,Friday
Kubu KPK dan Hadi Poernomo Sampaikan Kesimpulan Praperadilan Senin Depan,2015-05-22,Friday
KPK Panggil Dirut BCA Sebagai Saksi Kasus Hadi Poernomo,2015-05-22,Friday
Penyidik KPK: Kerugian Negara Kasus Hadi Poernomo Melambung Hingga Rp 2 T,2015-05-22,Friday
"Usai Diperiksa KPK, Presdir BCA: Tak Ada Suap untuk Hadi Poernomo",2015-05-22,Friday
Penyelidik KPK Ceritakan Kronologi Kasus Pajak BCA yang Jerat Hadi Poernomo,2015-05-22,Friday
BCA Indonesia Open Tayang di Trans7,2015-05-25,Monday
"Tekun, Albert Santoso Sukses Arungi Lika-Liku Bisnis Kayu Lapis",2015-05-25,Monday
BIOSSP Diharapkan Bisa Tingkatkan Minat Generasi Muda Akan Olahraga,2015-05-25,Monday
Merindukan Juara di Istora,2015-05-25,Monday
"Erika Santoso, Nahkoda Tujuh Cabang ADA Swalayan",2015-05-25,Monday
"Dukung Operasional SiMOLEK, BCA Raih Penghargaan dari OJK",2015-05-25,Monday
Hadi Poernomo Bacakan Kesimpulan: KPK Tidak Berwenang Tangani Kasusnya,2015-05-25,Monday
Berhadiah Rp 10 Miliar dan Perebutan Poin Olimpiade,2015-05-25,Monday
"Sidang Praperadilan Hadi Poernomo Dilanjutkan Hari Ini, Agenda Kesimpulan",2015-05-25,Monday
"Sangkal Kesimpulan Hadi Poernomo, KPK: Semua Dalil Permohonan Terpatahkan",2015-05-25,Monday
Hadi Poernomo: Jadi Tersangka KPK Bak Badai Gurun di Hari Ultah,2015-05-25,Monday
Saatnya Bulutangkis Kembali ke Istora,2015-05-25,Monday
Indonesia Bidik 2 Titel,2015-05-25,Monday
Hanna Ramadini Siap Habis-habisan Sejak Kualifikasi,2015-05-25,Monday
Misi Besar Angga/Ricky di Indonesia Terbuka,2015-05-25,Monday
Hadi Poernomo Menang Praperadilan,2015-05-26,Tuesday
Jokowi Resmikan Program Penguatan BPD Seluruh Indonesia,2015-05-26,Tuesday
Sulitnya Upgrade Asuransi Kredit Keren Banget BCA,2015-05-26,Tuesday
"Hadi Poernomo: Tidak Ada Menang Kalah, Yang Benar Hukum Sesuai Undang-undang",2015-05-26,Tuesday
Ini 2 Permohonan Hadi Poernomo yang Tidak Dikabulkan Hakim Praperadilan,2015-05-26,Tuesday
Uang Miliaran Konsumen Kondotel Mewah Diputar Christoper untuk Investasi Trading,2015-05-26,Tuesday
Angga/Ricky Lebih <i>Pede</i> Usai Juara di Singapura,2015-05-26,Tuesday
Bellaetrix Diprediksi Menepi Tiga Bulan,2015-05-26,Tuesday
"Dolar AS 'Lompat' ke Rp 13.200, Ini Penampakannya",2015-05-26,Tuesday
"Penyelidik KPK Disoal Hakim, Johan Budi: Berarti Semua Kasus Kami Tidak Sah?",2015-05-26,Tuesday
Johan Budi: Putusan Hakim Haswandi Membingungkan,2015-05-26,Tuesday
KPK Akan Lakukan Upaya Perlawanan Putusan Praperadilan Hadi Poernomo,2015-05-26,Tuesday
Menanti Aksi Para Pebulutangkis Muda Indonesia,2015-05-26,Tuesday
Joachim/Christinna Rindu Hebohnya Suporter di Istora,2015-05-27,Wednesday
Mantan Direktur PT Pos Jadi Ketua Tim Formatur BARa,2015-05-27,Wednesday
"KPK Tetap Lanjutkan Penyidikan, Pihak Hadi Poernomo: <i>Mbok</i> Ya Berbesar Hati",2015-05-27,Wednesday
"Marin Suka Istora, Incar Gelar Juara",2015-05-27,Wednesday
KPK Bisa Keluarkan Sprindik Baru untuk Hadi Poernomo,2015-05-28,Thursday
"DP KPR Turun Jadi 20%, Kredit Bank Bisa Terkerek 15%",2015-05-28,Thursday
"Dosen UGM Dituntut 6 Bulan, Penasihat Hukum Ajukan Duplik",2015-05-28,Thursday
"Buka Peluang Terbitkan Sprindik Baru untuk Hadi, KPK Matangkan Langkah",2015-05-28,Thursday
"Tanpa Pemakaian GPRS, Pulsa simPATI Terpotong",2015-05-28,Thursday
Ajak Penonton Saksikan Pebulutangkis Top Dunia Sekaligus Peduli Lingkungan,2015-05-29,Friday
"Menjelang BCA Indonesia Open, Jonatan Didera Flu",2015-05-29,Friday
Atlet Indonesia Persiapkan Diri Hadapi BCA Indonesia Open 2015,2015-05-29,Friday
Istora Senayan Bersolek Jelang BCA Indonesia Open 2015,2015-05-29,Friday
"Sambut Para Pebulutangkis Dunia, Istora Mulai Bersolek",2015-05-29,Friday
'Ada Sisi Baik Owi/Butet Pulang Cepat dari Australia',2015-05-31,Sunday
Pemain-Pemain Indonesia Jalani Latihan Perdana di Istora,2015-05-31,Sunday
Pesan Khusus Susi Susanti untuk Hanna Ramadini,2015-05-31,Sunday
"Debut di Istora, Firman Bidik Lolos ke Babak Utama",2015-05-31,Sunday
Jahja Setiaatmadja Dinobatkan Sebagai CEO Bank Paling Inovatif,2015-06-01,Monday
Tontowi/Liliyana Tak Ingin Terbebani Target Juara,2015-06-01,Monday
"Kualitas Layanan Melampaui Ekspektasi, BCA Berjaya di Service Quality Award 2015",2015-06-01,Monday
Dukung Pemain Kita dan Teriakkan #EaaForIndonesia,2015-06-01,Monday
Asah Mental Pemain Muda Mulai dari Konferensi Pers,2015-06-01,Monday
BCA Kembali Dukung Turnamen Indonesia Open Superseries Premier,2015-06-01,Monday
Masuk Istora Bak Menghabiskan Liburan ke Hutan Mangrove,2015-06-01,Monday
"Berebut Gelar Juara, Poin, dan Potensi Sesungguhnya",2015-06-01,Monday
Waterfront Securities: IHSG <i>Mix</i> Cenderung Melemah,2015-06-01,Monday
Kegigihan Pasukan Ungu yang Bikin Bandung Selalu Cantik,2015-06-01,Monday
Lumia 540 Dual SIM Diming-imingi <i>Cashback</i> Rp 500 Ribu,2015-06-01,Monday
Tiga Bank Syariah Minta Izin Buka Layanan Tanpa Kantor Cabang,2015-06-01,Monday
Mengajak Pemain Seolah Bersantai di Taman Kota dalam <i>Welcome Dinner</i>,2015-06-01,Monday
Ketika Istora Justru Angker buat Pebulutangkis Tuan Rumah,2015-06-01,Monday
Ini Daftar Unggulan di BCA Indonesia Open 2015,2015-06-01,Monday
IHSG Masih Akan Mengalami Koreksi,2015-06-01,Monday
Momentum untuk Kembali Gelorakan Istora lewat Bulutangkis,2015-06-01,Monday
Upaya Sony Dwi Kuncoro <i>Comeback</i> ke Jalur Profesional,2015-06-02,Tuesday
"Berstatus Juara Bertahan, Jorgensen Tak Sepelekan Lawan Sejak Babak Pertama",2015-06-02,Tuesday
Manfaatkan Layar Besar untuk Nonton BCA Indonesia Open 2015,2015-06-02,Tuesday
"Duel Jonatan vs Firman, Juga Lee Yong Dae di Ganda Campuran",2015-06-02,Tuesday
"Jonatan Tembus Babak Utama, Sony Tumbang",2015-06-02,Tuesday
"Jonatan dan Sony ke Putaran Kedua Kualifikasi, Hanna Terhenti",2015-06-02,Tuesday
Jonatan Bangun Ketenangan dari Diri Sendiri,2015-06-02,Tuesday
Dua Ganda Campuran Indonesia Gagal ke Babak Utama,2015-06-02,Tuesday
Linda dan Aprilia Juga Bukukan Kemenangan Pertama,2015-06-02,Tuesday
Owi/Butet Menang Usai Fokus Poin Per Poin,2015-06-02,Tuesday
Indonesia Tambah Dua Wakil di Babak Utama Nomor Ganda Putri,2015-06-02,Tuesday
"Tiket Habis Sejak Pagi, Penonton pun Kecewa",2015-06-02,Tuesday
Salurkan Dukungan Lewat 'Xpresiin Semangat-mu untuk Atlet Indonesia',2015-06-02,Tuesday
"Riky/Richi Lolos, Ronald/Melati dan Alfian/Annisa Tersingkir",2015-06-02,Tuesday
Tontowi/Liliyana dan Edi/Gloria ke Babak Kedua,2015-06-02,Tuesday
"Soal Target di Babak Utama, Jonatan Realistis",2015-06-02,Tuesday
Ihsan dan Dua Ganda Indonesia Raih Kemenangan,2015-06-02,Tuesday
Lee Yong Dae Bikin Fans Bulutangkis Indonesia Terbelah,2015-06-02,Tuesday
Indonesia Loloskan Lima Ganda Lagi ke Putaran Kedua Kualifikasi,2015-06-02,Tuesday
Infomedia Juarai Ajang Contact Center Terbaik Asia Pasifik,2015-06-02,Tuesday
Ketika Pebulutangkis Eropa Bicara Masakan dan Musik Indonesia,2015-06-03,Wednesday
"Sempat Kecewa, Firda Kini Ikhlaskan Tiket Kejuaraan Dunia",2015-06-03,Wednesday
"Carolina Marin, 'Duta' Bulutangkis di Spanyol",2015-06-03,Wednesday
Hendra/Ahsan Melaju Mulus ke Babak Kedua,2015-06-03,Wednesday
Jonatan Tumbangkan Unggulan Ketujuh,2015-06-03,Wednesday
Anthony Ginting Rajin Intip Calon Lawan Lewat Youtube,2015-06-03,Wednesday
Jonatan Christie 'Menang Banyak' di Suporter,2015-06-03,Wednesday
Hayom dan Hendra/Andrei Maju ke Babak Kedua,2015-06-03,Wednesday
Hayom Terpacu Dukungan Bella dan Penonton Istora,2015-06-03,Wednesday
"Inginkan Gemuruh Istora, Jorgensen Lebih Senang Jumpa Hayom",2015-06-03,Wednesday
"Kalah, Lin Dan pun <i>Ngambek</i>",2015-06-03,Wednesday
Praveen/Debby Bertekad Putus Rantai Kekalahan dari Joachim/Christinna,2015-06-03,Wednesday
"<i>Wow</i>, Tommy Hentikan Lin Dan",2015-06-03,Wednesday
Kelembapan Jakarta Sulitkan Li Xuerui,2015-06-03,Wednesday
"Praveen/Debby Tantang Unggulan ke-4, Lee Yong Dae Kandas di Ganda Campuran",2015-06-03,Wednesday
"Menjelang Kejuaraan Dunia, Marin Kalah di Istora",2015-06-03,Wednesday
"Praveen/Debby di Laga Pembuka, Juga Ada Tommy vs Lin Dan",2015-06-03,Wednesday
"Istora juga Akan Gelar Kejuaraan Dunia, Ini Saran Lee Yong Dae",2015-06-03,Wednesday
"Terkesan dengan Atmosfer Istora, Matsutomo/Takahashi Bayangkan Rasanya Jadi Atlet Indonesia",2015-06-03,Wednesday
Bahagianya Yui Hashimoto Usai Kalahkan Juara Dunia,2015-06-03,Wednesday
"Linda Lewati Babak Pertama, Firdasari Langsung Tersingkir",2015-06-03,Wednesday
Greysia/Nitya Lolos ke Babak Kedua,2015-06-03,Wednesday
"Sempat Kesulitan, Hendra/Ahsan Akhirnya Menang",2015-06-03,Wednesday
Serunya Duel Tommy vs Lin Dan Bikin Istora Serasa Mau Roboh,2015-06-03,Wednesday
Angga/Ricky Terhenti di Babak Pertama,2015-06-03,Wednesday
"Kalahkan Lin Dan, Tommy Tak Mau Diremehkan Lagi",2015-06-03,Wednesday
"Tiket VIP Ludes, Tinggal Tersisa Kelas 1 dan 2",2015-06-03,Wednesday
Beragam Hiburan untuk Penonton di Istora,2015-06-03,Wednesday
"Saham-saham Unggulan Berguguran, IHSG Jatuh 83 Poin",2015-06-03,Wednesday
IHSG Diprediksi Bergerak Lesu,2015-06-03,Wednesday
Waterfront Securities: IHSG Diperkirakan Bergerak di 5.199-5.254,2015-06-03,Wednesday
Zwiebler Manfaatkan Keunggulan Stamina dan Tekanan Penonton pada Tommy,2015-06-04,Thursday
Angin di Istora Jadi Tantangan untuk Ko Sung Hyun/Kim Ha Na,2015-06-04,Thursday
Anthony Ginting Curi Perhatian Seisi Istora,2015-06-04,Thursday
Kejutan Anthony Ginting Berlanjut,2015-06-04,Thursday
Apa Kunci Konsistensi Zhang Nan/Zhao Yunlei?,2015-06-04,Thursday
Febe Bersiap Hadapi Pemain Jepang yang Ulet,2015-06-04,Thursday
Febe Melangkah ke Perempatfinal,2015-06-04,Thursday
"Sudah Lewati Hayom, Jorgensen Tunggu Jonatan di Perempatfinal",2015-06-04,Thursday
Jonatan dan Anthony Ginting Unjuk Potensi di BCA Indonesia Open 2015,2015-06-04,Thursday
"Bertemu Febe di Perempatfinal, Hashimoto Tak Risaukan Tekanan Suporter Indonesia",2015-06-04,Thursday
BCA Indonesia Open Mulai Tayang di Trans7 Siang Ini,2015-06-04,Thursday
"Ada Hayom vs Jorgensen, Kevin/Gideon vs Hendra/Ahsan, dan Sederet Partai Seru Lainnya",2015-06-04,Thursday
Total Penjualan Bisnis Sabu via Toko Online Sudah Rp 189 Juta,2015-06-04,Thursday
Tontowi/Liliyana Akan Main <I>Enjoy</I> di Perempatfinal,2015-06-04,Thursday
Istora yang Beda untuk Saina Ketika Amankan Tiket 8 Besar,2015-06-04,Thursday
Tommy Akui Staminanya Tak Maksimal,2015-06-04,Thursday
"Tak Hanya Rupiah, Dolar AS Juga Melibas Euro dan Yen",2015-06-04,Thursday
Jonatan Terpacu Kemenangan Anthony Ginting,2015-06-04,Thursday
Berisiknya Istora Kadang Buat Tago Hilang Fokus,2015-06-04,Thursday
Pelajaran untuk Edi/Gloria Usai Kalah dari Ganda Nomor Satu Dunia,2015-06-04,Thursday
"Greysia/Nitya Tekuk Ganda Thailand, Anthony Ginting Tumbangkan Unggulan Keempat",2015-06-04,Thursday
Jonatan dan Linda Maju ke Perempatfinal,2015-06-04,Thursday
Pesan Liliyana untuk Para Pemain Putri Ganda Campuran,2015-06-04,Thursday
Jonatan Penasaran dengan Jorgensen,2015-06-04,Thursday
Tommy Ingin Segera Lupakan Kekalahan,2015-06-04,Thursday
Tommy Terhenti di Babak Kedua,2015-06-04,Thursday
Total Penjualan Bisnis Sabu via Toko Online Sudah Rp 189 Juta,2015-06-04,Thursday
Beda Nasib Tontowi/Liliyana dan Praveen/Debby,2015-06-04,Thursday
Si Kembar Luo Waspadai Greysia/Nitya dan Tekanan Penonton di Istora,2015-06-04,Thursday
Ini Pesan Para Senior untuk Jonatan dan Anthony,2015-06-04,Thursday
Kaus Kaki Ala Pesepakbola Milik Jorgensen,2015-06-05,Friday
Jorgensen: Jonatan dan Firman Bakal Bersinar di Masa Depan,2015-06-05,Friday
"Tak Sepelekan Lawan, Jorgensen Pelajari Dulu Permainan Jonatan Lewat Rekaman Video",2015-06-05,Friday
"Sudah Lakukan Segalanya, Linda Tetap Gagal Redam Intanon",2015-06-05,Friday
Hari Ini Sejumlah Pebulutangkis Indonesia Akan Terlibat Duel Seru di 8 Besar,2015-06-05,Friday
Greysia/Nitya Tembus Semifinal,2015-06-05,Friday
Ada Strategi yang Tak Sukses di Balik Kekalahan Jonatan,2015-06-05,Friday
Ganda China Sebut Tontowi/Liliyana Amat Berbahaya Hari Ini,2015-06-05,Friday
Waterfront Securities: IHSG Cenderung Melemah,2015-06-05,Friday
"Jadi Satu-satunya Ganda Putri yang Tersisa, Greysia/Nitya Tak Terbebani",2015-06-05,Friday
Jonatan Dihentikan Jorgensen di Perempatfinal,2015-06-05,Friday
"Disingkirkan Greysia/Nitya, Si Kembar Luo: Pukulan Kami Kurang Bagus",2015-06-05,Friday
Linda Segera Berfokus SEA Games,2015-06-05,Friday
IHSG Masih Dapat Sentimen Negatif,2015-06-05,Friday
"Hadapi Anthony, Kento Momota Siap Diteriaki 'Eaa' Oleh Seisi Istora",2015-06-05,Friday
"Anak Segera Lahir, Boe/Mogensen Mundur",2015-06-05,Friday
Murahnya Smartphone branded di Booth Erafone Jakarta Fair,2015-06-05,Friday
Park Joo Bong Bicara soal Kebangkitan Bulutangkis Jepang,2015-06-05,Friday
"Di Pundak Mereka Harapan Juara, Ayo Dukung Terus",2015-06-05,Friday
Indonesia Kirim Tiga Wakil ke Semifinal,2015-06-05,Friday
Jonatan Sekarang Lebih <i>Pede</i>,2015-06-05,Friday
"Kembali Bertemu Fu/Zhang, Ahsan/Hendra Tak Mau Telat Start",2015-06-05,Friday
"Singkirkan Ganda Jepang, Ahsan/Hendra Juga ke Semifinal",2015-06-05,Friday
Tontowi/Liliyana Menang karena Lebih Rileks dan <i>Enjoy</i>,2015-06-05,Friday
Serang Zhong Qianxin Bertubi-tubi Jadi Kunci Kemenangan Nitya/Greysia,2015-06-06,Saturday
Tontowi/Liliyana Kalah karena Lambat Antisipasi Perubahan Strategi Lawan,2015-06-06,Saturday
"Memasuki Babak Semifinal, Harga Tiket Melonjak",2015-06-06,Saturday
Yong Dae/Yeon Seong Kalah dalam 'Perang Saudara',2015-06-06,Saturday
Motivasi Pelatih di Balik Sukses Greysia/Nitya ke Final,2015-06-06,Saturday
"Kisah Idfi, Tetap Tegar Meski Kehilangan Kaki Kanannya karena Osteosarkoma",2015-06-06,Saturday
"Masuk Semifinal, Sajian Hiburan Bertambah",2015-06-06,Saturday
Kejutan Si Mungil Akane Terhenti,2015-06-06,Saturday
Percepatan Prestasi Tunggal Putri Indonesia Belum Sejajar dengan Tunggal Putra,2015-06-06,Saturday
Duel Indonesia dengan China,2015-06-06,Saturday
Momota: Saya Cuma Menang Pengalaman Atas Anthony,2015-06-06,Saturday
Penonton Antre Demi Dilukis Bendera Merah Putih,2015-06-06,Saturday
"Setelah 2011, Kini Ada Ganda Putri Indonesia Lagi di Final",2015-06-06,Saturday
Lee Yong Dae Sampaikan Penyesalan Tak Sampai Final,2015-06-06,Saturday
Momota Berbalik Unggul Setelah Ubah Strategi dan Dapat Dukungan Penonton,2015-06-06,Saturday
Pengalaman Berharga untuk Anthony Ginting,2015-06-06,Saturday
Zhang Nan: Main Dua Nomor Membuat <i>Skill</i> Saya Semakin Baik,2015-06-06,Saturday
Pencapaian Jonatan dan Anthony Kejutkan Rexy,2015-06-06,Saturday
"Menuju Kejuaraan Dunia, Tontowi/Liliyana Ada Pada Trek yang Benar",2015-06-06,Saturday
"Sakit Perut, Zwiebler Mundur di Tengah Pertandingan",2015-06-06,Saturday
'Fu Haifeng/Zhang Nan Ganda Putra Terbaik Milik China Saat Ini',2015-06-06,Saturday
Ahsan/Hendra Langsung Fokus ke Kejuaraan Dunia,2015-06-06,Saturday
Zhang Nan Akui Diuntungkan Kesalahan-kesalahan Ahsan/Hendra,2015-06-06,Saturday
"Lolos ke Final, Torehan Gemilang Ratchanok Berlanjut",2015-06-06,Saturday
Yu/Zhong Mengaku Tak Tampil Maksimal saat Hadapi Greysia/Nitya,2015-06-06,Saturday
Istora Masih Angker untuk Tontowi,2015-06-06,Saturday
Semifinal Indonesia Open Ramai di Jagad Twitter,2015-06-06,Saturday
"Melaju ke Final, Zhang Nan Akui Sempat Terkendala di Babak Pertama",2015-06-06,Saturday
"Lawan Kanker Tulang di Usia 4 Tahun, Pio Tetap Lincah dan Selalu Tersenyum",2015-06-06,Saturday
"Tampik Akan WO, Xu Chen Janji Tampil Mati-matian",2015-06-06,Saturday
Gelar Juara Tunggal Putri Jadi Milik Intanon,2015-06-07,Sunday
Momota Juara Usai Kalahkan Jorgensen,2015-06-07,Sunday
"Meski Kalah, Hashimoto Catat Pencapaian Terbaiknya di Super Series",2015-06-07,Sunday
"Dapat Pelajaran Berharga, Jorgensen Juga Minta AC Istora Ditambah Saat Kejuaraan Dunia",2015-06-07,Sunday
"Gagal Pertahankan Gelar, Jorgensen Amat Kecewa",2015-06-07,Sunday
Intanon: Ini Memang Hariku,2015-06-07,Sunday
China Dapat Dua Gelar,2015-06-07,Sunday
Tang/Tian Tak Menyangka Bakal Menang Mudah atas Greysia/Nitya,2015-06-07,Sunday
Ketika Smes Tang Jinhua Kena Kepala Rekan Sendiri,2015-06-07,Sunday
Xu Chen/Ma Jin Kini Bidik Gelar Juara Dunia,2015-06-07,Sunday
Greysia/Nitya Kalah di Final  BCA Indonesia Open 2015,2015-06-07,Sunday
Ini Jadwal Final BCA Indonesia Open 2015,2015-06-07,Sunday
"Greysia/Nitya Kalah di Final, Indonesia Tanpa Gelar",2015-06-07,Sunday
Momota Bakal Kangen dengan Suporter Indonesia,2015-06-07,Sunday
'Aku Cinta Indonesia' dari Zhao Yunlei,2015-06-07,Sunday
Kelelahan Harus Fokus Terus-menerus Jadi Penyebab Kekalahan Greysia/Nitya,2015-06-07,Sunday
Zhang/Zhao Akui Xu/Ma Tampil Lebih Baik,2015-06-07,Sunday
Wasit Pakai Batik Saat Pimpin Laga Final BCA Indonesia Open 2015,2015-06-07,Sunday
"Rebut Juara Ganda Putra, Ko/Shin Tak Mau Berpuas Diri",2015-06-07,Sunday
"Menangi <i>All Chinese Final</i>, Xu Chen/Ma Jin Juara Ganda Campuran",2015-06-07,Sunday
Menaruh Harapan pada Greysia/Nitya,2015-06-07,Sunday
"BCA Indonesia Open Sudah Sukses, Kejuaraan Dunia Diharapkan Lebih Baik Lagi",2015-06-07,Sunday
Pasangan-pasangan Unik di BCA Indonesia Open 2015,2015-06-08,Monday
Gebyar Tahapan BCA 2015 Hadir Kembali!,2015-06-08,Monday
Harga Tiket Musikal The Sound of Music Mulai Rp 800 Ribu,2015-06-08,Monday
"Buru Medali, Tim Bulutangkis Indonesia Andalkan Kombinasi Pemain Senior dan Pemain Muda",2015-06-08,Monday
Ramai-Ramai Serukan 'Eaaa!' Buat Indonesia,2015-06-08,Monday
Bambang Susantono Jadi Wakil Presiden Bank Pembangunan Asia,2015-06-08,Monday
Taufiq Gunakan Uang Setoran PT MKS untuk Beli Apartemen Fuad Amin,2015-06-08,Monday
Payung Warna-warni Hiasi Istora Senayan,2015-06-08,Monday
PR Besar 'Mematikan' Zhang Nan Agar Tak Membuat Angker Istora Lagi,2015-06-08,Monday
IHSG Ada Potensi <i>Rebound</i>,2015-06-08,Monday
"Usai BIO 2015, Jonatan Christie dkk. Berburu Emas di Singapura",2015-06-08,Monday
"Indra Wijaya Kini Tangani Timnas Bulutangkis Korsel, Haryanto Arbi Ikut Berperan",2015-06-08,Monday
Layanan Perbankan BCA Hadir di Gelaran BCA Indonesia Open 2015,2015-06-08,Monday
Waterfront Securities: IHSG Berpotensi <i>Rebound</i>,2015-06-08,Monday
PBSI Akan Evaluasi Mendalam Nomor Ganda Putra dan Campuran,2015-06-08,Monday
Aksi Dukung Pebulutangkis Indonesia Lewat Grafiti,2015-06-08,Monday
PBSI Pastikan Kejuaran Dunia Bulutangkis 2015 Dihelat di Istora,2015-06-09,Tuesday
PBSI Janji Kejuaraan Dunia Bulutangkis Ramah Terhadap Difabel,2015-06-09,Tuesday
BCA Raih Gallup Great Workplace Award,2015-06-09,Tuesday
Smartphone harga khusus di Booth Erafone menggoyang ICS 2015 - JCC Senayan,2015-06-10,Wednesday
"Demi 1 Juta Rumah Jokowi, BTN Jual Surat Utang Rp 3 T",2015-06-10,Wednesday
"Bersama Ricky, Angga Bidik Emas Bulutangkis Beregu dan Perorangan",2015-06-10,Wednesday
Mandiri Sekuritas: IHSG Akan Lanjut <i>Rebound</i> Terbatas,2015-06-11,Thursday
Bahana Securities: IHSG Bisa Lanjutkan Penguatan,2015-06-11,Thursday
"Jonatan Kalah, Indonesia Tertinggal 0-1 dari Malaysia",2015-06-11,Thursday
IHSG Bisa Kembali Positif,2015-06-11,Thursday
"Menangi Partai Penentuan, Ihsan: Aku Unggul Fisik dan Serangan",2015-06-11,Thursday
"<i>Pstt..</i> Banyak Gadget Murah, Mulai iPhone Hingga Xiaomi",2015-06-11,Thursday
Para Juara BIOSSP 2015,2015-06-12,Friday
IHSG Berpotensi Positif,2015-06-12,Friday
Waterfront Securities: IHSG Diprediksi <i>Mix</i>,2015-06-12,Friday
"Gelar Pasar Rakyat, OJK Kumpulkan Industri Syariah di Senayan",2015-06-13,Saturday
"Jika PK Kandas, KPK Akan Terbitkan Sprindik Baru untuk Hadi Poernomo",2015-06-13,Saturday
"Robot Bumblebee Beraksi di Car Free Day, Anak-anak Girang Ajak Berfoto",2015-06-14,Sunday
Halo BCA Berjaya di Ajang The Best Contact Center Indonesia 2015,2015-06-15,Monday
"Buka Rekening Tahapan Xpresi BCA, Banyak Gratisannya",2015-06-15,Monday
"Transfer Duit ke 2 Wanita, Udar: Uang Halal, Saya Transfer ke Banyak Orang",2015-06-15,Monday
Bawahan Udar Pristono Mengaku Diperintah Transfer Duit ke 2 Perempuan,2015-06-15,Monday
'Pembinaan Klub Bulutangkis Perlu Dioptimalkan',2015-06-15,Monday
4 Arjuna Masa Depan Bulutangkis Indonesia,2015-06-15,Monday
Wanita Dirampok di Rest Area Tol Pondok Aren Lalu Dibuang di Jalan,2015-06-15,Monday
"Desy Wahyuni, Teruskan Estafet Lebarkan Sayap Restoran Garuda",2015-06-15,Monday
Bahana Securitas: IHSG Cenderung Melemah,2015-06-16,Tuesday
Bursa Global dan Regional Memberi Sentimen Negatif,2015-06-16,Tuesday
Ahok Rombak Jajaran Direksi Bank DKI,2015-06-18,Thursday
"Bursa Asia Kompak Melemah, IHSG Stagnan",2015-06-18,Thursday
Mandiri Sekuritas: IHSG Akan Menguat Terbatas,2015-06-18,Thursday
"Jadi Patung Lilin, Arnold Schwarzenegger Kerjai Penggemar",2015-06-18,Thursday
Eks Bupati Bangkalan Fuad Amin Gunakan KTP Security Beli Tanah di Cipinang,2015-06-18,Thursday
Fuad Amin Pakai Nama Ulfa Beli Mobil Innova,2015-06-18,Thursday
Tanggapan BCA untuk Keluhan Bapak Yamin,2015-06-18,Thursday
Martabak Sinar Bulan: Lembut Mentul-mentul Berserat Martabak Setebal 8 cm yang Juara,2015-06-18,Thursday
"Berpotensi Naik, IHSG Rawan Profit Taking",2015-06-18,Thursday
"Punya Polis Asuransi di AIA, Fuad Tulis Penghasilannya Rp 1 M per Tahun",2015-06-18,Thursday
Ellen May: Lindungi Keuntungan Trading Saham Anda,2015-06-18,Thursday
"Buka Rekening HSBC, Fuad Amin Setor Duit Diklaim Hasil Usaha Kontraktor",2015-06-18,Thursday
"Kelompok Penipu Simpan Ratusan Kartu ATM, 22 di Antaranya Nama Pejabat",2015-06-19,Friday
"BCA Shovia, Kompetisi Film Pendek Khusus untuk Mahasiswa Indonesia",2015-06-19,Friday
"Setelah Indonesia Open dan SEA Games, Kejuaraan Dunia Menanti",2015-06-19,Friday
"BI Siapkan Uang Lebaran Rp 125 T, Bisa Tukar di Monas",2015-06-22,Monday
"DP KPR Bakal Turun Jadi 20%, Ini Tanggapan Bank",2015-06-22,Monday
Jazz Gunung Tingkatkan Perekonomian dan Kepariwisataan Indonesia,2015-06-22,Monday
Direktur BCA: Ekonomi Sekarang Susah Diprediksi,2015-06-22,Monday
Jazz Gunung Tingkatkan Perekonomian dan Kepariwisataan Indonesia,2015-06-22,Monday
Ahok: Bank DKI Mau Berapa? Rp 10 Triliun Saya Beri,2015-06-22,Monday
Berbagi Berkah di Hari Raya Melalui Layanan Fire Cash BCA,2015-06-22,Monday
"Lingkungan Kerja Berkualitas, BCA Raih Gallup Great Workplace Award 2015",2015-06-22,Monday
IHSG Disokong Bursa Global dan Regional,2015-06-23,Tuesday
Mandiri Sekuritas: Level Psikologis IHSG di 5.000,2015-06-23,Tuesday
Garuda Indonesia Tebar Diskon Tiket 35%,2015-06-23,Tuesday
Waterfront Securities: IHSG Diperkirakan Bergerak Mix,2015-06-23,Tuesday
Waterfront Securities: IHSG Diprediksi di Kisaran 4.899-4.970,2015-06-24,Wednesday
Menerawang Anggaran Pemerintah Jokowi 2015,2015-06-24,Wednesday
Dua Ribu Bibit Mangrove Ditanam di Pantai Wringin Putih,2015-06-24,Wednesday
Polisi Tangkap Pembobol ATM di Pekanbaru,2015-06-24,Wednesday
IHSG Bisa Menguat,2015-06-24,Wednesday
"Ekspansi ke Indonesia, Coolpad Bawa 3 Jagoan",2015-06-25,Thursday
Coolpad Siap Bangun Pabrik 2017,2015-06-25,Thursday
Butuh Uang Receh untuk Lebaran? Tukar di Lokasi Ini,2015-06-25,Thursday
"Masih Ada Sentimen Negatif, IHSG Bisa Terkoreksi",2015-06-26,Friday
Ini Aplikasi Ramadan Pilihan Windows Phone,2015-06-26,Friday
Bahana Securities: IHSG Cenderung Melemah,2015-06-26,Friday
Pencuri Rusak ATM BCA di Yogyakarta,2015-06-29,Monday
"Karena Dipercaya, Suharjo Sukses Berbisnis Pakaian Anak",2015-06-29,Monday
"Azwar Darasah,  Batal Jadi Hakim Malah Sukses Jadi Saudagar Baju Koko",2015-06-29,Monday
"Sambut Ramadan dan Idul Fitri, Transaksi di Tanah Abang Meningkat",2015-06-29,Monday
"Jadi Anggota Bank Infrastruktur Asia, RI Siap Setor Rp 8,7 Triliun",2015-06-29,Monday
"Cegah Calo, BI Batasi Penukaran Uang Receh Maksimal Rp 3,7 Juta",2015-06-30,Tuesday
KPK Yakin Ada Penyelundupan Hukum di Praperadilan Hadi Poernomo,2015-06-30,Tuesday
"Siap-siap, Erajaya Expo di Kota Kasablanka kembali gelontorkan smartphone harga murah",2015-06-30,Tuesday
Jaringan Narkoba Kasmoro Prigen Dibekuk,2015-07-01,Wednesday
"Buka Operasi Pasar Ramadan, Ahok Minta Transaksi Non Tunai",2015-07-02,Thursday
Ahok: Saya Minta Operasi Pasar Non Tunai dari 2013 Tapi Bulog Nggak Bisa,2015-07-02,Thursday
Ellen May: Ada Potensi IHSG Menguat,2015-07-03,Friday
Program Belanja Berhadiah Bersama BCA Hadir Lagi di Blok A Tanah Abang,2015-07-06,Monday
"Pasang Mesin EDC BCA, Pedagang Blok A Tanah Abang Lebih Untung",2015-07-06,Monday
Alfamart Tutup Utang Pakai Obligasi Rp 1 Triliun,2015-07-06,Monday
BCA Sediakan Jasa Tukar Uang Receh,2015-07-06,Monday
Presiden Direktur BCA Jadi CEO Pilihan Bisnis Indonesia Award 2015,2015-07-06,Monday
Bahana Securities: IHSG Cenderung Menguat Terbatas,2015-07-07,Tuesday
"Perdagangan Sepi, IHSG Menipis 10 Poin",2015-07-07,Tuesday
"Kepemilikan Properti Asing Tak Picu Bubble, Begini Caranya",2015-07-08,Wednesday
Bahana Securities: IHSG Bisa Menguat Hari Ini,2015-07-08,Wednesday
Ini Dampak Positif Bila Kepemilikan Properti Dibuka untuk Orang Asing,2015-07-08,Wednesday
IHSG Tertular Goyangnya Bursa Saham China,2015-07-08,Wednesday
"Bawa Kabur Duit Bank Rp 1,1 Miliar, Sopir Armorindo Ditangkap",2015-07-10,Friday
"Sempat Ditunda, Setoran Dana 'Celengan' Sawit Berlaku 16 Juli",2015-07-10,Friday
"Bak Robin Hood, Perampok Rp 1,1 Miliar ini Sumbang Duit ke Musala",2015-07-10,Friday
Jaksa Tuntut Agar Hakim Rampas Apartemen dan Rumah Udar Pristono,2015-07-13,Monday
"Dituntut 19 Tahun dan Aset Dirampas, Udar: Saya Punya Bukti Warisan",2015-07-13,Monday
"Cermat Pilih KPR, Cicilan Rumah Idaman Bisa Jadi Lebih Ringan",2015-07-13,Monday
"Sindra Dewi, Mempersiapkan Diri Menjadi Penerus Sejak Usia Muda",2015-07-13,Monday
"Mudik Aman dan Nyaman, Sambut Idul Fitri Bersama BCA",2015-07-13,Monday
China Cenderung Beli Surat Utang AS Ketimbang Indonesia,2015-07-13,Monday
Hati-hati Menyerahkan Kartu Kredit untuk Di Foto Copy,2015-07-13,Monday
"Eks Kadishub DKI Udar Pristono Dituntut 19 Tahun Penjara, Denda Rp 1 Miliar",2015-07-13,Monday
"Transaksi Non-Tunai PKL Melalui Bank DKI Belum Optimal, Ahok: Sistem IT Payah",2015-07-14,Tuesday
"BCA Tetap Layani Tarik dan Setor Tunai, Serta Transfer di Libur Lebaran",2015-07-18,Saturday
BCA Siap Penuhi Kebutuhan Perbankan Nasabah Saat Idul Fitri,2015-07-20,Monday
Pelayanan BCA di Masa Libur Lebaran,2015-07-20,Monday
Warga Mengaku Kecewa Harga Barang di JakBook & Edu Fair 2015 Mahal,2015-07-27,Monday
"Setia Pada Produk dan Layanan BCA,  Fran Sajino Menangkan Mercedes-Benz C-Class",2015-07-27,Monday
"Eratkan Silaturahmi, BCA KCU Wahid Hasyim Gelar Buka Puasa Bersama Nasabah",2015-07-27,Monday
"Harga Produk Pameran Lebih Mahal, Kadisdik DKI: Nggak Pantas!",2015-07-27,Monday
"Kecewa Harga di JakBook 2015 Mahal, Ahok: Beli di Tempat Lain Saja!",2015-07-27,Monday
"Berkurang 37 Poin, IHSG Hampir Tinggalkan Level 4.800",2015-07-27,Monday
Strategi Jemput Bola Jadi Senjata Musril Maksimalkan Penjualan di 2015,2015-07-27,Monday
"Masih 'Merah', IHSG Rehat di 4.732",2015-07-28,Tuesday
"Investor Asing Lepas Saham, IHSG Jatuh 54 Poin",2015-07-28,Tuesday
"Kinerja Kinclong, Laba BCA Naik 8% Jadi Rp 8,5 Triliun",2015-07-29,Wednesday
BCA: 80% Industri Turun di Semester I-2015,2015-07-29,Wednesday
"Suku Bunga The Fed Mau Naik, Bos BCA: Sudah Bukan Kejutan",2015-07-29,Wednesday
"Penguatan IHSG Melambat, Hanya Naik 9 Poin",2015-07-29,Wednesday
Bahana Securities: IHSG Diperkirakan Melemah,2015-07-29,Wednesday
"Ini Dia, 6 Produk Perbankan BCA Favorit Kelas Menengah Ke Atas",2015-08-03,Monday
"Abdul Azis, Pelaut yang Alih Profesi Jadi Pedagang Sukses",2015-08-03,Monday
"Sempat 'Menjinak', Dolar AS Kembali Rp 13.500 Awal Pekan Ini",2015-08-03,Monday
Strategi Jemput Bola Jadi Senjata Musril Maksimalkan Penjualan di 2015,2015-08-03,Monday
Ada Banyak Alasan Untuk Hadir di PopCon Asia 2015,2015-08-03,Monday
4 Hal Penting di Balik Jatuhnya Drone dari Menara BCA,2015-08-04,Tuesday
Pria Pemilik Drone yang Jatuh di Menara BCA Jalani Pemeriksaan Polisi,2015-08-04,Tuesday
"Ini Penampakan Drone yang Jatuh di Menara BCA Thamrin, Berjenis Phantom 2",2015-08-04,Tuesday
Bahana Securities: IHSG Akan Cenderung Menguat,2015-08-04,Tuesday
"Drone yang Diamankan di Menara BCA Dibuka, Isinya Rekaman Area Objek Vital",2015-08-04,Tuesday
"Aturan untuk Drone, Kawasan Mana Saja yang Masuk Area Terlarang?",2015-08-04,Tuesday
"Jangan Main-main Merekam Objek Vital Pakai Drone, Ini Aturannya",2015-08-04,Tuesday
"Heli Sering Lewat, Drone di HI Tak Boleh Lebih Tinggi dari 100 Meter",2015-08-04,Tuesday
"Terbang di Atas Objek Vital, Pemilik Drone Mengaku Hanya Main-main",2015-08-04,Tuesday
Polsek Menteng Amankan Drone yang Jatuh di Menara BCA,2015-08-04,Tuesday
Mengintip Kinerja Perusahaan Terbuka Semester I-2015,2015-08-04,Tuesday
"Polisi Akan Panggil Komunitas Drone Phantom, Tempat OX Menjadi Anggota",2015-08-05,Wednesday
"Polisi: Jika Ada Pelanggaran, OX Pemilik Drone Bisa Dipidana",2015-08-05,Wednesday
OX Pemilik Drone yang Jatuh di Menara BCA Kembali Diperiksa Polisi,2015-08-05,Wednesday
"Tak Ada Unsur Pidana, Pemilik Ambil Drone di Polsek Menteng Siang ini",2015-08-06,Thursday
Ketua Komunitas Sebut Rekaman Objek Vital Drone di HI untuk Stok Gambar,2015-08-06,Thursday
"Kembalikan Drone yang Jatuh di Menara BCA, Polisi: Sementara Rekaman Disita",2015-08-06,Thursday
BCA Raih Penghargaan Forbes,2015-08-06,Thursday
"Kembalikan Drone, Polisi Pastikan Onix Hanya Ambil Gambar Keramaian HI",2015-08-06,Thursday
Onix Pemilik Drone Tak Tahu Rekam Objek Vital Langgar Permenhub,2015-08-06,Thursday
"Belajar dari Insiden Menara BCA, ini Pesan Onix ke Penghobi Drone",2015-08-06,Thursday
Ellen May: IHSG Menguji Level 4.700,2015-08-07,Friday
"Di Saat yang Lain Lesu, Ekonomi India Paling Kinclong",2015-08-07,Friday
Ini Strategi India Bisa Kinclong di Tengah Lesunya Ekonomi Dunia,2015-08-07,Friday
Ini Modus Perdagangan Orang di Tempat Karaoke yang Digerebek Polisi,2015-08-07,Friday
"32 Tahun Jadi Nasabah, Kamil Hasan Akhirnya Dapat Mercedes-Benz C-Class",2015-08-07,Friday
Polisi: Pelaku Pembobolan ATM BCA di Bandung Diduga Profesional,2015-08-08,Saturday
"Maling Beraksi di Dekat Komplek Sesko TNI, Rp 196 Juta dari ATM Raib",2015-08-08,Saturday
Raja dan Ratu Judi Bola Online Diringkus Polisi di Kalideres,2015-08-09,Sunday
"Pakai Debit BCA, Dapat Dobel Kupon Undian Berhadiah di Alfamidi",2015-08-10,Monday
"Ikuti Poin Race Kemerdekaan di Circle K, Bawa Pulang Samsung S6 Edge",2015-08-10,Monday
"Belum Sempat Dijual, 93 Lembar Dollar Palsu Disita Polisi",2015-08-10,Monday
Dolar AS Menanjak ke Rp 13.575,2015-08-11,Tuesday
Bandit Spesialis Gembos Ban Mobil Sikat Duit Rp 250 Juta di Pekanbaru,2015-08-11,Tuesday
Dirugikan Karena Informasi Call Center BCA Berbeda,2015-08-11,Tuesday
Bandit Spesialis Pecah Kaca Mobil di Pekanbaru Ditembak,2015-08-12,Wednesday
"Larang Penarikan Tunai KJP, Ahok Minta Bank DKI Gandeng BCA",2015-08-13,Thursday
"Dokter Hewan di Medan Ditangkap Atas Dugaan Cuci Uang Narkotika, Asetnya Rp 16 M",2015-08-13,Thursday
Anggota DPRD Bangkalan Tertipu Wakil Ketua DPRD Jatim Abal-abal,2015-08-13,Thursday
Bahana Securities: Reshuffle Tak Bisa Tahan Sentimen Devaluasi Yuan,2015-08-13,Thursday
9 Wakil Indonesia Siap Berlaga di Babak 16 Besar,2015-08-13,Thursday
"China Bikin Geger Lemahkan Yuan, Ini Positifnya Bagi RI",2015-08-13,Thursday
Ellen May: Tunggu Badai Berlalu,2015-08-13,Thursday
Larissa Aesthetic Beri Apresiasi ke Pelanggan,2015-08-14,Friday
Lawan-lawan Tangguh Menanti 4 Wakil Indonesia di Semifinal,2015-08-15,Saturday
"Sidang PK Kasus Hadi Poernomo Digelar Rabu, KPK Punya Novum Kuat",2015-08-18,Tuesday
IHSG Jatuh ke 4.480,2015-08-19,Wednesday
BCA-Danamon Kerja Sama Kartu Prabayar Multiguna,2015-08-19,Wednesday
Sidang PK Putusan Praperadilan Hadi Poernomo Digelar Hari Ini,2015-08-19,Wednesday
IHSG Bakal Bertahan di Zona Merah,2015-08-20,Thursday
RI Bisa Ikutan Perang Mata Uang Atau Hanya Jadi Korban?,2015-08-20,Thursday
"Dunia Diguncang Perang Mata Uang, Apa Itu?",2015-08-20,Thursday
Bahana Securities: IHSG Diperkirakan Melemah,2015-08-20,Thursday
"Dolar Tembus Rp 13.900, IHSG Loyo",2015-08-20,Thursday
"Korupsi Program Siaran, Mandra Didakwa Perkaya Diri Rp 1,4 Miliar",2015-08-20,Thursday
Ciputra Tawarkan Rumah Murah Mulai Rp 142 Juta di Timur Cibubur,2015-08-20,Thursday
"Turun 34 Poin, IHSG Rehat Siang di 4.449",2015-08-20,Thursday
"Didakwa Perkaya Diri Rp 1,4 Miliar, Mandra: Waduh, Saya Kagak Tahu",2015-08-20,Thursday
"Hadi Sebut Memori PK KPK Membingungkan, Indriyanto: Wajar, Dia Bukan Sarjana Hukum",2015-08-21,Friday
"Ini Keterlibatan Bado alias Osama, Teroris yang Tewas Ditembak di Poso",2015-08-22,Saturday
Pembobol Dana Nasabah Pakai Wig dan Kumis Palsu Saat Bertransaksi di ATM,2015-08-23,Sunday
"Polda Metro Bekuk Komplotan Pembobol ATM, Kerugian Ditaksir Miliaran Rupiah",2015-08-23,Sunday
Adik Tiri Fuad Amin Mundur sebagai Saksi Kasus Pencucian Uang,2015-08-24,Monday
"Bahas Ekonomi Terkini, Jokowi Kumpulkan Para Menteri Hingga Pengusaha",2015-08-24,Monday
"Dirut BCA: Situasi Ekonomi RI Aman, Tak Perlu Dikhawatirkan",2015-08-24,Monday
Ellen May: Pasar Masih Berpotensi Melemah,2015-08-24,Monday
"Dibanding 1998 dan 2008, Gubernur BI: Fundamental Ekonomi Sekarang Lebih Baik",2015-08-24,Monday
"Jokowi Kumpulkan Pengusaha Saat IHSG dan Rupiah Anjlok, Ini yang Dibahas",2015-08-24,Monday
Jokowi Rapat Bareng Pengusaha Bahas Serapan Anggaran Pemerintah Daerah,2015-08-24,Monday
"Atasi Pelemahan Rupiah, Menteri Rini Minta Impor Gandum Dikurangi",2015-08-24,Monday
Ini Jawaban Capim KPK Agus Rahardjo Saat Dicecar Harta Kekayaannya,2015-08-24,Monday
Investor Beralih ke Instrumen Safe Haven,2015-08-25,Tuesday
Bahana Securities: IHSG dan Rupiah Masih Berpotensi Melemah,2015-08-25,Tuesday
"Tak Diperhatikan, Atlet Baseball Galang Dana untuk Ikut Turnamen di Taiwan",2015-08-25,Tuesday
Polisi Sukses Bekuk 2 Perampok Alumni Nusakambangan yang Resahkan Nasabah Bank,2015-08-26,Wednesday
Manfaatkan Rebound untuk Trading dan Tetap Waspada,2015-08-26,Wednesday
"Dolar AS Rp 14.000, Apa yang Bisa Dilakukan Pemerintah?",2015-08-26,Wednesday
"Hakim Berhalangan Hadir, Sidang PK Hadi Purnomo Kembali Ditunda",2015-08-27,Thursday
BCA Terima Dua Penghargaan,2015-08-27,Thursday
"Bursa Fluktuatif, BCA Berniat Buyback Saham",2015-08-27,Thursday
"Abdur Rouf, Perantara Suap Rp 1,9 M ke Fuad Amin Divonis 2 Tahun Bui",2015-08-27,Thursday
Pasar Saham Berpotensi Menguat,2015-08-27,Thursday
"IHSG Mulai Menguat, Waspada Profit Taking",2015-08-28,Friday
Bandar Judi Online Jaringan Bali Beromset Ratusan Juta Diciduk,2015-08-28,Friday
Berapa Jumlah Transaksi di GIIAS 2015?,2015-08-30,Sunday
Tahu Kapan Membeli dan Kapan Menjual,2015-08-31,Monday
"Eksepsi Komedian Mandra: Orang yang Makan Cabe, Saya yang Kena Pedasnya",2015-08-31,Monday
Investor Kembali Menanti Kenaikan Bunga The Fed,2015-09-01,Tuesday
Kini Bisa Top Up Flazz di Loket Commuter Line,2015-09-03,Thursday
Jaksa Minta Hakim Tipikor Abaikan Eksepsi Mandra,2015-09-03,Thursday
"MA Selesaikan Putusan Yayasan Soeharto, Supersemar Dihukum Rp 4,4 Triliun",2015-09-03,Thursday
Pidato Politik dan Pantun Perpisahan Prabowo untuk PAN,2015-09-04,Friday
Waspada! Mobil Jenis ini Jadi Favorit Pencurian Modus Congkel Pintu,2015-09-04,Friday
BCA Masuk Daftar 2000 Perusahaan Global Terbaik Versi Forbes,2015-09-07,Monday
BCA Akan Gelar Indonesia Knowledge Forum IV,2015-09-07,Monday
"PKS Kembali Seperti Dahulu, untuk Munas Serukan ke Kader Gerakan Lima Puluh Ribu",2015-09-07,Monday
Kini Bisa Top Up Flazz di Loket Commuter Line,2015-09-07,Monday
Ayo Cari Ilmu Gratis dari Ahli Perbankan di IBEX 2015,2015-09-07,Monday
"Bangkitkan Tabanas, OJK Luncurkan Tabungan Khusus Pelajar",2015-09-08,Tuesday
"Tabungan SimPel, Setoran Mulai Rp 5.000 Tanpa Potongan Bulanan",2015-09-08,Tuesday
Dari Mana Hitungan Rizal Ramli Soal Mafia Pulsa Listrik?,2015-09-08,Tuesday
Bahana Securities: IHSG Akan Menguat Hari Ini,2015-09-09,Wednesday
Beruntung Itu Ketika Bertemu Peluang dan Sudah Siap,2015-09-09,Wednesday
Jokowi Tinjau Pameran IBEX 2015,2015-09-09,Wednesday
"Buka Pameran Perbankan Terbesar, Jokowi Sumringah Dapat Laporan Bos BCA",2015-09-09,Wednesday
"Investasi Saham Makin Murah, Cukup Modal Rp 1 Juta",2015-09-10,Thursday
Risiko Trading Jangka Pendek Cukup Tinggi,2015-09-11,Friday
"Uji Ketahanan OJK, Perbankan RI Sanggup Tahan Dolar Rp 16.000",2015-09-11,Friday
"Hari Pelanggan Nasional, Kantor Halo BCA Terbuka Untuk Umum",2015-09-14,Monday
"Siap - Siap, BCA Learning Service Akan Kembali Gelar Indonesia Knowledge Forum 2015",2015-09-14,Monday
"Jalan Baru Hadi Poernomo, Gugat Kemenkeu ke PTUN Jakarta",2015-09-14,Monday
"Hengky Suryawan, Anak Nelayan yang Jadi Juragan Kapal",2015-09-14,Monday
Pelaku Pasar Saham Menanti Keputusan The Fed,2015-09-15,Tuesday
Pasar Menguat Jelang Rapat The Fed,2015-09-16,Wednesday
Bahana Securities: IHSG dan Rupiah Masih Akan Melemah,2015-09-16,Wednesday
"Rupiah Terus Melemah, Ekonom: Pemerintah Terjebak di Lubang yang Sama",2015-09-16,Wednesday
"The Fed Pertahankan Suku Bunga, Apa Dampaknya?",2015-09-18,Friday
"Api di Swalayan Sanrio Tak Kunjung Padam, Uang di ATM Dievakuasi",2015-09-21,Monday
Mau Dapat Tiket AFAID 2015 dan Jakarta Comic Con Gratis? Ini Caranya,2015-09-21,Monday
Presiden Jokowi Buka Indonesia Banking Expo 2015,2015-09-21,Monday
"Sidang Mandra, Saksi Ungkap Penggelembungan Harga Jual Film",2015-09-21,Monday
Mengapa Harus Berkurban Melalui Dompet Dhuafa?,2015-09-21,Monday
"Hari Pelanggan Nasional, Kantor Halo BCA Terbuka Untuk Umum",2015-09-21,Monday
Mengkaji Ulang 'Satpam' Internet Banking,2015-09-21,Monday
Ini Daftar Perusahaan dengan Laporan Keuangan Terbaik,2015-09-22,Tuesday
Berkurban Melalui Dompet Dhuafa Lebih Tepat,2015-09-22,Tuesday
BCA Jadi Agen Penjual ORI Terbaik,2015-09-22,Tuesday
"Udar Pristono Tak Terbukti Cuci Uang, Ini Daftar Asetnya yang Dikembalikan",2015-09-23,Wednesday
Berkurban Lewat Dompet Dhuafa Lebih Mudah dan Berkualitas,2015-09-23,Wednesday
"Vonis 5 Tahun Udar Pristono, Jaksa Agung: Putusan Harus Diuji, Jaksa Banding!",2015-09-23,Wednesday
"Udar Pristono Tidak Terbukti Terima Duit Rp 6,6 M, Hanya Dapat Rp 78 Juta",2015-09-23,Wednesday
Bahana Securities: IHSG dan Rupiah Cenderung Melemah,2015-09-23,Wednesday
Bank Sudah Jual Dolar Rp 14.700,2015-09-23,Wednesday
BCA Raih Penghargaan Annual Report 2014,2015-09-24,Thursday
Bahana Sekuritas: IHSG dan Rupiah Diperkirakan Melemah,2015-09-25,Friday
Ahok Akan 'Tebang' Billboard yang Merusak Pemandangan Jakarta,2015-09-25,Friday
Kenapa Orang Lebih Senang Beli Baju Muslim Online?,2015-09-27,Sunday
Belanja di Blok B Tanah Abang Pakai BCA Lebih Untung 3x Lipat,2015-09-28,Monday
Serunya Harpelnas di BCA KCU Gajah Mada dan Pasar Baru,2015-09-28,Monday
"Mengenal Jeffri Massie, Generasi Kedua Raja Spring Bed Indonesia",2015-09-28,Monday
IHSG Kompak Jatuh Bersama Bursa Asia,2015-09-29,Tuesday
Maranggi H. Aman: Empuk Manis Sate Maranggi Berpadu dengan Sambal Oncom,2015-09-29,Tuesday
Apa Untungnya Beli Meizu M2 di Blibli?,2015-09-29,Tuesday
Harga Meizu M2 di Blibli Lebih Murah dari Negeri Asalnya,2015-09-29,Tuesday
"Investor Asing Mulai Beli Saham, IHSG Naik 20 Poin",2015-09-30,Wednesday
Habis Gelap Terbitlah Terang,2015-09-30,Wednesday
Sriwijaya Air Gandeng BCA,2015-10-01,Thursday
Bahana Securities: IHSG dan Rupiah Bisa Lanjutkan Penguatan,2015-10-01,Thursday
"Pameran Garuda Indonesia Holidays Digelar, Yuk Cari Ide Liburan",2015-10-01,Thursday
"BCA Luncurkan Produk Uang Elektronik Baru, 'Sakuku'",2015-10-05,Monday
"Luncurkan Tabungan SimPel, OJK Gandeng BCA dan 13 Bank Lainnya",2015-10-05,Monday
"Terjun di e-Commerce, Mothercare Pilih Sistem Pembayaran Online Paling Praktis",2015-10-05,Monday
Bank Dunia: Ekonomi Asia Timur dan Pasifik Masih Melambat Tahun Depan,2015-10-05,Monday
Momen yang Tepat untuk Masuk ke Pasar Modal,2015-10-06,Tuesday
Jaksa Resmi Ajukan Banding Lawan Putusan 5 Tahun Udar Pristono,2015-10-06,Tuesday
"Hujan Angin Landa Bandung, Pohon Tumbang Bergelimpangan di Dago",2015-10-07,Wednesday
BCA dan Garuda Kerjasama Ticket Payment,2015-10-08,Thursday
Kiwoom Securities: Penguatan Rupiah Masih Beri Dorongan,2015-10-08,Thursday
Belanja di Bukalapak.com? Bayarnya ke Indomaret Saja,2015-10-08,Thursday
Memahami Sistem Cost per Click Beriklan di detikcom,2015-10-08,Thursday
"Rupiah dan Saham Menguat, Hanya Sesaat?",2015-10-08,Thursday
Pasar Saham Mulai Merespons Paket Kebijakan jilid III,2015-10-09,Friday
Ini yang Bikin Dolar AS Merosot ke Rp 13.400,2015-10-09,Friday
"Menutup Akhir Pekan, Dolar AS Merosot ke Rp 13.312",2015-10-09,Friday
"Dolar AS Bergerak 'Liar', Pengusaha Ingin Rupiah Stabil",2015-10-09,Friday
Dolar AS Terus Merosot ke Rp 13.350,2015-10-09,Friday
Dolar Terendah Hari Ini di Rp 13.360,2015-10-12,Monday
"Ekonom Akui, Utang China Rp 39 T ke BUMN Bikin Rupiah Kuat",2015-10-12,Monday
"Dolar AS Balik ke Rp 13.000-an, Ini yang Bikin Rupiah Kuat",2015-10-12,Monday
Nilai Wajar Dolar AS di Rp 13.400-13.900,2015-10-12,Monday
Kini Pembayaran Top Up Tiket Sriwijaya Bisa Melalui KlikBCA Bisnis,2015-10-12,Monday
Presdir BCA Kembali Raih Penghargaan Spoke Person of the Year,2015-10-12,Monday
Waspadai Aksi Ambil Untung di Pasar Saham,2015-10-13,Tuesday
Paket Kebijakan Jokowi Bikin Investor Percaya Diri,2015-10-16,Friday
"Setahun Jokowi-JK, PDIP Akan Buka Rekening Dana Partai",2015-10-19,Monday
Ada Kabar Positif Untuk Bursa Saham,2015-10-20,Tuesday
BCA dan LTC Glodok Gelar Lucky Draw Belanja Hokie,2015-10-20,Tuesday
PDIP Luncurkan Rekening Dana Partai,2015-10-20,Tuesday
Bahana Securities: IHSG Akan Menguat Hari Ini,2015-10-20,Tuesday
Menimba Ilmu Pengetahuan di Indonesia Knowledge Forum 2015,2015-10-24,Saturday
Begini Aksi Perwakilan BCA di National Customer Service Championship,2015-10-26,Monday
Paparan  Inspiratif  Basuki Tjahaja Purnama Tutup IKF 2015,2015-10-26,Monday
BCA Juara Umum National Customer Service Championship,2015-10-26,Monday
"Transfer untuk Top Up, Go-Jek Credit tidak Bertambah",2015-10-27,Tuesday
Berebut Diskon 50% di Booth Samsung-Erafone Indocomtech 2015,2015-10-27,Tuesday
Kiwoom Securities: IHSG Bisa Negatif Hari Ini,2015-10-27,Tuesday
Erafone Indocomtech'15 pusat Gadget Berkualitas Harga Asyik!,2015-10-28,Wednesday
Waterfront Securities: Pasar Nantikan Hasil Pertemuan The Fed,2015-10-28,Wednesday
"Saksi: Saya Iba dengan Mandra, Curhat-curhatan saat Ditahan",2015-10-28,Wednesday
"BCA Raih Laba Rp 13,4 Triliun, Naik 9,6%",2015-10-28,Wednesday
Bos BCA Minati Insentif Pajak Paket Ekonomi Jokowi,2015-10-28,Wednesday
Veronica Sani Bicara Pernikahan Impian,2015-10-28,Wednesday
"Kiwoom Securities: Bursa Global Positif, Bisa Dorong IHSG",2015-10-29,Thursday
BCA Luncurkan Program Laku Pandai,2015-10-30,Friday
AEGON Dukung BCA Life Pasarkan Asuransi Jiwa Lewat Telemarketing,2015-10-30,Friday
Mau Belanja di Indocomtech 2015 Sekarang Bisa Online di Blibli.com,2015-10-30,Friday
Atlet Basket Berisiko Alami Penggumpalan Darah di Paru-paru,2015-11-02,Monday
"Kualitas Layanan Memuaskan dari Sumatera Hingga Papua, BCA Raih Penghargaan",2015-11-02,Monday
"Malik B. Muhayar: ""Ini Rejeki yang Tak Terduga Buat Saya dan Keluarga""",2015-11-02,Monday
Refund Pemesanan Tiket Pesawat Belum Selesai,2015-11-03,Tuesday
"Ada Kredit Untuk Nelayan Dengan Bunga 12%, Ini Syaratnya",2015-11-03,Tuesday
"Kena Sentimen Pasar Global, IHSG Terpangkas 35 Poin",2015-11-05,Thursday
"Jokowi Khawatir Keuangan Negara, Tambah Utang atau Pangkas Anggaran?",2015-11-05,Thursday
Kiwoom Securities: Data Pertumbuhan Ekonomi Tentukan Arah Perdagangan,2015-11-05,Thursday
La Mer Rilis Koleksi Jam Tangan Elegan untuk Fall/Winter 2015,2015-11-05,Thursday
"Ekonomi RI Tumbuh 4,73%, IHSG Masih 'Merah'",2015-11-05,Thursday
IHSG Konsolidasi Sebelum Lanjut Bullish,2015-11-06,Friday
Presdir BCA Raih CEO Of The Year,2015-11-06,Friday
"Lagi-Lagi, BCA Boyong 7 Penghargaan Social Media dan Digital Marketing Award",2015-11-09,Monday
Wanita yang Direkomendasikan Melakukan Pengencangan Vagina,2015-11-09,Monday
Kecewa Annual Fee dan Proses Kenaikan Limit Kartu Kredit,2015-11-09,Monday
Inilah Daftar Pemenang BCA Short Movie Award 2015,2015-11-09,Monday
Ingin Sediakan Kecepatan Transaksi Bukalapak.com Pakai Sistem Pembayaran Online,2015-11-09,Monday
"Mengenal Perawatan Pengencangan Vagina dengan Laser, Seperti Apa?",2015-11-09,Monday
Stop Bercinta Selama Seminggu Setelah Lakukan Pengencangan Vagina,2015-11-09,Monday
Peluncuran SimPel BCA,2015-11-10,Tuesday
Puluhan Mahasiswa Unibraw Dapat Beasiswa Pendidikan,2015-11-11,Wednesday
Ana Octarina Sebut Artis Endorse Bisa Bantu Kenalkan Brand Lokal,2015-11-11,Wednesday
IHSG Menuju 4.400,2015-11-12,Thursday
"Naik 24 Poin, IHSG Menuju 4.500",2015-11-12,Thursday
Bandar Narkoba ini Gunakan Bungkus Snack untuk Edarkan Sabu,2015-11-12,Thursday
"Polisi Gerebek Pabrik Uang Palsu, Sudah Ada yang Pesan untuk Pilkada",2015-11-13,Friday
"Susi, Kepala OJK, dan 13 Bankir Sosialisasikan Kredit Nelayan di Malang",2015-11-13,Friday
Lima Bank Luncurkan Kartu Jaring untuk Kredit Khusus Nelayan di Malang,2015-11-13,Friday
"Delapan Bank Ini Sudah Kucurkan Kredit Nelayan Rp 4,4 Triliun",2015-11-13,Friday
"Kerja Sama dengan BCA dan CS Finance, Pengendara GrabBike Bisa Kredit Motor Murah",2015-11-16,Monday
Tabungan SimPel BCA Resmi Diluncurkan Untuk Pelajar di Bandung,2015-11-16,Monday
Ini Daftar Emiten dengan Predikat GCG Terbaik di 2015,2015-11-16,Monday
Kisah Sukses Simon Teh Alih Haluan dari Produksi Sepatu ke Bisnis Kuliner,2015-11-16,Monday
Puluhan Mahasiswa ITS dan Unair Dapat Beasiswa,2015-11-17,Tuesday
Mengenalkan Wayang Kepada Pelajar,2015-11-17,Tuesday
IPMI Akan Gerakkan Kampanye 'Made In Indonesia' di IPMI Trend Show 2016,2015-11-18,Wednesday
"IPMI Trend Show Angkat Tema 'etheReal', Ajak Desainer Tampilkan Karya Nyata",2015-11-19,Thursday
BI Kumpulkan 13 Bank di Festival Gerakan Cinta Non Tunai,2015-11-19,Thursday
"BCA Luncurkan Produk Uang Elektronik Baru, 'Sakuku'",2015-11-20,Friday
Ingin Sediakan Kecepatan Transaksi Bukalapak.com Pakai Sistem Pembayaran Online,2015-11-20,Friday
Merger 3 Bank Syariah BUMN Butuh Suntikan Modal,2015-11-21,Saturday
Budaya Menabung Hendaknya Jadi Gaya Hidup Pelajar,2015-11-21,Saturday
Momen Gembira Pemenang Motor Gebyar Tahapan BCA 2015,2015-11-23,Monday
BCA Boyong 3 Gelar di Anugerah Perbankan Indonesia,2015-11-23,Monday
"EKSTRA PEDAS, Hari Ini Semua Produk Diskon 11% di Blibli.com",2015-11-23,Monday
"Hadirkan Produk dan Layanan Memuaskan, BCA Raih 5 Predikat di ICSA 2015",2015-11-23,Monday
"Willianto Ismadi, Sosok di Balik Warna-warni Bantex",2015-11-23,Monday
Surat Tanggapan BCA untuk Ibu Anggita,2015-11-24,Tuesday
"Wapres, Gubernur BI, dan Bos-bos Bank Makan Malam Bersama di JCC",2015-11-24,Tuesday
"Raden Pardede: ""Saatnya Menguatkan Jangkar""",2015-11-25,Wednesday
Mudahnya Akses ke KlikBCA Bisnis,2015-11-25,Wednesday
First Asia Capital: IHSG Berpeluang Menguat Terbatas,2015-11-25,Wednesday
Situasi Geopolitik Global Beri Sentimen Negatif,2015-11-25,Wednesday
Ramai-ramai Garap Laku Pandai,2015-11-26,Thursday
Kembangkan Sektor Kelautan dan Perikanan Lewat JARING,2015-11-28,Saturday
"Satu Tahap Terlewati, Bayi Battar Hari Ini Jalani Cangkok Hati",2015-11-29,Sunday
Pembajak Film di Ceko Dihukum dengan Cara Bikin Film,2015-11-29,Sunday
"Tips Raden Pardede: 'Selau Ada Pasang-Surut, Ingat Selalu Kisah Nabi Yusuf'",2015-11-30,Monday
"Ditipu Pembeli dengan Struk Pembayaran Palsu, Toko Emas ini Rugi Ratusan Juta",2015-11-30,Monday
"Menikmati Lakon Wayang Gaul  ""Ganteng-Ganteng Gatot Kaca""",2015-11-30,Monday
"4 Tahun Berjaya, Ratu Togel Online yang Kantongi Rp 250 Juta/Bulan Dibekuk",2015-11-30,Monday
"Alfaonline.com, Bukan Sekedar Minimarket yang Menjadi Online",2015-11-30,Monday
"Ini Dia, Ni Putu Fariani, Pemenang Utama Gebyar Tahapan BCA 2015",2015-11-30,Monday
BCA Gandeng Ashmore Indonesia,2015-11-30,Monday
Cara BCA Mengenalkan Wayang Kepada Pelajar Secara Menyenangkan,2015-11-30,Monday
"First Asia Capital: IHSG Bergerak Variatif, Cenderung Melemah",2015-11-30,Monday
"BCA Career Land, Mengungkap Dinamika Dunia Kerja di BCA",2015-11-30,Monday
"Dari Rebalancing, Yuan, hingga Santa Claus",2015-12-01,Tuesday
Bahana Securities: IHSG Diperkirakan Melemah,2015-12-01,Tuesday
Cerita Pedagang Batu Akik yang Ikut Kena Ciduk Polisi Saat Demo Massa Papua di HI,2015-12-01,Tuesday
"Driver Go-Jek Bandung Bergolak, Protes soal Denda dan Order Fiktif",2015-12-01,Tuesday
Mensos Uji Coba Layanan Wicara ATM Bagi Penyandang Disabilitas,2015-12-01,Tuesday
"Dolar Melemah, IHSG Ditutup Naik 2,5%",2015-12-01,Tuesday
IHSG Berpeluang Rebound,2015-12-01,Tuesday
Mandiri Sekuritas: Ada Peluang Koleksi Saham Unggulan,2015-12-01,Tuesday
"Yuan Jadi Mata Uang Internasional, Ini Untungnya Buat Indonesia",2015-12-02,Wednesday
"Yuan Jadi Mata Uang Internasional, Pasar Keuangan China Harus Lebih Terbuka",2015-12-02,Wednesday
"Buruan! Transmart Carrefour Promo PS4 Rp 4,9 Juta",2015-12-02,Wednesday
BCA Gandeng The Hokkaido Bank Sediakan Layanan Perbankan Lintas Negara,2015-12-02,Wednesday
"First Asia Capital: IHSG Bergerak Variatif, Bisa Kembali Menguat",2015-12-02,Wednesday
Ini Syarat dari IMF Supaya Yuan Resmi Jadi Mata Uang Internasional,2015-12-02,Wednesday
"e-Money Kurang Dilirik e-Commerce, Orang Pilih Transfer & COD",2015-12-02,Wednesday
"Anthony Jumpa Srikanth, Tommy Tantang Wisnu Yuli",2015-12-04,Friday
BCA Sabet 2 Penghargaan di Indonesia Most Admired,2015-12-07,Monday
"Suka Berwisata, Nasabah KPR BCA Kumpul dan Ngobrol Soal Raja Ampat",2015-12-07,Monday
"Gandeng 16 Perusahaan e-Commerce, BCA Gelar ""e-Shopping Carnival""",2015-12-07,Monday
"Benny Judihardjo, Memimpin Ateja dengan Prinsip Kekeluargaan",2015-12-07,Monday
Ini Sejumlah Perhiasan yang Digasak GM Demi Foya-foya dengan Cabe-cabean,2015-12-08,Tuesday
"Beraksi dari Balik LP, Komplotan Tipu-tipu via Telepon Ditangkap Polisi",2015-12-08,Tuesday
Bahana Securities: IHSG Diperkirakan Melemah Terbatas,2015-12-08,Tuesday
Ini Dia 10 Orang Terkaya di Indonesia,2015-12-08,Tuesday
Kiwoom Securities: Bursa Global Tentukan Arah Perdagangan,2015-12-08,Tuesday
Turunnya Harga Minyak Dunia Beri Sentimen Negatif,2015-12-08,Tuesday
"Pakai Kartu Pasca Bayar dengan Tagihan Rp 15 M, Wanita ini Ditangkap Polisi",2015-12-09,Wednesday
"PBSI Luncurkan Kartu Tanda Keanggotaan, Bisa Dimiliki Masyarakat Umum",2015-12-09,Wednesday
"Rugi Bisnis Komoditi, Properti Jadi Pundi Kekayaan 10 Orang Kaya Ini",2015-12-09,Wednesday
Rekening Didebet Sepihak dengan Nominal Tak Sesuai,2015-12-10,Thursday
"Gagal Bertahan di Zona Hijau, IHSG Jatuh 43 Poin",2015-12-11,Friday
First Asia Capital: IHSG Bisa Menguat Terbatas,2015-12-11,Friday
IHSG Bisa Menguat Terbatas,2015-12-11,Friday
Presdir BCA Raih Marketeer of the Years 2015,2015-12-11,Friday
"3 Broker Crossing Saham BCA Rp 1,3 Triliun",2015-12-11,Friday
IHSG dan Rupiah Sama-sama Anjlok di Akhir Pekan,2015-12-11,Friday
Kompetisi Studi Kasus Regional BCA Jadi Salah Satu Brand Activation Terbaik,2015-12-14,Monday
"Presdir BCA: ""2016, Selalu Ada Peluang tapi Jangan Optimistis Berlebihan""",2015-12-14,Monday
Ini Perusahaan yang Rajin Laporkan Utang dan Berkinerja Kinclong,2015-12-14,Monday
BCA dan Jaringan PRIMA Memberi Kemudahan Transaksi Antar Bank,2015-12-14,Monday
Tahun Baru Desain Baru dari Tahapan Xpresi BCA,2015-12-14,Monday
"Bandung Smart Card Diluncurkan, Ini 5 Bank yang Bekerjasama",2015-12-14,Monday
Nonton The Moscow Circus Bisa Lebih Hemat dengan Cara Ini!,2015-12-14,Monday
Presdir BCA Dianugerahi Gelar Marketeer of the Year 2015,2015-12-14,Monday
"Dana Asing Masuk, IHSG Melesat 74 Poin",2015-12-16,Wednesday
"Bertahan Positif, IHSG Menanjak 45 Poin",2015-12-16,Wednesday
Presdir BCA Raih Top National Banker 2015,2015-12-17,Thursday
BRI Hingga SMI Beri Pinjaman ke PLN Rp 12 T,2015-12-17,Thursday
Hakim PN Tipikor Akhirnya Buka Blokir Rekening OC Kaligis,2015-12-17,Thursday
Investor Sambut Positif Kenaikan Bunga The Fed,2015-12-17,Thursday
"Bawa Celurit di Tas, Pelajar SMA ini Jambret Wanita di Cakung Usai Sekolah",2015-12-18,Friday
OSO Securities: IHSG Masih Bisa Menguat Terbatas,2015-12-18,Friday
"Menukik 87 Poin, IHSG Jatuh Paling Dalam di Asia",2015-12-18,Friday
IHSG Berpotensi Kena Aksi Ambil Untung,2015-12-18,Friday
BCA Kerja Sama dengan Ashmore untuk Pasarkan Reksa Dana,2015-12-21,Monday
Serunya Nasabah KPR BCA Icip-Icip Kuliner Nusantara,2015-12-21,Monday
Kompetisi Studi Kasus Regional BCA Jadi Salah Satu Brand Activation Terbaik,2015-12-21,Monday
Polisi Tangkap Komplotan Pembobol ATM Jaringan Lampung di Citeureup,2015-12-21,Monday
Presdir BCA Jadi Pimpinan Perusahaan Paling Dikagumi,2015-12-21,Monday
BCA KCU Pantai Indah Kapuk Resmi Beroperasi,2015-12-21,Monday
"Sempat Jatuh, IHSG Siang Ini Stagnan",2015-12-21,Monday
"Ramai Aksi Beli Jelang Penutupan, IHSG Naik 22 Poin",2015-12-21,Monday
"Dolar AS Keok ke Rp 13.500-an, Ini Penyebabnya",2015-12-22,Tuesday
Harga iPhone akhir tahun Erafone dan iBox turun harga hingga 33%,2015-12-22,Tuesday
"Dolar AS Merosot ke Rp 13.500, Berapa Angka Ideal Rupiah?",2015-12-22,Tuesday
Paket Ekonomi Jokowi Terbaru Gairahkan Industri Penerbangan,2015-12-22,Tuesday
Paket Ekonomi Jokowi Jilid VIII Bikin Rupiah Perkasa,2015-12-22,Tuesday
"Kecelakaan dengan Bus TransJ, Pemotor Tewas di Layang Pesing",2015-12-25,Friday
Carrefour Hadirkan Berbagai Produk Makanan Dari Korea,2015-12-29,Tuesday
"Bobol Minimarket, Maling Gagal Gasak ATM di Koja",2015-12-29,Tuesday
Ingin Dapatkan Tiket Gratis Menonton NBA All Star di Toronto? Ini Caranya,2015-12-29,Tuesday
Renungan Jelang 31 Desember,2015-12-30,Wednesday
Menebak Arah Rupiah di Tahun Monyet Api,2015-12-30,Wednesday
"Jokowi Genjot Infrastruktur, Bukan Mustahil Ekonomi RI Tumbuh 5,3%",2016-01-06,Wednesday
Bahana Securities: IHSG Diperkirakan Bisa Menguat,2016-01-06,Wednesday
IHSG Diprediksi Masih Bisa Menguat,2016-01-06,Wednesday
"Harga BBM dan Listrik Turun, Daya Beli Masyarakat RI Makin Tinggi di 2016",2016-01-06,Wednesday
"Polisi Bekuk Bandar Judi Online, Puluhan Butir Narkoba Ikut Diamankan",2016-01-07,Thursday
Bahana Securities: IHSG Cenderung Melemah,2016-01-08,Friday
TKI Bisa Kirim Uang Langsung ke Kampung Lewat Agen Laku Pandai,2016-01-08,Friday
Nabung di Agen Laku Pandai Bisa Cuma Rp 1.000,2016-01-08,Friday
Begini Cara Jadi Agen Laku Pandai,2016-01-08,Friday
Mau Penghasilan Tambahan? Bisa Gabung Jadi Agen Laku Pandai,2016-01-08,Friday
Inilah Pemenang Grand Prize Mobil Mewah dari Program Kredit Keren Banget BCA,2016-01-11,Monday
Tahun Baru Desain Baru dari Tahapan Xpresi BCA,2016-01-11,Monday
Promo Belanja Online Cicilan 0% Mengecewakan,2016-01-11,Monday
"Dari Marmer Hingga Kopi, Diversifikasi Bisnis Keluarga Ala Dennis Rahardja",2016-01-11,Monday
Bahana Securities: IHSG Cenderung Menguat,2016-01-11,Monday
Kesederhanaan Rakornas PKS Lewat Galibu yang Hasilkan Rp 312 Juta,2016-01-13,Wednesday
BCA Akan Uji Coba Salurkan KUR,2016-01-13,Wednesday
Bos BCA Tak Masalah BI Rate Tetap Tinggi,2016-01-13,Wednesday
Staf Menkeu Bambang Jabat Direktur Eksekutif di Bank Infrastruktur Asia,2016-01-13,Wednesday
Mencetak Wirausaha Muda BCA,2016-01-13,Wednesday
Uang Tersangkut di Mesin ATM Setor Tunai,2016-01-13,Wednesday
"Jabat Wakil Ketua, Menkeu Bambang Hadiri Peresmian Bank Infrastruktur Asia di Beijing",2016-01-14,Thursday
"Belajar dari Balita Rafi, Kumpulkan Semangat dari Ketidakpastian",2016-01-15,Friday
"Apa Kabar Rafi, Bocah yang Lahir Tanpa Anus dan Alat Kelamin Tak Sempurna?",2016-01-15,Friday
"Sehari Setelah Ledakan di Thamrin, Starbucks di GI Kembali Beroperasi",2016-01-15,Friday
"Bos Alat Tulis di Mojokerto Dirampok, Uang Rp 350 Juta Melayang",2016-01-15,Friday
Tanggapan Tokopedia untuk Surat Saudara Dicky,2016-01-15,Friday
700 Pelaku Industri Jasa Keuangan Kumpul Bareng JK di Kempinski,2016-01-15,Friday
"Bank Infrastruktur Asia Beroperasi, Indonesia Siapkan 6 Proyek Rp 28 T",2016-01-16,Saturday
"RI Gabung Bank Infrastruktur Asia, Menkeu: Kita Butuh Pembiayaan",2016-01-16,Saturday
"Resmikan Bank Infrastruktur Asia, China Setor Rp 700 M",2016-01-16,Saturday
Menkeu: Bank Infrastruktur Asia Membantu Banyak Negara,2016-01-16,Saturday
Xi Jin Ping dan Puluhan Menkeu Resmikan Bank Infrastruktur Asia,2016-01-16,Saturday
Ini Penampakan Kantor Pusat Bank Infrastruktur Asia di Beijing,2016-01-17,Sunday
"Proyek Infrastruktur RI Dibiayai Bank Infrastruktur Asia, Berapa Bunganya?",2016-01-17,Sunday
Bank Infrastruktur Asia Akan Gunakan Dolar AS untuk Pembiayaan Proyek,2016-01-17,Sunday
"Dukung Inklusi Keuangan, BCA dan Indepay Luncurkan Low Cost Payment Network",2016-01-18,Monday
BCA Masuk Tiga Besar Perusahaan Idaman Para Pencari Kerja,2016-01-18,Monday
"Dari Dokter Jadi Pebisnis, Prof. Dr. dr. Maya Devita L. Tetap Emban Misi Mulia",2016-01-18,Monday
"Komplotan Bersenjata Api Todong Nasabah Bank, Rp 145 Juta Dibawa Lari",2016-01-19,Tuesday
"Tak Puas Udar Pristono Dihukum 9 Tahun Bui, Jaksa Ajukan Kasasi",2016-01-20,Wednesday
"Gigi Susu Kan Pasti Tanggal, Kenapa Harus Disambung Kalau Patah?",2016-01-22,Friday
"Sehatnya 'Blue Chips', Renyahnya 'Gorengan'",2016-01-22,Friday
Mister Donut: Empuk Legit Donat Legendaris yang Populer di Jepang,2016-01-22,Friday
"Kafe BCA, Tempat Wiraswasta Muda Berbagi Inspirasi",2016-01-25,Monday
"Elihu Nugroho, Sosok di Balik Bisnis Cuci Mobil Tanpa Air",2016-01-25,Monday
"Gelar Lomba Foto Fiktif di Facebook, Pria ini Ditangkap Polisi",2016-01-25,Monday
Beberapa Hal yang Penting Dimiliki oleh Wirausaha Versi Yenny Wahid,2016-01-25,Monday
Jiwa Wiraswasta Sudah Melekat Sedari Muda,2016-01-25,Monday
"Anak Pengusaha Ini Jadi Bandar Judi Bola Online, Omset Miliaran Rupiah",2016-01-25,Monday
Kartu ATM Hilang? Blokir Saja Lewat KlikBCA Individu dan BCA Mobile,2016-01-25,Monday
"Belanja Online Malah Dapat Cashback Hingga 30%, Bagaimana Caranya?",2016-01-25,Monday
5 Perusahaan Pembiayaan Ikut Salurkan KUR Tahun Ini,2016-01-26,Tuesday
Rebutan Gadget Hoki di Erafone Lunar Fest- MKG 2,2016-01-26,Tuesday
"Perampok Bos Toko Alat Tulis Diringkus, Pelaku Nyaru Nasabah Bank",2016-01-26,Tuesday
Bareskrim Polri Tangkap 3 Sindikat Transplantasi Ginjal Ilegal,2016-01-27,Wednesday
Situs Ini Beri Cashback 100% Hanya Hingga Jam 12 Malam,2016-01-27,Wednesday
Situs Ini Beri Cashback 100% Hanya Hingga Jam 12 Malam,2016-01-27,Wednesday
Djarum Foundation Beri Apresiasi kepada Atlet Berprestasi 2015,2016-01-27,Wednesday
"IHSG Berpotensi Menguat, Menguji 4.700",2016-01-29,Friday
OJK Dorong Pengembangan Pasar Repo di Indonesia,2016-01-29,Friday
"Susanty Widjaya, Pemilik Bakmi Naga Resto yang Punya Hasrat Kembangkan Waralaba",2016-02-01,Monday
Polda Metro Bekuk Sindikat Penipuan Online Jaringan China di Surabaya,2016-02-01,Monday
"Hendranata Tan, Sosok di Balik Perusahaan Kaca Interior - Himalaya Abadi",2016-02-01,Monday
Bahana Securities: IHSG Akan Bergerak Menguat,2016-02-02,Tuesday
Kecewa Layanan Domino's Pizza Cibubur,2016-02-03,Wednesday
Ramai-ramai Sambut Laku Pandai,2016-02-04,Thursday
Bahana Securities: IHSG Bisa Menguat,2016-02-04,Thursday
Sambut Imlek di Pazia dan Nikmati Promo Happy Lucky Deal,2016-02-05,Friday
Polda Metro Tangkap Bandar Judi Online yang Bergabung Sindikat di Singapura,2016-02-07,Sunday
"Mengenal BCA Life, Pemain Baru Asuransi Jiwa di Indonesia",2016-02-08,Monday
"Buka Tahapan Xpresi BCA, Semakin Banyak Bonusnya!",2016-02-08,Monday
"Survei Membuktikan, BCA adalah Perusahaan Idaman Para Pencari Kerja",2016-02-08,Monday
"Tekun dan Kerja Keras, Yanto Sukses Jadi Juragan Ikan di Jatiluhur",2016-02-08,Monday
Manisnya Bisnis Kue Keranjang Ny. Lauw Jelang Imlek,2016-02-08,Monday
Pedagang Bakso di Setiabudi Jaksel: Saya Tak Gunakan Daging Tikus,2016-02-11,Thursday
Diler Ford Terbesar di Indonesia Tetap Layani Servis Mobil,2016-02-11,Thursday
Ada Promo Nih Rp 20 Ribu di Starbucks Coffee,2016-02-12,Friday
BI Beri Kuliah Soal Bank Sentral ke Mahasiswa Universitas Flores,2016-02-13,Saturday
"Ngaku Polisi, Perampok di Bekasi Bawa Kabur Mobil Yaris",2016-02-13,Saturday
Ini Komisi yang Diperoleh untuk Agen Laku Pandai,2016-02-14,Sunday
"YotaPhone 2 Sudah Bisa Dipesan Online Mulai Hari Ini, Berapa Harganya?",2016-02-15,Monday
BCA Luncurkan progam  KPR  Fix 5 Tahun dengan  Diskon Bunga!,2016-02-15,Monday
Saham-saham Ini Bisa Bawa Hoki di Tahun Monyet Api,2016-02-15,Monday
Bank Swasta Ini Sukses Bikin Nasabah Puas di Tujuh Kategori,2016-02-15,Monday
"Alive Museum, Tempat Liburan Paling Seru di Jakarta",2016-02-15,Monday
"YotaPhone 2 Sudah Bisa Dipesan Online Mulai Hari Ini, Berapa Harganya?",2016-02-15,Monday
Polytron Posh dan Posh Note: Sensasi OS Fira di Ponsel Asli Kudus,2016-02-16,Tuesday
"Bursa Saham AS Anomali, IHSG Berpotensi ke 4.800",2016-02-17,Wednesday
"Kasus Suap PTUN Medan, Hakim Perintahkan Jaksa KPK Buka Blokir Rekening Gary",2016-02-17,Wednesday
Perlukah Indonesia Terapkan Suku Bunga Negatif?,2016-02-17,Wednesday
BI Rate Diperkirakan Bakal Turun Lagi,2016-02-17,Wednesday
"Fenomena Suku Bunga Negatif di Negara Maju, Apa Artinya?",2016-02-17,Wednesday
Suku Bunga di Jepang Negatif karena Masyarakatnya Nggak Doyan Belanja,2016-02-17,Wednesday
Bahana Securities: IHSG dan Rupiah Akan Menguat,2016-02-17,Wednesday
"Beli Sukri 008 Rp 5 Juta, Dapat Rp 34.500 Tiap Bulan",2016-02-18,Thursday
"Ingin Investasi Syariah dengan Imbalan 8,3%? Yuk Beli Sukri 008",2016-02-18,Thursday
Kejagung Selidiki Pembangunan Menara BCA dan Apartemen Kempinski di Thamrin,2016-02-19,Friday
Polisi Tangkap Bandar Narkoba di Petojo Gambir,2016-02-19,Friday
Investor Asing Lepas Saham Bank Sampai Rp 500 Miliar Lebih,2016-02-19,Friday
"Masih Pagi, Investor Asing Lepas Saham Bank Rp 404 M",2016-02-19,Friday
Bunga KPR BCA Turun Jadi 9%,2016-02-19,Friday
"Saham Bank Dilepas Asing, IHSG Jatuh 55 Poin",2016-02-19,Friday
Menunggu Pengembalian Dana yang Menjadi Hak Saya,2016-02-21,Sunday
Makan di Solaria Jauh Lebih Hemat Pakai Flazz dan Kartu Kredit BCA!,2016-02-22,Monday
Sulit Disiplin Menabung? Coba Cara Berikut Ini,2016-02-22,Monday
"Omset Miliaran, Penipu Jual Beli Online Dibekuk",2016-02-22,Monday
"Tipu-tipu via Online Shop, Omset Kelompok Sidrap Capai Rp 10 M",2016-02-22,Monday
Gallup Anugerahi BCA sebagai Perusahaan yang Memiliki Lingkungan Kerja Positif,2016-02-22,Monday
"Sukuk Negara Ritel 008 Meluncur, Ini Waktunya Investasi",2016-02-22,Monday
"Saham Perbankan Anjlok Gara-gara Isu Margin Bank, Ini Komentar OJK",2016-02-22,Monday
BCA Geser Posisi DBS sebagai Bank Terbesar di Asia Tenggara,2016-02-22,Monday
"Kasus Proyek Komplek Grand Indonesia Naik ke Penyidikan, Jaksa Incar Tersangka",2016-02-23,Tuesday
"Kejagung: Negara Rugi Rp 1,2 T Terkait Proyek Menara BCA dan Apartemen Kempinski",2016-02-23,Tuesday
Kejagung: Negara Tak Dapat Uang dari Pembangunan Menara BCA dan Apartemen Kempinski,2016-02-23,Tuesday
Bahana Securities: IHSG Akan Cenderung Menguat,2016-02-23,Tuesday
"Saham-saham Bank Sudah Turun Dalam, Saatnya Dibeli",2016-02-24,Wednesday
Bahana Securities: Sentimen Negatif Saham Bank 'Menular' ke Automotif dan Semen,2016-02-24,Wednesday
KPK Berharap PK Praperadilan Hadi Poernomo Dikabulkan MA,2016-02-24,Wednesday
Bahana Securities: IHSG Diprediksi Melemah Terbatas,2016-02-25,Thursday
"HUT ke-59, BCA Gelar Syukuran",2016-02-26,Friday
Ahli Waris Nasabah Bank Mega Korban Kecelakaan Air Asia Terima Santunan Asuransi,2016-02-26,Friday
"Sakuku, Bikin Hang Out Makin All Out!",2016-02-29,Monday
29 Februari: Tanggal Langka untuk Penyakit Langka,2016-02-29,Monday
Meneropong Tantangan MEA di Tahun Monyet Api,2016-02-29,Monday
"Rayakan Hari Jadi ke-59, BCA Lakukan Berbagai Kegiatan",2016-02-29,Monday
Media Sosial Bikin Bank Lebih Dekat dengan Nasabah,2016-02-29,Monday
"Menjadi Pemenang, Hadiah Voucher Belum Diterima",2016-02-29,Monday
Promo Spesial Sakuku di HUT BCA ke-59,2016-02-29,Monday
Laksamana Sukardi Diperiksa Jaksa Terkait Proyek Hotel Indonesia,2016-03-01,Tuesday
Video: Harapan Para Pasien Penyakit Langka di Penghujung Bulan Kabisat,2016-03-01,Tuesday
"Erajaya Gadget Invasion Week 2016, Bertabur Hadiah dan Cashback Besar-besaran!",2016-03-01,Tuesday
"Sakit, Saipul Jamil Dilarikan ke UGD",2016-03-01,Tuesday
BCA Gandeng Pertamina Patra Niaga,2016-03-01,Tuesday
"Saipul Jamil Dilarikan ke UGD, Hesty Klepek-klepek Akhirnya Angkat Bicara",2016-03-02,Wednesday
Dirut BCA Raih Lifetime Achievement,2016-03-02,Wednesday
"Miliuner Dunia Sukses Berbisnis Teknologi, di Indonesia Jualan Rokok",2016-03-02,Wednesday
Siapa Orang Terkaya di Indonesia? Ini Daftar Terbarunya,2016-03-02,Wednesday
BCA Siap Turunkan Bunga Kredit di Bawah 10% Akhir 2016,2016-03-03,Thursday
"BCA Raup Laba Rp 18 Triliun, Tumbuh 9,3%",2016-03-03,Thursday
Sering Cek Saldo Lewat ATM BCA akan Kena Biaya,2016-03-03,Thursday
"Bunga Deposito BCA Turun Jadi 5,75%",2016-03-03,Thursday
Agen Judi Bola Online Beromzet Miliaran di Kelapa Gading Dibekuk Polisi,2016-03-05,Saturday
Rahasia Dapatkan Manfaat Lebih Ketika Gunakan Kartu Kredit,2016-03-07,Monday
SMW 2016 Jadi Ajang Bank Ini Dorong Dunia Digital & TI,2016-03-07,Monday
Direksi BCA Gelar Syukuran Bersama Media dan Perkenalkan Seragam Baru,2016-03-07,Monday
Presiden Direktur BCA Dianugerahi Lifetime Achievement Award,2016-03-07,Monday
Pentingnya SDM untuk Tingkatkan Daya Saing Perusahaan,2016-03-07,Monday
Kejagung Periksa Penyusun Proposal Kontrak Pembangunan Grand Indonesia,2016-03-08,Tuesday
PT GI: Pembangunan Menara BCA dan Apartemen Kempinski Sesuai Aturan,2016-03-08,Tuesday
"Gelar Judi Online di Apartemen, 2 Bandar Ditangkap Polisi",2016-03-08,Tuesday
2 Kontraktor yang Bangun Apartemen Kempinski Diperiksa Kejagung,2016-03-08,Tuesday
Kecewa Promo Pembayaran Auto Debit TV Berbayar,2016-03-10,Thursday
SIA Akan Luncurkan Penerbangan Jarak Jauh dengan A350,2016-03-11,Friday
"Tiket Jepang PP Mulai Rp 3 Juta, Singapore Airlines BCA Travel Fair Diserbu Pengunjung",2016-03-11,Friday
Singapore Airlines BCA Travel Fair Bertabur Tiket Promo ke Luar Negeri,2016-03-11,Friday
Raisa & Kabin Eksklusif di Singapore Airlines BCA Travel Fair,2016-03-11,Friday
Kostrad Tangkap 3 Orang Diduga Pengedar Narkoba di Karaoke Pluit,2016-03-13,Sunday
Seseorang Jatuh dari Gedung Senayan City,2016-03-13,Sunday
Penyiar Radio Ini Ditangkap Karena Curi Uang Dolar Singapura Presenter tvOne,2016-03-14,Monday
"Belanja Pakai Sakuku Minimal Rp 30.000,- Dapatkan Cashback Rp 25.000,-",2016-03-14,Monday
"Sebelum Jual Beli Properti, Cermati Dulu Aturan PerpajakannyaÂ Â Â Â",2016-03-14,Monday
Dari Bakat Seni Hingga Sukses Bisnis Album Foto,2016-03-14,Monday
Nikmati Bunga Spesial Kredit Kendaraan Bermotor di HUT BCA,2016-03-14,Monday
Bahana Securities: IHSG Akan Cenderung Melemah,2016-03-16,Wednesday
Presdir BCA Jahja Setiaatmadja Dianugerahi Lifetime Achievement Award 2016,2016-03-17,Thursday
"BCA Turunkan Bunga Kredit UKM 0,25% Bulan Depan",2016-03-18,Friday
Bahana Securities: IHSG Akan Menguat Terbatas,2016-03-18,Friday
Ekspresikan Jiwa Muda-mu Lewat Kartu Tahapan Xpresi BCA Edisi Musik,2016-03-21,Monday
First Asia Capital: IHSG Rawan Koreksi,2016-03-21,Monday
BCA Kumpulkan Para IT Developer e-Commerce,2016-03-21,Monday
Nikmati Kemudahan dengan Inovasi BCA untuk Anda,2016-03-21,Monday
"Eko Nugroho, Mengubah Kesan Negatif Bisnis Hiburan Malam Melalui Boshe",2016-03-21,Monday
"Refleksi Setahun, 60.000 Agen Gabung Laku Pandai",2016-03-22,Tuesday
Bahana Securities: IHSG Cenderung Melemah,2016-03-22,Tuesday
Nabung Saham: Kelebihan dan Kelemahan,2016-03-22,Tuesday
BCA Gandeng Ciputra Artpreneur Tampilkan Shrek The Musical,2016-03-23,Wednesday
Ingin Transaksi Lewat Ponsel Aman dan Nyaman? Coba Lirik Bentuk e-Payment Ini,2016-03-23,Wednesday
Bahana Securities: IHSG Bisa Bergerak Menguat,2016-03-24,Thursday
Implementasi Flazz BCA di Kartu Fleet Pertamina Tingkatkan Efisiensi PPN,2016-03-25,Friday
"Seluruh Harta Udar Pristono Dirampas untuk Negara, Ini Daftarnya",2016-03-27,Sunday
"Istana Oleh-oleh Brillian - Semarang, Dibangun dari Hobi (2)",2016-03-28,Monday
Perlukah Memiliki Lebih dari Satu Kartu Kredit?,2016-03-28,Monday
"Bank Mandiri Patok Bunga KPR Mulai 9,5%",2016-03-28,Monday
BCA KlikPay Deal! Potongan Belanja Langsung di Blibli.com,2016-03-28,Monday
"Indosat Rugi Rp 1,3 Triliun di 2015",2016-03-28,Monday
Cara Praktis Lindungi Data Kartu Kredit dari Penjahat,2016-03-28,Monday
"Seluruh Harta Udar Pristono Dirampas, Jaksa Angkat Topi untuk Artidjo Dkk",2016-03-30,Wednesday
Bos BCA Minta Pajak dan Kredit Rumah Mewah Diperlonggar,2016-03-30,Wednesday
BCA dan LMS Kerjasama Penggunaan Flazz di Tol Cipali,2016-03-31,Thursday
Bayar Tol Cipali Sudah Bisa Pakai Kartu Flazz BCA,2016-03-31,Thursday
Ini Daftar Harga Tiket BCA Indonesia Open Superseries Premier 2016 di Istora,2016-03-31,Thursday
Bahana Securities: IHSG Akan Cenderung Menguat,2016-04-01,Friday
"Nonton Shrek The Musical, Diskon 10% dari Kartu Kredit BCA",2016-04-04,Monday
Erri Tjendana : Jatuh Bangun Membesarkan TMS Tour and Travel,2016-04-04,Monday
"Berhasil Kembangkan Kualitas SDM, BCA Raih Indonesia Human Capital Award",2016-04-04,Monday
"Buka Rekening Bertaburan Hadiah di Kota Bandung, Medan, Makassar",2016-04-04,Monday
"Ditjen Pajak Intip Transaksi Nasabah Kartu Kredit, Ini Risikonya",2016-04-04,Monday
"Bayar Tol Cipali, Bisa Pakai Flazz",2016-04-04,Monday
"Arifin Panigoro, BI dan 22 Perusahaan Jadi Pembayar Pajak Terbesar 2015",2016-04-05,Tuesday
8 Bandit Pembobol ATM di Pekanbaru Ditembak,2016-04-05,Tuesday
"Ditopang Sektor Tambang, IHSG Ditutup Naik ke 4.868",2016-04-06,Wednesday
Mengembangkan Potensi Desa Wisata Wukirsari,2016-04-07,Thursday
BCA Bagikan Dividen Rp 160/Saham,2016-04-07,Thursday
"Pengajuan Kredit Mobil Ditolak, Tanda Jadi Belum Dikembalikan",2016-04-09,Saturday
Siapa Bilang Jelang Lebaran Harga Tiket Kereta Mahal? Di Situs Ini Tidak!,2016-04-10,Sunday
Bank Dunia: Ekonomi Asia Timur dan Pasifik Bakal Melambat Hingga 2018,2016-04-11,Monday
Yusuf Abdulah Sukses Berbisnis Karena Tidak Cepat Puas,2016-04-11,Monday
BCA Sepakat Bagi Dividen Sebesar Rp 160 Per Saham,2016-04-11,Monday
"Kisah Santoso: Dari Pedagang Serabutan, Komandan MIT Lalu Jadi Buron",2016-04-11,Monday
Ini Profil dan Jejak Kejahatan Santoso yang Kini Diburu Satgas Tinombala,2016-04-11,Monday
Eks Anggota Kelompok Santoso: Mari Hidup Normal Saja,2016-04-11,Monday
Hore! Bayar Belanja di Forum Jual Beli KASKUS Kini Makin Mudah Pakai Sakuku,2016-04-11,Monday
Tentang Taman Jeka yang Pernah Terlupa lalu Jadi Basis Kelompok Santoso,2016-04-11,Monday
Trik Agar Lindung Nilai Tak Ganggu Laporan Laba Rugi Perusahaan,2016-04-11,Monday
Rugi Jumbo di Superblok HI,2016-04-12,Tuesday
APM Otomotif Salah Satu Penyumbang Pajak Terbesar Tahun 2015,2016-04-13,Wednesday
Mau Beli Martabak Manis Enak? Mampir Saja ke Sini (1),2016-04-14,Thursday
Pengakuan Eks Anggota Kelompok Santoso Soal Latihan Militer di Hutan Poso,2016-04-14,Thursday
Seribu UKM Tanah Abang Jadi Pedagang Digital,2016-04-15,Friday
"Kapolri ke Poso, Pantau dan Semangati Satgas Pemburu Santoso",2016-04-15,Friday
Dompet Uang Elektronik Doku Makin Tebal,2016-04-17,Sunday
Kirim Valas China Yuan Sekarang Makin Mudah,2016-04-18,Monday
"Lagi, BCA Buka Beberapa Kantor Kas Baru pada April 2016",2016-04-18,Monday
Ketulusan Jadi Kunci Chandra Gupta Sukses di Industri Salon (Bagian 1),2016-04-18,Monday
"Mau Lebih Hemat? Yuk, Belanja Tiap Senin",2016-04-18,Monday
Nicepay Pede Kuasai Bisnis Payment Gateway Indonesia,2016-04-20,Wednesday
Payment Gateway Negeri K-Pop Serbu Indonesia,2016-04-20,Wednesday
Jaringan Judi Online Surabaya-Bali Beromset Puluhan Milliar Dibongkar,2016-04-20,Wednesday
OJK Imbau Warga Banyuwangi Waspada Investasi Bodong,2016-04-22,Friday
"Wah, Bayar Tol Lebih Praktis dengan Kartu Flazz!",2016-04-23,Saturday
BCA Finhacks Hasilkan 3 Aplikasi Terbaik,2016-04-24,Sunday
Ini Antisipasi Kepadatan Saat Long Weekend 5-8 Mei di Tol Cipali,2016-04-25,Monday
Top Up GO-PAY dari GO-JEK?  Gunakan e-Banking BCA!,2016-04-25,Monday
"Stres karena Kurang Piknik? Sebelum 'Meledak', Buruan Cuti!",2016-04-25,Monday
Cara Rizka Sari Yuliani Hadapi Tantangan di Bisnis Jasa Ekspedisi (Bagian 2),2016-04-25,Monday
"Yuk, Nonton Gratis di CGV Blitz Bersama Tahapan Xpresi BCA",2016-04-25,Monday
"Anniversary, Ajak Pasangan Jalan-jalan Romantis di Yogyakarta",2016-04-25,Monday
Pencuri Gagal Gasak Uang di ATM,2016-04-26,Tuesday
190 Tersangka Narkoba Diamankan Operasi Bersinar Polrestabes Surabaya,2016-04-26,Tuesday
"150 Juta Transaksi di ATM BCA, 35 Juta Hanya Cek Saldo",2016-04-27,Wednesday
Warga Jabar Dapat Bayar Pajak via ATM BCA,2016-04-27,Wednesday
"BCA Raup Laba Rp 4,5 Triliun di Akhir Maret, Naik 11%",2016-04-27,Wednesday
Kredit Macet BCA Naik,2016-04-27,Wednesday
"Sering Nge-drop, Kesehatan Balita dengan Kondisi Langka Ini Sulit Diprediksi",2016-04-27,Wednesday
Kiwoom Securities: Aksi Jual Asing Hambat Penguatan IHSG,2016-04-28,Thursday
Bayar Pajak Kendaraan Bermotor Kini Bisa di ATM BCA,2016-05-02,Monday
"Laba Bersih BCA di Kuartal I 2016 Capai Rp 4,5 Triliun",2016-05-02,Monday
"Dalam 24 Jam, Aplikasi Pembayaran Inovatif Tercipta di Finhacks 2016 (1)",2016-05-02,Monday
OJK Gelar Program Jaring di Bengkalis Provinsi Riau,2016-05-02,Monday
Bisnis Pendidikan Anak Kunci Novita Tandry Jadi Sukses (2),2016-05-04,Wednesday
Mencari Bibit Baru Wirausaha Digital,2016-05-04,Wednesday
"Bandwidth Dicolong, Telkom Rugi Rp 15 Milar",2016-05-09,Monday
"Akhir Pekan Ini, BCA Expo & Autoshow akan Digelar di ICE â BSD City",2016-05-09,Monday
Kesempatan untuk Test Drive Belasan Mobil Premium di Satu Tempat,2016-05-09,Monday
Polda Metro Ungkap Pencurian Bandwidth yang Rugikan Telkom Rp 15 M,2016-05-09,Monday
Ini Alasan Kenapa Kamu Harus Punya Tahapan Xpresi BCA,2016-05-09,Monday
"Main Judi Bola Online, Asiong Dikenakan Pidana Pencucian Uang",2016-05-10,Tuesday
"Banyak Dana Asing 'Cabut', Ini 4 Solusi Gebrak Bursa Saham",2016-05-10,Tuesday
"OCBC Terbitkan Obligasi Rp 2 T, Bunganya 7,5-8,25%",2016-05-10,Tuesday
Indosat Untung Rp 217 Miliar,2016-05-11,Wednesday
PBSI Targetkan Tiga Gelar di Indonesia Terbuka,2016-05-11,Wednesday
"Bergulir Akhir Mei, Indonesia Terbuka Tawarkan Hadiah Rp 11,97 M",2016-05-11,Wednesday
BCA Indonesia Open Superseries Premier Segera Digelar,2016-05-11,Wednesday
Praveen/Debby Penasaran Patahkan Keangkeran Istora,2016-05-11,Wednesday
"Garap Proyek 35.000 MW, PLN Utang ke Bank Dunia Hingga IDB",2016-05-12,Thursday
Bayar Tagihan Gas PGN Sekarang Makin Mudah,2016-05-12,Thursday
Literasi Keuangan BCA dan OJK Bersama SiMOLEK,2016-05-15,Sunday
Bakti BCA Dukung Entrepreneur Muda yang Berinovasi dalam Pendidikan Berbasis Teknologi,2016-05-16,Monday
Mau Nonton BCA Indonesia Open 2016? Ini Tipsnya,2016-05-16,Monday
Beli Majalah dan Minuman Tanpa Uang Tunai di Vending Machine Ini,2016-05-16,Monday
Sedang Mencari Kredit Rumah yang Lebih Ringan dan Fleksibel?,2016-05-16,Monday
"BCA Indonesia Open Kembali Digelar, Nilai Hadiah Makin Besar",2016-05-16,Monday
BCA dan Go-Jek Jalin Kerja Sama,2016-05-17,Tuesday
Banyak Orang Tutup Kartu Kredit Karena Diintip Pajak,2016-05-17,Tuesday
"Pajak Intip Data Kartu Kredit, Fenomena Ini yang Muncul",2016-05-17,Tuesday
"Data Nasabah Bank Dibuka Untuk Pajak, Bankir Siap Ikut",2016-05-17,Tuesday
"Di Balik Kelincahannya, Balita Ini Idap Penyakit Jantung Bawaan",2016-05-18,Wednesday
"Ekonomi RI Melambat, Kredit Bermasalah Bank Naik",2016-05-19,Thursday
Banyuwangi Luncurkan Desa Wisata Taman Sari di Kaki Gunung Ijen,2016-05-20,Friday
Siapa Bilang Bayar Pajak Kendaraan Bermotor Susah?,2016-05-23,Monday
Desa Wisata BCA,2016-05-23,Monday
"Pasang Kabel Transmisi 480 Km di Sumatera, PLN Dapat 'Suntikan' Rp 4,4 T",2016-05-23,Monday
"Bertahun-tahun Jadi Bankir, Andy Pangestu Banting Setir Jadi Pengusaha Kue",2016-05-23,Monday
BCA Berikan Kemudahan Top Up GO-PAY Melalui e-Banking BCA,2016-05-23,Monday
Bank Dunia: Negara Asia Timur Pasifik Akan Didominasi Lansia,2016-05-23,Monday
RuangGuru.com Berikan Solusi Pendidikan yang Tepat Untuk Guru dan Murid,2016-05-23,Monday
"Cozora, Solusi dalam Meningkatkan Kualitas dan Akses Pendidikan",2016-05-23,Monday
"BCA Salurkan KPR Rp 60 T, Bunga Dipatok 7,9-11%",2016-05-24,Tuesday
Bahana Securities: IHSG Akan Menguat Terbatas,2016-05-24,Tuesday
BI Mau Longgarkan Aturan KPR,2016-05-24,Tuesday
Dirut BCA Usul Uang Muka KPR Diperlonggar,2016-05-24,Tuesday
"Resmikan Empat KCP Dispenda, Aher: Pendapatannya untuk Bangun Infrastruktur",2016-05-24,Tuesday
Bos BCA Dukung BI Longgarkan Aturan KPR,2016-05-24,Tuesday
Mbah Lasinten Butuh Bantuan: Sebatang Kara di Gubuk Reyot dan Sedang Sakit,2016-05-25,Wednesday
Heboh Jebakan Transfer Uang via ATM ke Rekening Bandar Narkoba,2016-05-25,Wednesday
Serunya Bashminton yang Diadakan oleh Pertemanan Sehat!,2016-05-26,Thursday
"CIMB Niaga Tutup 20.000 Kartu Kredit, Buka Baru 25.000/Bulan",2016-05-26,Thursday
"Pertama Top Up Go-Pay, Saldo Rekening Terpotong Rp 888.888 Tanpa Konfirmasi",2016-05-26,Thursday
PBSI Jalin Kerja Sama dengan Badminton Australia di Bidang Sport Science,2016-05-27,Friday
"Tawarkan Dolar Palsu, 3 Warga Liberia Ditangkap Polisi",2016-05-28,Saturday
Pebulutangkis Dunia Siap Bertarung di Jakarta,2016-05-30,Monday
BCA Dukung Pengembangan Fasilitas Kesehatan,2016-05-30,Monday
"Dulu Jadi Penonton, Mainaky Bersaudara Kini Tampil sebagai Kontestan",2016-05-30,Monday
Belanja di Minimarket dengan Uang Digital Banyak Tawarkan Keuntungan,2016-05-30,Monday
Boe Antusias Bisa Berpasangan Lagi dengan Mogensen,2016-05-30,Monday
Berapa Gelar Juara yang Bisa Dimenangi Tuan Rumah?,2016-05-30,Monday
Cerita Mogensen untuk Bangkit Mengalahkan Penyakitnya,2016-05-30,Monday
"Gagal Lagi, Firman Akui Masih Banyak Kekurangan",2016-05-30,Monday
"Kalah di Ganda Campuran , Greysia Tetap Prioritaskan Ganda Putri",2016-05-30,Monday
Alasan Kenapa Kamu Harus Punya Tahapan Xpresi BCA,2016-05-30,Monday
Riset Buktikan BCA Pantas Jadi Perusahaan Idaman Pekerja,2016-05-30,Monday
Wanita Perkasa Ini Bikin Dolar AS 'Kabur' dari Negara Berisiko Tinggi,2016-05-30,Monday
"Jika Bunga The Fed Naik, Dolar AS Bisa Makin Perkasa",2016-05-30,Monday
"Linda di Laga Pertama, Owi/Butet Dijadwalkan Sore Hari",2016-05-30,Monday
Mental Bayu dan Firman Jadi Sorotan,2016-05-31,Tuesday
Linda Weni Kandas Lebih Awal di Istora,2016-05-31,Tuesday
"Fitriani ke Babak Kedua, Linda Langsung Tersisih",2016-05-31,Tuesday
Kobaran Semangat Dukung Indonesia Bergemuruh di BCA Indonesia Open 2016,2016-05-31,Tuesday
"Jelang Lebaran, BI Purwokerto Siapkan Rp 4,5 T",2016-05-31,Tuesday
Ini Perusahaan RI yang Masuk 2.000 Terbesar Dunia,2016-05-31,Tuesday
Talk Show Kafe BCA,2016-06-01,Wednesday
"Transaksi Kartu Kredit Turun di April, Apa Karena Takut Diintip Ditjen Pajak?",2016-06-01,Wednesday
"BI Berikan Penghargaan untuk Bank Penyalur Kredit UMKM Terbaik, Ini Daftarnya",2016-06-01,Wednesday
Rian/Berry Dihentikan Ganda Malaysia,2016-06-01,Wednesday
Bahana Securities: IHSG Cenderung Melemah,2016-06-01,Wednesday
Polisi Tangkap Pembobol Modus Ganjal ATM di SPBU Pasar Minggu,2016-06-02,Thursday
Riky Widianto/Richi Puspita Tersingkir,2016-06-02,Thursday
Serunya Berebut Diskon Smartphone Hingga 90% di Erafone - ICS 2016,2016-06-02,Thursday
Bahana Securities: IHSG Cenderung Melemah,2016-06-02,Thursday
"Bank DKI Tawarkan Obligasi Rp 1 T, Berbunga 8,5%-9,4%",2016-06-03,Friday
"Istora Direnovasi, Indonesia Terbuka 2017 Dipastikan Tetap di Jakarta",2016-06-05,Sunday
"Grup Pupuk Indonesia Grup Gandeng BCA, Permudah Pembayaran Pupuk",2016-06-06,Monday
Bayar Pajak Kendaraan Bermotor Kini Bisa di ATM BCA,2016-06-06,Monday
Cairkan MoneyGram di BCA : Mudah dan Raih Kesempatan Umrah Gratis,2016-06-06,Monday
"Adopsi Sikap Hati-hati, Pui Sudarto Berhasil Besarkan Bisnis",2016-06-06,Monday
Berkah untuk Pulauintan di Krisis Moneter 1998,2016-06-06,Monday
BIOSSP 2016 Jadi Bukti Kehebatan Suporter Indonesia,2016-06-07,Tuesday
"Wah, Top Up GO-PAY Kini Bisa Lewat e-Banking BCA",2016-06-08,Wednesday
"Sekali Bayar, Mudik Lewat Tol Lebih Hemat Waktu",2016-06-09,Thursday
Masuk Tol Sekali Bayar Mulai Berlaku 13 Juni 2016,2016-06-09,Thursday
Firasat Keluarga dan Asuransi di Balik Kepergian Irena Justine,2016-06-09,Thursday
Masuk Tol Sekali Bayar Mulai Berlaku 13 Juni 2016,2016-06-09,Thursday
"Jelang Piala Eropa, Polisi Tangkap Agen Judi Bola Online",2016-06-09,Thursday
Sekali Bayar Tol Jakarta-Brebes Timur Bisa Pakai E-Toll,2016-06-10,Friday
Berbuka dengan Sate Maranggi Enak di 5 Restoran Ini,2016-06-13,Monday
BCA Luncurkan Kartu Kredit BCA â Matahari,2016-06-13,Monday
"Hendry: One Solution for All, Kunci Bisnis Tekstil Jadi Lancar",2016-06-13,Monday
"Bayar Tol Jakarta-Brebes Timur Pakai Kartu, Siapkan Saldo Minimal Rp 165.000",2016-06-13,Monday
Ini Daftar Kartu yang Bisa Dipakai Untuk Bayar Tol Jakarta-Brebes Timur,2016-06-13,Monday
"Ramadan 2016, Industri Makanan dan Minuman Diproyeksikan Naik 30%",2016-06-13,Monday
"Gamis dan Tunik Denim Ala Anna ""Zeal"" Banyak Diburu Jelang Ramadhan",2016-06-13,Monday
"Inovasi, Senjata Perusahaan Masuki Pasar Baru",2016-06-13,Monday
Bahana Securities: IHSG Cenderung akan Melemah,2016-06-14,Tuesday
"Diletakkan di Atas Mesin ATM, Uang Masuk Dalam Celah Mesin",2016-06-14,Tuesday
Bahana Securities: IHSG Bergerak Variatif,2016-06-15,Wednesday
Uji Coba Tapping Kartu Flazz BCA,2016-06-15,Wednesday
Bahana Securities: IHSG Bergerak Mixed,2016-06-16,Thursday
"Erafone Jakarta Fair: Bisa Cicil Gadget, Berjuta Rezekinya",2016-06-16,Thursday
IHSG Ditutup Melemah di Tengah Penguatan Bursa Asia,2016-06-17,Friday
"Erafone Jakarta Fair: Bisa Cicil Gadget, Berjuta Rezekinya",2016-06-18,Saturday
Kisah Sukses Djong Erni Lewati Lika-Liku Berjualan Busana Wanita,2016-06-20,Monday
Ngabuburit Seru di Dunkin' Donuts Bersama Kartu BCA,2016-06-20,Monday
"Ciptakan Kenyamanan Kerja, Turn Over Akan Minim",2016-06-20,Monday
Menciptakan Karyawan Produktif adalah Sebuah Kewajiban,2016-06-20,Monday
BPJS Kesehatan Gandeng BCA,2016-06-20,Monday
"Komplotan Perampok Nasabah Bank Dibekuk Polisi, Satu Pelaku Didor",2016-06-21,Tuesday
"Mengaku Kombes Polisi, Komplotan Ini Tipu Korban dari Dalam LP",2016-06-21,Tuesday
"DP KPR Makin Murah, Target Kredit BCA Naik",2016-06-22,Wednesday
Bankir Waspadai Kenaikan Suku Bunga The Fed,2016-06-22,Wednesday
"Siapkan Rp 2 Triliun, BCA akan Akuisisi 2 Bank Ritel",2016-06-22,Wednesday
"BI Rate Turun, Akankah BCA Turunkan Bunga KPR?",2016-06-22,Wednesday
Bahana Securities: IHSG Bergerak Mixed,2016-06-23,Thursday
Gadget Impian Berjuta Keuntungan di Erajaya Expo 2016 â Kota Kasablanka,2016-06-23,Thursday
"IHSG dan Rupiah Anjlok Gara-gara Brexit, Analis: Ini Panik Sesaat",2016-06-24,Friday
BCA Lepas Liarkan Orangutan,2016-06-24,Friday
Sampai Kapan Dampak Brexit ke Pasar Keuangan RI?,2016-06-24,Friday
"Belanja Smartphone Samsung, Berlimpah Jutaan Hadiah di Jakarta Fair 2016",2016-06-24,Friday
Polrestabes Surabaya Ungkap 115 Kasus selama Operasi Camer Semeru 2016,2016-06-24,Friday
Gadget Impian Berjuta Keuntungan di Erajaya Expo 2016 â Kota Kasablanka,2016-06-25,Saturday
Bisnis Situs Belanja Daring Semakin Melesat,2016-06-27,Monday
Bayar Tol Cipali Bisa Pakai Flazz,2016-06-27,Monday
"Kartu Kredit Matahari, Kunci untuk Gaya Hidup Hemat dan Stylish",2016-06-27,Monday
"Lagi, Predikat Best Bank untuk Kinerja BCA",2016-06-27,Monday
Bayar Iuran BPJS Kesehatan Bisa Melalui BCA,2016-06-27,Monday
Transaksi di Jualo Kini Bisa Pakai Rekber,2016-06-28,Tuesday
Ingin Dapat Diskon Tarif Tol 20% Saat Mudik? Ini Syaratnya,2016-06-28,Tuesday
BI Tak Akan Biarkan Rupiah Terlalu Kuat,2016-06-30,Thursday
"Ada Dana Ratusan Triliun dari Tax Amnesty, Dolar AS Bisa Turun ke Rp 12.500",2016-06-30,Thursday
Ini Hal Penting yang Harus Disiapkan untuk Kendaraan Menjelang Mudik,2016-06-30,Thursday
Jumlah Kendaraan yang Melintas di Tol Cipali Sudah Alami Lonjakan Hingga 80%,2016-06-30,Thursday
Puncak Kepadatan di GT Palimanan Diperkirakan Capai 70.000 Kendaraan Sehari,2016-07-01,Friday
Terimakasih BCA untuk Tanggapan Cepatnya,2016-07-01,Friday
"Ditipu Bule Polandia, Wanita Kaya Rugi Rp 1,3 Miliar",2016-07-01,Friday
IHSG Sudah Menguat Lebih dari 4%,2016-07-01,Friday
Uang Elektronik Bisa Digunakan di Seluruh Ruas Tol Untuk Perlancar Arus Mudik,2016-07-01,Friday
Volume Kendaraan di Tol Cipali Naik 5 Kali Lipat,2016-07-02,Saturday
"Sambut Lebaran 2016, Jasa Marga Diskon Tarif Tol 20 Persen",2016-07-03,Sunday
Layanan Terbatas BCA Selama Idul Fitri,2016-07-04,Monday
Informasi Layanan KlikBCA Bisnis/EDC BIZZ Selama Libur Lebaran,2016-07-04,Monday
Mudah Cairkan Uang Tunai dengan Fire Cash BCA,2016-07-04,Monday
"Nonton TV Kabel, Bayarnya di e-Banking BCA",2016-07-04,Monday
Bank Indonesia Catat Pertumbuhan Pesat e-Money,2016-07-08,Friday
Dapatkan Add Reward BCA 20% setiap Senin di McDonald's,2016-07-11,Monday
"DP KPR Lebih Murah, Dirut BCA: Bisa Bantu Penyaluran Kredit",2016-07-11,Monday
Opor Ayam Jadi Menu Favorit di Acara Halalbihalal BI,2016-07-11,Monday
"Jalani Bisnis Salon, Ini Berbagai Ujian yang Pernah Dihadapi Lie Kuang",2016-07-11,Monday
"Bayar Tol Pakai Tunai VS Uang Elektronik, Untung Mana?",2016-07-11,Monday
"Jamin Transaksi 100% Aman, Bukalapak.com Dorong Kemajuan UKM",2016-07-11,Monday
"Donasi untuk Pelepasliaran Orangutan di Hutan Kehje Sewen, Kalimantan Timur",2016-07-11,Monday
"Bayar Tol Wajib Pakai Uang Elektronik, BPJT: Semua Bank Bisa",2016-07-11,Monday
Ini Bank Persepsi yang Ditunjuk Pemerintah untuk Tampung Dana Repatriasi,2016-07-11,Monday
Pengelola Jalan Tol Ingin Bayar Tol Semudah Naik TransJakarta,2016-07-11,Monday
"Soal Bank Penampung Dana Tax Amnesty, Menkeu: Belum Ada Keputusan",2016-07-12,Tuesday
Ini Cara BCA Tarik Dana Lewat Tax Amnesty,2016-07-12,Tuesday
Apa Saja Tugas Bank Penampung Dana Tax Amnesty?,2016-07-12,Tuesday
Bagaimana Cara Buat Rekening Dana Nasabah Khusus Tax Amnesty?,2016-07-13,Wednesday
Berimajinasi Liar dengan Cloud,2016-07-13,Wednesday
Siapa Bilang Migrasi Cloud Butuh Modal Besar?,2016-07-13,Wednesday
Biasakan Menabung Sedari Dini,2016-07-18,Monday
Saham Tambang dan Properti Dalam Tren Naik,2016-07-18,Monday
Ini Daftar Lengkap Institusi Penampung Dana Tax Amnesty,2016-07-18,Monday
Liburan Hemat Naik Pesawat,2016-07-18,Monday
Senin Jadi Hari Terbaik untuk Belanja Online,2016-07-18,Monday
BCA Life Penuhi Kebutuhan Perencanaan Waris Bagi Nasabah BCA,2016-07-18,Monday
"Ada Bank Asing Jadi Penampung Dana Tax Amnesty, Ini Kata Kemenkeu",2016-07-18,Monday
"Akhir Pelarian Santoso, Teroris Paling Dicari di Indonesia",2016-07-19,Tuesday
"Sudah Tanda Tangan, 18 Bank Ini Siap Tampung Dana Tax Amnesty",2016-07-19,Tuesday
"TransJ akan Batasi Kartu Perdana dan Top Up di Halte Busway, ini Alasannya",2016-07-19,Tuesday
"Jadi Bank Penampung Dana Tax Amnesty, BCA Dapat Berapa?",2016-07-20,Wednesday
"Setengah Tahun BCA Cetak Laba Rp 9,6 Triliun, Naik 12%",2016-07-20,Wednesday
BCA Catat 16 Juta Transaksi E-Banking per Hari,2016-07-20,Wednesday
"Bank Asing Ikut Tampung Dana Tax Amnesty, Dirut BNI: Rate Kita Lebih Menarik",2016-07-21,Thursday
4 Bank Penampung Dana Tax Amnesty Teken Kontrak dengan Menkeu,2016-07-21,Thursday
Bahana Securities: IHSG Cenderung Melemah,2016-07-22,Friday
"BCA KlikPay Deal!, Belanja di Bukalapak Dapat Potongan Rp50 Ribu",2016-07-25,Monday
Hamdi Contoh Sukses Mantan Karyawan Jadi Pengusaha,2016-07-25,Monday
"Syarat Kurang, BTN Belum Bisa Tampung Dana Tax Amnesty",2016-07-25,Monday
"Hj. Sairoh, Sosok di Balik Pemasok Mesin Jahit Pedagang Tanah Abang",2016-07-25,Monday
Kenang Masa Kecilmu dengan Sejuta Xpresi dari Tahapan Xpresi BCA,2016-07-25,Monday
"Semester I 2016, Laba Bersih BCA Capai Rp 9,6 Triliun",2016-07-25,Monday
"Kasir Salah Debit Kartu, Pengembalian Uang Tak Ada Kejelasan",2016-07-25,Monday
Usaha Achmad Al Dhahri Berbuah Manis Berkat Dorongan dan Rida Orang Tua,2016-07-25,Monday
Laba BTN Tumbuh 25% Jadi Rp 1 Triliun,2016-07-25,Monday
"Jadi Penampung Dana Tax Amnesty, Bank Danamon: Ini Momen yang Ditunggu",2016-07-26,Tuesday
"Terpangkas 5 Poin, IHSG Rehat di 5.214",2016-07-26,Tuesday
Bank Penampung Dana Tax Amnesty Akan Teken Kontrak Lagi Pekan Ini,2016-07-26,Tuesday
Bahana Securities: IHSG Cenderung Menguat,2016-07-26,Tuesday
"Tampung Dana Tax Amnesty, BTN Siapkan Obligasi Berkelanjutan Rp 3 T",2016-07-26,Tuesday
Greysia/Nitya Sudah Analisis Kekuatan Calon Lawan di Olimpiade,2016-07-28,Thursday
BCA Tunggu Juklak Tax Amnesty Lengkap,2016-07-29,Friday
Wadirut BCA: Banyak Ekonom Jadi Menteri Jokowi,2016-07-29,Friday
Wakil Presiden Direktur BCA Buka Perdagangan Saham,2016-07-29,Friday
"Dukung Tax Amnesty, BCA Akan Sosialisasi Keliling Kota",2016-07-29,Friday
Tiga Bulan Menunggu Refund Tiket Pesawat,2016-07-29,Friday
"Sudah Transfer Dana ke InstaBekasi, Deposit Belom Masuk",2016-07-29,Friday
"Wisata Kuliner di Bogor, Coba Soto Kuning yang Legendaris",2016-07-30,Saturday
"Bank Sentral se-Asia Pasifik Kumpul di Bali, Bahas Ancaman Ekonomi Global",2016-07-31,Sunday
Go Green Bersama BCA dan Gramedia,2016-08-01,Monday
Ingin Kredit Rumah yang Lebih Ringan dan Bunga Pasti ? KPR BCA Kuncinya!,2016-08-01,Monday
"Hamdi, Contoh Sukses Mantan Karyawan Jadi Pengusaha",2016-08-01,Monday
Hangout Makin All Out dan Tetap Bisa Hemat,2016-08-01,Monday
Seluruh Wajib Pajak Baiknya Manfaatkan Tax Amnesty,2016-08-01,Monday
Seluruh Wajib Pajak Baiknya Manfaatkan Tax Amnesty,2016-08-01,Monday
IHSG Berpotensi Menuju 5.425,2016-08-02,Tuesday
"Program Asuransi Sudah Berakhir, Dana Masih Didebet",2016-08-03,Wednesday
Ini yang Bikin Cadangan Devisa RI Naik,2016-08-05,Friday
Dana Asing Masuk RI Tembus Rp 25 T dalam Sebulan,2016-08-05,Friday
BCA Buka Cabang di Metropolitan Tower dan Pasar Kemis,2016-08-08,Monday
"Wakil Presiden Direktur BCA, Buka Langsung Perdagangan Saham di BEI",2016-08-08,Monday
"Targetkan Kinerja Lebih Maksimal, BCAinsurance Pindahkan Lokasi Kantor Pusat",2016-08-08,Monday
Kecewa Penetapan Jatuh Tempo Pembayaran Kredit Motor,2016-08-10,Wednesday
Mengintip Ruangan Khusus Bagi Peserta Tax Amnesty di KPP Banyuwangi,2016-08-10,Wednesday
OJK Pastikan 19 Bank Resmi Jadi Penampung Dana Tax Amnesty,2016-08-10,Wednesday
Saham Properti dan Industri Berpotensi Menguat,2016-08-11,Thursday
Ini Alasan BI Rombak Kebijakan Suku Bunga,2016-08-15,Monday
BCA Kembali Menjadi Brand Paling Bernilai di Indonesia,2016-08-15,Monday
Bayar Parkir Tanpa Repot dengan Flazz,2016-08-15,Monday
"Beraksi di Matraman, Sindikat Pencuri Modus Ganjal ATM Dibekuk di Jatim",2016-08-17,Wednesday
"Investasi Tabungan Sukuk Bunganya 6,9%/Tahun",2016-08-19,Friday
Mengenal Indonesia Melalui Jazz Gunung Bromo 2016,2016-08-20,Saturday
Dukung Millenials Menjadi Kekuatan Ekonomi Baru di Indonesia,2016-08-22,Monday
KKB BCA Tawarkan Promo Bunga Rendah untuk Pembelian Mobil Baru,2016-08-22,Monday
BCA Serahkan Donasi ke UNICEF,2016-08-22,Monday
Menangkan Hadiah Total Rp120 Juta di Sayembara Fasad Bangunan BCA,2016-08-22,Monday
Beli ST-001: Investasi Membangun Negeri,2016-08-22,Monday
BCA Raih Asia's Best Companies 2016,2016-08-25,Thursday
"10 Bank Sepakati Transaksi Repo, Ini Manfaatnya",2016-08-25,Thursday
"Bank RI Bisa Pinjam Uang dari Bank Asing, Apa Dampaknya Bagi Masyarakat?",2016-08-25,Thursday
Bahana Securities: IHSG Cenderung Menguat Terbatas,2016-08-25,Thursday
Serbu! Aneka Promo Menarik di Singapore Airlines-BCA Travel Fair 2016,2016-08-26,Friday
"Sita Uang Hampir Rp 1 M, Polisi Jerat Sindikat Sabu Malaysia dengan TPPU",2016-08-26,Friday
Tips Hunting Tiket Promo di Travel Fair Ala Blogger @KartuPos,2016-08-26,Friday
"Singapore Airlines BCA Travel Fair Kembali Hadir, Saatnya Liburan!",2016-08-26,Friday
"Sri Mulyani Sebut RI Tidak Krisis Ekonomi, Benarkah?",2016-08-26,Friday
Wujudkan Indonesia Bebas Katarak 2020,2016-08-27,Saturday
Gratis Nonton Moto GP & Formula 1 di Sepang Bersama BCA dan Indomaret,2016-08-29,Monday
Solusi Investasi Dana Tax Amnesty Dari BCA,2016-08-29,Monday
Sejuta Xpresimu dari Tahapan Xpresi BCA Hadir Kembali,2016-08-29,Monday
Tanggapan BCA untuk Surat Pembaca Ibu Merline,2016-08-29,Monday
Hangout di Starbucks Semakin Hemat Dengan Debit BCA,2016-08-29,Monday
Buka Rekening Bertabur Hadiah Hadir di 33 Kota,2016-08-29,Monday
"Beli Motor Melalui Leasing, Terima STNK Hanya Halaman Depan",2016-08-30,Tuesday
Richard Mainaky Sudah Punya Pandangan soal Calon Penerus Owi/Butet,2016-08-30,Tuesday
BCA Jalin Kerja Sama dengan Bank MNC dan Rintis,2016-09-01,Thursday
"Banjir Dana Tax Amnesty, Dolar AS Bisa Turun ke Rp 12.700",2016-09-02,Friday
BCA Raih 2 Penghargaan di FinanceAsia Country Awards,2016-09-02,Friday
"Isi Brankas 'Sakti' Aa Gatot: Ratusan Amunisi, Butiran Kristal Diduga Sabu dan Obat Kuat",2016-09-03,Saturday
"Sudah Melunasi Tagihan, Masih Dikenakan Bunga",2016-09-05,Monday
Ini 12 Bank dan LKBB Penyalur KUR Baru,2016-09-05,Monday
BCA Raih Predikat Bank Terbaik Di Asia,2016-09-05,Monday
Berikut Cara Bayar Uang Tebusan Tax Amnesty,2016-09-05,Monday
MNC Bank Berkolaborasi dengan BCA dan Rintis untuk Berikan Layanan Terbaik,2016-09-05,Monday
"Buktikan Integritas, BCA Borong 5 Penghargaan di Ajang Asia's Best Companies",2016-09-05,Monday
Komunitas KPR BCA Gelar Talkshow Tax Amnesty Bersama Nasabah,2016-09-05,Monday
"Perusahaan Cangkang Diatur Ikut Tax Amnesty, Tata Caranya Masih Dikaji",2016-09-06,Tuesday
Bahana Securities: IHSG Cenderung Menguat Terbatas,2016-09-06,Tuesday
"Erajaya Expo meluncur ke Surabaya, membawa Gebrakan Diskon Smartphone hingga 70%!",2016-09-07,Wednesday
Ini Daftar Lengkap Barang Bukti yang Dibawa Polisi di Padepokan Aa Gatot,2016-09-07,Wednesday
"Rehat Siang, IHSG Ditutup Naik 5 Poin",2016-09-07,Wednesday
Bahana Securities: IHSG Cenderung Akan Menguat,2016-09-07,Wednesday
BCA Sediakan Cicilan Tebusan Untuk Peserta Tax Amnesty,2016-09-08,Thursday
"Bayar Tebusan Tax Amnesty Bisa Cicil Lewat BCA, Berapa Bunganya?",2016-09-08,Thursday
Driver Ojek Online Terlibat Pemalsuan Kartu Kredit,2016-09-08,Thursday
Bahana Securities: IHSG Cenderung Melemah,2016-09-08,Thursday
"Erajaya Expo meluncur ke Surabaya, membawa Gebrakan Diskon Smartphone hingga 70%!",2016-09-10,Saturday
Penerapan ISO 27001:2013 Dapat Tingkatkan Kepercayaan Nasabah,2016-09-12,Monday
Bayar Parkir Bandara Soekarno Hatta Lebih Cepat dan Praktis dengan Flazz dan Debit BCA,2016-09-12,Monday
Nikmati Layanan 'Jalur Cepat' Tax Amnesty dari BCA,2016-09-12,Monday
"Sambut Hari Pelanggan Nasional, Jajaran Direksi BCA Layani Nasabah",2016-09-12,Monday
Mau Dapat Tiket AFAID Gratis? Ini Caranya!,2016-09-12,Monday
Hari Terakhir Promo Laptop Acer dan Lenovo di Transmart Carrefour,2016-09-12,Monday
Kini Anda Bisa Blokir Kartu ATM Hilang Lewat KlikBCA Individu dan BCA mobile,2016-09-12,Monday
Waspada Koreksi Lanjutan Saham Perbankan,2016-09-13,Tuesday
"Darmin: Bunga Kredit di Dunia Rendah, Kita Lain Sendiri",2016-09-14,Wednesday
BCA Life Gandeng Ebiz Cipta Solusi,2016-09-14,Wednesday
Kartu Lantera Sejahterakan Nelayan Kepri,2016-09-14,Wednesday
Bank BJB Gaet 5 Bank Terbitkan Uang Elektronik Khusus PON,2016-09-14,Wednesday
"Rupiah Terombang-ambing The Fed, Dolar AS Bisa ke Rp 13.300",2016-09-14,Wednesday
Sulitnya Meminta Rekening Koran Kredit Kendaraan Bermotor,2016-09-15,Thursday
"Sudah Membayar Uang Pengikat, Pesanan Tak Dikirimkan",2016-09-16,Friday
Kisah Haru Tukang Becak 'Gratisan' di Malang yang Dihajikan Penumpang,2016-09-16,Friday
Integrasi Sun Life Perkuat Bisnis,2016-09-16,Friday
"Makin Dekat dengan Pelanggan, BCA Life Luncurkan BCA Life V-Chat",2016-09-19,Monday
BCA Gelar Diskusi Generasi Baru Kekuatan Ekonomi Indonesia,2016-09-19,Monday
"Tentang Basri, Ali Kalora dan Santoso Si 'Anak Bebek'",2016-09-19,Monday
BCA KlikPay Deal! Diskon up to 50% di Bhinneka.Com,2016-09-19,Monday
"Sudah Tahu Kalau Investasi Saham Bisa Dimulai dengan Modal Rp100.000,- Saja?",2016-09-19,Monday
"Tintinwati Halim, Sosok di Balik Pemasok Kertas PT Sinarmas",2016-09-19,Monday
Masih Ragu untuk berinvestasi Saham? Ini Solusinya,2016-09-19,Monday
Pembobolan Mesin ATM BCA Berhasil Digagalkan,2016-09-20,Tuesday
Ini solusi Turunkan Kolesterol dalam 1 Jam !,2016-09-20,Tuesday
BCA Raih Penghargaan Best Asian Bank untuk Indonesia di Pentas Internasional,2016-09-21,Wednesday
Bahana Securities: IHSG Cenderung Menguat,2016-09-22,Thursday
Kafe BCA Kumpulkan Orang Kreatif untuk Dukung Kekuatan Ekonomi Indonesia,2016-09-26,Monday
Punya Bisnis di Instagram? Ajang Ini Bisa Membantu Promosi,2016-09-26,Monday
Mau Tiket Masuk Indonesia Comic Con 2016? Coba Cara Ini,2016-09-26,Monday
BCA Gandeng Perusahaan Jepang,2016-09-27,Tuesday
"Tax Amnesty RI Jadi Salah Satu Tersukses di Dunia, Ini Datanya",2016-09-27,Tuesday
"Rupiah Menguat, IHSG 'Loncat' 1,26%",2016-09-27,Tuesday
"Jelang Akhir Periode I Tax Amnesty, KPP Banyuwangi Terima Uang Tebusan Rp 39 M",2016-09-27,Tuesday
"Bunga Kartu Kredit Bakal Turun ke 2,2%, Kredit Bermasalah Bisa Berkurang",2016-09-27,Tuesday
OSO Securities: IHSG Akan Tertekan,2016-09-27,Tuesday
"Gandeng Perusahaan Jepang, BCA Targetkan 50.000 Kartu Kredit Baru",2016-09-27,Tuesday
Uang Tebusan Tax Amnesty Masuk ke BCA Capai Rp 22 Triliun,2016-09-27,Tuesday
"BI Turunkan Suku Bunga Acuan ke 5%, BCA: Kita Sesuaikan Bertahap",2016-09-27,Tuesday
Tax Amnesty Bikin Dolar AS Keok ke Rp 12.936,2016-09-27,Tuesday
Dolar AS Diramal Lengser ke Rp 12.500,2016-09-27,Tuesday
Bahana Securities: IHSG dan Rupiah Cenderung Menguat,2016-09-28,Wednesday
"Terpangkas 28 Poin, IHSG Turun ke 5.390",2016-09-28,Wednesday
"'Parkir' di Zona Hijau, IHSG Naik Tipis 5 Poin",2016-09-28,Wednesday
"Mau Investasi Bunga 6,6% per Tahun? Beli ORI 013",2016-09-29,Thursday
OSO Securities: IHSG Cenderung Koreksi,2016-09-29,Thursday
"Rehat Siang, IHSG Turun 5 Poin",2016-09-30,Friday
Bahana Securities: IHSG Cenderung Melemah,2016-09-30,Friday
Jangan Biasakan Diri Meniru Orang Bila Ingin Sukses,2016-10-03,Monday
"Sakuku, Bikin Patungan Makin Seru!",2016-10-03,Monday
BCA Berikan Beasiswa di UI,2016-10-03,Monday
CIMB Niaga Tawarkan Obligasi Rp 1 Triliun,2016-10-03,Monday
Investasi Aman Sekaligus Menjaga Lingkungan Melalui ORI013,2016-10-03,Monday
"Wow, Deklarasi Harta Tax Amnesty Tembus Rp 3.000 Triliun",2016-10-03,Monday
Bahana Securities: IHSG dan Rupiah Cenderung Menguat,2016-10-04,Tuesday
"Rekening sudah Terpotong, Kuota Internet tidak Bertambah",2016-10-05,Wednesday
Bank Dunia: Ekonomi Asia Pasifik Masih Stabil 3 Tahun Mendatang,2016-10-05,Wednesday
IKF 2016 Turut Serta Mengembangkan Kualitas Anak Bangsa,2016-10-06,Thursday
"Bos BCA: Ada Momen Lebaran, Permintaan Kredit di Juni Naik Kencang",2016-10-06,Thursday
PPA BCA Menorehkan Kisah Membanggakan,2016-10-07,Friday
Ini Tempat Jual Beli Online yang Aman dan Praktis,2016-10-07,Friday
BCA Berikan Beasiswa Ratusan Juta untuk Mahasiswa UI,2016-10-10,Monday
Generasi Millenial Menjadi Kekuatan Ekonomi Baru di Indonesia,2016-10-10,Monday
Ayo Ramai-Ramai Menggandakan Uang,2016-10-10,Monday
"Memetik Inspirasi Berkarir dari Presiden Direktur BCA, Jahja Setiaatmadja",2016-10-10,Monday
Diskusi Lintas Generasi di Indonesia Knowledge Forum,2016-10-10,Monday
12 Unit Ducati Segera Dilelang di Ciputat,2016-10-11,Tuesday
Tanggapan BCA untuk Surat Pembaca Bapak Paulus,2016-10-12,Wednesday
"Dana Asing Cabut, IHSG Melemah ke 5.378",2016-10-12,Wednesday
"SMI Terbitkan Obligasi Rp 30 Triliun, Bunga Maksimal 9,15%",2016-10-12,Wednesday
Promo Sepeda Pacific di Transmart Carrefour Cempaka Putih,2016-10-13,Thursday
Tanggapan BCA untuk Surat Pembaca Ibu Khusnul,2016-10-13,Thursday
OSO Securities: IHSG Bergerak di Kisaran 5.312-5.398,2016-10-14,Friday
Bahana Securities: IHSG dan Rupiah Cenderung Melemah,2016-10-14,Friday
"IHSG Ditutup 'Loncat' 1,11% di Akhir Pekan",2016-10-14,Friday
Begini Rekayasa Lalu-Lintas Selama Proses Pembongkaran Gedung di Bintaro,2016-10-15,Saturday
OSO Securities: IHSG Akan Lanjutkan Penguatan,2016-10-17,Monday
BCA Gelar Seminar Tentang Inovasi di Xfest BCA,2016-10-17,Monday
Arief Yahya Tutup IKF V dengan Paparan Menarik Seputar Pariwisata di Indonesia,2016-10-17,Monday
"Angkasa Pura I Terbitkan Obligasi 2,5 T, Bunga Maksimal 8,85%",2016-10-17,Monday
"Sanusi Pernah Beli Rumah Mewah Rp 7,5 Miliar di Kebon Jeruk",2016-10-17,Monday
"Hidup Sehat Dengan Lari. Ayo, Ikuti BCA Surabaya Run 2016 !",2016-10-17,Monday
"Xfest BCA, Ajang Mengembangkan Kreativitas bagi Generasi Muda Indonesia",2016-10-17,Monday
Bahana Securities: IHSG dan Rupiah Bisa Menguat,2016-10-18,Tuesday
Bahana Securities: IHSG dan Rupiah Akan Menguat,2016-10-19,Wednesday
Bahana Securities: IHSG dan Rupiah Cenderung Menguat,2016-10-21,Friday
"Polisi Gerebek Klinik Kecantikan Tanpa Izin di Jambi, 3 Orang Ditangkap",2016-10-23,Sunday
3 Mantan Napi Teroris Ingatkan Warga Lampung Agar Tak Terjebak Pemikiran ISIS,2016-10-23,Sunday
BCA Expo dan Autoshow 2016,2016-10-23,Sunday
Bahana Securities: IHSG dan Rupiah Cenderung Menguat,2016-10-24,Monday
Pegawai Sanusi Ditanya Soal Angsuran Apartemen Rp 136 Juta,2016-10-24,Monday
Keseruan Bersama Tahapan Xpresi BCA di INDONESIA DIECAST EXPO 2016,2016-10-24,Monday
BCA Dukung Kegiatan Inklusi Keuangan,2016-10-24,Monday
IKF 2016 Menuai Banyak Pujian dari Para Pengunjung,2016-10-24,Monday
"Rehat Siang, IHSG Bertambah 10 Poin",2016-10-24,Monday
Apartemen Baru di Summarecon Bekasi Mulai Rp 350 Jutaan,2016-10-24,Monday
"Jeda Siang, IHSG Terpangkas 8 Poin",2016-10-25,Tuesday
Ini Alasan NPL BCA Naik,2016-10-26,Wednesday
Presdir BCA: Bunga Kredit Belum Bisa Langsung Turun,2016-10-26,Wednesday
"Kartu Kredit Rusak, Kartu Pengganti Belum Diterima",2016-10-26,Wednesday
"Naik 13%, Laba Bersih BCA Capai Rp 15 Triliun",2016-10-26,Wednesday
"BCA Tampung Dana Repatriasi Tax Amnesty Rp 8,2 Triliun",2016-10-26,Wednesday
"Penipuan Ala Dimas Kanjeng, Dua 'Gus dan Santri' Diringkus Polisi",2016-10-27,Thursday
"Pelepasan Bayi Penyu di Pantai Boom, Banyuwangi",2016-10-30,Sunday
Melihat Peluang Investasi di Gunungkidul,2016-10-31,Monday
"Ready Kredit 12 Bulan, Ditagihkan Penuh",2016-10-31,Monday
Saham Potensial Properti & Top 10 Market Cap 2016,2016-11-01,Tuesday
BCA Gandeng Panin Bank dan Rintis Sejahtera,2016-11-02,Wednesday
Bahana Securities: IHSG dan Rupiah Cenderung Melemah,2016-11-03,Thursday
Uang Muka yang Dibayar ke Sky Motor Berbeda dengan Kontrak Kredit,2016-11-03,Thursday
"Proyek Tol Pandaan-Malang Dapat Pendanaan Rp 1,35 T dari 3 Perusahaan",2016-11-03,Thursday
"IHSG dan Rupiah Melemah Gara-gara Demo, Analis: Investor Khawatir",2016-11-04,Friday
Dibebankan Tagihan untuk Transaksi Ilegal Kartu Kredit,2016-11-04,Friday
Bahana Securities: IHSG dan Rupiah Cenderung Melemah,2016-11-04,Friday
Tanggapan BCA untuk Surat Pembaca Bapak Fikri,2016-11-07,Monday
Quotes: Jahja Setiaatmadja,2016-11-07,Monday
Beli Tiket Air Asia ke Luar Negeri Dapat Diskon 20%,2016-11-07,Monday
"Menguat 6 Poin, IHSG Rehat di 5.369",2016-11-07,Monday
"Buka Rekening BCA, Berpeluang Bawa Pulang Avanza Veloz",2016-11-07,Monday
"Dapat Diskon 12% Mister Aladin, Bayar dengan BCA KlikPay",2016-11-07,Monday
Bahana Securities: IHSG dan Rupiah Cenderung Menguat,2016-11-08,Tuesday
Cerita Sylviana Murni Tahan Bully Selama 31 Tahun,2016-11-08,Tuesday
Sylviana: Saya Kalau Marah Tidak Ekspos di Youtube dan Diviralkan,2016-11-08,Tuesday
Bahana Securities: IHSG dan Rupiah Cenderung Menguat,2016-11-09,Wednesday
"IHSG Siap Breakout, Saham Perbankan Berbunga â",2016-11-09,Wednesday
"Investor Shock Trump Menang, Rupiah Merosot",2016-11-09,Wednesday
"Trump Menang, Ini Imbasnya Bagi Ekonomi AS dan Global",2016-11-09,Wednesday
"Trump Menangi Pilpres AS, Dana Asing Bakal Mengalir ke RI",2016-11-09,Wednesday
"BI Catat Outstanding Transaksi Repo Antar Bank Sampai Oktober Rp 9,9 Triliun",2016-11-10,Thursday
"Tahun Depan, HSBC Ganti Nama Jadi PT HSBC Indonesia",2016-11-10,Thursday
BCA Berikan Beasiswa ke Mahasiswa ITB,2016-11-10,Thursday
"Selain 4 Bank BUMN, Bank Swasta Diminta Ikut Layani e-Toll",2016-11-10,Thursday
"Belanja Gratis Selama Harbolnas, Cukup Bayar Ongkir! Klik Erafone.com",2016-11-11,Friday
"Rp 46,2 Triliun Saham BCA Berpindah Tangan",2016-11-11,Friday
"Transaksi di Pasar Modal RI Tembus Rp 58,3 Triliun dalam Sehari",2016-11-11,Friday
'Trump Effect' di Pasar Asia,2016-11-11,Friday
'Trump Effect' Bikin Saham Perbankan Berguguran,2016-11-14,Monday
Jangan Lupa Merepatriasi Aset Tax Amnesty,2016-11-14,Monday
"Mumpung Murah, Ini Saham-saham yang Layak Dibeli",2016-11-14,Monday
"Hidup Sehat Dengan Lari, Ayo Ikuti BCA Surabaya Run 2016!",2016-11-14,Monday
BCA Terapkan Socially Responsible Investment Melalui Investasi Endowment Fund,2016-11-14,Monday
"Berkat Teknologi, Kegiatan Transaksi dan Keuangan Jadi Mudah",2016-11-14,Monday
Jurus Jitu Dapat Tiket Pesawat untuk Liburan dengan Harga Miring,2016-11-14,Monday
Investor Bisa Kabur Kalau Demontrasi di RI Tak Berjalan Damai,2016-11-14,Monday
Crossing Saham BCA Rp 177 T Dipastikan Dana Repatriasi Tax Amnesty,2016-11-14,Monday
"Meski IHSG dan Rupiah Anjlok, Likuiditas Bank Ini Masih Aman",2016-11-14,Monday
Melihat Peluang di Bursa Saham di Tengah 'Trump Effect',2016-11-15,Tuesday
"Sambangi Kantor BPBD, Plt Gubernur DKI Puji Pelayanan Call Center",2016-11-15,Tuesday
Bahana Securities: IHSG dan Rupiah Cenderung Menguat,2016-11-15,Tuesday
Mandiri Sekuritas: IHSG Berpeluang Rebound,2016-11-15,Tuesday
"Rp 177 Triliun Saham BCA Berpindah Tangan, Tidak Ada Perubahan Pengendali",2016-11-15,Tuesday
"Naik 45 Poin, IHSG Ditutup ke 5.161",2016-11-15,Tuesday
"Ini Saham-saham yang Kemarin Anjlok, Hari Ini Melesat Tinggi",2016-11-16,Wednesday
Mandiri Sekuritas: IHSG Berada di Tingkat Krusial,2016-11-16,Wednesday
"Trump, Fed Rate dan Harga Minyak",2016-11-17,Thursday
Bahana Securities: IHSG dan Rupiah Masih Bisa Menguat,2016-11-17,Thursday
Bahana Securities: IHSG dan Rupiah Masih Bisa Menguat,2016-11-18,Friday
Inilah Para Juara MY BCA EXPERIENCE BLOG COMPETITION,2016-11-21,Monday
Menikmati Kopi Premium di Stasiun Kereta? Ini Caranya,2016-11-21,Monday
Tanggapan BCA untuk Surat Pembaca Bapak Syaifuddin,2016-11-21,Monday
Transaksi Bisnis Ekspor Impor Semakin Mudah,2016-11-21,Monday
"BI Ubah Mekanisme GWM, Presdir BCA: Untuk Jaga Likuiditas Pasar",2016-11-22,Tuesday
"Santer Isu Rush Money, Presdir BCA: Jangan Khawatir",2016-11-22,Tuesday
IHSG Diperkirakan Bergerak di Kisaran 5.113-5.212,2016-11-22,Tuesday
Kartu Kredit Tertelan Mesin ATM,2016-11-22,Tuesday
Polisi Temukan Airsoft Gun Replika di Mobil Sri yang Ditemukan Terluka Parah,2016-11-24,Thursday
Melihat Lebih dalam Bisnis Online,2016-11-24,Thursday
Kurs Valas Real Time Bikin Transaksi Makin Untung,2016-11-24,Thursday
"Rehat Siang, IHSG Ditutup Merosot 1,22%",2016-11-24,Thursday
Ahok Ingin Jadikan Layanan Darurat 112 Sekelas 911,2016-11-25,Friday
Tersangka Pungli Oknum Bea-Cukai Pelabuhan Tanjung Emas Semarang Jadi 3 Orang,2016-11-25,Friday
Batam Gelar Workshop Bersama Tung Desem Waringin,2016-11-26,Saturday
"BNN Tangkap 2 Pengedar Narkoba di Medan, Sita 2 Kg Sabu",2016-11-26,Saturday
Bareskrim: Tersangka Rush Money Pamerkan Uang SPP Siswa di Akun Faceboknya,2016-11-27,Sunday
Bareskrim: Tersangka Rush Money Pamer Uang SPP Siswa di Facebook,2016-11-27,Sunday
Halo BCA Chat: Fitur Chat yang Memudahkan Akses Informasi Produk BCA,2016-11-28,Monday
Polisi Buru 2 Orang Pembobol ATM Minimarket di Denpasar,2016-11-28,Monday
Gunungkidul Berpotensi Jadi Kawasan Ekonomi Khusus Pariwisata,2016-11-28,Monday
ACA Tambah Ekspansi Jaringan Produk Bank Garansi,2016-11-28,Monday
BCA Syariah dan Prudential Jalin Kerja Sama,2016-11-28,Monday
"Angkasa Pura I Catatkan Obligasi Rp 2,7 T di BEI",2016-11-28,Monday
Gunungkidul Bakal Miliki Bandara dan Pelabuhan,2016-11-28,Monday
BCA Raih Penghargaan sebagai Agen Penjual Terbaik,2016-11-28,Monday
BCA Tech Day: Upaya Bank Kenalkan Semangat Inovasi pada Mahasiswa,2016-11-28,Monday
Grab Kembali Pepet Go-Jek,2016-11-29,Tuesday
"Integrasikan Sistem Pembayaran, BUMN Pelabuhan Gandeng 6 Bank",2016-11-29,Tuesday
Cara Tingkatkan Skill Mahasiswa Siap di Dunia Kerja,2016-11-30,Wednesday
"Rusak ATM dengan Palu, Pria ini Diamankan",2016-11-30,Wednesday
OJK Catat Ada 8 Bank yang Terapkan Sustainable Finance,2016-12-01,Thursday
Promo Cicilan 0% Handphone dan Launching Vivo V5 di Transmart Carrefour,2016-12-01,Thursday
Bos Djarum Jadi Orang Terkaya Indonesia 8 Tahun Berturut-turut,2016-12-01,Thursday
Ini Dia Orang Terkaya Indonesia Tahun 2016,2016-12-01,Thursday
Opera Kecoa: Cermin Realitas Kehidupan,2016-12-02,Friday
Transmart Carrefour Gelar Diskon 5% dan Cicilan 0% Smartphone,2016-12-02,Friday
Akibat Anak Muda Kebanyakan Main Gadget: Jadi Seperti Orang Tua,2016-12-04,Sunday
"Isi Pulsa, Dapat Bonus Pulsa",2016-12-05,Monday
"Transaksi Kartu Debit Bermasalah, Refund Belum Diterima",2016-12-05,Monday
Aher Dorong Perbankan Kucurkan Kredit untuk Industri Ramah Lingkungan,2016-12-05,Monday
Bagikan Momen Berkesanmu Selama 2016,2016-12-05,Monday
"Belanja min. Rp 30ribu dengan Sakuku, Cashback Voucher Blibli Rp 30ribu",2016-12-05,Monday
"Halo BCA, Contact Center dari Indonesia yang Mendunia",2016-12-05,Monday
Inilah Para Pemenang Program Umroh Moneygram BCA 2016,2016-12-05,Monday
Tanggapan BCA untuk SUrat Pembaca Bapak Syaifuddin,2016-12-06,Tuesday
"Nyaris Jadi Korban Hipnotis, Ibu Muda Ini Keburu Sadar Saat Teleponnya Berdering",2016-12-07,Wednesday
Ini yang Bikin Dolar AS Keok ke Rp 13.200,2016-12-07,Wednesday
"Siap-siap, Gebrakan 12.12 dari Erafone.com!",2016-12-08,Thursday
"Transaksi Kartu Debet, Kasir Optic Melawai Salah Input Harga",2016-12-09,Friday
Promo Pembelian Apple Watch di Infinite Mengecewakan,2016-12-09,Friday
Produk Fashion dan Lifestyle Jadi Incaran Saat Harbolnas,2016-12-11,Sunday
"Butuh Penyedia Jasa Keamanan Berkualitas, Pilih SIGAP!",2016-12-14,Wednesday
Tambahan Diskon 10% Ponsel Smartfren di Transmart Carrefour,2016-12-16,Friday
Pemkot Tangsel Luncurkan Program Pengurangan/Penghapusan Sanksi PBB dan e-SPPT PBB,2016-12-18,Sunday
Tanggapan Jakmall.com untuk Surat Pembaca Bapak Sutamar,2016-12-19,Monday
PLN Dapat Kucuran Kredit Rp 12 T dari 5 Bank dan 1 Lembaga Pembiayaan,2016-12-19,Monday
Buka-bukaan Bigo Live Demi Misi Pemulihan Citra,2016-12-20,Tuesday
BCA Siap Sebar Rp 56 Miliar Uang Rupiah Desain Baru,2016-12-20,Tuesday
Bigo Live Andalkan Robot Pengendus Konten Porno,2016-12-20,Tuesday
"Tersandung Pornografi, Bigo Live Buka-bukaan",2016-12-20,Tuesday
"Turun Trafik 30% Karena Pornografi Diblokir, Bigo Tak Khawatir",2016-12-20,Tuesday
"Kumpulkan Rp 48 M, Timses Ahok-Djarot: Ada Penyumbang dari Papua",2016-12-21,Wednesday
Waterfront Securities: IHSG Diperkirakan Mix Cenderung Melemah,2016-12-21,Wednesday
"Saldo Rekening sudah Terpotong, Saldo Akun belum Bertambah",2016-12-21,Wednesday
"Ramai Diburu Masyarakat, Rupiah Baru Belum Banyak Ditemui di Bank",2016-12-23,Friday
Pengembalian Dana ke Rekening Dipersulit,2016-12-23,Friday
"Top Up Berhasil, Grab Pay tak Dapat Digunakan",2016-12-23,Friday
"Tingkatkan Layanan Transaksi Elektronik Nasabah, BCA Gandeng PaninBank dan Rintis",2016-12-25,Sunday
Ini Jadwal Kegiatan Operasional BI di Libur Natal dan Akhir Tahun 2016,2016-12-27,Tuesday
"Pencapaian 2016, Dirut BEI: Pasar Modal RI Terbesar ke-4 Dunia, Kita Happy",2016-12-27,Tuesday
"Sepekan Diluncurkan, Belum Semua Bank Layani Penukaran Rupiah Desain Baru",2016-12-27,Tuesday
"Rehat Siang, IHSG Melonjak 1,89%",2016-12-28,Wednesday
"Cegah Pembunuhan Pulomas Terulang, Ahok Ingin Warga DKI Ingat 112",2016-12-28,Wednesday
OSO Securities: Indeks Bisa Kembali Menguat,2016-12-28,Wednesday
"Tarik Peserta Tax Amnesty, BCA Naikkan Bunga Deposito Maksimal 6,75%",2016-12-29,Thursday
Tanggapan BCA untuk Surat Pembaca Bapak Andreas,2016-12-29,Thursday
"2017, Tahun Kebangkitan Ekonomi",2016-12-30,Friday
"E-Commerce Terlambat Melakukan Pembalatan, Pembeli Dirugikan",2016-12-30,Friday
OSO Securities: IHSG Berpotensi Menguat Terbatas,2016-12-30,Friday
"IHSG Sudah Naik 5,2% Dalam Sepekan",2016-12-30,Friday
Wayang Listrik: Memadukan Wayang dan Teknologi,2017-01-01,Sunday
Tiga WNA asal Peru Pelaku Pembobolan Mesin ATM Ditangkap,2017-01-02,Monday
Tanggapan Bukalapak untuk Surat Pembaca Bapak Dody,2017-01-03,Tuesday
"Hendak Setor Duit SPBU Rp 300 Juta, Satpam Dibacok Perampok",2017-01-03,Tuesday
BCA Syariah Tingkatkan Pemasaran Bancassurance,2017-01-06,Friday
BCA Gelar Pelatihan Layanan Prima,2017-01-07,Saturday
Berburu Hunian Idaman di Awal Tahun 2017,2017-01-09,Monday
Bareskrim Tangkap Agen Judi Bola Online Beromset Rp 1 Miliar,2017-01-09,Monday
Rupiah Desain Baru Belum Banyak Beredar di Bank,2017-01-10,Tuesday
Perampokan Satpam SPBU di Bekasi Terekam CCTV,2017-01-10,Tuesday
IHSG Dibuka Menguat ke 5.330 di Tengah Tren Pelemahan Dunia,2017-01-10,Tuesday
Agen Judi Bola Beromzet Miliaran yang Dibekuk Jaringan Singapura,2017-01-10,Tuesday
"Mayoritas Bursa Dunia Hijau, IHSG Dibuka Menguat ke 5.316",2017-01-11,Wednesday
Tanggapan BCA untuk Surat Pembaca Ibu Listya,2017-01-11,Wednesday
Berburu Hunian Idaman di Awal Tahun 2017,2017-01-11,Wednesday
Apakah Ibu Rumah Tangga Dilarang Memiliki Token untuk Transaksi?,2017-01-12,Thursday
"Sri Mulyani Perketat Syarat Agen Penjual SUN, Ini Kata Ekonom",2017-01-12,Thursday
"Top Up GrabPay Gagal, Mohon Refund Dana Saya!",2017-01-16,Monday
"Naik 4 Poin, IHSG Rehat Siang di 5.277",2017-01-16,Monday
"Awali Perdagangan Selasa, IHSG Dibuka Menguat ke 5.272",2017-01-17,Tuesday
BCA Ramaikan Pameran IRX Indonesia,2017-01-19,Thursday
Bareskrim Polri Tangkap Pasutri Pelaku Penipuan Travel Fiktif,2017-01-20,Friday
Gadis Tunawicara yang Mengaku Diculik Dibawa ke Liponsos,2017-01-22,Sunday
Satpol PP Dampingi Gadis Tunawicara yang Mengaku Diculik,2017-01-22,Sunday
"Trump Dilantik, IHSG Dibuka Naik 3 Poin ke 5.275",2017-01-23,Monday
"Bergerak Fluktuatif, IHSG Ditutup Melemah 3 Poin ke 5.250",2017-01-23,Monday
Kejagung Setop Kasus Proyek Grand Indonesia,2017-01-23,Monday
"Kebijakan Trump Belum Jelas, Investor Masih Bingung",2017-01-23,Monday
OSO Securities: IHSG Masih Bergerak Mixed,2017-01-24,Tuesday
Ekonomi Global di 2017: Ketidakpastiannya Sangat Besar,2017-01-25,Wednesday
Cobaan Terberat Ekonomi Global Bernama Trump,2017-01-25,Wednesday
Bumi Resources dan XL Axiata Masuk Daftar Saham LQ45,2017-01-25,Wednesday
Pembunuhan di Bekasi Terbongkar Usai Polisi Bekuk Penadah Motor,2017-01-26,Thursday
Peredaran Narkoba di Kota Blitar Libatkan Oknum PNS dan Polisi,2017-01-26,Thursday
IHSG Ditutup Menguat 23 Poin,2017-01-26,Thursday
"Top Up GrabPay Lewat ATM, Saldo masih Kosong",2017-01-27,Friday
Saham-saham Ini Bisa Tambah Cuan di Tahun Ayam Api,2017-01-28,Saturday
BCA Bikin Perusahaan Modal Ventura Bermodal Rp 200 Miliar,2017-01-30,Monday
Kiwoom Securities: Bursa Asia Beri Sentimen Negatif,2017-01-30,Monday
Jaksa Agung Ditanya DPR soal SP3 Kasus Proyek Grand Indonesia,2017-02-01,Wednesday
"Tidak Ada Pemberitahuan, Tertagih Premi Asuransi Kartu Kredit",2017-02-01,Wednesday
"Sudah Top Up Voucher, Internet belum Aktif",2017-02-03,Friday
"Nasabah Prioritas tidak Diundang, Alasan Mengecewakan",2017-02-03,Friday
IMF Puji RI Karena Pemerintah Bisa Menjaga Pertumbuhan Ekonomi,2017-02-04,Saturday
Kebijakan Trump Hingga Inflasi Jadi Tantangan Ekonomi RI di 2017,2017-02-04,Saturday
Investor Muslim Amerika Berbagi Tips Startup di Depok,2017-02-06,Monday
Menebak Angka Pertumbuhan Ekonomi 2016,2017-02-06,Monday
Para Menteri Kirim Karangan Bunga untuk Istri Pemilik Sinar Mas,2017-02-07,Tuesday
Pesanan Online Hilang di Jasa Pengiriman,2017-02-07,Tuesday
Ini Alasan Banyak Orang Tertarik Incar Kursi Bos OJK,2017-02-08,Wednesday
BCA Manfaatkan e-Learning Keuangan,2017-02-08,Wednesday
Seorang Mahasiswa di Blitar Ditangkap Simpan Ganja 1 Kg,2017-02-08,Wednesday
"Sudah Bayar Angsuran CS Finance, Rekening Terdebet Lagi",2017-02-09,Thursday
Polisi Cek Kaitan e-KTP Palsu dari Kamboja dengan Kasus di Jakut,2017-02-10,Friday
Promo Akhir Pekan Barang Elektronik di Transmart dan Carrefour,2017-02-10,Friday
Begini Cara Bea-Cukai Mengungkap 36 KTP Palsu dari Kamboja,2017-02-10,Friday
"Bursa Asia Positif, IHSG Merah Sendirian",2017-02-10,Friday
"Soroti Kasus Patrialis, ICW Gelar Aksi Teatrikal 'Hakim Tercebur'",2017-02-12,Sunday
"Ahok-Djarot Habiskan Rp 53,6 M untuk Kampanye",2017-02-12,Sunday
Investor Ritel Jadi Korban Sistem Pre-Closing,2017-02-13,Monday
IHSG Tembus Lagi 5.400,2017-02-13,Monday
"Awal Pekan, IHSG Perkasa di 5.409",2017-02-13,Monday
BEI Beri Peringatan Keras Sekuritas 'Nakal' yang Jatuhkan IHSG,2017-02-14,Tuesday
"Gaya Kampanye Berubah, Pilkada Serentak Tak Banyak Pengaruhi Ekonomi",2017-02-15,Wednesday
"Investor Tunda Investasi, Menunggu Pilkada Selesai",2017-02-15,Wednesday
"Selama Pilkada Lancar, Investasi Bakal Positif",2017-02-15,Wednesday
Perbankan Diminta Tingkatkan Kredit ke Sektor Perikanan,2017-02-16,Thursday
Tanggapan BCA untuk Surat Pembaca Ibu Gloria,2017-02-17,Friday
"Menapaki Usia 60, BCA Terus Berinovasi",2017-02-22,Wednesday
Rela Antre Berjam-jam Demi Diskon Tiket Pesawat,2017-02-24,Friday
Berburu Tiket 'Murah' di Singapore Airlines Travel Fair 2017,2017-02-24,Friday
Aneka Tiket Promo Pesawat di Singapore Airlines BCA Travel Fair 2017,2017-02-24,Friday
"Suka Duka Berburu Tiket Promo, Antre dari Malam & Datang Subuh",2017-02-24,Friday
"Politisi Gagal Seleksi Bos OJK, Ekonom: Pansel Khawatir Konflik Kepentingan",2017-02-25,Saturday
Harapan Ekonom ke Calon Bos OJK yang Lolos Seleksi Tahap II,2017-02-25,Saturday
"Pemprov DKI Larang Pemasangan Reklame, Diganti ke LED di Gedung",2017-02-27,Monday
Siapa Calon Kuat Pemegang Tahta Bos OJK?,2017-02-27,Monday
"Suku Bunga Berbeda, Kecewa Jawaban Customer Service",2017-02-27,Monday
Ratusan Warga Tangsel Antusias Jalani Operasi Katarak Gratis,2017-03-03,Friday
"Kunjungi Banyak Negara, Raja Salman Juga Ingin Bawa Pulang Investasi",2017-03-05,Sunday
"Transfer belum Sampai Tujuan, Dimana Uang Saya BCA?",2017-03-06,Monday
"Profil 30 Sosok yang Berebut Takhta OJK, Siapa Terkuat?",2017-03-08,Wednesday
"Memperluas Pemahaman di Sektor Keuangan, BCA Dukung E-Learning ACI FMA Indonesia",2017-03-09,Thursday
3 Sentimen Utama Saham Perbankan,2017-03-09,Thursday
Masalah Transfer BCA sudah Selesai,2017-03-09,Thursday
"Semangat Menjadi Lebih Baik, BCA Hadirkan Inovasi Layanan dan Produk Terbaru",2017-03-10,Friday
BCA Tampung Dana Tax Amnesty Rp 58 Triliun,2017-03-13,Monday
Ini Cara BI Tingkatkan Akses Masyarakat ke Layanan Perbankan,2017-03-13,Monday
Di Masa Depan Bayar Tol Bisa dari Rekening Ponsel,2017-03-13,Monday
"Tol Tak Terima Transaksi Tunai, e-Money Semua Bank Bisa Dipakai",2017-03-13,Monday
"BCA Raih Laba Rp 20 Triliun, Naik 14%",2017-03-13,Monday
Kredit Bermasalah BCA Naik Gara-gara Kredit Sektor Batu Bara,2017-03-13,Monday
Hadi Poernomo Gugat Kemenkeu Rp 1 Juta untuk Ganti Tinta Printer,2017-03-13,Monday
"Dulu Menang Lawan KPK, Kini Hadi Poernomo Menang Lawan Kemenkeu",2017-03-13,Monday
BCA Raih Laba Rp 20 Triliun,2017-03-13,Monday
"Kasus Hadi Poernomo, MA: Dapat Diselesaikan Secara Administratif",2017-03-13,Monday
"Menang 2 Kali, Hadi Poernomo Hadapi KPK dan Kemenkeu Seorang Diri",2017-03-13,Monday
"Kurang Sehat, Hadi Poernomo Belum Mau Berkomentar soal Putusan MA",2017-03-14,Tuesday
ILR: Publik Harus Mengeksaminasi Putusan MA soal Hadi Poernomo,2017-03-14,Tuesday
"Hadi Poernomo Menang Lawan Kemenkeu, KPK Pelajari Putusannya",2017-03-14,Tuesday
"Jejak Hadi Poernomo, Lolos dari Tersangka dan Kalahkan Kemenkeu",2017-03-14,Tuesday
Agus Marto Pastikan Tahun Ini Bayar Tol Harus Pakai e-Money,2017-03-15,Wednesday
"Seminggu Dibuka, 'Kampanye Rakyat' Ahok-Djarot Kumpulkan Rp 5 M",2017-03-15,Wednesday
"Tas Nasabah Bank Dijambret di Pulogadung, Duit Rp 150 Juta Raib",2017-03-15,Wednesday
OSO Securities: IHSG Cenderung Melemah Terbatas,2017-03-16,Thursday
Indonesia Terpilih sebagai Tuan Rumah Kejuaraan Level Dua BWF,2017-03-20,Monday
Langkah BI Bikin Biaya Transaksi Lewat Kartu Makin Murah,2017-03-20,Monday
Mendobrak Kemapanan Melalui Fintech,2017-03-20,Monday
Polisi Bongkar Judi Online Beromzet Miliaran Rupiah di Papua,2017-03-20,Monday
Keluhan Asuransi Mobil BCA Central Sejahtera Insurance,2017-03-21,Tuesday
"Diguyur Bonus Rp 250 Juta, Kevin: Ini Motivasi Agar Saya Lebih Berprestasi",2017-03-22,Wednesday
"Juara All England, Kevin Sanjaya Diganjar Bonus oleh PB Djarum",2017-03-22,Wednesday
"OSO Securities: IHSG Konsolidasi, Cenderung Melemah",2017-03-22,Wednesday
Rekor Intraday IHSG di 5.570,2017-03-23,Thursday
Tanggapan BCA untuk Surat Pembaca Bapak Iyan,2017-03-23,Thursday
Waspada! Ada Penipuan Berkedok Tawaran Pelunasan Kredit Macet,2017-03-23,Thursday
"Tarik Saldo Driver GO-CAR, Uang belum Masuk Rekening",2017-03-23,Thursday
Tanggapan BCAinsurance untuk Keluhan Ibu Mega,2017-03-24,Friday
Polisi Tangkap 2 Pelaku Pencurian di Kebon Jeruk,2017-03-24,Friday
BCA Tebarkan Semangat Berbagi Buku,2017-03-26,Sunday
IHSG Siap Melaju Jika S&P Naikkan Rating RIâ,2017-03-27,Monday
OSO Securities: IHSG Akan Bergerak Negatif,2017-03-27,Monday
"Kucurkan Rp 1,87 T, Bank Mandiri-BCA Biayai Tol Batang-Semarang",2017-03-29,Wednesday
Pinjaman untuk Ruas Tol Semarang-Batang,2017-03-29,Wednesday
OSO Securities: IHSG Berpotensi Menguat,2017-03-30,Thursday
OSO Securities: Potensi Profit Taking Tinggi,2017-03-31,Friday
"ACA Gading Serpong tidak Informatif, Waktu Pelanggan Terbuang Percuma",2017-03-31,Friday
Mengapa Tagihan Transaksi Online Lebih Besar dari Invoice?,2017-04-01,Saturday
"Bawa Sabu, Pegawai Kontrak Dinas PU Bali dan Rekannya Ditangkap",2017-04-03,Monday
Eks Staf Dukcapil Ungkap Duit Jutaan Dolar untuk Terdakwa e-KTP,2017-04-03,Monday
Surat Keterangan Lunas Kartu Kredit tak Kunjung Terima,2017-04-04,Tuesday
Rasakan Sensasi Teknologi Terkini di Gadget Invasion Week 2017,2017-04-04,Tuesday
Laju IHSG Tertahan di 5.654,2017-04-05,Wednesday
Dirut Quadra Akui Pernah Beri USD 200 Ribu Terkait Proyek e-KTP,2017-04-06,Thursday
"Punya Pantai Memesona, Geopark Belitong Diprediksi Mendunia",2017-04-06,Thursday
"BCA Bagi-bagi Dividen Rp 4,9 Triliun",2017-04-06,Thursday
IHSG Melemah 25 Poin ke 5.651,2017-04-06,Thursday
"BCA Sebar Dividen Rp 4,9 Triliun",2017-04-06,Thursday
Terdakwa e-KTP: USD 200 Ribu yang Dimaksud Anang untuk Miryam,2017-04-06,Thursday
OSO Securities: IHSG Berpotensi Tembur Rekor Baru,2017-04-06,Thursday
"Sempat Naik ke 5.677, IHSG Jatuh ke Zona Merah",2017-04-10,Monday
Saatnya Berinvestasi Properti untuk Generasi Millenials,2017-04-10,Monday
"Sudah Melakukan Pembayaran, Pembelian Dibatalkan Sepihak",2017-04-11,Tuesday
Beli Tiket KA Bandara Soetta Bisa Pakai Kartu Kredit dan Debit,2017-04-11,Tuesday
"Pesanan Jualo.com Dibatalkan, Bagaimana Proses Refundnya?",2017-04-11,Tuesday
"Alfamart Terbitkan Obligasi Rp 1 Triliun Berbunga 8,6%",2017-04-12,Wednesday
Tak Banyak Efek Tax Amnesty,2017-04-12,Wednesday
Ada Crossing Saham BCA Rp 34 Triliun,2017-04-12,Wednesday
IHSG Melemah ke 5.616,2017-04-13,Thursday
Kiwoom Securities: IHSG Rawan Profit Taking,2017-04-13,Thursday
"Jeda Siang, IHSG Turun 6 Poin ke 5.637",2017-04-13,Thursday
"Transmart Carrefour Berikan Harga Khusus Smartphone, Ada iPhone 7",2017-04-13,Thursday
OSO Securities: IHSG Cenderung Melemah,2017-04-17,Monday
IHSG Tinggalkan Level 5.600,2017-04-17,Monday
"Gagal Bertahan, IHSG Turun ke 5.604",2017-04-17,Monday
"Bursa Asia Menguat, IHSG Malah Berkurang 11 Poin",2017-04-20,Thursday
"Bankir Mau Dukung Program DP 0 Rupiah, Ini Syaratnya",2017-04-20,Thursday
"Gagal Bertahan di Zona Hijau, IHSG Turun 5 Poin",2017-04-20,Thursday
Laba BCA Naik 10% Jadi Rp 5 Triliun di Akhir Maret,2017-04-20,Thursday
Penjelasan Rinci Polisi soal Situasi yang Picu Brigadir K Tembaki Mobil,2017-04-20,Thursday
Bos BCA Komentar Soal Rumah DP 0 Rupiah,2017-04-20,Thursday
"Tentang Brigadir K, Polisi yang Tembaki Mobil dan Tewaskan 1 Orang",2017-04-20,Thursday
"Brigadir K Tembak Mobil Pakai Senjata Laras Panjang, Berapa Tembakan?",2017-04-20,Thursday
Ramalan Bos BCA Soal Ekonomi RI 2017,2017-04-20,Thursday
Sandiaga Sebut Perusahaan Swasta Dukung Program Rumah DP Rp 0,2017-04-21,Friday
"Gerakan Buku untuk Indonesia, Komitmen BCA Giatkan Minat Baca Anak",2017-04-22,Saturday
"Polda Jatim Sita Rp 2,4 Miliar dari Bandar Judi Bola Online",2017-04-25,Tuesday
"Cetak Rekor, IHSG Hinggap di 5.726",2017-04-26,Wednesday
"Sudah Bayar dengan KlikBCA, Status Transaksi Online Gagal",2017-04-26,Wednesday
"Indosat Tawarkan Obligasi dan Sukuk Berbunga Hingga 9,45%",2017-04-27,Thursday
"Makin Melempem, IHSG Turun ke 5.705",2017-04-27,Thursday
"Dilanda Aksi Ambil Untung, IHSG Melemah ke 5.707",2017-04-27,Thursday
"'Diserbu' Aksi Jual, IHSG Tinggalkan 5.700",2017-04-28,Friday
"Seorang Pria Dibacok di Cakung, Uang Rp 108 Juta Raib",2017-04-29,Saturday
"Kasus BLBI, Rizal Ramli: Ada Obligor Malah Serahkan Aset yang Busuk",2017-05-02,Tuesday
Kecewa Proses Autopay Kartu Kredit,2017-05-03,Wednesday
Menghitung Hari Menuju Pengembangan Kawasan Mandiri,2017-05-03,Wednesday
"Bank Mandiri Buka 'Kunci' Sistem Pembayaran Tol, Bank Lain Bisa Masuk",2017-05-04,Thursday
OSO Securities: IHSG Cenderung Melemah,2017-05-04,Thursday
Ruko Crystal 8 Tawarkan Prospek Bisnis yang Menjanjikan,2017-05-04,Thursday
"Ekonomi RI Sering Disebut Tertinggi, Kok Masih Ada PHK?",2017-05-04,Thursday
Analisa Para Ahli Soal Proyeksi Ekonomi RI Kuartal I-2017,2017-05-04,Thursday
"Pemerintah Irit Belanja, Ini Dampaknya ke Laju Konsumsi",2017-05-05,Friday
"Merespons Positifnya Pertumbuhan Ekonomi RI, IHSG Naik ke 5.682",2017-05-05,Friday
Tanggapan BCA untuk Surat Pembaca Bapak Ferry,2017-05-05,Friday
"Saldo eToll Terdebet, Diminta Bayar Tunai di Tol Palimanan",2017-05-06,Saturday
Mandiri Terbitkan Obligasi Tanpa Kupon,2017-05-07,Sunday
"Sahamnya Sering Di-crossing Sampai Triliunan Rupiah, Ini Kata BCA",2017-05-08,Monday
"Terus Menanjak, IHSG Sudah Sampai di 5.722",2017-05-08,Monday
"Saham BCA Rp 1,4 Triliun Berpindah Tangan",2017-05-08,Monday
Tanggapan BCA untuk Surat Pembaca Bapak Wiji,2017-05-08,Monday
Hore! Bunga Kartu Kredit Turun Bulan Depan,2017-05-08,Monday
"Terus Menguat, IHSG Parkir di 5.707",2017-05-08,Monday
BI: Bayar Non Tunai Kurangi Kemacetan di Gerbang Tol,2017-05-08,Monday
"Orami Credits Masih Banyak, Akun Diblokir Sepihak",2017-05-09,Tuesday
Membandingkan Bunga Kartu Kredit dengan Kredit-kredit Lain,2017-05-09,Tuesday
Kerja Sama Pelayanan Customer Service BCA Sekuritas di Halo BCA,2017-05-10,Wednesday
"Jeda Siang, IHSG Parkir di 5.679",2017-05-12,Friday
BCA Pak Hasan: Sedap! Yamien Berpadu dengan Bakso Ceker Ayam Berkuah Hangat,2017-05-15,Monday
"Marak Serangan WannaCry, Transaksi Online Banking Masih Aman?",2017-05-15,Monday
Masih Ada 2 Bank Belum Siap Terapkan PIN 6 Digit Kartu Debit,2017-05-15,Monday
Pria di Bandung Diduga Dibacok Orang Tak Dikenal,2017-05-16,Tuesday
"Pembacokan Pria di Bandung, Pelaku Rampas Uang Korban Rp 50 Juta",2017-05-16,Tuesday
"Jeda Siang, IHSG Lanjut Pelemahan ke 5.673",2017-05-16,Tuesday
Aksi Ambil Untung Investor Lokal Bikin IHSG Terjungkal ke 5.647,2017-05-16,Tuesday
Polisi Buru Pelaku Penjambretan 2 Orang di Sudirman Bandung,2017-05-16,Tuesday
Seorang Wanita Turut Jadi Korban Penjambretan di Sudirman Bandung,2017-05-16,Tuesday
Polisi Kantongi Ciri-ciri Penjambret 2 Korban di Sudirman Bandung,2017-05-17,Wednesday
IHSG Terperosok ke 5.615,2017-05-17,Wednesday
Masyarakat dan Perbankan Dukung Pengembangan Destinasi di Belitung,2017-05-17,Wednesday
Bank Harda Bantah Kabar akan Dicaplok BCA,2017-05-17,Wednesday
"Gagal Bertahan, IHSG Lengser ke 5.624",2017-05-17,Wednesday
Pengguna e-Toll Diberi Diskon 20 Persen Saat Mudik Lebaran,2017-05-17,Wednesday
"Naik 13 Poin, IHSG Balik ke 5.600",2017-05-18,Thursday
Seluruh Gerbang Tol Tak Layani Transaksi Tunai Mulai Oktober 2017,2017-05-19,Friday
"Melokalkan Sistem Pembayaran dengan NPG, Apa Itu?",2017-05-19,Friday
Gerbang Pembayaran Nasional Bisa Mulai Dipakai Juli 2017,2017-05-19,Friday
Sudah Tahu? BI Sedang Uji Coba Gerbang Pembayaran Nasional,2017-05-19,Friday
Program Pengembangan Desa Wisata Indonesia Diresmikan di Bali,2017-05-21,Sunday
Suguhan Berbeda nan Spesial di Indonesia Terbuka 2017,2017-05-22,Monday
"Ekonomi Lemah, Orang Kaya Tak Bayar Cicilan Rumah",2017-05-22,Monday
Pemudik Diimbau Siapkan e-Tol Agar Antrean Gardu Tol Tak Panjang,2017-05-22,Monday
Perlambatan Ekonomi Sebabkan Kredit Bermasalah Terus Naik,2017-05-22,Monday
"RI Raih Investment Grade, Ini Saham yang Siap Melesat",2017-05-22,Monday
"Geliat Ekonomi Makin Bergairah, Saatnya Berinvestasi di Alam Sutera",2017-05-23,Tuesday
OSO Securities: IHSG Masih Rawan Profit Taking,2017-05-23,Tuesday
"Malam-malam Kemenkeu Kumpulkan Ekonom, Ini yang Dibahas",2017-05-24,Wednesday
"Bunga Obligasi Rp 3,5 Triliun Adhi Karya Maksimal 9,5%",2017-05-24,Wednesday
Saran Bankir Agar RI Terhindar dari Krisis Keuangan,2017-05-24,Wednesday
Jangan Salah Kaprah! Ini Skema Diskon 20% Tarif Tol Saat Mudik,2017-05-24,Wednesday
Anthony Ginting yang Bikin Kejutan Saat Versus Denmark Itu,2017-05-25,Thursday
OSO Securities: IHSG Punya Potensi Rebound,2017-05-26,Friday
Kiwoom Securities: IHSG Masih Bisa Negatif,2017-05-26,Friday
Kenapa Isi Ulang Uang Elektronik di Halte TransJakarta Dipotong Rp 2.000?,2017-05-26,Friday
Ini Kata Para Dirut 4 Bank yang Masuk 2.000 Korporasi Terbesar Dunia,2017-05-27,Saturday
6 Perusahaan RI Masuk 2.000 Korporasi Terbesar Dunia,2017-05-27,Saturday
"The Fed Tunda Kenaikan Suku Bunga, Akankah IHSG Melaju?â",2017-05-29,Monday
Opini WTP dari BPK Tak Menjamin Kementerian Bebas Korupsi,2017-05-29,Monday
"Isi Ulang e-Money Bakal Kena Fee, Ini Tanggapan Perbankan",2017-05-31,Wednesday
"Diprediksi Turun, Pendapatan Bunga Perbankan RI Masih Ratusan Triliun",2017-05-31,Wednesday
"Transaksi Tembus Rp 14 Triliun, IHSG Naik ke 5.738",2017-05-31,Wednesday
"Disebut Punya Utang, Suami Baru Muzdalifah akan Dipolisikan",2017-06-01,Thursday
Manfaatkan THR dan Gaji ke-13 dengan Baik Supaya Tak Sia-sia,2017-06-01,Thursday
Raos Pisan! Semangkuk Yamin dengan Paduan Bakso dan Ceker,2017-06-02,Friday
IHSG Melemah 6 Poin di Jeda Siang,2017-06-02,Friday
Janji Marketing Kartu Kredit BCA Mengecewakan,2017-06-02,Friday
e-Payment Parkir Meter Jalan Sedap Malam Resmi Diberlakukan,2017-06-03,Saturday
"Dua Minggu, Polrestabes Surabaya Amankan 156 Pelaku Kejahatan",2017-06-04,Sunday
Maskot BCA Indonesia Open 2017,2017-06-04,Sunday
Menelisik Fakta dalam Perebutan Takhta Ketua OJK,2017-06-05,Monday
13 Bank Layani Tukar Uang di Monas Hingga 16 Juni,2017-06-05,Monday
"Tukar Uang di Monas, Warga Antre dari Jam 6 Pagi",2017-06-05,Monday
Inilah Manfaat Edukasi Literasi Keuangan Anak Usia Dini,2017-06-06,Tuesday
VM Jalan Kaki Nyaris Bugil pada Jumat dan Sabtu Pekan Lalu,2017-06-06,Tuesday
"Di Apotek, VM yang Nyaris Bugil Beli Minyak Angin",2017-06-06,Tuesday
"Isi Ulang e-Money akan Kena Biaya, Kira-kira Berapa?",2017-06-06,Tuesday
Mengapa Isi Ulang e-Money akan Kena Biaya?,2017-06-06,Tuesday
Dampak Pemulihan Sektor Perbankan untuk IHSG,2017-06-06,Tuesday
Bank: Isi Ulang e-Money Sama Seperti Isi Pulsa,2017-06-06,Tuesday
Saldo e-Money Bukan Dana Pihak Ketiga,2017-06-06,Tuesday
Lestarikan Orisinalitas Makna Kain Batik,2017-06-07,Wednesday
"Jelang Indonesia Terbuka, Ihsan Fokus Pulihkan Cedera dan Asah Fisik",2017-06-07,Wednesday
"Pembayaran BCA KlikPay Dinyatakan Gagal, Kartu Kredit sudah Didebit",2017-06-07,Wednesday
"Dana Asing Berpotensi Masuk Rp 9,3 T, Bagaimana Sektor Perbankan?",2017-06-08,Thursday
Ratusan Pebulu Tangkis Top Dunia Siap Berlaga di BIOSSP 2017,2017-06-08,Thursday
Panpel Klaim Tiket Final Indonesia Terbuka Sudah Ludes Terjual,2017-06-08,Thursday
Hendry Saputra Tuntut Kematangan Jonatan Christie dkk. di Indonesia Open 2017,2017-06-08,Thursday
Indonesia Terbuka Jadi Seleksi Akhir Pemain Menuju SEA Games 2017,2017-06-08,Thursday
Kronologi Perampokan Maut Davidson Tantono di SPBU Daan Mogot,2017-06-09,Friday
"Dapatkan DJI Spark, Drone Canggih dengan Gestur Tangan",2017-06-09,Friday
"Jelang Indonesia Open 2017, Plenary Hall Terus Berbenah",2017-06-09,Friday
"Sebelum Ditembak, Davidson Tantono Sempat Rebutan Tas dengan Perampok",2017-06-09,Friday
Davidson Korban Perampokan Maut Punya Istri dan Bayi 8 Bulan,2017-06-09,Friday
Polisi Duga Penembak Davidson Tantono Mengikuti Sejak dari Bank,2017-06-09,Friday
BCA Meriahkan Pameran Teknopolis 2017,2017-06-09,Friday
Davidson Tantono Korban Perampokan Maut di SPBU Seorang Bos Koperasi,2017-06-09,Friday
"Pelaku Perampokan Maut di Cengkareng 4 Orang, Boncengan Naik Motor",2017-06-09,Friday
Pemain Diinstruksikan Beradaptasi dengan Cepat di JCC,2017-06-09,Friday
Penembak Mati Davidson Tantono di SPBU Bawa Kabur Rp 300 Juta,2017-06-09,Friday
Polisi: Davidson Tantono Ditembak dari Jarak Sekitar 1 Meter,2017-06-09,Friday
BCA Indonesia Open Superseries Premier Kembali Hadir,2017-06-09,Friday
BCA Indonesia Open Superseries Premier Kembali Hadir,2017-06-09,Friday
Ini Uang Elektronik yang Bisa Dipakai Buat Bayar Tol,2017-06-09,Friday
Polisi: Perampokan Maut di SPBU Daan Mogot Pakai Modus Gembos Ban,2017-06-09,Friday
"3 Kali Olah TKP Perampokan Daan Mogot, Polisi Pelajari CCTV",2017-06-10,Saturday
Masyarakat Bisa Minta Pengawalan Polsek Jika Ingin Bawa Uang,2017-06-11,Sunday
Polisi: Pelaku Perampokan di SPBU Daan Mogot Pemain Lama,2017-06-11,Sunday
Polisi Sudah Kantongi Ciri-ciri 2 Pelaku Perampokan Daan Mogot,2017-06-11,Sunday
Mengintip Bengkel Reparasi Raket Badminton,2017-06-12,Monday
Ini Syarat Beli Tiket Konser Ed Sheeran di Jakarta,2017-06-12,Monday
Penembakan Davidson dan Italia: Penjahat Bersenpi yang Makin Berani,2017-06-13,Tuesday
"BTN Terbitkan Surat Utang Rp 5 T, Kisaran Bunga 7,95%-8,9%",2017-06-13,Tuesday
Praveen/Debby Tersungkur di Babak Pertama Indonesia Open,2017-06-13,Tuesday
Ganda Campuran Indonesia Edi/Gloria Angkat Koper di Babak Pertama,2017-06-13,Tuesday
Praveen/Debby Tersingkir di Babak Pertama,2017-06-13,Tuesday
Gregoria Lolos ke Babak Dua Indonesia Open,2017-06-13,Tuesday
Bagaimana Prospek Saham Perbankan RI?,2017-06-14,Wednesday
Kevin/Marcus Dikalahkan Pasangan Nonunggulan Denmark,2017-06-14,Wednesday
Penghuni Sel Mewah di LP Cipinang akan Dipindah ke Nusakambangan,2017-06-14,Wednesday
"Jeda Siang, IHSG Makin Perkasa ke 5.735",2017-06-14,Wednesday
"Kasus Sel Mewah di LP Cipinang, Menkum: Kalapas Dibebastugaskan",2017-06-14,Wednesday
IHSG Berpotensi Kembali Menguat Hari Ini,2017-06-14,Wednesday
"Kasus Sel Mewah Tersangka TPPU Narkoba, 45 Petugas Diperiksa",2017-06-14,Wednesday
Total 2 Orang Penembak di SPBU Daan Mogot yang Ditangkap,2017-06-15,Thursday
Langkah Greysia/Apriani Terhenti di Babak 16 Besar,2017-06-15,Thursday
"Bak Penjahat Hollywood, Ini Rangkaian Perampokan Maut di Daan Mogot",2017-06-15,Thursday
Akane Yamaguchi Melaju ke Perempatfinal Indonesia Open,2017-06-15,Thursday
Lee Chong Wei Kalah di Babak Kedua Indonesia Open,2017-06-15,Thursday
Polisi Sita 5 Butir Peluru Komplotan Perampok di Daan Mogot,2017-06-15,Thursday
Fitriani Tersingkir,2017-06-15,Thursday
"Sel Mewah di Cipinang, DPR Sebut Kemenkum Kecolongan",2017-06-15,Thursday
Akhir Pelarian Pelaku Penembakan di Daan Mogot,2017-06-15,Thursday
Jorgensen Gugur di Tangan Kidambi Srikanth,2017-06-15,Thursday
Jurus OJK Tingkatkan Kredit Produktif Bank Daerah,2017-06-15,Thursday
Peran 2 Penembak di SPBU Daan Mogot: Penebar Paku dan Penggambar,2017-06-15,Thursday
Polisi Sita Tas Davidson dari Komplotan Penembak di SPBU Daan Mogot,2017-06-15,Thursday
"Ada Sel Mewah di Lapas, Buwas: Harus Perbaiki Sistem Lapas",2017-06-15,Thursday
Jonatan Dikalahkan Chen Long,2017-06-16,Friday
Polisi Telusuri Asal-usul Senpi yang Dipakai Penembak di Daan Mogot,2017-06-16,Friday
"Yuk, Mampir ke Lapak Bella dan Vita di Indonesia Open",2017-06-16,Friday
Anggia/Ketut ke Perempatfinal Indonesia Open 2017,2017-06-16,Friday
Della/Rosyita Melangkah ke Perempatfinal Indonesia Open 2017,2017-06-16,Friday
Tontowi/Liliyana Pijak Perempatfinal Indonesia Open 2017,2017-06-16,Friday
Curhat Ko Sung Hyun yang Rindu Berat Manggung di Indonesia Open,2017-06-16,Friday
Polisi: Pelaku Perampok Davidson di Daan Mogot Lebih 10 Orang,2017-06-17,Saturday
Dalam 2 Bulan Perampok Sadis di Daan Mogot Sudah Beraksi 23 Kali,2017-06-17,Saturday
Ini Alasan Polisi Tembak 1 Perampok Sadis di Daan Mogot,2017-06-17,Saturday
Polisi: 1 Perampok Davidson di Daan Mogot Calon Kades di Lampung,2017-06-17,Saturday
"1 Pelaku Tewas, Polisi Masih Buru 'Kapten' Perampokan di Daan Mogot",2017-06-17,Saturday
"Perampokan di Daan Mogot, Polisi Temukan Senpi di Apartemen Jaktim",2017-06-17,Saturday
Owi/Butet Melesat Ke Semifinal,2017-06-17,Saturday
Nexmedia Rayu Pengunjung Jakarta Fair 2017 dengan Tarif Rp 1,2017-06-17,Saturday
Begini Peran 4 Pelaku Perampokan di Daan Mogot,2017-06-17,Saturday
Ganda Putri China Melaju ke Partai Final,2017-06-18,Sunday
Owi/Butet Pastikan Tiket ke Final Indonesia Open,2017-06-18,Sunday
Sayaka Sato Juarai Tunggal Putri Indonesia Open 2017,2017-06-18,Sunday
Ganda Putri China Juarai BCA Indonesia Open 2017,2017-06-18,Sunday
"Pulang Kampung Naik Garuda, Ada Diskon 25%",2017-06-19,Monday
Tarif Tol Cipali Turun,2017-06-19,Monday
Tanggapan BCA untuk Surat Pembaca Ibu Fitra,2017-06-20,Tuesday
Eksekutor Perampokan Sadis di Daan Mogot Hendak Kabur ke Bali,2017-06-20,Tuesday
IR Raih Untung Rp 5 Juta Sebulan dari Jual Film Porno Via Online,2017-06-20,Tuesday
Jakarta-Semarang Lewat Jalan Tol Cukup Pakai Satu Uang Elektronik,2017-06-21,Wednesday
2 Tersangka Penembakan di Daan Mogot Dibawa ke Jakarta,2017-06-21,Wednesday
Pengiriman Uang dari Luar Negeri Makin Ramai Jelang Lebaran,2017-06-22,Thursday
"Jangan Lupa, Diskon Tarif Tol Berlaku Mulai Hari Ini",2017-06-22,Thursday
"Ingat, Bayar Tunai di Tol Cipali Hari Ini Hanya Rp 110 Ribu",2017-06-22,Thursday
Sektor Usaha Ini Paling Bergairah Saat Lebaran,2017-06-22,Thursday
"Mulai Oktober 2017, Bayar Tol Hanya dengan Uang Elektronik",2017-06-24,Saturday
"Mulai Oktober 2017, Bayar Tol Hanya dengan Uang Elektronik",2017-06-24,Saturday
Gelar Juara Tontowi dan Liliyana untuk Indonesia,2017-06-24,Saturday
Kelebihan Transfer BukaDompet belum Dikembalikan,2017-06-24,Saturday
"Mulai Oktober 2017, Bayar Tol Hanya dengan Uang Elektronik",2017-06-25,Sunday
"Mulai Oktober 2017, Bayar Tol Hanya dengan Uang Elektronik",2017-06-27,Tuesday
BCA Sabet 2 Penghargaan di FinanceAsia Country Awards,2017-06-30,Friday
"Selama Mudik, Pembayaran Non Tunai di Tol Naik 26%",2017-07-03,Monday
OSO Securities: IHSG Cenderung Menguat Terbatas,2017-07-04,Tuesday
Ini Dia Lembaga Penyelenggara Gerbang Pembayaran Nasional,2017-07-06,Thursday
"Berkat Mudik, Penjualan Uang Elektronik di Jalan Tol Melonjak",2017-07-06,Thursday
"Oktober Bayar Tol Tak Lagi Tunai, Bank Sudah Siap-siap",2017-07-06,Thursday
2 Oknum Pegawai Avsec di Bandara Bali Curi Kartu Kredit Penumpang,2017-07-06,Thursday
Gerbang Pembayaran Nasional Bisa Hemat Devisa,2017-07-07,Friday
"Dolar AS Rp 13.400, IHSG Melemah ke 5.849",2017-07-07,Friday
"Transfer Dinyatakan Gagal, Rekening sudah Berkurang",2017-07-07,Friday
IHSG Turun ke 5.814 di Akhir Pekan,2017-07-07,Friday
"Moto C Hadir di Transmart dan Carrefour, Harganya Rp 949 Ribu",2017-07-10,Monday
Densus 88 Antiteror Tangkap Terduga Teroris di Sukabumi,2017-07-11,Tuesday
"Bank Mantap Tawarkan Obligasi Rp 2 Triliun Berbunga Hingga 8,75%",2017-07-12,Wednesday
"Penilaian Pengamat Soal Kinerja Rini, Susi, Sampai Sri Mulyani",2017-07-13,Thursday
"Gadis ini Lawan Dua Pria yang Jambret Dompetnya, Begini Akhirnya",2017-07-17,Monday
Perempuan Australia Ditembak Polisi Amerika di Minneapolis,2017-07-17,Monday
"Gempa 3,7 SR Guncang Kab Bandung, Getaran Terasa Hingga ke Garut",2017-07-18,Tuesday
Pengacara Minta Jaksa Buka 3 Rekening La Nyalla yang Diblokir,2017-07-20,Thursday
"Setelah Error, IHSG Masih Hijau di 5.815",2017-07-20,Thursday
"Siapkan Rp 4,5 Triliun, BCA Suntik Anak Usaha Hingga Beli Bank",2017-07-20,Thursday
BCA Raih Gallup Great Workplace,2017-07-21,Friday
Polisi Buru 7 Pelaku Lain Perampokan di SPBU Daan Mogot,2017-07-22,Saturday
Polisi Sita Rp 14 Juta dari Perampok Sadis SPBU Daan Mogot,2017-07-22,Saturday
Rekonstruksi Perampokan Maut SPBU Daan Mogot Peragakan 34 Adegan,2017-07-22,Saturday
Polisi Gelar Rekonstruksi Perampokan Sadis di SPBU Daan Mogot,2017-07-22,Saturday
Perusak Mobil Petinggi PP Muhammadiyah Berjumlah 2 Orang,2017-07-24,Monday
"Laporan tidak Ada Solusi, Kecewa Layanan Bolt",2017-07-24,Monday
"Diperiksa KPK, Eks Staf di Kemendagri Mengaku Tak Kenal Novanto",2017-07-25,Tuesday
"Menipu Berkedok Seminar Keagamaan, Oknum PNS Kemenag Ditangkap",2017-07-25,Tuesday
"Sempat Menguat, IHSG Ditutup Lengser ke 5.800",2017-07-26,Wednesday
"Transfer Virtual Account Gagal, Rekening sudah Terpotong",2017-07-28,Friday
2 Bank Swasta Ini Berminat Ikut Membiayai Proyek LRT Jabodebek,2017-07-31,Monday
"Kinerja Perbankan Apik, Jangan Salah Pilih Beli Sahamnya",2017-07-31,Monday
Ramalan Inflasi Juli 2017,2017-08-01,Tuesday
"Inflasi Juli 0,22%",2017-08-01,Tuesday
"Miliki Puluhan Rekening Bank, Calon Hakim Agung: Sudah Tak Aktif",2017-08-03,Thursday
Bayar Parkir di Jalan Jimerto dan Sedap Malam Diberlakukan e-Money,2017-08-04,Friday
"Sepi Transaksi, IHSG Stagnan di 5.777",2017-08-04,Friday
Luhut: Investor AS Minat Biayai Proyek LRT Jabodebek,2017-08-04,Friday
Aneka Tiket Promo dari Singapore Airlines di Travel Fair 2017,2017-08-04,Friday
"Dirut BCA: Ekonomi Masih Lemah, Bank Hati-hati Beri Kredit",2017-08-04,Friday
Banjir Promo Menarik di Singapore Airlines Travel Fair 2017,2017-08-04,Friday
Niat Datang ke Travel Fair? Jam 3 Pagi pun Masih Kurang Malam,2017-08-05,Saturday
Belum Punya Kartu Bayar Tol Non Tunai? Ini Solusinya,2017-08-07,Monday
"Pertumbuhan Ekonomi Stagnan di 5,01%, Ini Kata Bankir",2017-08-08,Tuesday
"Positif Seharian, IHSG Menguat ke 5.810",2017-08-08,Tuesday
"Simpanan Bank Melonjak, Masyarakat Pilih Menabung Ketimbang Belanja?",2017-08-09,Wednesday
"Inflasi Terjaga, Bunga Kredit Bisa Turun?",2017-08-09,Wednesday
BCA Prioritaskan Pembiayaan Sektor Ramah Lingkungan,2017-08-09,Wednesday
"Merek RI Ini Nilainya Ratusan Triliun, dari BCA Hingga Gudang Garam",2017-08-10,Thursday
"Status Polis Batal, Allianz masih Mendebet Kartu Kredit",2017-08-10,Thursday
"Tewas di AS, Ini Dugaan Keterlibatan Johannes Marliem di e-KTP",2017-08-11,Friday
8 Pengusaha Tertipu Investasi Saham Senilai Rp 16 Miliar,2017-08-12,Saturday
Saksi Kunci e-KTP yang Tewas Pernah Sumbang Rp 3 M ke Obama,2017-08-12,Saturday
"Finhacks 2017, Wujud Dukungan Digitalisasi Perbankan",2017-08-12,Saturday
Bank Pilih Beri Bunga Murah Ketimbang Turunkan Uang Muka KPR,2017-08-14,Monday
"Cari Lokasi Usaha, Bisa Dapat Cashback Buka Usaha",2017-08-14,Monday
"Transaksi Kartu Kredit BCA di EDC Bukopin Terdebet Dua Kali, Salah Siapa?",2017-08-15,Tuesday
Bunga Kredit Bank Masih Bisa Turun di Bawah 10%,2017-08-15,Tuesday
"9 Sektor Menguat, IHSG Naik ke 5.819",2017-08-15,Tuesday
"Bertahan Positif, IHSG Istirahat Siang di 5.850",2017-08-16,Wednesday
"Kejar Target 2018, Pemerintah Wajib Jaga Iklim Ekonomi dan Politik",2017-08-16,Wednesday
Saksi Akui Setor Uang ke Atase Imigrasi untuk Calling Visa,2017-08-16,Wednesday
"Pernah Ditipu, Kini Wanita Ini Bisnis Bordir Beromzet Rp 60 Juta/Bulan",2017-08-18,Friday
OSO Securities: IHSG Bisa Kena Profit Taking,2017-08-18,Friday
Ekonom Prediksi BI Tahan Suku Bunga Acuan,2017-08-22,Tuesday
"Total Rp 425 Juta, Ini 3 Transfer Suap 'Sapi-Kambing' Panitera",2017-08-22,Tuesday
Menanti Nyali BI Turunkan Suku Bunga,2017-08-22,Tuesday
"Sapi-Kambing, Kode Suap Panitera Pengganti PN Jaksel",2017-08-22,Tuesday
"Suap 'Sapi-Kambing' untuk Tolak Gugatan USD 7,6 Juta",2017-08-22,Tuesday
"Suap Panitera PN Jaksel: Minta 7 Sapi 5 Kambing, Dapatnya 4 Sapi",2017-08-22,Tuesday
"Suku Bunga Acuan BI Turun, IHSG Cetak Rekor",2017-08-23,Wednesday
"Dear Bankir, Kapan Bunga Kredit Turun?",2017-08-23,Wednesday
Begini Alur Suap 'Sapi-Kambing' Panitera PN Jaksel vs Dirut PT ADI,2017-08-23,Wednesday
Bayar Tol Pakai Uang Elektronik Dapat Diskon 10%,2017-08-23,Wednesday
"Dana Asing 'Cabut' Rp 584 M, IHSG Turun ke 5.894",2017-08-24,Thursday
"Pagi Cetak Rekor, IHSG Siang Terpangkas 22 Poin",2017-08-24,Thursday
"Asyik, Diskon 10% Bayar Tol Bagi Pengguna Kartu Elektronik",2017-08-25,Friday
"Jeda Siang, IHSG Melemah Tipis Ke 5.884",2017-08-25,Friday
2 Pencuri Uang Nasabah Bank di Bekasi Diciduk Polisi,2017-08-25,Friday
"Ulang Tahun ke-6, Tiket.com Adakan Great Sale Liburan",2017-08-25,Friday
Sejumlah ATM BCA Offline Gara-gara Gangguan Satelit Telkom 1,2017-08-26,Saturday
Gangguan Satelit Telkom 1 Bikin Sebagian ATM BCA 'Tumbang',2017-08-26,Saturday
"Sebagian ATM BCA di Jakarta Offline, Ini Penjelasannya",2017-08-26,Saturday
"Ribuan ATM Bank Offline Dalam 2 Hari, Ini Penjelasan BI",2017-08-27,Sunday
"Melemah 3 Poin, IHSG Masih Bertahan di 5.900",2017-08-28,Monday
Perjalanan LRT Jabodebek yang Gonta-ganti Konsep Pendanaan,2017-08-28,Monday
"Soal Gangguan Satelit, OJK: Sudah Ada Mitigasi",2017-08-28,Monday
Butuh 2 Minggu Sampai Jaringan ATM Normal Lagi,2017-08-28,Monday
"ATM Terganggu, Berapa Kerugian yang Diderita Perbankan?",2017-08-28,Monday
60 ATM di Wilayah Banyumas Terimbas Gangguan Satelit,2017-08-28,Monday
"Usung Pemindai Wajah, LG Q6 Dijual Rp 3,2 Juta",2017-08-28,Monday
"Ada Gangguan ATM, BCA Gratiskan Tarik Tunai di ATM Bank Lain",2017-08-28,Monday
Ada 196 ATM di Solo yang Kena Gangguan,2017-08-28,Monday
BCA Upayakan 1.500 Mesin ATM Kembali Normal Setiap Minggu,2017-08-28,Monday
"Beredar Pesan 70% ATM Offline, Bos BCA: Itu Tidak Benar",2017-08-28,Monday
Sampai Kapan ATM Terdampak Gangguan Satelit Telkom?,2017-08-28,Monday
Luhut: CIMB Niaga Mau Danai Proyek LRT Jabodebek Rp 2 Triliun,2017-08-29,Tuesday
"OTT Wali Kota Tegal, KPK Sita Rp 200 Juta di Rumah Amir Mirza",2017-08-30,Wednesday
Uang Elektronik Semua Bank Bisa Dipakai Bayar Tol di 31 Oktober,2017-08-30,Wednesday
BCA Sudah Normalkan 120 Mesin ATM,2017-08-30,Wednesday
"Jokowi Minta Bunga Kredit Turun, Sekarang Berapa?",2017-08-30,Wednesday
BCA Targetkan 200 Mesin ATM Setiap Hari Kembali Online,2017-08-30,Wednesday
"Kayutangan, Jejak Perdagangan Kuno di Malang",2017-08-30,Wednesday
Ini Kata Jaringan PRIMA Soal Gangguan ATM,2017-08-30,Wednesday
"Jokowi Minta Bunga Kredit Turun, Bank: Bisa Tapi Bertahap",2017-08-30,Wednesday
"Total Suap ke Wali Kota Tegal Rp 5,1 M, Ini Rinciannya",2017-08-30,Wednesday
BI Monitor Proses Normalisasi ATM yang Offline,2017-08-30,Wednesday
Kronologi OTT Wali Kota Tegal yang Dilakukan di 3 Kota,2017-08-30,Wednesday
Jasa Marga: Jangan Masuk Tol Kalau Tak Punya e-Money,2017-08-30,Wednesday
Terlalu! Wali Kota Tegal Kumpulkan Modal Pilkada 2018 dari Duit Suap,2017-08-31,Thursday
"Normalisasi ATM Sudah 20%, BI Minta Bisa Lebih Cepat",2017-08-31,Thursday
BCA dan American Express Luncurkan Platinum Card,2017-08-31,Thursday
Bos BEI Yakin Laba Freeport Masih Kalah dari Emiten Blue Chip,2017-08-31,Thursday
"Waktu Kunjungan Keluarga, Sekjen PAN Temui Bunda Sitha di Rutan KPK",2017-09-01,Friday
"Diduga Dibeli dari Uang Suap, KPK Sita 5 Mobil Amir Mirza",2017-09-01,Friday
BI Targetkan Masalah ATM Offline Beres 10 September,2017-09-01,Friday
Manfaat Membangun Lingkungan Kerja Positif dan Produktif,2017-09-02,Saturday
Ini 10 Perusahaan dengan Wawancara Kerja Paling Sulit di Indonesia,2017-09-04,Monday
"Sempat Kena Gangguan, 1602 ATM BCA Kembali Online",2017-09-04,Monday
Ini Bahayanya Kalau Kartu Kredit Digesek Dua Kali,2017-09-05,Tuesday
Begini Cara Telkomsel Rangkul Pelaku UMKM,2017-09-05,Tuesday
"Dari 5.700, Sudah 2.044 Unit Mesin ATM BCA yang Kembali Online",2017-09-05,Tuesday
"Pentingsari, Penglipurannya Bali yang Bakal Mendunia",2017-09-06,Wednesday
Indonesia (Masih) Penghasil Turis Terbesar Buat Singapura,2017-09-06,Wednesday
Perbankan Perkuat Layanan Samsat Online,2017-09-07,Thursday
"Sempat Kena Gangguan Satelit Telkom, 1.151 ATM BNI Sudah Normal",2017-09-07,Thursday
"Kurangi Praktik Gesek Ganda, Bank akan Sosialisasi ke Merchant",2017-09-07,Thursday
Mulai 31 Oktober Tak Punya Uang Elektronik Jangan Lewat Tol,2017-09-08,Friday
Catat! Daftar Gerbang Tol yang Bertahap Tak Terima Bayar Tunai,2017-09-08,Friday
66 Juta Lembar Saham Nusantara Infrastructure Pindah Tangan,2017-09-08,Friday
Bagaimana Kalau Lewat Tol Tak Bawa Uang Elektronik?,2017-09-08,Friday
Krisis Rohingya Masih Jadi Perhatian Sejumlah Media Dunia,2017-09-08,Friday
Polisi Tangkap Penjudi Online yang Raup Untung Rp 400 Juta Perbulan,2017-09-09,Saturday
Telkom: Seluruh ATM di Indonesia Sudah Kembali Online,2017-09-10,Sunday
"Deadline Perbaikan Jaringan ATM, Bagaimana Kesiapan Telkom?",2017-09-10,Sunday
"Masih Ada ATM yang Offline, Ini Penjelasan BCA",2017-09-10,Sunday
"Sudah Deadline, Masih Ada ATM BCA yang Offline",2017-09-10,Sunday
BCA: Paling Lambat Besok Seluruh ATM Sudah Online,2017-09-10,Sunday
"Selama Gangguan Satelit, Begini Pergerakan saham Telkom dan BCA",2017-09-10,Sunday
"Perlu Waktu Isi Uang, Besok Masih Ada Mesin ATM BCA yang Offline",2017-09-10,Sunday
Napak Tilas Perjuangan Terakhir Rudianto Selamatkan Bayi Debora,2017-09-10,Sunday
Suka Duka Telkom Pulihkan Ribuan ATM Offline,2017-09-11,Monday
Ini Beda Uang Virtual dan Uang Elektronik,2017-09-11,Monday
Berapa Biaya Pemulihan Ribuan ATM Offline?,2017-09-11,Monday
Berbagai Aksesoris Rumah di Index Living Mall Cuma Rp 99 Ribu,2017-09-11,Monday
Eks Staf Dukcapil Pernah Terima Duit USD 200 Ribu dari Johannes Marliem,2017-09-11,Monday
"Chatbot Makin Dilirik, Kompetisi Line Creativate Digeber",2017-09-12,Tuesday
OJK Pastikan Seluruh ATM Sudah Beroperasi Normal,2017-09-12,Tuesday
Seluruh ATM BCA Kembali Beroperasi Normal,2017-09-12,Tuesday
"Soal Tongtol Si 'Tongkat Ajaib', BCA: Ide Bagus",2017-09-12,Tuesday
"Lagi, Polisi Tangkap Jaringan Narkoba LP Kerobokan Bali",2017-09-12,Tuesday
Ini Daftar 21 Lokasi Top-up Baru di Gerbang Tol,2017-09-12,Tuesday
Social Media Week Jakarta 2017 Resmi Dibuka,2017-09-12,Tuesday
"Jual 21% Saham Nusantara Infrastructure, Grup Rajawali Raup Rp 864 M",2017-09-12,Tuesday
Telkom Pastikan 5.000 ATM BCA Kembali Online,2017-09-13,Wednesday
Jurus Transmart Carrefour Amankan Konsumen dari Gesek Ganda,2017-09-14,Thursday
Alasan Bank Ingin Tarik Biaya Isi Ulang Uang Elektronik,2017-09-15,Friday
OSO Securities: IHSG Cenderung Bisa Menguat Terbatas,2017-09-15,Friday
Keluhan Masyarakat: Wajib Pakai Uang Elektronik Tapi Dibebani Biaya,2017-09-15,Friday
Taruh Uang di e-Money Kok Tak Dapat Bunga?,2017-09-15,Friday
Bank Dapat Berapa dari Biaya Top-up e-Money?,2017-09-15,Friday
Transaksi Non Tunai Tol Mojokerto-Jombang Terkendala Beda Bank,2017-09-16,Saturday
"5 Hari Digelar, Social Media Week Dibanjiri Puluhan Ribu Pengunjung",2017-09-16,Saturday
"Bank BUMN Sepakat Isi Ulang e-Money Bebas Biaya, Swasta Bagaimana?",2017-09-19,Tuesday
"Isi Ulang e-Money Bebas Biaya, Kecuali di Tempat-tempat Ini",2017-09-19,Tuesday
"Tarif Isi Ulang e-Money Diseragamkan, Transjakarta: Kami Ikuti BI",2017-09-19,Tuesday
"Kartu Tertelan ATM, Tabungan Mantan Pelatih Pelatnas Ini Ludes",2017-09-19,Tuesday
BI Akan Atur Biaya Isi Ulang e-Money di Minimarket Hingga Transjakarta,2017-09-19,Tuesday
"Bertahap, Nanti Semua Gerbang Tol Jakarta-Cikampek Tak Terima Tunai",2017-09-19,Tuesday
BI Tetap Atur Biaya Isi Ulang e-Money,2017-09-19,Tuesday
Bapak dan Anak Selamat Meski Mobil Tertimpa Pohon Tumbang,2017-09-20,Wednesday
"Produk Sekuritisasi Aset Anak Usaha PLN Kelebihan Permintaan 2,7 Kali",2017-09-20,Wednesday
"Isi Ulang e-Money di atas Rp 200.000 Kena Biaya, Ini Aturannya",2017-09-21,Thursday
Wah Ada Mesin Bayar Parkir Otomatis di Mal,2017-09-21,Thursday
Tol Harus Tetap Layani Transaksi Uang Tunai,2017-09-22,Friday
Badan Perlindungan Konsumen Kritik Keras Kebijakan Fee e-Money,2017-09-22,Friday
Preskom Lepas Saham BCA Rp 15 Miliar,2017-09-22,Friday
"Tunggu Pengumuman Bunga Acuan BI, IHSG Stagnan",2017-09-22,Friday
Biaya Isi Uang Elektronik Perlu Diatur? Ini Kata Darmin,2017-09-22,Friday
"Isi e-Money Kena Biaya, OJK: Bank kan Cari Untung Tapi Harus Terukur",2017-09-22,Friday
Rekomendasi BPKN Ke Jokowi: Isi Ulang e-Money Gratis,2017-09-22,Friday
"Jelang Pengumuman Bunga Acuan BI, IHSG Cetak Rekor Intraday",2017-09-22,Friday
"Dikritik Soal Fee e-Money, BI: Aturan Ini Untuk Lindungi Konsumen",2017-09-23,Saturday
Ekonom: BI Pangkas Suku Bunga Acuan Karena Ekonomi Lesu,2017-09-25,Monday
"Suku Bunga Acuan Dipangkas, Permintaan Kredit Bakal Tetap Seret",2017-09-25,Monday
"Suku Bunga Acuan Dipangkas Terus, RI Masih Jadi Incaran Investor",2017-09-25,Monday
"Tak Cuma Suku Bunga, Pemerintah Harus Ada Kebijakan untuk Genjot Ekonomi",2017-09-25,Monday
"2 Proyek LRT Saling Silang di Dukuh Atas, Begini Penyelesaiannya",2017-09-25,Monday
OSO Securities: IHSG Diproyeksi Melemah Terbatas,2017-09-25,Monday
"Ini Daftar Bunga Kredit Bank di RI, Rata-rata di Atas 10%",2017-09-25,Monday
"Transaksi Berhasil, Dana Hasil Penjualan belum Diterima",2017-09-26,Tuesday
Investasi Properti Berkualitas di Lahan 2.600 Hektare,2017-09-26,Tuesday
IKF VI Dukung Inovasi dan Kreativitas Berbasis Digital,2017-09-26,Tuesday
"Jalan Tol Semanan-Sunter Mulai Dibangun, dari Mana Dananya?",2017-09-27,Wednesday
"Membentang 20 Km, Tol Semanan-Sunter Bakal Dibangun Melayang",2017-09-27,Wednesday
Begini Cara Banyuwangi Membangun Destinasi Wisata,2017-09-29,Friday
"Investor Asing Jual Saham Rp 1,1 T, IHSG Balik ke 5.900",2017-09-29,Friday
Minat Beli Obligasi Pemerintah? Begini Caranya,2017-09-29,Friday
"Hasil Survei DJPPR: Agen Cuma Sanggup Jual ORI014 Rp 13,4 T",2017-09-29,Friday
"Daya Saing Naik, RI Makin Kinclong di Mata Investor",2017-09-29,Friday
Aksesori Rumah Serba Rp 999 Ribu di Index Living Mall,2017-09-30,Saturday
"Enggak Repot, Begini Cara Beli Tiket Kereta Bandara Soekarno-Hatta",2017-09-30,Saturday
Uang Elektronik 5 Bank Ini Bisa Dipakai di Tol Jakarta-Cikampek,2017-09-30,Saturday
"Beli Tiket Kereta Bandara Soekarno-Hatta Non Tunai, Ini Alasannya",2017-09-30,Saturday
"Inflasi September Diramal Rendah, Bahkan Bisa Deflasi",2017-10-02,Monday
"Kasus Bunda Sitha, Kadis PU dan Kesehatan Pemkot Tegal Dipanggil",2017-10-03,Tuesday
Ingat! Ini Daftar Pintu Tol yang Bertahap Tak Terima Tunai,2017-10-03,Tuesday
"9 Bulan Perbaikan Mobil belum Selesai, BCA Insurance Mengecewakan",2017-10-03,Tuesday
Menkominfo Hadiri Pembukaan Indonesia Knowledge Forum VI,2017-10-03,Tuesday
Beli Banyak Lebih Murah di Index Living Mall Transmart Carrefour,2017-10-03,Tuesday
"Pengamat Ini Sebut Dolar AS Harusnya Rp 13.500, Bukan Rp 13.300",2017-10-04,Wednesday
"Jadi Proyek Strategis, 6 Tol Dalkot DKI Dikebut Sebelum 2019",2017-10-04,Wednesday
"Jokowi Sebut Daya Beli Turun Hanya Isu Politik, Benarkah?",2017-10-04,Wednesday
"Teken Kontrak Sejak 2014, Ini Investor 6 Ruas Tol DKI Jakarta",2017-10-04,Wednesday
Tanggapan BCAinsurance untuk Surat Pembaca Bapak Febriano,2017-10-05,Thursday
"Taksi Express Jual 14,5 Ha Lahan Demi Lunasi Utang Rp 500 M ke BCA",2017-10-06,Friday
"Hendak Beraksi Kembali, Pencuri Modus Ganjal ATM Ini Ditangkap",2017-10-06,Friday
"Jalan Mudah Punya Rumah, DP 15% Bisa Dicicil sampai 24 Kali",2017-10-06,Friday
Melawan Taksi Online Seperti Berhadapan Dengan Hantu,2017-10-08,Sunday
"Banyak Pusat Belanja Sepi, Benarkah Karena Daya Beli Lesu?",2017-10-08,Sunday
Syahrini Mengaku Bayar Rp 197 Juta Biaya Umrah First Travel,2017-10-09,Monday
"6 Sektor Melaju Positif, IHSG Naik ke 5.914",2017-10-09,Monday
"Banyak Truk Masih Bayar Tunai di Tol JORR, Ini Strategi JLJ",2017-10-10,Tuesday
"Senin Depan, e-Money Dibagikan Gratis di Gerbang Tol",2017-10-10,Tuesday
3 Bank Ini Mau Ikut Transaksi Non Tunai di Gerbang Tol,2017-10-10,Tuesday
"e-Money Dibagikan Gratis, Tak Termasuk Saldo",2017-10-10,Tuesday
2 Pencuri Gondol Uang Rp 170 Juta di Mobil PNS Kuningan,2017-10-10,Tuesday
"Diduga Pengedar Narkoba 1,3 Kg, 3 Orang Diciduk Polisi di Bali",2017-10-10,Tuesday
"Banyak Kartu Kredit Tidak Aktif, Karena Daya Beli Turun?",2017-10-10,Tuesday
Banyak 'Hantu' di Rapat DPR Soal Bayar Tol Non Tunai,2017-10-11,Wednesday
DPR Panggil Jasa Marga dan Perbankan Soal Tol Non Tunai,2017-10-11,Wednesday
Makin Gampang & Untung Beli Asuransi Mobil Via Garda Oto Digital,2017-10-11,Wednesday
Misteri di Balik Fenomena Mal Sepi,2017-10-12,Thursday
"Perampokan Modus Ranjau Paku dan Pecah Kaca, Uang Rp 30 Juta Digasak",2017-10-12,Thursday
"Banyak 'Hantu' di Rapat DPR, Ini Kata MKD",2017-10-12,Thursday
"Transaksi Tembus Rp 9 Triliun, IHSG Naik 43 Poin",2017-10-12,Thursday
"Kartu e-Money Bisa Gratis, Ini Syaratnya",2017-10-12,Thursday
"Garap 2 Proyek Tol, Jasa Marga Dapat Utang Rp 7,7 T",2017-10-13,Friday
Harga Tiket Kereta Bandara Soetta Rp 75 Ribu-Rp 100 Ribu,2017-10-13,Friday
"Dapat Utang Rp 7,7 Triliun, Jasa Marga Garap 2 Proyek Tol Ini",2017-10-13,Friday
"Promo Furnitur di Index Living Mall, Sofa hingga Meja Makan",2017-10-15,Sunday
"Kartu e-Money Dibagikan Gratis di Tol, Begini Suasananya",2017-10-16,Monday
Kartu e-Money Gratis Cuma Ada di Gerbang Tol,2017-10-16,Monday
Agus Martowardojo Gubernur Bank Sentral Terbaik se-Asia Pasifik,2017-10-16,Monday
"Lagi, Preskom Lepas Saham BCA Rp 4,15 miliar",2017-10-17,Tuesday
"Minim Sentimen Positif, IHSG Berkurang Tipis Jadi 5.947",2017-10-17,Tuesday
"Dengan Garda Oto Digital, Klaim Asuransi Mobil Jadi #MakinGampang",2017-10-17,Tuesday
"Asing Jual Saham Rp 338 M, IHSG Turun 17 Poin",2017-10-17,Tuesday
"Transaksi Tokopedia Sukses, Penjual belum Menerima Uang Penjualan",2017-10-18,Wednesday
IHSG Melemah 20 Poin ke 5.927,2017-10-18,Wednesday
Komplotan Pencuri Ini Cuma Butuh 5 Menit Bawa Kabur Mobil,2017-10-18,Wednesday
"Asing Jual Saham Rp 1 T, IHSG Menipis 18 Poin",2017-10-18,Wednesday
KAI Terbitkan Obligasi Perdana Rp 2 Triliun,2017-10-19,Thursday
"31 Oktober, Tol Mojokerto-Kertosono Tak Terima Pembayaran Tunai",2017-10-19,Thursday
BCA Dukung Program Pembangunan Infrastruktur Pemerintah,2017-10-20,Friday
"Naik 29 Poin, IHSG Rehat Siang di 5.939",2017-10-20,Friday
IKF VI Menginspirasi Inovasi dan Kreativitas Ekonomi Berbasis Digital,2017-10-21,Saturday
Dobel Diskon di Index Living Mall TransmartÂ CarrefourÂ Cempaka Putih,2017-10-22,Sunday
"IHSG Naik 23 Poin, Lanjutkan Penguatan ke 5.952",2017-10-23,Monday
"Nyaris Cetak Rekor, IHSG Naik 20 Poin ke 5.950",2017-10-23,Monday
"Lamborghini Hingga Mini Cooper, Ini 59 Mobil yang Dilelang Kemenkeu",2017-10-24,Tuesday
"Naik Tipis, IHSG Cetak Rekor ke 5.952",2017-10-24,Tuesday
"Harga Lelang Tertinggi 59 Mobil Mewah di Aceh Rp 11,8 Miliar",2017-10-24,Tuesday
"Mau Punya Rumah? DP 15% Sekarang, Lalu Bayar 85% Sisanya pada 2020",2017-10-25,Wednesday
"DP KPR Akan Diatur Per Wilayah, Ini Tanggapan Bank",2017-10-25,Wednesday
"Laba BCA Naik 11% Jadi Rp 16,8 Triliun",2017-10-26,Thursday
"Banyak Toserba Tutup, Ini Kata Bos BCA",2017-10-26,Thursday
"Sempat Ada Gangguan Data, IHSG Lengser dari 6.000",2017-10-27,Friday
"IHSG Tembus 6.000 Rupiah Malah Anjlok, Ini Penyebabnya",2017-10-27,Friday
"Kena Koreksi, IHSG Berhenti di 5.975",2017-10-27,Friday
Mobil di Pelelangan Asalnya dari Mana Ya?,2017-10-27,Friday
#MakinGampang Klaim Asuransi dengan Garda Oto Digital,2017-10-30,Monday
Polri: 2 Teroris yang Tewas di NTB Anggota JAT dan MIT,2017-10-30,Monday
Mulai Hari Ini Bayar Tol Tak Terima Tunai,2017-10-31,Tuesday
BCA Fasilitasi Perbaikan Sarana dan Prasarana TNI,2017-10-31,Tuesday
"Melihat 'Lantai Surga' Alexis, Song Joong Ki & Song Hye Kyo Menikah",2017-10-31,Tuesday
"Garuda Promo Terbang PP ke London Mulai Rp 9,9 Jutaan",2017-10-31,Tuesday
"BJB Terbitkan Obligasi Rp 2,5 T",2017-11-01,Wednesday
"Periksa Timses, KPK Dalami Biaya Safari Politik Bunda Sitha",2017-11-01,Wednesday
"Diperiksa KPK, Ketua DPC Hanura Tegal Ditanya soal Bunda Sitha",2017-11-02,Thursday
PLN Dapat Kredit Sindikasi dari BCA,2017-11-02,Thursday
"Kasus Bunda Sitha, KPK Periksa Ketua DPC Hanura Tegal",2017-11-02,Thursday
Ini Cara Dapat Drone DJI di BRIindocomtech 2017,2017-11-02,Thursday
"Akhir Pekan, IHSG Cetak Rekor Lagi di 6.039",2017-11-03,Friday
"Minim Sentimen Positif, IHSG Tinggalkan 6.000",2017-11-03,Friday
Kiat Belanja Gadget Baru Paling Untung di BRIindocomtech 2017,2017-11-03,Friday
Harga Spesial Sofa Bed dan Lemari Pakaian di Index Living Mall,2017-11-05,Sunday
"Waskita Karya Pinjam Rp 5,14 T untuk Tol Jakarta-Cikampek Layang",2017-11-07,Tuesday
Harga Spesial Sofa Bantal Kekinian di Index Living Mall,2017-11-07,Tuesday
Mobile Legends Gandeng UniPin,2017-11-08,Wednesday
"Minim sentimen Positif, IHSG Menipis ke 6.042",2017-11-09,Thursday
"Untuk Terima Suap, Panitera PN Jaksel Pinjam ATM Petugas Kebersihan",2017-11-09,Thursday
Perampok Nasabah Bank di Serpong Ditembak Tim Vipers,2017-11-09,Thursday
"Polisi Ringkus Jaringan Pengedar Obat Keras, Jutaan Pil Diamankan",2017-11-09,Thursday
Bakamla Tangkap Kapal Pencuri Ikan Asal Filipina,2017-11-12,Sunday
BCA Serahkan Donasi untuk Operasi Katarak Gratis,2017-11-13,Monday
Adik Gamawan Mengaku Rugi Beli Aset dari Paulus karena Kasus e-KTP,2017-11-13,Monday
Ancaman di Balik Tren Akses Keuangan Digital,2017-11-13,Monday
"Tutup Awal Pekan, IHSG Stagnan di 6.021",2017-11-13,Monday
OSO Securities: IHSG Bisa Tinggalkan Level 6.000,2017-11-13,Monday
"Naik 17 Poin, IHSG Bertahan di Level 6.000",2017-11-13,Monday
"Bunga Deposito Terus Turun, Bunga Kredit Kok Masih Tinggi?",2017-11-14,Tuesday
Bunga Deposito BCA Turun Jadi 4%,2017-11-14,Tuesday
"Ramai Sentimen Negatif, IHSG Lengser dari 6.000",2017-11-15,Wednesday
"Setoran Pajak Seret, Solusinya Pangkas Belanja atau Tambah Utang",2017-11-15,Wednesday
"Bank Ramai-ramai Turunkan Bunga Deposito, Ini Daftarnya",2017-11-15,Wednesday
Selamat Datang di Rezim Suku Bunga Rendah,2017-11-15,Wednesday
"Jeda Siang, IHSG Naik 8 Poin ke 5.996",2017-11-15,Wednesday
"Sudah Ada Tax Amnesty, Kok Setoran Pajak Masih Loyo?",2017-11-15,Wednesday
"Rupiah Bisa Terancam, Suku Bunga Acuan Diprediksi Tetap 4,25%",2017-11-16,Thursday
Direktur PT AMDI Didakwa Suap Panitera PN Jaksel,2017-11-16,Thursday
Menteri Darmin Buka-bukaan Soal Hambatan Ekonomi Digital,2017-11-16,Thursday
"Bunga Deposito Menyusut, Pindahkan Uang Kemana Ya?",2017-11-16,Thursday
"Keseleo, Bunda Sitha Pakai Kruk Saat akan Diperiksa KPK",2017-11-17,Friday
"Tak Pernah Beli Aplikasi ApStore, Masuk Tagihan Kartu Kredit",2017-11-17,Friday
Pengguna iPhone Keluhkan Tagihan 'Siluman' di App Store,2017-11-20,Monday
"Marak Pelakor, Ussy Pilih Cerai Jika Andhika Lakukan Hal Ini",2017-11-21,Tuesday
Dukungan Nyata BCA untuk Alirkan Listrik ke Pelosok Negeri,2017-11-21,Tuesday
"Terkoreksi 21 Poin, IHSG Tutup di 6.031",2017-11-21,Tuesday
Promo Furniture Luar Ruangan di Transmart dan Carrefour,2017-11-21,Tuesday
Apresiasi BCA kepada TNI,2017-11-21,Tuesday
"Masih Menjanda, Kiki Amalia Kerap PDKT dengan Pria yang Tak Serius",2017-11-22,Wednesday
"Pernah Cerai, Kiki Amalia Belum Ingin Nikah Lagi",2017-11-22,Wednesday
"Betah 'Sendiri', Kiki Amalia Masih Trauma dengan Lelaki",2017-11-22,Wednesday
Duh! Kiki Amalia Kerap Digoda Pria Beristri,2017-11-22,Wednesday
"Heboh Video Tangga Lipat Berjalan Sendiri, Apa Penyebabnya?",2017-11-22,Wednesday
Polisi di Bandung Bekuk Komplotan Pembobol ATM,2017-11-23,Thursday
"Bunga Simpanan Turun, OJK: Orang Bisa Pindah ke Saham",2017-11-23,Thursday
Ciputra Group Pasarkan Rumah Rp 157 Juta di Kota Baru Maja,2017-11-24,Friday
Mengenal Fintech dan Cara Pengawasannya,2017-11-26,Sunday
"Awal Pekan, IHSG Ditutup Stagnan",2017-11-27,Monday
Hakim Minta KPK Buka Blokir 16 Rekening Eks Bos PT DGI,2017-11-27,Monday
Rumah Sakit Bisa Layani Klaim Asuransi Lebih Cepat dengan Medlinx izi,2017-11-27,Monday
"Ekonomi Belum Kencang, Pengusaha Takut Tarik Kredit Jumlah Besar",2017-11-27,Monday
"Jennifer Dunn, Dulu Polos Kini Dituding Pelakor",2017-11-27,Monday
"Ussy Sulityawati: Pasangan Selingkuh, Bukan Cuma Satu yang Salah",2017-11-27,Monday
"Teruntuk Artis yang Dituding Pelakor, Dengar Pesan dari Ussy Sulistyawati!",2017-11-27,Monday
Kisah Pahit Kiki Amalia Cerai karena Pelakor,2017-11-27,Monday
"Sunu Sibuk Dakwah di Tengah Isu Nikahi Pipik, Artis Dituding Pelakor",2017-11-28,Tuesday
Polisi Serahkan 5 Mobil Objek Fidusia ke Pihak Leasing dan Asuransi,2017-11-28,Tuesday
Jahja Setiaatmadja dan Mochtar Riady Bicara Transformasi Perbankan,2017-11-28,Tuesday
"Transaksi Tembus Rp 15 Triliun, IHSG Tutup di 6.061",2017-11-29,Wednesday
Serbu! Index Living Mall Cempaka Putih Diskon Akhir Tahun hingga 83%,2017-11-29,Wednesday
Kata Bos BCA Soal Generasi Milenial Sulit Miliki Rumah,2017-11-29,Wednesday
Parkiran Bandara Soekarno-Hatta Bakal Tak Terima Tunai,2017-11-29,Wednesday
"Asing Tarik Dana Rp 7 T, IHSG Berkurang 18 Poin",2017-11-29,Wednesday
"IHSG Turun 1,8% ke 5.952",2017-11-30,Thursday
IHSG Gagal Bertahan di 6.000,2017-12-04,Monday
IHSG Diproyeksi Bergerak di Level 5.921- 6.010,2017-12-04,Monday
IHSG Nyaris Lengser Lagi dari Level 6.000,2017-12-04,Monday
"Melantai di Pasar Modal, Saham PSSI Melesat 62%",2017-12-05,Tuesday
"GPN, Sistem yang Bakal Bikin Biaya Transfer Antar Bank Lebih Murah",2017-12-05,Tuesday
"IHSG Bergerak Negatif, Tinggalkan Level 6.000",2017-12-05,Tuesday
Budi dan Michael Hartono Jadi Orang Terkaya RI Selama 9 Tahun,2017-12-06,Wednesday
"Hey Generasi Milenial, Cicil Rumah dari Sekarang!",2017-12-06,Wednesday
"Pembeli Bayar Non Tunai, Merchant Dilarang Kenakan Biaya Tambahan",2017-12-06,Wednesday
Rokok Jadi Penyumbang Terbesar Harta Orang Terkaya RI,2017-12-06,Wednesday
"Jeda Siang, IHSG Naik ke 6.040",2017-12-06,Wednesday
"10 Orang Terkaya Dunia Tajir Berkat Teknologi, Bagaimana di RI?",2017-12-06,Wednesday
"Kredit Properti Lesu, Generasi Millenial Tak Minat Punya Rumah?",2017-12-06,Wednesday
Promo Stool untuk Rumah Mungil dari Index Living Mall,2017-12-06,Wednesday
"Gagal Menguat, IHSG Parkir di 6.020",2017-12-07,Thursday
BCA Pastikan Nasabah Tak Kena Biaya Saat Bayar Pakai Debit,2017-12-07,Thursday
"Dana Asing Cabut Rp 890 M, IHSG Melemah ke 6.006",2017-12-07,Thursday
"Pedagang Dibebankan Biaya Debit, Ombudsman: Bisa Bebani Konsumen",2017-12-07,Thursday
Waspadai Mafia Tanah di Kabupaten Malang,2017-12-07,Thursday
"Pedagang Kena Biaya Debit, Apa Bakal Dibebankan ke Pembeli?",2017-12-08,Friday
BCA Raih Sertifikasi ISO dalam Peningkatan Teknologi Informasi,2017-12-08,Friday
Pemerintah Batal Bikin Perusahaan Patungan untuk Danai LRT Jabodebek,2017-12-08,Friday
Ini Dia Deretan CEO Idaman Indonesia 2017,2017-12-08,Friday
Dukungan BCA Dalam Kemitraan Warung Tradisional dan Ritel Modern,2017-12-09,Saturday
7 Gerbang Exit dan 30.000 e-Toll Disiapkan di Tol Pejagan-Pemalang,2017-12-11,Monday
"Dipanggil Ombudsman Selama 2 Jam Soal e-Money, Ini Penjelasan BI",2017-12-11,Monday
Pasar Modal di Balik Besarnya Bisnis BCA,2017-12-11,Monday
Kesepakatan RI-Malaysia-Thailand Tak Pakai Dolar AS Berlaku 2018,2017-12-11,Monday
"RI-Malaysia-Thailand Sepakat Tak Pakai Dolar AS, Ini Kata Bankir",2017-12-11,Monday
"3 Hari Operasi Penangkapan Teroris, 19 Pria Diamankan Polri",2017-12-12,Tuesday
Menilik Cuci Gudang Terbesar Produk Gadget di Akhir Tahun,2017-12-13,Wednesday
IHSG Tiba-tiba Menguat ke 6.054 Jelang Penutupan,2017-12-13,Wednesday
OSO Securities: IHSG Diproyeksi Menguat Terbatas,2017-12-13,Wednesday
IHSG Bergerak Negatif ke 6.022,2017-12-13,Wednesday
"Transfer Antar Bank Gagal, Saldo BNI sudah Berkurang",2017-12-14,Thursday
Pengacara Penyuap Panitera PN Jaksel Dituntut 3 Tahun Penjara,2017-12-14,Thursday
Spesial Peralatan Masak & Hampers di Index Living Mall,2017-12-17,Sunday
"Di Sidang, Eks Dirjen Hubla Bicara Soal Keris dan Pena dari Jonan",2017-12-18,Monday
Masih Ada Orang yang Bayar Tol Pakai Uang Tunai,2017-12-18,Monday
Serbu Tambahan Diskon 10% di Index Living Mall!,2017-12-18,Monday
"Sudah Bayar Satu Tahun, Bolt Home belum Dipasang",2017-12-20,Wednesday
"Kejar Setoran Pajak, Sri Mulyani Minta Bank Buka Sampai 30 Desember",2017-12-20,Wednesday
7 Bank akan Keroyokan Biayai LRT Jabodebek,2017-12-20,Wednesday
Aksesori dan Kosmetik Tetap Rapi dengan Promo di Index Living Mall,2017-12-20,Wednesday
"Syarat sudah Dipenuhi, Klaim BCA Finance belum Diterima",2017-12-21,Thursday
Transaksi Kartu Kredit Diproyeksi Naik Karena Promo Akhir Tahun,2017-12-21,Thursday
"Smartfren Lepas iPhone X Rp 8 Juta, iPhone 8 Rp 3,6 Juta",2017-12-21,Thursday
Kecewa Proses Pengajuan Restrukturisasi Kredit BCA Finance,2017-12-21,Thursday
BCA Gelar Workshop Road To Go Public With BCA,2017-12-22,Friday
Bunda Sitha Segera Disidang di Semarang terkait Kasus Suap,2017-12-22,Friday
"Bankir: Peringkat Utang RI Naik, Makin Banyak Investasi Masuk",2017-12-22,Friday
BCA Dukung Pemenuhan Hak-hak Anak,2017-12-23,Saturday
BCA Dukung Pemenuhan Hak-hak Anak,2017-12-23,Saturday
Promo Perabotan Rumah Tangga di Index Living Mall Graha Bintaro,2017-12-25,Monday
"Mitsubishi akan Kuasai Danamon, Begini Aturan Tender Offernya",2017-12-27,Wednesday
OSO Securities: IHSG Diprediksi Diserang Profit Taking,2017-12-27,Wednesday
"Akuisisi 73,8% Saham Danamon, Mitsubishi Pede Dapat Restu OJK",2017-12-27,Wednesday
Mitsubishi Tak Akan Ubah Model Bisnis Danamon,2017-12-27,Wednesday
Ini Alasan Mitsubishi Caplok Bank Danamon,2017-12-27,Wednesday
7 Bank Ikut Biayai Tol Bakauheni-Terbanggi Besar Rp 8 Triliun,2017-12-27,Wednesday
"Mitsubishi akan Kuasai 73,8% Saham Danamon",2017-12-27,Wednesday
INKA Pinjam Rp 4 T untuk Bikin Kereta LRT Jabodebek,2017-12-27,Wednesday
"Caplok Danamon, Mitsubishi Siapkan Rp 15,9 Triliun",2017-12-28,Thursday
Tampil Menawan dan Elegan Sambut Akhir Tahun Bersama Transmart,2017-12-28,Thursday
"Rekor Baru, IHSG Tembus 6.300",2017-12-28,Thursday
Rekor IHSG Siang Ini di 6.296,2017-12-28,Thursday
"Jadi Investor LRT Jabodebek, KAI Dapat Pinjaman Rp 19,25 T",2017-12-29,Friday
OSO Securities: IHSG Diprediksi Menguat Lagi,2017-12-29,Friday
"Transaksi Saham Tembus Rp 19 T, Ini Pemicunya",2017-12-29,Friday
"Transaksi Tembus Rp 19 T, IHSG Cetak Rekor Intraday",2017-12-29,Friday
Cerita Perjuangan Anak Bangsa Ubah Limbah Sawit Jadi Bahan Bakar,2017-12-31,Sunday
Tagihan Indovision Setiap Bulan tidak Sesuai,2018-01-02,Tuesday
OSO Securities: IHSG Diprediksi Melemah di Awal Tahun,2018-01-02,Tuesday
IHSG Turun 200 Poin Dalam 24 Jam,2018-01-03,Wednesday
Tol Bakauheni-Terbanggi Besar Siap Diresmikan Jokowi Bulan Ini,2018-01-03,Wednesday
Intip Saham-saham yang Bakal Moncer di 2018,2018-01-04,Thursday
"Penyuap Panitera PN Jaksel Dituntut 3,5 Tahun Penjara",2018-01-04,Thursday
Mitra Agen Perjalanan Bisa Top Up Deposit AirAsia Via KlikBCA Bisnis,2018-01-08,Monday
"Sempat Tembus 6.400, IHSG Melemah Siang Ini",2018-01-09,Tuesday
Promo Meja dan Kursi Kantor dari Index Living Mall,2018-01-09,Tuesday
BCA Dukung Program Prioritas Nasional Pemerintah,2018-01-09,Tuesday
"BCA Kucurkan Kredit Sindikasi Rp 2,78 T untuk Bangun LRT Jabodebek",2018-01-10,Wednesday
"Pelapak Terindikasi Penipuan, Penyelesaian Lamban",2018-01-10,Wednesday
"Pengacara yang Suap Eks Panitera PN Jaksel Divonis 2,5 Tahun Bui",2018-01-11,Thursday
"Isi Flazz BCA, Rekening Berkurang Tetapi Saldo tidak Bertambah",2018-01-11,Thursday
Ini Daftar Bunga Dasar Kredit Bank Besar,2018-01-11,Thursday
"Selasar BEI Ambruk, Kaca Bank Dipecahkan untuk Evakuasi",2018-01-15,Monday
Cerita Saksi Dengar Suara Gemuruh Saat Selasar Tower II BEI Ambruk,2018-01-15,Monday
"Dianggap Fitnah, Pihak Gracia Indri Siap Buktikan soal Nafkah ke David 'NOAH'",2018-01-16,Tuesday
Lebih Hemat dan Praktis Beli 1 Set Furniture di Index Living Mall,2018-01-16,Tuesday
Saham PGN Meroket di Tengah Tumbangnya Saham Migas,2018-01-17,Wednesday
IHSG Cetak Rekor Lagi,2018-01-17,Wednesday
IHSG Cetak Rekor 3 Hari Berturut-turut,2018-01-18,Thursday
"Jeda Siang, IHSG Cetak Rekor Intraday Dekati 6.500",2018-01-18,Thursday
"Besok, Jokowi Resmikan Tol Pertama di Lampung",2018-01-20,Saturday
Penyuap Panitera PN Jaksel Jalani Sidang Vonis,2018-01-22,Monday
Penyuap Eks Panitera PN Jaksel Divonis 2 Tahun 4 Bulan Bui,2018-01-22,Monday
Status Pembayaran Transaksi Lazada belum Diverifikasi,2018-01-23,Tuesday
"Pakai Uang Elektronik, Antrean di Tol Berkurang",2018-01-23,Tuesday
Hanura 'Ambhara' Sebut OSO 3 Kali Perintahkan Transfer Dana Parpol,2018-01-23,Tuesday
"Pesanan belum Diterima, Kecewa Flash Sale Lazada",2018-01-24,Wednesday
"4 Perusahaan Didepak, Ini Daftar Saham LQ45 yang Baru",2018-01-25,Thursday
Asuransi Raksa Mengelak dari Tanggung Jawab,2018-01-26,Friday
IHSG Cetak Rekor Intraday Dekati 6.666,2018-01-26,Friday
Bank Bidik Milenial dan Traveler Dongkrak Bisnis Kartu Kredit,2018-01-26,Friday
Voucher Hilang Karena Transaksi Blanja.com Dibatalkan Sepihak,2018-01-26,Friday
Polisi Tangkap Penyuplai Sabu ke Jennifer Dunn,2018-01-27,Saturday
"Di Depan CPNS, Mentan: Konglomerat RI Banyak dari Pertanian",2018-01-29,Monday
BCA Terbitkan Kredit UMKM Rp 25 Miliar Melalui KlikACC,2018-01-31,Wednesday
"Digosipkan Mau Dicaplok BCA, Ini Jawaban Bank Harda",2018-01-31,Wednesday
"Gagal Menguat, IHSG Ditutup Berkurang ke 6.598",2018-02-01,Thursday
"Menguat, IHSG Parkir di 6.641",2018-02-01,Thursday
Mau Dapat Diskon Tambahan Beli Sepatu Clarks? Ini Caranya,2018-02-01,Thursday
"Asing Lepas Saham Rp 778 Miliar, IHSG Masih Bisa Menguat",2018-02-02,Friday
"Apartemen Tak Dibangun, Ratusan Pembeli Tagih Refund",2018-02-05,Monday
"Imlek, Gratis Voucher Rp 80.000 & Plus Diskon 8% di Index Living Mall",2018-02-06,Tuesday
Cara Mudah Kaum Urban Zaman Now Miliki Rumah,2018-02-08,Thursday
Sambut Imlek dengan Promo Serba 88 dari Index Living Mall,2018-02-12,Monday
"Bunga Deposito Makin Rendah, Bankir: Kami Sesuaikan Pasar",2018-02-12,Monday
Bunga Deposito Perbankan Makin Rendah,2018-02-12,Monday
BCA Expoversary 2018 Resmi Ditutup,2018-02-12,Monday
"Bunga Deposito Makin Rendah, Bagaimana Bunga Tabungan?",2018-02-12,Monday
Pelaku yang Jambret Wanita di Serpong Juga Rampas Berlian Rp 20 Juta,2018-02-12,Monday
"Menguat Lagi, IHSG Dekati 6.600",2018-02-13,Tuesday
Mau Santap Malam Romantis di Ketinggian Jakarta? Ini 6 Restoran yang Bisa Anda Datangi,2018-02-13,Tuesday
Kronologi Ditangkapnya Roro Fitria Terkait Narkoba,2018-02-15,Thursday
"Pesan Sabu 2,4 Gram ke Fotografer, Roro Fitria Transfer Rp 5 Juta",2018-02-15,Thursday
Polisi Sita 2 Gram Sabu Terkait Penangkapan Roro Fitria,2018-02-15,Thursday
Neraca Perdagangan Januari Diramalkan Surplus,2018-02-15,Thursday
Hakim ke Saksi Kasus e-KTP: Anda Pernah Bilang Ini Uang Setan?,2018-02-15,Thursday
"Roro Fitria: Sabu, Pesugihan, Prostitusi dan Ferrari Bodong",2018-02-15,Thursday
Kementerian PUPR Tunjuk BTN Salurkan KPR FLPP Lagi,2018-02-16,Friday
Hanya 3 Hari! Diskon Hoki di Index Living Mall,2018-02-17,Saturday
Bagaimana Caranya Supaya Kartu ATM Bisa Dipasang Chip?,2018-02-19,Monday
"Jeda Siang, IHSG Parkir Menguat di 6.652",2018-02-19,Monday
"Awal pekan, IHSG Ditutup Melesat Tembus Rekor 6.689",2018-02-19,Monday
Ini Keuntungan Kartu ATM yang Pakai Chip,2018-02-19,Monday
"Gratis, Migrasi Kartu ATM Jadi Pakai Chip",2018-02-19,Monday
Ini Tempat Relokasi PKL Ponorogo yang Disiapkan Bupati Ipong,2018-02-19,Monday
"Beraksi di 3 Provinsi, Pembobol ATM Ditembak di Makassar",2018-02-22,Thursday
Rela Antre Semalaman untuk Tiket Murah di SIA-BCA Travel Fair 2018,2018-02-23,Friday
8 Cara Agar Foto Liburan Kamu Ala Selebgram,2018-02-23,Friday
Ini Promo Tiket dan Tur Liburan di Singapore Airlines - BCA travel Fair 2018,2018-02-23,Friday
"Singapore Airlines-BCA Travel Fair 2018 Dibuka, Pengunjung Antre dari Semalam",2018-02-23,Friday
Tumpengan HUT ke-61 BCA,2018-02-23,Friday
Memburu Tiket Murah Singapore Airlines di SIA-BCA 2018,2018-02-23,Friday
Mau Beli Instrumen Investasi Halal Punya Pemerintah? Ini Caranya,2018-02-23,Friday
Mau Mendekor Ulang Kamar Tidur? Yuk Cari Furniturnya di Sini,2018-02-25,Sunday
Makin Sore IHSG Melemah Makin Dalam ke 6.554,2018-02-26,Monday
"Jeda Siang, IHSG Masih Betah Melemah ke 6.604",2018-02-26,Monday
"Gagal Menguat, IHSG Ditutup Stagnan",2018-02-28,Wednesday
Wah! Ada Diskon Lemari Pakaian dan Rak Penyimpanan,2018-02-28,Wednesday
Tas Chanel Hingga Gucci Dijual di Bawah Rp 10 Juta di Bazar GI,2018-03-01,Thursday
"Sudah Ajukan Upgrade Premier, Saldo OVO belum Bertambah",2018-03-01,Thursday
Ini Beda Tabungan Bank Syariah dan Bank Umum,2018-03-01,Thursday
Aneka Promo Menarik di Astindo Travel Fair 2018,2018-03-02,Friday
Ada Bank Jual Dolar AS Nyaris Rp 14.000,2018-03-02,Friday
"Beri Bunga KPR Single Digit, Ini Alasan Bank",2018-03-05,Monday
Bank Ramai-ramai Beri Bunga KPR Single Digit,2018-03-05,Monday
"Bursa Asia 'Merah', IHSG Melemah ke 6.579",2018-03-05,Monday
Mau Dapat Bunga KPR Single Digit? Ini Syaratnya,2018-03-05,Monday
"Pesanan Beras belum Diterima, Kecewa Solusi dari Blibli",2018-03-05,Monday
Bunga KPR Rendah Hanya Buat Nasabah Baru,2018-03-05,Monday
Bank Ramai-ramai Tawarkan Bunga KPR di Bawah 10%,2018-03-06,Tuesday
"Sst, Ini Bocoran Australia Travel Fair 2018 Besok",2018-03-07,Wednesday
Serbuan Mobil Baru Tak Memakan Pasar Mobil Seken,2018-03-07,Wednesday
"Sepanjang 2017, Laba Bersih BCA Tembus Rp 23,3 Triliun",2018-03-08,Thursday
Biaya Kirim Uang TKI Dari Luar Negeri Masih Mahal,2018-03-08,Thursday
Cari Ide Liburan ke Australia? Datangi Dulu Pameran Ini,2018-03-08,Thursday
Saran Buat Kamu yang Mau Pertama Kali Liburan ke Australia,2018-03-08,Thursday
"Top up OVO Gagal, Saldo Rekening sudah Terpotong",2018-03-08,Thursday
Tiket Musikal 'MAMMA MIA!' Jakarta Dijual Mulai Hari Ini,2018-03-08,Thursday
Turis Muslim Jangan Takut ke Australia,2018-03-08,Thursday
"Laba Bersih BCA Tembus Rp 23,3 Triliun Sepanjang 2017",2018-03-08,Thursday
"Kemarin Jatuh 2%, Sore Ini IHSG Naik 1% ke 6.443",2018-03-08,Thursday
"Demi Akuntabilitas, Pemkot Surabaya Perluas Sistem Parkir Elektronik",2018-03-08,Thursday
"8 Sektor Menguat, IHSG Naik ke 6.417 Siang Ini",2018-03-08,Thursday
Tipikal Liburan Orang Indonesia di Australia,2018-03-08,Thursday
"Patuh Bayar Pajak, BCA Terima Penghargaan dari Sri Mulyani",2018-03-13,Tuesday
Kartu ATM yang Pakai Teknologi Ini Aman dari Pembobolan Rekening,2018-03-14,Wednesday
"Transaksi di Shopee dengan Kartu Kredit BCA, Tertagih Dua Kali",2018-03-14,Wednesday
"Top Up Ovo Cash tidak Bertambah, belum Ada Penyelesaian",2018-03-14,Wednesday
"Cegah Pembobolan Rekening, Ini Langkah yang Dilakukan Bank",2018-03-14,Wednesday
Kenapa Pencurian Uang di Rekening Kerap Menyasar Bank Besar?,2018-03-14,Wednesday
Waspada! Pembobolan Rekening Nasabah Bank Pakai Modus Skimming,2018-03-15,Thursday
"Sudah Mengirimkan Bukti Mutasi, Saldo OVO belum Bertambah",2018-03-16,Friday
"Internet di Bali Mati Saat Nyepi, Bagaimana dengan ATM?",2018-03-17,Saturday
"GATF Hadir di Surabaya, Banyak Promo Tiket PP Pesawat",2018-03-19,Monday
"Promo Terbatas, Beli Rumah di Suvarna Sutera Langsung Dapat Emas",2018-03-19,Monday
Tren Penguatan IHSG Sudah Berakhir?,2018-03-19,Monday
"Lulus Evaluasi, Tol Ngawi-Wilangan Siap Diresmikan Jokowi",2018-03-19,Monday
Sekarang Isi Go-Pay Kena Biaya Tambahan,2018-03-19,Monday
"Isi Ulang Go-Pay Lewat Bank Bayar Rp 1.000, Lewat Driver Gratis",2018-03-19,Monday
"Sukuk Ritel yang Dijual Pemerintah Laku Rp 8,43 Triliun",2018-03-19,Monday
Respons Bank Soal Isi Saldo Go-Pay Kena Biaya Rp 1.000,2018-03-19,Monday
Isi Saldo Go-Pay Kena Biaya Rp 1.000 Per Transaksi,2018-03-19,Monday
"Polisi Dalami Asal Uang Mainan Rp 4,5 M yang Disetor Nasabah ke Bank",2018-03-20,Tuesday
"Pengakuan Nasabah yang Bayar Utang Pakai Uang Mainan Rp 4,5 M",2018-03-20,Tuesday
Belasan Orang Sindikat Pembobol ATM Diciduk Polisi di Yogya,2018-03-20,Tuesday
Polisi: Meterai Palsu Paling Banyak Beredar di Sulsel,2018-03-20,Tuesday
"Ini Uang Mainan Rp 4,5 M yang Dipakai Nasabah Bayar Utang ke Bank",2018-03-20,Tuesday
Heboh Nasabah Bayar Utang ke Bank Pakai Uang Mainan Rp 4 Miliar,2018-03-20,Tuesday
"Apa Motif Nasabah Bayar Utang ke Bank Pakai Uang Mainan Rp 4,5 M?",2018-03-20,Tuesday
Siap-siap Isi Saldo Go-Pay Lewat Bank Kena Rp 1.000,2018-03-20,Tuesday
Ini Alasan Sindikat Pembobol di Yogya Incar ATM di Minimarket,2018-03-20,Tuesday
Begini Cara Operasi Sindikat Pembobol Uang ATM di Yogya,2018-03-20,Tuesday
Berburu Saham Murah di Kala IHSG Merana,2018-03-20,Tuesday
Kredit Macet Rp 6 M dan Aksi Mujiono Bayar Pakai Uang Mainan,2018-03-21,Wednesday
Mujiono: Tak Ada Niat Bayar Utang dengan Uang Mainan,2018-03-21,Wednesday
Ini Penampakan Rumah Mujiono yang Bayar Utang Pakai Uang Mainan,2018-03-21,Wednesday
"Begini Awal Cerita Uang Mainan Rp 4,5 M Disetor Mujiono ke Bank",2018-03-21,Wednesday
"Ini Dia Sosok Nasabah yang Bayar Utang Pakai Uang Mainan Rp 4,5 M",2018-03-21,Wednesday
3 Saksi Diperiksa Terkait Aksi Mujiono Bayar Utang Pakai Uang Mainan,2018-03-21,Wednesday
"Uang Rp 4,5 M yang Disetor ke Bank Ternyata Mainan, Mujiono Shock",2018-03-21,Wednesday
"Ini Mujiono, Nasabah yang Bayar Utang Pakai Uang Mainan Rp 4,5 M",2018-03-21,Wednesday
"Patroli ATM Tiap Pagi dan Sore, Cara Polres Blitar Cegah Skimming",2018-03-22,Thursday
"Polisi Pamerkan Ribuan Lembar Uang Mainan Mujiono, Hitung Totalnya",2018-03-22,Thursday
"Tumpukan Uang Mainan Mujiono saat Dihitung Polisi, Ada Dolar AS",2018-03-22,Thursday
Ungkapan Syukur Mujiono di Kasus Bayar Utang Pakai Uang Mainan,2018-03-22,Thursday
"Tidak Ada Kejelasan, Pesanan JD.ID belum Diterima",2018-03-22,Thursday
"Kata Mujiono soal Ali, Pembeli Rumah yang Bayar Pakai Uang Mainan",2018-03-22,Thursday
Ini Bank yang Sudah Mulai Ganti Kartu ATM Pita Jadi Chip,2018-03-22,Thursday
Kasus Skimming Banyak Terjadi di Bank BUMN?,2018-03-22,Thursday
"Menelusuri Sosok Ali di Kasus Uang Mainan Rp 4,5 Miliar",2018-03-22,Thursday
"Ini Rumah Mujiono yang 'Dibayar' Pakai Uang Mainan Rp 4,5 Miliar",2018-03-22,Thursday
Cerita Pekerja Mujiono soal Ali yang Beli Rumah Pakai Uang Mainan,2018-03-23,Friday
"Mengintip Jeroan Rumah Mujiono yang Dibayar Uang Mainan Rp 4,5 M",2018-03-23,Friday
"Kena Sentimen Perang Dagang AS-China, IHSG Melemah ke 6.210",2018-03-23,Friday
"Kenapa Polisi Belum Panggil Ali Pemilik Uang Mainan Rp 4,5 M?",2018-03-23,Friday
Misi Plogging Maros Runners: Minimal Jadi Malu Buang Sampah Sembarangan,2018-03-25,Sunday
Sejumlah Musisi Bali Akan Galang Dana untuk Made 'Navicula',2018-03-26,Monday
IHSG Anjlok Jadi Kesempatan Buru Saham Murah,2018-03-26,Monday
"Bunga KPR Masih di Atas 10%, Siapa Paling Tinggi?",2018-03-26,Monday
"Gandeng BCA, Andalan Genjot Target Pendanaan",2018-03-26,Monday
"Melemah Sepanjang Hari, IHSG Berakhir di 6.200",2018-03-26,Monday
"Uang Mainan Mujiono Selesai Dihitung, Ini Jumlah Totalnya",2018-03-27,Tuesday
"Jeda Siang, IHSG Parkir Menguat ke 6.233",2018-03-27,Tuesday
Anak Usaha Astra Terbitkan Obligasi Rp 500 Miliar,2018-03-28,Wednesday
KIP Apresiasi PDIP yang Buka-bukaan Keuangan Partai,2018-03-28,Wednesday
"PDIP Buka Keuangan Partai di Depan KIP, Begini Isinya",2018-03-28,Wednesday
Uji KIR di Surabaya akan Terapkan e-Payment,2018-03-29,Thursday
Tips Aman Bertransaksi di Mesin ATM,2018-03-29,Thursday
Cara BCA Cegah Modus Ganjal Pakai Tusuk Gigi untuk Bobol ATM,2018-03-29,Thursday
"IHSG Anjlok, Waktunya Cicil Saham",2018-03-29,Thursday
"Bunga Kredit Masih Double Digit, Bagaimana Bunga Simpanan?",2018-04-03,Tuesday
"Bunga Kredit Nggak Turun-turun, Ini Penjelasan Bank",2018-04-03,Tuesday
"Kuras ATM di Tasikmalaya, Gadis Muda Gondol Duit Rp 10 Juta",2018-04-04,Wednesday
Ekonomi Digital Berkontribusi Rp 2.000 Triliun ke RI di 2025,2018-04-04,Wednesday
"Pengusaha Singapura Kumpul di Kantor BKPM, Ini yang Dibahas",2018-04-05,Thursday
"9 Sektor Menguat, IHSG Naik ke 6.183",2018-04-05,Thursday
Perampok Rampas Rp 198 Juta Uang Nasabah Bank di Boyolali,2018-04-05,Thursday
RUPS BCA: Bagi Dividen Rp 6 T hingga Bajak Direktur Danamon,2018-04-05,Thursday
Ciputra Group Luncurkan Rumah Rp 130 Juta di Kota Baru 2.600 Ha,2018-04-05,Thursday
"Kredit BCA di Kuartal I 2018 Naik 14,9%",2018-04-05,Thursday
Ciputra Group Luncurkan Rumah Rp 130 Juta di Kota Baru 2.600 Ha,2018-04-05,Thursday
Modal Rp 1 Juta Sudah Bisa Beli Surat Utang Negara,2018-04-06,Friday
Dana Rp 31 Triliun Terkumpul di BEI Sejak Awal Tahun,2018-04-06,Friday
Untung Nggak Sih Beli Surat Utang Negara?,2018-04-06,Friday
5 Tips Agar Tidak Sakit Punggung atau Leher Saat Nyetir,2018-04-06,Friday
Beli Surat Utang Ritel Pemerintah Bisa Online Mulai Mei 2018,2018-04-06,Friday
IHSG Stagnan di Zona Merah Jeda Siang Ini,2018-04-06,Friday
Akhir Pekan IHSG Berakhir Melemah Tipis ke 6.175,2018-04-06,Friday
Warga di CFD Thamrin Sempat Panik Gara-gara Teriakan 'Gedung Roboh',2018-04-08,Sunday
"Warga Panik dengar 'Gedung Roboh' di CFD Thamrin, Ini Faktanya",2018-04-08,Sunday
"Boikot Facebook Cs 11 April, Jokowi Touring Naik Chopper Emas",2018-04-08,Sunday
Suasana Heboh di CFD Thamrin Saat Gedung Dikira Roboh,2018-04-08,Sunday
"Sempat Bikin Panik CFD, Gedung di Thamrin Tidak Roboh",2018-04-08,Sunday
Detik-detik Warga Panik di CFD Thamrin dengar Teriakan 'Gedung Roboh',2018-04-08,Sunday
Promo Dekorasi Rumah Ada di Index Living Mall,2018-04-09,Monday
"Mengekor Penguatan Bursa Asia, IHSG Naik ke 6.206",2018-04-09,Monday
"Melesat 1,25%, IHSG Balik ke 6.300",2018-04-10,Tuesday
Membandingkan Besaran Bunga Kartu Kredit Biasa dan Digital,2018-04-10,Tuesday
Ramai Kartu Kredit Digital Bisa Jadi Pesaing Bank?,2018-04-10,Tuesday
Lagi Cari Rumah Rp 100 Jutaan? Yuk Datang ke Sini,2018-04-10,Tuesday
"Sriwijaya Air Bikin Kartu Sakti, Traveler Bisa Terbang Sepuasnya",2018-04-10,Tuesday
Eks Ketua PT Manado Beri Dolar ke Anak Sebelum OTT KPK,2018-04-11,Wednesday
"Lewat Easy Deal, Sinar Mas Land Ringankan Cara Bayar Hunian",2018-04-12,Thursday
"Surabaya Terapkan Go Parkir, Ini Keunggulannya",2018-04-12,Thursday
Seorang Mahasiswa asal Jember Jadi Korban Penipuan Pasutri Bule,2018-04-12,Thursday
Ini Penyebab Transaksi Pakai Kartu Kredit Melambat di Februari,2018-04-13,Friday
"Peringkat Naik, Bukti Utang RI Rp 4.000 T Dikelola dengan Baik?",2018-04-13,Friday
"Transaksi Kartu Kredit Melambat, Bank: Liburan Lebaran Naik Lagi",2018-04-13,Friday
"Travel Fair Dwidaya Dibuka, PP ke Jepang Mulai dari Rp 4,8 Juta",2018-04-13,Friday
Oso Securities: IHSG Diperkirakan Melemah,2018-04-16,Monday
Jasa Marga Dapat Pinjaman Rp 7 Triliun Bangun Tol Batang-Semarang,2018-04-17,Tuesday
Luar Biasa! Konsumsi Kopi Warga Inggris Kini Capai 95 Juta Cangkir Per Hari,2018-04-17,Tuesday
Double Booking Karena Kesalahan Sistem Mister Aladin,2018-04-19,Thursday
Ciputra Group Hadirkan Hunian Plus Ruang Usaha Dekat Kampus dan Mal,2018-04-20,Friday
Ciputra Group Hadirkan Hunian Plus Ruang Usaha Dekat Kampus dan Mal,2018-04-20,Friday
"Dolar Nyaris Rp 13.900, Kapan Pelemahan Rupiah Terparah?",2018-04-22,Sunday
Dolar AS Tembus Rp 13.900,2018-04-23,Monday
Dolar AS Semakin Dekat ke Rp 14.000,2018-04-23,Monday
Bank Kompak Jual Dolar AS di Kisaran Rp 13.900,2018-04-23,Monday
Dolar AS Pagi Ini Rp 13.895,2018-04-23,Monday
Banyak Gratisan di Index Living Mall Transmart Cempaka Putih,2018-04-23,Monday
Kinerja Triwulan 1 BCA Tahun 2018,2018-04-23,Monday
Sofa Cantik Turun Harga di Index Living Mall,2018-04-24,Tuesday
"Anjlok 2% lebih, IHSG Tutup di 6.079",2018-04-25,Wednesday
Dolar AS Ngamuk Bikin IHSG Anjlok,2018-04-25,Wednesday
"Jeda Siang, IHSG Lanjutkan Pelemahan ke 6.149",2018-04-25,Wednesday
Ini Penyebab Surat Utang RI Sepi Peminat,2018-04-26,Thursday
"Transfer Antar Bank BCA selalu Gagal, Mohon Solusinya",2018-04-26,Thursday
Mobil Pembawa Uang Dirampok di Halaman BCA,2018-04-26,Thursday
"Perampok Mobil Pembawa Uang di Halaman BCA Bawa Kabur Rp 1,8 Miliar",2018-04-26,Thursday
Foto: TKP Perampokan Mobil Pembawa Uang di Halaman BCA,2018-04-26,Thursday
OSO Securities: IHSG Berpeluang Rebound,2018-04-26,Thursday
BI Apresiasi BCA Terbitkan Kartu Paspor GPN,2018-04-27,Friday
BCA Gandeng Astra Modernland,2018-04-27,Friday
"Mobil Pembawa Uang Dirampok di Halaman BCA, Ini Pengakuan Sopir",2018-04-27,Friday
OSO Securities: IHSG Berpeluang Rebound,2018-04-27,Friday
Iuran Program JKN-KIS Bisa Dibayar Melalui Layanan Autodebet BCA,2018-04-28,Saturday
"Jumlah Rekening Nasabah Kaya Turun, Bankir: Bunga Kurang Menarik",2018-04-30,Monday
Ini Daftar Proyek Properti Murah Damai Putra Grup,2018-04-30,Monday
"Melesat 1% Lebih, IHSG Dekati 6.000 Lagi",2018-04-30,Monday
"Lewat Easy Deal, Sinar Mas Land Ringankan Cara Bayar Hunian",2018-05-01,Tuesday
"Cuti Lebaran Kepanjangan, Bos BEI Ikut 'Galau'",2018-05-01,Tuesday
"Chicco Jerikho Curhat, Saldo ATM-nya Berkurang Digasak Hacker",2018-05-02,Wednesday
"Tabungan Dibobol, Chicco Jerikho: Semoga Tak Terjadi Lagi",2018-05-02,Wednesday
IHSG Menguat ke 6.012 Sesaat Jelang Penutupan,2018-05-02,Wednesday
"Baru Setengah Hari, IHSG Sudah Anjlok 2% Lebih",2018-05-03,Thursday
"Uang di Rekening Raib Rp 10 Juta, Chicco Jerikho Dapat Ganti dari BCA",2018-05-03,Thursday
"Jadi Korban Skimming, Uang Chicco Jerikho Raib Rp 10 Juta",2018-05-03,Thursday
"Agus Marto, Rini, Hingga Mensos Luncurkan Kartu Debit Berlogo GPN",2018-05-03,Thursday
"Rp 10 Juta Raib Diganti Bank, Chicco Jerikho Tunggu Hasil Investigasi",2018-05-03,Thursday
Dapatkan DP 7% atau Diskon hingga 15% untuk Miliki Hunian Idamanmu,2018-05-03,Thursday
"Kena Skimming, Chicco Jerikho Dapatkan Info Pembobolnya di Bali",2018-05-03,Thursday
KPK Geledah 2 Lokasi di Jakarta Terkait Kasus Bupati Mojokerto,2018-05-04,Friday
Fakta Viral Ibu Bawa Anak Tertangkap Polisi Narkoba di Bekasi,2018-05-04,Friday
OSO Securities: IHSG Masih Melanjutkan Pelemahan,2018-05-04,Friday
Aturan Baru BI Jamin Uang Elektronik Aman Meski Perusahaan Bangkrut,2018-05-07,Monday
"Dilepas Asing, Harga Saham Telkom Hingga BCA Anjlok",2018-05-08,Tuesday
OSO Securities: IHSG Berpeluang Menguat ke 5.910,2018-05-08,Tuesday
Berharap Tanggung Jawab Hotel Grand Karlita,2018-05-09,Wednesday
Oso Securities: IHSG Diperkirakan Melemah,2018-05-09,Wednesday
"Libur Panjang, Ada Diskon Furniture Hingga 65% di Transmart Carrefour",2018-05-09,Wednesday
"Hei Milenial, Nggak Tertarik Beli Surat Utang Pemerintah?",2018-05-11,Friday
Sri Mulyani Kumpulkan Broker Surat Utang Negara,2018-05-11,Friday
"Diinformasikan Dana sudah Dikembalikan, Refund Lazada belum Diterima",2018-05-11,Friday
"Saldo e-Money Bisa Sampai Rp 2 Juta, Ini Untungnya Buat Nasabah",2018-05-11,Friday
"Ada Bom di Surabaya, Apa Dampaknya ke IHSG Besok?",2018-05-13,Sunday
"Yuk Beli Surat Utang Pemerintah via Online, Bunganya 6,8%/Tahun",2018-05-14,Monday
"Pertama Kali Terbitkan Obligasi, BCA Tawarkan Kupon Hingga 8,75%",2018-05-15,Tuesday
"Neraca Dagang RI Defisit US$ 1,63 Miliar, IHSG Anjlok 1,27%",2018-05-15,Tuesday
"Soal Dolar AS Tembus Rp 20.000, BCA: Kemungkinannya Kecil",2018-05-15,Tuesday
"Suku Bunga Acuan BI Akan Naik, Bagaimana Dampaknya ke Kredit BCA?",2018-05-15,Tuesday
OSO Securities: IHSG Diperkirakan Bergerak Melemah,2018-05-16,Wednesday
Ini Deretan Keuntungan Transaksi Pakai Uang Elektronik,2018-05-17,Thursday
Bank: Perlakukan Uang Elektronik Seperti Uang Tunai,2018-05-17,Thursday
"Jeda Siang, IHSG Rebound ke 5.884",2018-05-17,Thursday
Menanti Langkah BI Ubah Suku Bunga Acuan,2018-05-17,Thursday
"Jelang Tutup, IHSG Tiba-tiba Turun ke 5.815",2018-05-17,Thursday
Aturan Transaksi e-Commerce Terbit Pekan Depan,2018-05-18,Friday
Siap-siap Bunga Bank Naik,2018-05-18,Friday
Jurus Ambil Untung di Saham Blue Chips dan Gorengan,2018-05-20,Sunday
IHSG Susut Lagi ke 5.741,2018-05-21,Monday
Surat Utang Negara Online Sudah Dipesan Rp 800 Miliar,2018-05-21,Monday
"Sindikat Pungli Ini Diringkus, Palak Perusahaan Lewat ATM",2018-05-21,Monday
Oso Securities: IHSG Diperkirakan Melemah,2018-05-21,Monday
"Keluarga Cendana, Simbol KKN Yang Tetap Mempesona di Era Reformasi",2018-05-21,Monday
Bank Kompak Jual Dolar AS di Atas Rp 14.200,2018-05-21,Monday
IHSG Menguat ke 5.751 Tutup Perdagangan Sore Ini,2018-05-22,Tuesday
"Dolar AS Mulai Jinak, IHSG Melesat ke 5.810",2018-05-22,Tuesday
"BI Sebut Keuntungan Bank dari Bunga Kegedean, Ini Datanya",2018-05-23,Wednesday
"Bayar Point Reward Ditolak, Kesalahan BCA atau Shell Otista Tangerang?",2018-05-24,Thursday
Kartu Kredit Pengganti BCA belum Diterima,2018-05-25,Friday
Komplain Pengiriman Kartu Kredit BCA,2018-05-25,Friday
"Ini Daftar Bunga Kredit Bank di RI, Mana yang Paling Tinggi?",2018-05-28,Monday
"Jika BI Naikkan Bunga Acuan, Bunga Kredit BCA akan Naik",2018-05-28,Monday
Kecewa Layanan Alfamidi Graha Padma Semarang,2018-05-28,Monday
Debit Otomatis setelah Bayar Penuh Kartu Kredit BCA,2018-05-28,Monday
"Sambut Lebaran, BCA Siapkan Uang Tunai Rp 46 T",2018-05-28,Monday
Tips Bankir Agar Akun Bank Aman dari Kejahatan Siber,2018-05-30,Wednesday
"BI Siapkan Rp 1,5 T untuk Penukaran Uang Tunai di Banten",2018-05-30,Wednesday
"2 ATM di Tangsel Dibobol Maling, Pelaku Ditembak Mati",2018-05-30,Wednesday
Konser untuk Ari Digelar Besok,2018-05-30,Wednesday
Kartu Kredit Perpanjangan belum Diterima Nasabah BCA,2018-05-31,Thursday
"Sekap dan Rampok Fauzi, 2 WNA Foya-foya",2018-05-31,Thursday
Siap-siap Bunga KPR Naik,2018-05-31,Thursday
"AC Meledak di Serpong, 4 Teknisi Terluka",2018-05-31,Thursday
Labfor Selidiki Penyebab AC Meledak di Serpong,2018-05-31,Thursday
Google Assistant Kini Hadir dalam Bahasa Indonesia,2018-05-31,Thursday
"Berbekal Surat At-Takatsur, Santri Ini Jadi Imam di Taiwan",2018-05-31,Thursday
Senandung Kasih dari Sahabat untuk Ari Malibu,2018-06-01,Friday
"Dianggap Kredit Macet CIMB Niaga, KPR Terancam Gagal",2018-06-04,Monday
BCA Siapkan Uang Tunai Rp 45 Triliun Selama Libur Lebaran,2018-06-05,Tuesday
Jeda Siang IHSG Perkasa,2018-06-05,Tuesday
BRI dan BCA Belum Naikkan Suku Bunga Kredit,2018-06-05,Tuesday
IHSG Tutup Melemah ke 6.069,2018-06-06,Wednesday
"Bos Bank Mandiri, BNI, dan CIMB Niaga ke DPR Bahas Kesiapan Lebaran",2018-06-06,Wednesday
Jasa Marga: Kendaraan di Tol Sugem Diprediksi Naik 14 Persen,2018-06-07,Thursday
Perbankan Sediakan Puluhan Triliun Uang Tunai Selama Libur Lebaran,2018-06-07,Thursday
Indovision Daftarkan  Autopay Kartu Kredit Tanpa Konfirmasi,2018-06-07,Thursday
Bayar Kereta Bandara Sekarang Bisa Berlangganan,2018-06-08,Friday
"Index Living Mall Hadir di Transmart Banjarmasin, Ini Promonya",2018-06-08,Friday
"Pakai Kartu Langganan Kereta Bandara, Bayarnya Lebih Murah Lho",2018-06-08,Friday
BCA Tetap Berkomitmen Melayani di Masa Libur Idul Fitri 2018,2018-06-09,Saturday
Beredar Ajakan Pengguna Bayar Tunai Ojol di Libur Lebaran,2018-06-13,Wednesday
"Besok Jokowi Open House di Istana Bogor, Ini Jadwal untuk Warga",2018-06-14,Thursday
"Jokowi akan Salat Id di Bogor, JK di Istiqlal",2018-06-15,Friday
"Akhir Pekan, IHSG Ditutup Stagnan",2018-06-22,Friday
BI-OJK Duet Gelar Halalbihalal,2018-06-22,Friday
"Masih Gratis, Masuk Tol Solo-Sragen Tetap Tempel Kartu Unik",2018-06-26,Tuesday
Sampai Kapan Dolar AS Perkasa?,2018-06-28,Thursday
Apakah Dolar AS Bakal Tembus Rp 16.000?,2018-06-28,Thursday
"Kartu Kredit BCA sudah Tutup, Masih Menerima Email Promo",2018-06-28,Thursday
Mengenal Indeks Saham,2018-06-29,Friday
"BI Naikkan Bunga dan Relaksasi KPR, Saham Apa yang Layak Dibeli?",2018-06-29,Friday
"Dolar AS Perkasa, Bos BCA: Karena Perang Dagang dan Suku Bunga",2018-06-29,Friday
"Selain Suku Bunga Naik, Ini yang Bisa Buat Rupiah Perkasa",2018-06-29,Friday
"BI Izinkan Kredit Rumah Pertama Bisa Tanpa DP, Ini Respons Bank",2018-06-30,Saturday
"Jadi Pengedar Sabu 2 Tahun, Warga Sidoarjo Ini Akhirnya Ditangkap",2018-06-30,Saturday
Masih Ada Diskon 10% Setiap Beli Hunian di Sinar Mas Land,2018-07-02,Monday
Membaiknya Neraca Perdagangan Diharapkan Bisa Tahan Laju Dolar AS,2018-07-02,Monday
"Lawan Dolar AS, Euro dan Poundsterling Senasib dengan Rupiah",2018-07-02,Monday
"Gubernur Aceh Jadi Tersangka Suap, Ini Kronologi Penangkapan",2018-07-04,Wednesday
Kredit Macet Multifinance Naik Usai Lebaran,2018-07-04,Wednesday
OSO Securities: IHSG Masih Akan Lanjutkan Tren Negatif,2018-07-04,Wednesday
Ini yang Bikin Kredit Macet Multifinance Naik Usai Lebaran,2018-07-04,Wednesday
Duit Suap Gubernur Aceh untuk Beli Medali Maraton,2018-07-04,Wednesday
BCA Raih Gelar Bank Terbaik di Indonesia dan Asia untuk Ketiga Kali,2018-07-06,Friday
Sulitnya Menutup Kartu Kredit BCA,2018-07-09,Monday
"9 Saham Sektoral menguat, IHSG Naik ke 5.759",2018-07-09,Monday
"Percaya pada Asisten, Nikita Mirzani Juga Beritahu Password ATM-nya",2018-07-09,Monday
"Menguat Sepanjang Hari, IHSG Ditutup di Level 5.807",2018-07-09,Monday
"Pakai Aplikasi Ini, UMKM Makin Mudah Bayar Pajak",2018-07-10,Tuesday
"Transfer Dana dari Bank Jatim Terpending, Saldo Terpotong",2018-07-11,Wednesday
BEI Dorong Jumlah Investor Pasar Modal Tumbuh 25% Setiap Tahun,2018-07-11,Wednesday
"Balik Arah, IHSG Berhasil Parkir di Zona Hijau",2018-07-11,Wednesday
Bos BCA: Bunga Kredit akan Naik Agustus,2018-07-11,Wednesday
Penadah Puluhan Ponsel dari Hasil Penjambretan Ditangkap Polisi,2018-07-12,Thursday
"Dolar AS Mengamuk Lagi, Bos BCA: Karena Pengaruh Global",2018-07-12,Thursday
"Parkir di Zona Hijau, IHSG Ditutup di Level 5.907",2018-07-12,Thursday
"Sempat Naik Tinggi, Dolar AS Pagi Ini Turun ke Rp 14.355",2018-07-13,Friday
OSO Securities: IHSG Berpotensi Menguat,2018-07-13,Friday
Susi Pudjiastuti hingga Kaka Slank Hadir di Car Free Day Jakarta,2018-07-15,Sunday
Susi: Kita Ledakkan Kapal Maling Ikan Biar Tak Balik Lagi ke RI,2018-07-15,Sunday
Oso Securities: IHSG Diperkirakan Menguat,2018-07-16,Monday
"Melemah Seharian, IHSG Parkir di Level 5.861",2018-07-17,Tuesday
"Masih Loyo, IHSG Jatuh 42 Poin",2018-07-17,Tuesday
OSO Securities: IHSG Berpotensi Melemah,2018-07-18,Wednesday
"Kompak Jadi Pengedar Nakoba, Bapak dan Anak Ditangkap Polisi",2018-07-19,Thursday
Bankir Harap BI Tak Naikkan Bunga Acuan Lagi,2018-07-19,Thursday
OSO Securities: IHSG Diperkirakan Melemah,2018-07-19,Thursday
BNI Turut Biayai Ruas Tol Pertama di Sulawesi Utara,2018-07-19,Thursday
"Jasa Marga Dapat Utang Rp 3,3 T Garap Tol Baru ke Soetta",2018-07-20,Friday
BCA Kucurkan Kredit Sindikasi untuk Proyek Tol Kunciran-Serpong,2018-07-20,Friday
"Kartu Elektronik Bermasalah, Penumpang Antre di Stasiun Tn Abang",2018-07-23,Monday
KCI: Kartu Elektronik Bank Belum Semua Terbaca di Sistem Baru,2018-07-23,Monday
Tenun Ikat dalam Seragam Baru Korporasi BCA,2018-07-24,Tuesday
"Kuras Ratusan Juta Duit Nasabah, Komplotan Ganjal ATM Dibekuk",2018-07-25,Wednesday
Bank Jual Dolar AS di Rp 14.555,2018-07-25,Wednesday
5 Perusahaan Dicoret dari Daftar 45 Saham Unggulan,2018-07-25,Wednesday
"Cuci Gudang Index Living Mall, Diskon Hingga 60%",2018-07-25,Wednesday
"Semester I, BCA Tumbuh 8,4% Jadi Rp 11 Triliun",2018-07-26,Thursday
"Dolar AS Tekan Rupiah hingga Rp 14.444, Ini Kata Bos BCA",2018-07-26,Thursday
"Naik 12 Poin, IHSG Tutup di 5.946",2018-07-26,Thursday
"Cek Senilai Rp 1,6 Miliar Milik Bos Abu Tours Disita",2018-07-26,Thursday
"Temuan Sarang Penyu Meningkat 200%, Ini Kata Aktivis di Banyuwangi",2018-07-26,Thursday
Tim Gabungan Ringkus Kawanan Perampok Nasabah Bank di Brebes,2018-07-27,Friday
Kecewa Sistem Pembayaran dan Refund JD.ID,2018-07-27,Friday
"Bila Toko Tolak Transaksi Pakai Kartu GPN, BI: Lapor ke Kami",2018-07-30,Monday
Rini Dampingi Garuda Catatkan KIK-EBA Rp 2 Triliun di Bursa,2018-07-31,Tuesday
"Jeda Siang, IHSG Tiba-tiba Turun ke 6.021",2018-08-02,Thursday
Sumitomo Tender Offers Saham BTPN Rp 4.282 per Lembar,2018-08-02,Thursday
Ini Lokasi Tempat Terduga Teroris di Blitar Ditangkap,2018-08-04,Saturday
Startup Lokal Ini Bikin Kursus Online Khusus Profesional,2018-08-06,Monday
Belanja Furnitur Lebih Murah di Ultah Index Living Mall!,2018-08-07,Tuesday
OSO Securities: IHSG Berpotensi Lanjutkan Penguatan,2018-08-07,Tuesday
"Di Sidang Narkoba, Roro Fitria Ditanya Saldo Rp 1 M di Rekeningnya",2018-08-07,Tuesday
"Bank Mandiri Jual Surat Utang Rp 3 T, Bunga Maksimal 8,5%",2018-08-08,Wednesday
"Luna-Cut Tari Tetap Tersangka Video Porno, Hikmah Shandy Bikin Sule Marah",2018-08-08,Wednesday
Berkah Energi Pertamina di Usia 61 Tahun,2018-08-09,Thursday
"Singapore Airlines-BCA Travel Fair 2018 Dibuka, Saatnya Berburu Tiket Liburan",2018-08-10,Friday
Mencari Promo Tiket Liburan di Singapore Airlines-BCA Travel Fair,2018-08-10,Friday
Orang Terkaya RI di Kontingen Indonesia untuk Asian Games,2018-08-11,Saturday
"Berlaga di Asian Games 2018, Ini Jumlah Kekayaan Bos Djarum",2018-08-11,Saturday
"Sudah Kaya Raya, Ini yang Dilakukan Bambang Hartono Jika Dapat Bonus Asian Games",2018-08-12,Sunday
Gurita Bisnis Orang Terkaya RI yang Ikut Tanding di Asian Games,2018-08-13,Monday
"Promosikan PSK di Facebook, Muncikari Ditangkap di Apartemen",2018-08-13,Monday
Ada Bank Jual Dolar AS hingga Rp 14.700,2018-08-14,Tuesday
"Rupiah Terus Tertekan, BI Diprediksi Naikkan Bunga Acuan",2018-08-15,Wednesday
"Lira Turki Anjlok, Mengapa Indonesia Tak Berpengaruh Banyak?",2018-08-15,Wednesday
"BI Naikkan Lagi Suku Bunga, Bos BCA: Bunga KPR Sudah Naik 0,70%",2018-08-16,Thursday
Bos Sekte Penghapus Utang Bujuk Pengikut Pakai Sertifikat BI Palsu,2018-08-16,Thursday
"Terbitkan Surat Utang, Operator Tol JORR Tawarkan Bunga 10,65%",2018-08-16,Thursday
Berkenalan dengan Keluarga Indonesia Paling Tajir se-Asia,2018-08-20,Monday
"Saldo Rekening Terpotong, Saldo OVO Tak Bertambah",2018-08-20,Monday
"DP Kendaraan Bermotor Bisa 0%, Perusahaan Kredit: Risiko Tinggi",2018-08-20,Monday
"Punya Rp 1 Juta Beli Surat Utang Bunga 8%, Ini Simulasinya",2018-08-20,Monday
OSO Securities: IHSG Akan Bergerak di Kisaran 5.861-5.961,2018-08-21,Tuesday
Nyicil Mobil-Motor Nanti Bisa Tanpa DP,2018-08-21,Tuesday
Istri dan Ibu Zumi Zola Juga Kecipratan Duit Gratifikasi,2018-08-23,Thursday
Beli Kendaraan Bisa DP 0% Tak Mendukung Program Naik Angkutan Umum,2018-08-23,Thursday
Refund untuk Transaksi Gagal Ayopop belum Diterima,2018-08-23,Thursday
Jeda Siang IHSG Stagnan di 5.943,2018-08-23,Thursday
OSO: IHSG Kami Perkirakan Melemah di Kisaran 5.928-6.025,2018-08-24,Friday
8 Sektor Melemah Bikin IHSG Turun ke 5.963 di Jeda Siang,2018-08-24,Friday
Menilik Potensi Emas Perkembangan Properti di Jakarta Timur,2018-08-24,Friday
Melihat Masjid Kubah Emas Lebih Dekat,2018-08-24,Friday
"Kampung Sampireun, Cocok Buat Honeymoon Juga Wisata Keluarga",2018-08-26,Sunday
Jeda Siang IHSG Menanjak 45 Poin ke 6.014,2018-08-27,Monday
Orang Terkaya RI Raih Medali di Asian Games 2018,2018-08-27,Monday
"Rupiah Masih Keok, IHSG Tetap Perkasa ke 6.025",2018-08-27,Monday
"Dapat Medali di Asian Games, Ini Jumlah Harta Orang Terkaya RI",2018-08-27,Monday
"Bunga Deposito BCA Bisa Naik Lagi Jadi 5,75%",2018-08-27,Monday
"Asing Lepas Rp 200 M, IHSG Turun ke 6.010",2018-08-29,Wednesday
OSO Securities: IHSG Hari Ini Diproyeksi Melemah,2018-08-29,Wednesday
"Puncak Becici, Keindahan Hakiki Tanpa Perlu Mendaki",2018-08-29,Wednesday
Mengenal Orang Terkaya RI yang Dapat Medali Asian Games,2018-08-29,Wednesday
Bank Jual Dolar AS Sampai Rp 14.785,2018-08-30,Thursday
"Kesan Bambang Hartono, Orang Terkaya RI Saat Dapat Bonus dari Jokowi",2018-09-02,Sunday
Ketika Orang Terkaya RI Terima Bonus Asian Games dari Jokowi,2018-09-02,Sunday
"Pak Bambang Hartono, Bonus dari Jokowi Mau Buat Apa?",2018-09-02,Sunday
Canda Bos BCA Bila Bambang Hartono Jadi PNS: Kasihan Kadisnya,2018-09-03,Monday
"Bambang Hartono Jadi Nasabah BRI, Ini Tanggapan Bos BCA",2018-09-03,Monday
Senyum dan Kesan Orang Terkaya RI Terima Bonus dari Jokowi,2018-09-03,Monday
Bonus Asian Games 2018 Cuma Remah-Remah untuk Bambang Hartono,2018-09-03,Monday
"Bambang Hartono Dapat Perunggu Asian Games, Bos BCA: Untung Bukan Emas",2018-09-03,Monday
OSO Securities: IHSG Diprediksi Lanjutkan Pelemahan,2018-09-03,Monday
"Kisah Bambang Hartono, Pemilik BCA Jadi Nasabah BRI",2018-09-03,Monday
Aneka Canda Netizen soal Bonus untuk Orang Terkaya Peraih Medali,2018-09-03,Monday
Bisakah Dolar AS Tembus Rp 15.000?,2018-09-04,Tuesday
Ketika Bos Besar BCA Jadi Nasabah BRI,2018-09-04,Tuesday
Bank Sudah Jual Dolar AS Rp 15.000,2018-09-05,Wednesday
"Dolar AS Jinak, IHSG Melesat 1,6% ke 5.776",2018-09-06,Thursday
Begini Cara ASN di Purworejo Pesan Sabu ke Napi Nusakambangan,2018-09-06,Thursday
"Menguat Sendirian di Asia, IHSG Naik ke 5.796",2018-09-07,Friday
OSO Securities: IHSG Bisa Tutup Akhir Pekan di Zona Merah,2018-09-07,Friday
Penguatan Sektor Properti Bisa Bantu RI Lawan 'Amukan' Dolar AS,2018-09-07,Friday
"Cerita Bos BCA, Hadapi Krisis 1998 sampai Bank 'Jaman Now'",2018-09-08,Saturday
"Dulu Tukang Sewa Kaset Video, Kini Jahja Jadi Bos BCA",2018-09-08,Saturday
Cerita Bos BCA Soal Krisis 1998,2018-09-08,Saturday
Bos BCA: Digitalisasi Adalah Sebuah Keharusan,2018-09-08,Saturday
Perjalanan Jahja dari Tukang Sewa Kaset Video hingga Jadi Bos BCA,2018-09-09,Sunday
2 Perampok Dolar AS Bermodus Kempis Ban Diciduk,2018-09-10,Monday
"Masih Melempem, IHSG Parkir di 5.823 Pada Jeda Siang",2018-09-10,Monday
5 Begal Rampas Motor Milik Remaja di Jakpus,2018-09-11,Tuesday
OSO Securities: IHSG Bergerak Menguat antara 5.776-5.906,2018-09-12,Wednesday
"Diserbu Aksi Jual, IHSG Melempem ke 5.798 Sore Ini",2018-09-12,Wednesday
OSO: IHSG Bakal Lanjutkan Penguatan di Kisaran 5.769-5.889,2018-09-13,Thursday
"Tinggalkan Motor, Agus Tewas Gantung Diri di TPU di Depok",2018-09-13,Thursday
"Buka Lapak di Medsos, Sindikat Pemalsu STNK Ditangkap Polisi",2018-09-13,Thursday
Ramai #CrazyRichSurabayan Tandingi Crazy Rich Asian,2018-09-14,Friday
Melirik Bisnis Perlengkapan Outdoor yang Masih Menjanjikan,2018-09-16,Sunday
"Dapat Utang Rp 8 T, Operator Tol Cipali Bangun Jalan ke Kertajati",2018-09-18,Tuesday
Mereken Rupiah di Negeri Sendiri,2018-09-19,Wednesday
Asing Beli Bersih Rp 500 M Tapi IHSG Masih Melempem ke 5.893,2018-09-24,Monday
Rupiah dan Meningkatnya Transaksi Digital,2018-09-24,Monday
"Ditutup di Zona Merah, IHSG Bertengger di 5.882",2018-09-24,Monday
"Obligasi Bank Mandiri Kelebihan Permintaan 1,36 Kali",2018-09-24,Monday
Sidang Perdana Keyko si Ratu Prostitusi Online Diwarnai Isak Tangis,2018-09-25,Tuesday
"Dear Traveler, Blibli Bikin Online Travel Fair",2018-09-25,Tuesday
"Rupiah Loyo, IHSG Menguat ke 5.929",2018-09-27,Thursday
"Sudah Diresmikan Presiden, Tol Desari Belum Dibuka untuk Umum",2018-09-28,Friday
"Buat Warga Bandung, Selama 3 Minggu Naik TMB Cuma Rp 500",2018-09-28,Friday
"Kalau Lowong, Antasari-Brigif Lewat Tol Desari di Bawah 10 Menit",2018-09-29,Saturday
Mau Liburan Hemat? Datang Dulu ke Pameran Wisata ini,2018-09-30,Sunday
Dompet Amal Trans Corp untuk Palu dan Donggala,2018-09-30,Sunday
Polisi Tangkap 4 Pria yang Bobol ATM di Palu,2018-10-01,Monday
Dolar AS Masih Bisa Menguat Hingga Rp 15.500,2018-10-02,Tuesday
Bantu Korban Gempa-Tsunami Sulteng Lewat Dompet Amal Transmedia,2018-10-02,Tuesday
"Yuk Bantu Sulteng, Donasi Dompet Amal Transmedia Capai Rp 1,1 M",2018-10-02,Tuesday
"Mari Bantu Sulteng, Donasi Dompet Amal Transmedia Capai Rp 2 M",2018-10-03,Wednesday
"Selain Laut dan Udara, Keluar Palu Juga Bisa Lewat Darat",2018-10-03,Wednesday
Pelni Siapkan 7 Kapal untuk Angkut Penumpang dan Bantuan Gempa Palu,2018-10-03,Wednesday
"Geger Biaya Oplas Ratna dari Rekening Bantuan Toba, IG Atiqah Makin 'Meriah'",2018-10-04,Thursday
"Beli ORI015 Rp 10 Juta, 3 Tahun Jadi Berapa?",2018-10-04,Thursday
Atiqah Hasiholan Ternyata Sempat Ikut Galang Dana Bantuan Toba di Instagram,2018-10-04,Thursday
"Yuk Bantu Sulteng, Donasi Dompet Amal Transmedia Capai Rp 2,7 M",2018-10-04,Thursday
"Top Up OVO Dianggap Gagal, Refund belum Diterima",2018-10-05,Friday
OSO Securities: IHSG Masih Lanjutkan Pelemahan,2018-10-05,Friday
"Kompak dengan Bursa Global, IHSG Melemah ke 5.731",2018-10-05,Friday
"Mari Bantu Sulteng, Donasi Dompet Amal Transmedia Capai Rp 3,5 M",2018-10-05,Friday
"Yang di Semarang, Yuk Berburu Diskon di GATF",2018-10-05,Friday
Sosialisasi Transaksi Swap Lindung Nilai bagi Nasabah Eksportir BCA,2018-10-06,Saturday
"Beda Arah, Rupiah ke Bawah IHSG ke Atas",2018-10-08,Monday
Bank Masih Jual Dolar AS di Bawah Rp 15.300,2018-10-08,Monday
Inovasi dan Nilai Transformasi Digital Jadi Tema IKF VII,2018-10-08,Monday
"Liburan Natal, Jasa Travel Ini Tawarkan Tur ke Kampung Sinterklas",2018-10-08,Monday
OSO Securities: IHSG Berpotensi Rebound di Level 5.683-5.798,2018-10-08,Monday
"Ayo Bantu Sulteng, Donasi Dompet Amal Transmedia Capai Rp 4,6 M",2018-10-08,Monday
"Sudah Kedaluwarsa, Kartu Kredit Pengganti BCA belum Diterima",2018-10-08,Monday
"Donasi Dompet Amal Transmedia Capai Rp 5,2 M, Ayo Terus Bantu Sulteng",2018-10-09,Tuesday
IHSG Menguat ke 5.796 Meski Asing Lepas Saham Rp 300 M,2018-10-09,Tuesday
Cicilan Rumah Rp 1 Jutaan dari Ciputra Group,2018-10-09,Tuesday
"Pencurian Pecah Kaca Mobil di Sukabumi, Duit Rp 200 Juta Raib",2018-10-10,Wednesday
"Yuk Bantu Sulteng, Donasi Dompet Amal Transmedia Capai Rp 5,6 M",2018-10-10,Wednesday
"Transaksi Sepi, Penguatan IHSG Tertahan di 5.804",2018-10-10,Wednesday
IHSG Naik 23 Poin ke 5.820,2018-10-10,Wednesday
"Polisi Amankan 6 Kg Sabu Asal China, 2 Pengedarnya Ditangkap",2018-10-10,Wednesday
Syarat agar Harga Premium Naik Tak Tekan Daya Beli Masyarakat,2018-10-11,Thursday
Ini Dampaknya Jika Pemerintah Tetap Tunda Kenaikan Harga Premium,2018-10-11,Thursday
"Donasi Dompet Amal Transmedia Capai Rp 6 M, Yuk Terus Bantu Sulteng",2018-10-11,Thursday
"Selamatkan Defisit Transaksi Berjalan, Harga Premium Harus Naik",2018-10-11,Thursday
OSO Securities: IHSG Diperkirakan Melemah ke 5.621-5.733,2018-10-12,Friday
"Mari Bantu Sulteng, Donasi Dompet Amal Transmedia Capai Rp 6,3 M",2018-10-12,Friday
"Jokowi Ibaratkan Ekonomi Dunia bak Game of Thrones, Apa Maksudnya?",2018-10-12,Friday
"Mengaku Mekanik Listrik, Residivis Rampok Rumah di Pekanbaru",2018-10-12,Friday
Memaknai 'Evil Winter' di Perang Dagang AS-China yang Dimaksud Jokowi,2018-10-12,Friday
"Lanjutkan Penguatan, IHSG Parkir di 5.758",2018-10-12,Friday
Perang Dagang Bisa Berujung Perang Dunia Ke-3,2018-10-12,Friday
"Lugano Lake Park, Rumah dengan Pesona Danau Lugano dan Mal Ciputra",2018-10-12,Friday
IHSG Betah di Zona Hijau Jelang Akhir Pekan,2018-10-12,Friday
"Kondisi Ekonomi Global Ibarat Game of Thrones, Ini Dampaknya ke RI",2018-10-13,Saturday
Projo: Jokowi Menginspirasi Dunia Lewat Pidato 'Game of Thrones',2018-10-13,Saturday
"Ekonomi Dunia Disebut Bak Game of Thrones, Seperti Apa Sebenarnya?",2018-10-13,Saturday
"Ekonomi Dunia Layaknya Game of Thrones, Ini yang Perlu Diwaspadai",2018-10-13,Saturday
"IHSG Lanjutkan Penguatan ke 5.758,40",2018-10-15,Monday
"Donasi Dompet Amal Transmedia Capai Rp 6,8 M, Yuk Bantu Sulteng",2018-10-15,Monday
"IHSG Buka Awal Pekan, OSO: Kami Prediksi Lanjutkan Penguatan",2018-10-15,Monday
"Berbalik ke Zona Merah, IHSG Ditutup di Level 5.727",2018-10-15,Monday
Ini Ragam Keuntungan Investasi ORI015,2018-10-15,Monday
"Mari Bantu Sulteng, Donasi Dompet Amal Transmedia Capai Rp 7,1 M",2018-10-16,Tuesday
IHSG Lanjutkan Penguatan ke 5.830 di Jeda Siang,2018-10-17,Wednesday
"Donasi Dompet Amal Transmedia Capai Rp 7,3 M, Ayo Bantu Sulteng",2018-10-17,Wednesday
2 Remaja di Jakut Tewas Tertabrak Usai Salip Metromini dari Kiri,2018-10-17,Wednesday
OSO Securities: IHSG Bergerak Menguat di Kisaran 5.761-5.882,2018-10-17,Wednesday
Roro Fitria Divonis 4 Tahun Penjara dan Denda Rp 800 Juta karena Narkoba,2018-10-18,Thursday
IHSG Lanjutkan Pelemahan di Zona Merah,2018-10-18,Thursday
"Mari Bantu Sulteng, Donasi Dompet Amal Transmedia Capai Rp 7,4 M",2018-10-18,Thursday
"Divonis 4 Tahun Penjara, Roro Fitria Minta Tes Urine Lagi",2018-10-18,Thursday
"Top Up OVO, Saldo Terpotong tapi Dana tidak Masuk",2018-10-19,Friday
"Awkarin Jadi Relawan Palu, Roro Fitria Divonis 4 Tahun Penjara",2018-10-19,Friday
OSO Securities: IHSG Diperkirakan Melemah,2018-10-19,Friday
"Donasi Dompet Amal Transmedia Capai Rp 7,6 M, Yuk Bantu Sulteng",2018-10-19,Friday
"ATM di Mojokerto Dibobol dengan Las, Pelaku Bawa Kabur Rp 673 Juta",2018-10-20,Saturday
Bagaimana Cara Menemukan Market Leader?,2018-10-20,Saturday
Buat Kamar Tidur Semakin Nyaman dengan 3 Furnitur Ini,2018-10-22,Monday
Sejak Awal Target Jokowi Ekonomi Tumbuh 7% Tidak Realistis,2018-10-22,Monday
"Rekening Bank sudah Berkurang, Saldo OVO Tak Bertambah",2018-10-22,Monday
"Mari Bantu Sulteng, Donasi Dompet Amal Transmedia Capai Rp 7,7 M",2018-10-22,Monday
Yakin Kamu Berinvestasi di Emiten yang Tepat? Begini Ngukurnya,2018-10-23,Tuesday
"Donasi Dompet Amal Transmedia Capai Rp 7,8 M, Ayo Terus Bantu Sulteng",2018-10-23,Tuesday
DP Kendaraan Nol Persen Bakal Merugikan Konsumen,2018-10-24,Wednesday
OSO Securities: IHSG Cenderung Melemah Kisaran 5.746-5.827,2018-10-24,Wednesday
"Mari Bantu Sulteng, Donasi Dompet Amal Transmedia Capai Rp 8 M",2018-10-24,Wednesday
Wow! 6 Perusahaan Indonesia Masuk Daftar Terbaik Dunia,2018-10-24,Wednesday
"6 Perusahaan RI Terbaik di Dunia, Ini Sejarahnya",2018-10-24,Wednesday
"Daftar Perusahaan Terbaik Dunia, Ada 6 dari Indonesia",2018-10-24,Wednesday
Meski Tipis Pembiayaan Sektor Otomotif Alami Kenaikan,2018-10-24,Wednesday
Lembaga Pembiayaan Ini Sudah Danai Pembelian Mobil Hingga Rp 25 Triliunan,2018-10-24,Wednesday
"Bencana Sulteng, Buat Lembaga Pembiayaan Tunda Tarik Tagihan Kredit",2018-10-24,Wednesday
Berapa Sih Gaji di 6 Perusahaan RI Terbaik Dunia Ini?,2018-10-24,Wednesday
Bunga BI Tinggi Bikin Pendapatan Bunga Bersih Bank Turun,2018-10-25,Thursday
"Laba Bersih BCA di Kuartal III-2018 Naik 9,9% Jadi Rp 18,5 T",2018-10-25,Thursday
"Jeda Siang, IHSG Bergerak Naik ke 5.711",2018-10-25,Thursday
Dolar AS 'Ngamuk' Lagi ke 15.210,2018-10-25,Thursday
"Bagi Leasing, Pembiayaan Kredit Mobil Bekas Lebih Berisiko",2018-10-26,Friday
Pedagang Elektronik di Riau Bobol Bank dengan Cara Ini,2018-10-26,Friday
"Mari Bantu Sulteng, Donasi Dompet Amal Transmedia Capai Rp 8,2 M",2018-10-26,Friday
"Bursa Asia Merah, IHSG Menghijau ke 5.784",2018-10-26,Friday
"Gagal Menguat, IHSG Ditutup Memerah ke 5.754",2018-10-29,Monday
Nggak Bawa Uang Elektronik ke IMOS 2018? Ini Solusinya,2018-10-30,Tuesday
"Mari Bantu Sulteng, Donasi Dompet Amal Transmedia Capai Rp 8,4 M",2018-10-30,Tuesday
"Hijau Seharian, IHSG Parkir di 5.789",2018-10-30,Tuesday
OSO Securities: IHSG Diperkirakan Melemah di 5.669-5.780,2018-10-30,Tuesday
"Donasi Dompet Amal Transmedia Capai Rp 8,5 M, Ayo Bantu Sulteng!",2018-10-31,Wednesday
4 Pelaku Bobol ATM Bermodus Ganjal Tusuk Gigi Diringkus,2018-10-31,Wednesday
Hanya Butuh 1 Jam Komplotan Ini Bobol ATM dan Kuras Rp 673 Juta,2018-11-01,Thursday
"Komplotan Pembobol ATM Rp 673 Juta Diringkus, 3 Pelaku Ditembak",2018-11-01,Thursday
"Kemenkeu Terbitkan Surat Utang Syariah Berbunga 8,3%",2018-11-01,Thursday
"Donasi Dompet Amal Transmedia Capai Rp 8,5 M, Ayo Bantu Sulteng",2018-11-01,Thursday
"Beli Surat Utang Syariah Pemerintah, Berapa Untungnya?",2018-11-01,Thursday
"Jeda Siang, IHSG Tergelincir ke 5.724",2018-11-02,Friday
5 Perusahaan Dengan Laba Bersih Paling Jumbo di Pasar Modal,2018-11-05,Monday
"Mari Bantu Sulteng, Donasi Dompet Amal Transmedia Capai Rp 8,8 M",2018-11-05,Monday
"Donasi Dompet Amal Transmedia Capai Rp 8,8 M, Ayo Terus Bantu Sulteng",2018-11-06,Tuesday
IHSG Ditutup Menguat Tipis ke 5.923,2018-11-06,Tuesday
"Ayo Bantu Sulteng, Donasi Dompet Amal Transmedia Capai Rp 8,8 M",2018-11-07,Wednesday
Tiket Pertunjukan 'Mahabarata' Teater Koma 75 Persen Terjual,2018-11-07,Wednesday
"Garong 2 Rumah di Pasuruan, Pasutri Siri Diamankan",2018-11-07,Wednesday
"Asing Beli Saham Rp 800 M, IHSG Melempem ke 5.909",2018-11-07,Wednesday
"Mari Bantu Sulteng, Donasi Dompet Amal Transmedia Capai Rp 8,9 M",2018-11-08,Thursday
"Donasi Dompet Amal Transmedia Capai Rp 8,97 M, Ayo Bantu Sulteng",2018-11-09,Friday
"Donasi Dompet Amal Transmedia Capai Rp 9 M, Mari Bantu Sulteng",2018-11-12,Monday
"Donasi Dompet Amal Transmedia Capai Rp 9,03 M, Ayo Bantu Sulteng",2018-11-13,Tuesday
"Mari Bantu Sulteng, Donasi Dompet Amal Transmedia Capai Rp 9,04 M",2018-11-14,Wednesday
"4 Bank Kucurkan Rp 4,5 Triliun untuk Proyek 35.000 MW",2018-11-14,Wednesday
"PLN Dapat Pinjaman Rp 4,5 Triliun dari Perbankan Nasional",2018-11-14,Wednesday
"PLN Dapat Pinjaman Rp 4,5 Triliun dari Perbankan Nasional",2018-11-14,Wednesday
Ratusan Bankir Kumpul Bahas Perbankan di Era Digital,2018-11-15,Thursday
"Betah di Zona Hijau, IHSG Ditutup di 6.012",2018-11-16,Friday
"Gagal Bertahan, IHSG Lengser dari 6.000 di Jeda Siang",2018-11-19,Monday
"Mari Bantu Sulteng, Donasi Dompet Amal Transmedia Capai Rp 9,09 M",2018-11-19,Monday
"Mayoritas Bursa Asia Menguat, IHSG Bertengger di 6.005",2018-11-19,Monday
Punya Kamar Tidur Mungil? Yuk Intip Trik Menatanya,2018-11-19,Monday
Pagi Ini Dolar AS Tekan Rupiah ke Rp 14.604,2018-11-21,Wednesday
DP Murah Belum Tentu Banyak yang Beli Motor,2018-11-22,Thursday
"Ayo Bantu Sulteng, Donasi Dompet Amal Transmedia Capai Rp 9,1 M",2018-11-22,Thursday
"Pertahankan Tren Positif, IHSG Parkir di Level 5.987",2018-11-22,Thursday
"Top Up OVO, Saldo tidak Bertambah",2018-11-22,Thursday
Direktur BCA Jual Saham Rp 744 Juta,2018-11-23,Friday
"Kartu Flash Rusak, Kecewa Proses Refund BCA",2018-11-26,Monday
"Terbitkan NCD BPD Terbesar, Bank Jateng Alami Kelebihan Permintaan",2018-11-27,Tuesday
"Mari Bantu Sulteng, Donasi Dompet Amal Transmedia Capai Rp 9,2 M",2018-11-27,Tuesday
OSO Securities: IHSGÂ DiperkirakanÂ MenguatÂ ke 6.086,2018-11-27,Tuesday
"Terbitkan NCD BPD Terbesar, Bank Jateng Alami Kelebihan Permintaan",2018-11-27,Tuesday
"Top Up OVO Gagal, tidak Ada Kepastian Refund",2018-11-28,Wednesday
"Resmikan 254 Rumah Dinas Anggota, Panglima Cerita Jadi 'Anak Kolong'",2018-11-29,Thursday
"BCA Kucurkan Kredit Rp 7,1 T ke Pupuk Indonesia",2018-11-29,Thursday
"Mari Bantu Sulteng, Donasi Dompet Amal Transmedia Capai Rp 9,3 M",2018-11-29,Thursday
"Rupiah Perkasa, IHSG Melesat Nyaris 2%",2018-11-29,Thursday
Cara Penyedia Dompet Digital Berebut Pelanggan,2018-12-02,Sunday
Fenomena Belanja Kekinian Tanpa Uang Tunai hingga Kartu,2018-12-02,Sunday
"Simpan Uang di Dompet Digital Demi Belanja Pakai QR, Aman?",2018-12-02,Sunday
"Musim Hujan Tiba, Ini yang Harus Diperhatikan Pengendara Mobil",2018-12-03,Monday
Eks Wagub Bali Jadi Tersangka Kasus Pencucian Uang Rp 149 Miliar,2018-12-03,Monday
Asyik! Pesan Go-Jek Bisa Suruh Google Assistant,2018-12-04,Tuesday
Tips Bijak Manfaatkan Bonus Akhir Tahun,2018-12-04,Tuesday
Saksi Akui Pernah Berikan Cek dan Rp 2 M ke 'Orang' Eni Saragih,2018-12-04,Tuesday
Tips Miliki Mobil Pribadi di Usia 30-an,2018-12-05,Wednesday
Saham Saratoga yang Dijual Sandi Ternyata Sepi Transaksi,2018-12-05,Wednesday
"Dijual Sandiaga, Berapa Harga Saham Saratoga Sekarang?",2018-12-05,Wednesday
"Perang Dagang AS-China Bisa Bikin Rupiah Menguat, Asal.....",2018-12-06,Thursday
"Dolar AS Rp 14.500, Investor Ragu AS-China Benar-benar 'Rujuk'",2018-12-06,Thursday
Dolar AS Diramal di Kisaran Rp 14.400-Rp 14.500 hingga Akhir Tahun,2018-12-06,Thursday
"Transaksi Tembus Rp 9,7 T, IHSG Menguat  ke 6.135",2018-12-07,Friday
"Mari Bantu Sulteng, Donasi Dompet Amal Transmedia Capai Rp 9,3 M",2018-12-07,Friday
Bisakah negara bangun Infrastruktur Tanpa Berutang?,2018-12-09,Sunday
Adakah Negara yang Bisa Bangun Infrastruktur Tanpa Berutang?,2018-12-10,Monday
"Buka Lowongan Kerja Palsu Konjen AS, Residivis Narkoba Diciduk",2018-12-10,Monday
"Sandiaga Mau Tiru Cara Putin Naikkan Penerimaan Pajak, Efektif?",2018-12-10,Monday
Industri Animasi di Zaman Milenium,2018-12-11,Tuesday
Tips Miliki Mobil Pribadi di Usia 30-an,2018-12-12,Wednesday
"Sebelum Beli Mobil, Perhatikan Hal-hal Berikut Ini",2018-12-12,Wednesday
Pergi Liburan Naik Mobil? Biar Aman Jangan Lupa Perhatikan Ini,2018-12-13,Thursday
Pergi Liburan Naik Mobil? Biar Aman Jangan Lupa Perhatikan Ini,2018-12-13,Thursday
Hakim Minta Jaksa KPK Buka Blokir Rekening Pengusaha Kotjo,2018-12-13,Thursday
Index Living Mall Adakan Promo Serba 12 Selama 4 Hari!,2018-12-13,Thursday
10 Tahun Duo Hartono Tak Tergantikan Jadi Orang Terkaya RI,2018-12-13,Thursday
"BCA Himpun Rp 2,553 M dalam Gerakan Buku Untuk Indonesia",2018-12-14,Friday
"Musim Hujan Tiba, Ini yang Harus Diperhatikan Pengendara Mobil",2018-12-14,Friday
Inilah Masjid Tertua dan Bersejarah di Banjarmasin,2018-12-14,Friday
Neraca Perdagangan November Diprediksi Masih Defisit,2018-12-17,Monday
"Seharian Merah, IHSG Ditutup di Level 6.081",2018-12-18,Tuesday
IHSG Lanjutkan Pelemahan ke Zona Merah di Jeda Siang,2018-12-18,Tuesday
"Gangguan Internet Banking BCA, Netizen Bertanya-tanya",2018-12-19,Wednesday
Perdagangan IHSG Ditutup di Level 6.176,2018-12-19,Wednesday
"Layanan M-Banking Pulih, Ini Penjelasan BCA",2018-12-19,Wednesday
"Layanan M-Banking Gangguan, Ini Kata Bos BCA",2018-12-19,Wednesday
"Layanan M-Banking Gangguan, Bos BCA: Jam 10.00 Sudah Normal",2018-12-19,Wednesday
OSO Securities: IHSG Diperkirakan Menguat di Kisaran 6.056-6.160,2018-12-19,Wednesday
"Gangguan M-Banking, Bos BCA: Mohon Maaf Semua Nasabah",2018-12-19,Wednesday
"Masuk RI, Alipay dan WeChat Pay Wajib Gandeng Bank Lokal",2018-12-20,Thursday
"BI Tahan Bunga Acuan, IHSG DItutup di Zona Merah",2018-12-20,Thursday
Bankir Harap Bunga Acuan BI Naik Agar Rupiah Tak Melempem,2018-12-20,Thursday
"KPK Gadungan Terciduk di Cianjur, Ini Tampang dan Buktinya",2018-12-21,Friday
'Katedral Bawah Tanah' yang Lindungi Tokyo dari Banjir,2018-12-22,Saturday
OSO Securities: IHSG Bergerak Menguat di Kisaran 6.126-6.225,2018-12-26,Wednesday
"Ayo Bantu Sulteng, Donasi Dompet Amal Transmedia Capai Rp 9,4 M",2018-12-26,Wednesday
Inalum Janji Kembalikan US$ 4 Miliar Jika Gagal Rebut Freepot,2018-12-28,Friday
"Rehat Siang, IHSG Masih Kuat di Zona Hijau",2018-12-28,Friday
"Diguyur Rp 4 Triliun, Proyek Tol Japek Selatan 62 Km Dikebut",2018-12-29,Saturday
"Menyamar Jadi Teknisi, Pemuda di Bogor Bobol ATM",2018-12-30,Sunday
Catat! Pengalihan Arus Lalin dan Kantong Parkir Car Free Night Jakarta,2018-12-30,Sunday
Mujiono dan Cerita Bayar Utang dengan Uang Mainan,2018-12-31,Monday
"Donasi Dompet Amal Transmedia Capai Rp 9,47 M, Yuk Bantu Sulteng",2018-12-31,Monday
"Tahun Baruan ke Car Free Night Jakarta, Baca Dulu Tipsnya",2018-12-31,Monday
Ini 5 Saham yang Paling Banyak Diborong Asing pada 2018,2019-01-01,Tuesday
Ini 5 Saham yang Paling Banyak Diborong Asing pada 2018,2019-01-01,Tuesday
"Akuisisi Dua Bank, BCA Tak Perlu Merger Anak Usaha Bank?",2019-01-02,Wednesday
"Akuisisi Dua Bank, BCA Tak Perlu Merger Anak Usaha Bank?",2019-01-02,Wednesday
"Soal Tol Tanpa Utang, Tim Jokowi-Ma",2019-01-02,Wednesday
Asing Borong Saham Big Cap saat IHSG di Zona Merah,2019-01-02,Wednesday
Asing Borong Saham Big Cap saat IHSG di Zona Merah,2019-01-02,Wednesday
"Simak! JSMR Dapat Utang, Saham Grup Bakrie ",2019-01-02,Wednesday
Berbagai Rencana Akuisisi Awali Aksi Emiten di Awal Tahun,2019-01-03,Thursday
Berbagai Rencana Akuisisi Awali Aksi Emiten di Awal Tahun,2019-01-03,Thursday
Simak Racikan Jitu Broker untuk Perdagangan Hari ke-2 di 2019,2019-01-03,Thursday
"Evolusi Tol Jakarta-Cikampek, Dari Era Soeharto hingga Jokowi",2019-01-03,Thursday
Kemenkeu Tawarkan Surat Utang Ketengan Mulai 10 Januari!,2019-01-03,Thursday
Kemenkeu Tawarkan Surat Utang Ketengan Mulai 10 Januari!,2019-01-03,Thursday
"Langkah Kuda, Paket 2 Tol Japek Selatan Dilelang April 2019",2019-01-04,Friday
"Setahun Berlalu, Investor Strategis Bank Harda Masih Gelap",2019-01-04,Friday
"Setahun Berlalu, Investor Strategis Bank Harda Masih Gelap",2019-01-04,Friday
"Rupiah Dekati Level Rp 13.000/US$, Saham BCA Diborong Asing",2019-01-07,Monday
"Rupiah Dekati Level Rp 13.000/US$, Saham BCA Diborong Asing",2019-01-07,Monday
"Jelang Penguatan Lanjutan IHSG, Simak Saham Pilihan Broker",2019-01-07,Monday
"Jelang Penguatan Lanjutan IHSG, Simak Saham Pilihan Broker",2019-01-07,Monday
Intip Saham-saham Pilihan Broker untuk Hari ini,2019-01-08,Tuesday
"Perhatian Investor! Bunga SBR-005 Ditetapkan 8,15%",2019-01-08,Tuesday
"Perhatian Investor! Bunga SBR-005 Ditetapkan 8,15%",2019-01-08,Tuesday
"Hijrah ke Digital, Transaksi Nasabah di Cabang BCA Tinggal 3%",2019-01-09,Wednesday
"Holding Period Tax Amnesty Berakhir, Apakah Dana Bakal Kabur?",2019-01-09,Wednesday
"Holding Period Tax Amnesty Berakhir, Apakah Dana Bakal Kabur?",2019-01-09,Wednesday
"Hijrah ke Digital, Transaksi Nasabah di Cabang BCA Tinggal 3%",2019-01-09,Wednesday
"Likuiditas Ketat, BCA Targetkan Kredit Tumbuh 8-10%",2019-01-09,Wednesday
"Likuiditas Ketat, BCA Targetkan Kredit Tumbuh 8-10%",2019-01-09,Wednesday
"Harga Saham Naik 15%, Ada Apa dengan Bank Ganesha?",2019-01-09,Wednesday
"Harga Saham Naik 15%, Ada Apa dengan Bank Ganesha?",2019-01-09,Wednesday
"Ada Sinyal Rebound, Ini Saham Pilihan Broker",2019-01-09,Wednesday
"Pemerintah Rilis SBR005, Bisa Dibeli Mulai Rp 1 Juta",2019-01-10,Thursday
"Pemerintah Rilis SBR005, Bisa Dibeli Mulai Rp 1 Juta",2019-01-10,Thursday
"Asing Masuk Lagi Rp 776 M, BBRI & BMRI Diborong",2019-01-10,Thursday
"Asing Masuk Lagi Rp 776 M, BBRI & BMRI Diborong",2019-01-10,Thursday
"Jadi Idola Asing, Saham Telkom Terus Diburu",2019-01-11,Friday
"Bayar Utang, Tiphone Rilis Obligasi Rp 500 Miliar",2019-01-11,Friday
"Bayar Utang, Tiphone Rilis Obligasi Rp 500 Miliar",2019-01-11,Friday
"Jadi Idola Asing, Saham Telkom Terus Diburu",2019-01-11,Friday
"Finalisasi Divestasi ANZ, Saham Bank Panin Melesat 7,37%",2019-01-11,Friday
BCA Finance: DP 0% Kredit Mobil Akan Tumbuh,2019-01-11,Friday
BCA Finance: DP 0% Kredit Mobil Akan Tumbuh,2019-01-11,Friday
"Finalisasi Divestasi ANZ, Saham Bank Panin Melesat 7,37%",2019-01-11,Friday
"Soal Akuisisi Dua Bank, Bos BCA: Janur Sudah Siap",2019-01-12,Saturday
"Soal Akuisisi Dua Bank, Bos BCA: Janur Sudah Siap",2019-01-12,Saturday
"Dari Hero sampai BCA, Perhatikan Informasi 5 Emiten Ini",2019-01-14,Monday
"Dari Hero sampai BCA, Perhatikan Informasi 5 Emiten Ini",2019-01-14,Monday
"Soal Rencana Akuisisi, Bos BCA: Satu Sudah Siap Janurnya",2019-01-14,Monday
"Pertama Kali Sejak Maret 2018, IHSG Tembus 6.400",2019-01-15,Tuesday
"Pertama Kali Sejak Maret 2018, IHSG Tembus 6.400",2019-01-15,Tuesday
"BCA Bakal Kerja Sama Dengan We Chat & Alipay, Untuk Apa?",2019-01-15,Tuesday
"BCA Bakal Kerja Sama Dengan We Chat & Alipay, Untuk Apa?",2019-01-15,Tuesday
BCA Pastikan Akuisisi Bank Kecil Rampung Tahun Ini,2019-01-15,Tuesday
"IHSG Berpotensi Menguat, Simak Rekomendasi Saham Ini",2019-01-15,Tuesday
Sejauh Mana Proses Rencana Akuisisi Bank BCA?,2019-01-15,Tuesday
Sejauh Mana Proses Rencana Akuisisi Bank BCA?,2019-01-15,Tuesday
"IHSG Melemah Kemarin, Pantau Terus 6 Emiten Ini",2019-01-15,Tuesday
"IHSG Melemah Kemarin, Pantau Terus 6 Emiten Ini",2019-01-15,Tuesday
BCA Pastikan Akuisisi Bank Kecil Rampung Tahun Ini,2019-01-15,Tuesday
"Sempat Turbulensi, Ini Alasan IHSG Finis di Atas 6.400",2019-01-16,Wednesday
"Sempat Turbulensi, Ini Alasan IHSG Finis di Atas 6.400",2019-01-16,Wednesday
"Masuki Sesi Perdagangan Eropa, Euro Pukul Mundur Dolar",2019-01-16,Wednesday
"Debitur Bank Besar, Siap-siap Anda Wajib IPO",2019-01-16,Wednesday
"Debitur Bank Besar, Siap-siap Anda Wajib IPO",2019-01-16,Wednesday
"Duh, IHSG Harus Rela Tinggalkan Level 6.400",2019-01-16,Wednesday
"Bursa Saham Asia Melemah, IHSG Masih Bisa Menghijau",2019-01-16,Wednesday
BCA Akan Akuisisi Satu Bank Kecil,2019-01-16,Wednesday
"Dolar AS vs Yen, Investor Pilih Mana?",2019-01-16,Wednesday
"Harga Saham Bank Ganesha Terbang Lagi, Ada Apa?",2019-01-16,Wednesday
"Harga Saham Bank Ganesha Terbang Lagi, Ada Apa?",2019-01-16,Wednesday
"IHSG Tembus Level 6.400, Simak 5 Aksi Emiten Ini",2019-01-16,Wednesday
"IHSG Tembus Level 6.400, Simak 5 Aksi Emiten Ini",2019-01-16,Wednesday
BCA Akan Akuisisi Satu Bank Kecil,2019-01-16,Wednesday
Ini Kata BI Soal Kerja Sama BCA-Alipay & CIMB Niaga-WeChat,2019-01-17,Thursday
"Bos BCA: Rupiah Stabil, BI Tak Perlu Naikkan Bunga Acuan",2019-01-17,Thursday
"Bos BCA: Rupiah Stabil, BI Tak Perlu Naikkan Bunga Acuan",2019-01-17,Thursday
"Menanti RDG BI, Asing Buru Saham Perbankan Rp 370 M",2019-01-17,Thursday
"Menanti RDG BI, Asing Buru Saham Perbankan Rp 370 M",2019-01-17,Thursday
Bos BCA: Bank yang Diakuisisi Bukan Perusahaan Terbuka,2019-01-17,Thursday
"Isu Akuisisi BCA Berakhir, Saham BGTG Amblas",2019-01-17,Thursday
"Isu Akuisisi BCA Berakhir, Saham BGTG Amblas",2019-01-17,Thursday
Bos BCA: Bank yang Diakuisisi Bukan Perusahaan Terbuka,2019-01-17,Thursday
"Dari PGN sampai BCA, Ini Kabar Emiten yang Layak Disimak",2019-01-18,Friday
"Dari PGN sampai BCA, Ini Kabar Emiten yang Layak Disimak",2019-01-18,Friday
"IHSG Dibuka Menghijau, Cermati 4 Saham Berikut Ini",2019-01-18,Friday
Apindo Sebut Alasan Perusahaan Enggan IPO,2019-01-21,Monday
"Debitur Bank Diminta IPO, Kasih Insentif Dong",2019-01-21,Monday
"Debitur Bank Diminta IPO, Kasih Insentif Dong",2019-01-21,Monday
Apindo Sebut Alasan Perusahaan Enggan IPO,2019-01-21,Monday
"Dibatasi Pelemahan Rupiah, IHSG Hanya Naik 0,29% Sesi I",2019-01-21,Monday
"Gara-gara Rupiah Keok, IHSG Cuma Bisa Naik Tipis",2019-01-21,Monday
"Dibatasi Pelemahan Rupiah, IHSG Hanya Naik 0,29% Sesi I",2019-01-21,Monday
"Gara-gara Rupiah Keok, IHSG Cuma Bisa Naik Tipis",2019-01-21,Monday
"Melemah 0,58%, Sektor Jasa Keuangan Jadi Momok Bagi IHSG",2019-01-22,Tuesday
"Melemah 0,58%, Sektor Jasa Keuangan Jadi Momok Bagi IHSG",2019-01-22,Tuesday
Begini Valuasi Saham BDMN Jelang Merger dengan BNP,2019-01-22,Tuesday
Begini Valuasi Saham BDMN Jelang Merger dengan BNP,2019-01-22,Tuesday
"Rencana Merger, Asing Borong Saham Danamon Rp 219 M",2019-01-22,Tuesday
"Rencana Merger, Asing Borong Saham Danamon Rp 219 M",2019-01-22,Tuesday
Rekor! Harga BCA Capai Level Tertinggi Sepanjang Sejarah,2019-01-22,Tuesday
Rekor! Harga BCA Capai Level Tertinggi Sepanjang Sejarah,2019-01-22,Tuesday
"Kendati Merger, Bank Danamon Belum Naik Kelas",2019-01-22,Tuesday
"Kendati Merger, Bank Danamon Belum Naik Kelas",2019-01-22,Tuesday
"Investor Asing Akhirnya Jualan, IHSG Ditutup Melemah 0,27%",2019-01-23,Wednesday
"Jika Punya Saham BCA 10 Tahun Lalu, Anda Sudah Cuan 900%!",2019-01-23,Wednesday
"Investor Asing Akhirnya Jualan, IHSG Ditutup Melemah 0,27%",2019-01-23,Wednesday
"Harga Saham Rekor, Market Cap BCA Terbesar Nomor 22 di Dunia",2019-01-23,Wednesday
"Harga Saham Rekor, Market Cap BCA Terbesar Nomor 22 di Dunia",2019-01-23,Wednesday
"Jika Punya Saham BCA 10 Tahun Lalu, Anda Sudah Cuan 900%!",2019-01-23,Wednesday
"Saham BBNI Jadi Bulan-Bulanan Investor Asing, Apa Sebabnya?",2019-01-24,Thursday
"Saham BBNI Jadi Bulan-Bulanan Investor Asing, Apa Sebabnya?",2019-01-24,Thursday
Beda Pilihan Intiland dan Alam Sutera Terkait Utang Valas,2019-01-24,Thursday
"Didukung Sentimen Eksternal, Sedikit Lagi IHSG Sentuh 6.500",2019-01-25,Friday
"Didukung Sentimen Eksternal, Sedikit Lagi IHSG Sentuh 6.500",2019-01-25,Friday
"Angin Segar Data Ekonomi Bawa IHSG Menguat 0,25%",2019-01-25,Friday
"Angin Segar Data Ekonomi Bawa IHSG Menguat 0,25%",2019-01-25,Friday
"Bayar Utang ke BCA, Taksi Express Jual Tanah",2019-01-26,Saturday
"Bayar Utang ke BCA, Taksi Express Jual Tanah",2019-01-26,Saturday
Ahok Hingga Bos BCA Belasungkawa untuk Eka Tjipta Widjaja,2019-01-27,Sunday
Ahok Hingga Bos BCA Belasungkawa untuk Eka Tjipta Widjaja,2019-01-27,Sunday
"Sebelum Trading, Simak Dulu 5 Aksi Emiten Ini",2019-01-28,Monday
"Sebelum Trading, Simak Dulu 5 Aksi Emiten Ini",2019-01-28,Monday
"Kena Profit-Taking, IHSG Belum Berhasil Tembus Level 6.500",2019-01-28,Monday
"Kena Profit-Taking, IHSG Belum Berhasil Tembus Level 6.500",2019-01-28,Monday
Perhatian! Ini Valuasi Emiten Market Cap di Atas Rp 100 T,2019-01-28,Monday
Perhatian! Ini Valuasi Emiten Market Cap di Atas Rp 100 T,2019-01-28,Monday
"Hati-hati Bank, Jualan SBR dari Fintech Tembus Rp 96,8 M",2019-01-29,Tuesday
"Hati-hati Bank, Jualan SBR dari Fintech Tembus Rp 96,8 M",2019-01-29,Tuesday
"4 Bank Urunan Rp 2,5 T ke Jasa Marga Bereskan Tol Trans Jawa",2019-01-30,Wednesday
Buka-bukaan Bos BCA soal Ancaman Bisnis Perbankan,2019-01-30,Wednesday
Buka-bukaan Bos BCA soal Ancaman Bisnis Perbankan,2019-01-30,Wednesday
Penjelasan Bos BCA Atas Kepemilikan 1% Saham di BTPN,2019-01-31,Thursday
Penjelasan Bos BCA Atas Kepemilikan 1% Saham di BTPN,2019-01-31,Thursday
"Tender Offer Rampung, BCA Tetap Miliki 1% Saham BTPN",2019-01-31,Thursday
"Tender Offer Rampung, BCA Tetap Miliki 1% Saham BTPN",2019-01-31,Thursday
"Refinancing, Intiland Raih Kredit Rp 2,8 T dari 2 Bank",2019-01-31,Thursday
"Refinancing, Intiland Raih Kredit Rp 2,8 T dari 2 Bank",2019-01-31,Thursday
"Angin Segar dari The Fed, RI Siap-siap Kebanjiran Dana Asing",2019-01-31,Thursday
Simak! Ini Deretan Saham yang Bikin IHSG Betah di Atas 6.500,2019-01-31,Thursday
Simak! Ini Deretan Saham yang Bikin IHSG Betah di Atas 6.500,2019-01-31,Thursday
"Laba Naik, Saham BBRI Langsung Diserbu Asing",2019-01-31,Thursday
"Laba Naik, Saham BBRI Langsung Diserbu Asing",2019-01-31,Thursday
"The Fed Tahan Diri Naikkan Bunga, BI Bagaimana?",2019-01-31,Thursday
Membanggakan! Rupiah Sikat Habis Seluruh Mata Uang Asia,2019-02-01,Friday
Bos BCA Bicara Likuiditas sampai Akuisisi!,2019-02-01,Friday
Membanggakan! Rupiah Sikat Habis Seluruh Mata Uang Asia,2019-02-01,Friday
"Minat? Sri Mulyani Jual Sukuk Ketengan, Imbal Hasil 8,15%",2019-02-01,Friday
"Inflasi di Bawah Ekspektasi, Asing Borong Saham Bank",2019-02-01,Friday
Simak Kabar VIVA & Erick Thohir sampai Update Akuisisi Holcim,2019-02-01,Friday
Simak Kabar VIVA & Erick Thohir sampai Update Akuisisi Holcim,2019-02-01,Friday
"Inflasi di Bawah Ekspektasi, Asing Borong Saham Bank",2019-02-01,Friday
"LPS Bakal Tarik Premi Lagi, Perbankan Protes!",2019-02-02,Saturday
Begini Cara Jahja Setiaatmadja Pimpin BCA !,2019-02-04,Monday
"Buang Saham Bank BUKU IV, Asing Malah Borong BRI",2019-02-04,Monday
"Saham Rontok, Begini Valuasi Bank Market Cap di Atas Rp 100 T",2019-02-04,Monday
"Saham Rontok, Begini Valuasi Bank Market Cap di Atas Rp 100 T",2019-02-04,Monday
Dirut BCA Buka-bukaan Bicara Perang Likuiditas,2019-02-04,Monday
Dirut BCA Buka-bukaan Bicara Perang Likuiditas,2019-02-04,Monday
9 dari 10 Saham Kapitalisasi Terbesar Babak Belur Hari Ini,2019-02-04,Monday
9 dari 10 Saham Kapitalisasi Terbesar Babak Belur Hari Ini,2019-02-04,Monday
Ini Kata Dirut BCA soal Tantangan Perbankan di Tahun Politik,2019-02-04,Monday
Ini Kata Dirut BCA soal Tantangan Perbankan di Tahun Politik,2019-02-04,Monday
Begini Cara Jahja Setiaatmadja Pimpin BCA !,2019-02-04,Monday
"Buang Saham Bank BUKU IV, Asing Malah Borong BRI",2019-02-04,Monday
"Kok Asing Jual Saham BCA Sampai Rp 300 M, Kenapa?",2019-02-04,Monday
"Cara Jahja Setiaatmadja Pimpin BCA: Ngobrol, Tak Perlu Marah",2019-02-04,Monday
Bos BCA Buka-bukaan Soal Peluang Konsolidasi Perbankan RI,2019-02-04,Monday
Bos BCA Buka-bukaan Soal Peluang Konsolidasi Perbankan RI,2019-02-04,Monday
"Bukan AS, Bos BCA Sebut China Sebagai Tantangan Ekonomi RI",2019-02-04,Monday
"Bukan AS, Bos BCA Sebut China Sebagai Tantangan Ekonomi RI",2019-02-04,Monday
Bos BCA Buka Suara Soal Kondisi Likuiditas dan Perebutan Dana,2019-02-04,Monday
Bos BCA Buka Suara Soal Kondisi Likuiditas dan Perebutan Dana,2019-02-04,Monday
"Sentimen Eksternal Kurang Mendukung, IHSG Melemah 0,57%",2019-02-04,Monday
"Sentimen Eksternal Kurang Mendukung, IHSG Melemah 0,57%",2019-02-04,Monday
"Kok Asing Jual Saham BCA Sampai Rp 300 M, Kenapa?",2019-02-04,Monday
"IHSG Mendadak Balik Arah memerah, Apa Apa?",2019-02-04,Monday
"Merger Rampung, BNI & BCA Jadi Pemegang Saham Bank BTPN",2019-02-05,Tuesday
"Bos BCA Kembali Jual Saham, Dapat Angpao Rp 1,85 M",2019-02-05,Tuesday
"Bos BCA Kembali Jual Saham, Dapat Angpao Rp 1,85 M",2019-02-05,Tuesday
"Tuah Pertumbuhan Ekonomi, Saham Bank BUKU IV Diborong",2019-02-06,Wednesday
"Tuah Pertumbuhan Ekonomi, Saham Bank BUKU IV Diborong",2019-02-06,Wednesday
"Jelang Closing, Asing Lepas Saham BCA Rp 197 M",2019-02-06,Wednesday
"Jelang Closing, Asing Lepas Saham BCA Rp 197 M",2019-02-06,Wednesday
Mau Investasi Deposito? Ini Bank yang Beri Bunga Menggiurkan,2019-02-07,Thursday
"Saham di Publik Tinggal 1,49%, BEI: Bank BTPN Harus Refloat",2019-02-07,Thursday
"Saham di Publik Tinggal 1,49%, BEI: Bank BTPN Harus Refloat",2019-02-07,Thursday
"Ngeri! CAD Bengkak, Investor Asing Langsung ",2019-02-08,Friday
"Terkapar Dihantam Taksi Online, Ini Cara Express Bertahan",2019-02-08,Friday
"Terkapar Dihantam Taksi Online, Ini Cara Express Bertahan",2019-02-08,Friday
"Ngeri! CAD Bengkak, Investor Asing Langsung ",2019-02-08,Friday
Adu Cuan Kelompok Bank BUKU IV,2019-02-08,Friday
"Cicil Utang ke BCA, Taksi Express Jual 1.200 Kendaraan",2019-02-08,Friday
Adu Cuan Kelompok Bank BUKU IV,2019-02-08,Friday
"Cicil Utang ke BCA, Taksi Express Jual 1.200 Kendaraan",2019-02-08,Friday
"Terbelit Utang, Taksi Express kembali Jual Aset",2019-02-09,Saturday
"Aksi Emiten Sepekan, Saham Gorengan Hingga Senja Kala TAXI",2019-02-09,Saturday
"Aksi Emiten Sepekan, Saham Gorengan Hingga Senja Kala TAXI",2019-02-09,Saturday
Simak! 10 Deretan Saham yang Banyak Dilego Investor Asing,2019-02-09,Saturday
Simak! 10 Deretan Saham yang Banyak Dilego Investor Asing,2019-02-09,Saturday
"Rupiah di Level Rp 14.050/US$, IHSG Babak Belur Merosot 1%",2019-02-12,Tuesday
"Rupiah di Level Rp 14.050/US$, IHSG Babak Belur Merosot 1%",2019-02-12,Tuesday
"Net Sell Tembus Rp 1,38 T, Saham UNTR dan BBCA Dilepas Asing",2019-02-13,Wednesday
"Net Sell Tembus Rp 1,38 T, Saham UNTR dan BBCA Dilepas Asing",2019-02-13,Wednesday
"Gara-gara Credit Suisse, Asing Terus Obral Saham Indonesia",2019-02-14,Thursday
"Gara-gara Credit Suisse, Asing Terus Obral Saham Indonesia",2019-02-14,Thursday
"Rupiah Loyo, IHSG Tak Mampu ke Zona Hijau",2019-02-14,Thursday
"Rupiah Loyo, IHSG Tak Mampu ke Zona Hijau",2019-02-14,Thursday
"Dalam Sepekan Asing Obral Saham RI Senilai Rp 2,7 T",2019-02-15,Friday
Ini Opsi Penambahan Saham Publik buat Bank BTPN,2019-02-15,Friday
"Dalam Sepekan Asing Obral Saham RI Senilai Rp 2,7 T",2019-02-15,Friday
"BBRI Hingga JSMR, Simak Rekomendasi Saham Broker Ini",2019-02-15,Friday
Ini Opsi Penambahan Saham Publik buat Bank BTPN,2019-02-15,Friday
"Wow, Kini Transaksi M-Banking Bisa Sambil WhatsApp-an",2019-02-16,Saturday
"Wow, Kini Transaksi M-Banking Bisa Sambil WhatsApp-an",2019-02-16,Saturday
Ini Bahayanya Jika Tidak Hati-Hati Mengambil Student Loan,2019-02-16,Saturday
"Pekan Lalu Dibanting, Kini Investor Borong Saham Bank BCA",2019-02-18,Monday
"Pekan Lalu Dibanting, Kini Investor Borong Saham Bank BCA",2019-02-18,Monday
"RUPSLB Tak Kuorum, Obligasi TAXI Gagal Dikonversi",2019-02-18,Monday
"RUPSLB Tak Kuorum, Obligasi TAXI Gagal Dikonversi",2019-02-18,Monday
"Tahun Politik, BCA Targetkan Kredit Tumbuh 8-10%",2019-02-19,Tuesday
"Tahun Politik, BCA Targetkan Kredit Tumbuh 8-10%",2019-02-19,Tuesday
"BCA Berencana Turunkan Bunga Kredit, Asal...",2019-02-19,Tuesday
"BCA Berencana Turunkan Bunga Kredit, Asal...",2019-02-19,Tuesday
Maju-Mundur Rencana BCA Akuisisi Bank Kecil,2019-02-19,Tuesday
Maju-Mundur Rencana BCA Akuisisi Bank Kecil,2019-02-19,Tuesday
"Saham BBCA, ASII dan BMRI Dilego Asing Lebih dari Rp 100 M",2019-02-19,Tuesday
Apa Kabar Rencana Kerja Sama BCA dengan WeChat & Alipay?,2019-02-19,Tuesday
"Saham BBCA, ASII dan BMRI Dilego Asing Lebih dari Rp 100 M",2019-02-19,Tuesday
"Duh! Sempat Perkasa, IHSG Malah Ditutup Melemah",2019-02-19,Tuesday
"Duh! Sempat Perkasa, IHSG Malah Ditutup Melemah",2019-02-19,Tuesday
Apa Kabar Rencana Kerja Sama BCA dengan WeChat & Alipay?,2019-02-19,Tuesday
"Mau Caplok Bank, Saham BCA Ramai Ditransaksikan Broker Asing",2019-02-20,Wednesday
"Mau Caplok Bank, Saham BCA Ramai Ditransaksikan Broker Asing",2019-02-20,Wednesday
"Jadi Incaran Akuisisi BCA, Ini Profil Bank Royal dari Ciparay",2019-02-20,Wednesday
"Jadi Incaran Akuisisi BCA, Ini Profil Bank Royal dari Ciparay",2019-02-20,Wednesday
"Bakal Caplok Bank Royal, Saham BCA Naik & Diborong Asing",2019-02-20,Wednesday
Terungkap! Ini Bank yang akan Diakuisisi oleh BCA,2019-02-20,Wednesday
Terungkap! Ini Bank yang akan Diakuisisi oleh BCA,2019-02-20,Wednesday
Simak Kabar Bocoran Merger XL sampai Penerbitan MTN ADHI,2019-02-20,Wednesday
Simak Kabar Bocoran Merger XL sampai Penerbitan MTN ADHI,2019-02-20,Wednesday
"Bakal Caplok Bank Royal, Saham BCA Naik & Diborong Asing",2019-02-20,Wednesday
"Transaksi GoPay Cs Meroket, Bos BCA: Tak Ancam Bisnis Bank",2019-02-21,Thursday
"Transaksi GoPay Cs Meroket, Bos BCA: Tak Ancam Bisnis Bank",2019-02-21,Thursday
"AS-China Dekati Kesepakatan Dagang, IHSG Naik Tipis 0,07%",2019-02-21,Thursday
"AS-China Dekati Kesepakatan Dagang, IHSG Naik Tipis 0,07%",2019-02-21,Thursday
Tinggalkan Kata ,2019-02-21,Thursday
"Deg-degan Hasil RDG BI, IHSG Keluar dari Zona Merah",2019-02-21,Thursday
"Akuisisi BCA hingga Capex FREN, Simak Kabar 10 Emiten Ini",2019-02-21,Thursday
"Akuisisi BCA hingga Capex FREN, Simak Kabar 10 Emiten Ini",2019-02-21,Thursday
"Deg-degan Hasil RDG BI, IHSG Keluar dari Zona Merah",2019-02-21,Thursday
"Misteri Hilangnya Kata ""Hawkish"" & Menebak ke Mana Arah BI?",2019-02-22,Friday
"Genjot Kredit, BCA Obral KPR Berbunga 5,62%",2019-02-22,Friday
"Genjot Kredit, BCA Obral KPR Berbunga 5,62%",2019-02-22,Friday
"Bos BCA Buka Peluang Turunkan Bunga KPR, Asal...",2019-02-22,Friday
"Bos BCA Buka Peluang Turunkan Bunga KPR, Asal...",2019-02-22,Friday
"Bank BUMN Punya Platform Pembayaran LinkAja, Bos BCA Santai",2019-02-22,Friday
"Bank BUMN Punya Platform Pembayaran LinkAja, Bos BCA Santai",2019-02-22,Friday
Mohon Maaf! Penguna Iphone Belum Bisa Gunakan BCA Keyboard,2019-02-23,Saturday
Mohon Maaf! Penguna Iphone Belum Bisa Gunakan BCA Keyboard,2019-02-23,Saturday
Ini 5 Saham Paling Banyak Diborong Asing Pekan Ini,2019-02-23,Saturday
Ini 5 Saham Paling Banyak Diborong Asing Pekan Ini,2019-02-23,Saturday
Investor Asing Makin ,2019-02-25,Monday
Investor Asing Makin ,2019-02-25,Monday
Incar Cuan Hari Ini? Berikut Bocoran Saham Pilihan Broker,2019-02-26,Tuesday
"IHSG Menguat Kala Bursa Saham Regional Terkoreksi, Kok Bisa?",2019-02-26,Tuesday
"IHSG Menguat Kala Bursa Saham Regional Terkoreksi, Kok Bisa?",2019-02-26,Tuesday
"Dari ADRO hingga MNCN, Simak Rekomendasi Broker Hari Ini",2019-02-27,Wednesday
"Dari ADRO hingga MNCN, Simak Rekomendasi Broker Hari Ini",2019-02-27,Wednesday
Bos BCA: Fasilitas BI Jangan Dipakai Untuk Pendanaan Kredit,2019-02-28,Thursday
"Kembangkan Layanan Digital, BCA Siapkan Capex Rp 5,2 T",2019-02-28,Thursday
"Kembangkan Layanan Digital, BCA Siapkan Capex Rp 5,2 T",2019-02-28,Thursday
Bos BCA Buka-bukaan Soal Strategi Dongkrak Laba di 2019,2019-02-28,Thursday
"Wah, Mulai 11 Maret Bisa Bikin Rekening BCA dari Aplikasi",2019-02-28,Thursday
"Kuartal III-2019, BCA Fasilitasi Transaksi Wechat & Alipay",2019-02-28,Thursday
"Kuartal III-2019, BCA Fasilitasi Transaksi Wechat & Alipay",2019-02-28,Thursday
Bos BCA: Fasilitas BI Jangan Dipakai Untuk Pendanaan Kredit,2019-02-28,Thursday
"Wah, Mulai 11 Maret Bisa Bikin Rekening BCA dari Aplikasi",2019-02-28,Thursday
Bos BCA Buka-bukaan Soal Strategi Dongkrak Laba di 2019,2019-02-28,Thursday
"Laba BCA Tumbuh 10,9% pada 2018",2019-02-28,Thursday
"Laba BCA Tumbuh 10,9% pada 2018",2019-02-28,Thursday
"Anjlok 1,12%, IHSG Terburuk Kedua di Asia!",2019-02-28,Thursday
"Anjlok 1,12%, IHSG Terburuk Kedua di Asia!",2019-02-28,Thursday
BCA Keyboard Belum Bisa di Apple iPhone? Ini Penjelasan BCA,2019-02-28,Thursday
Bos BCA Masih Berikan Rambu-Rambu Soal Likuiditas Bank,2019-02-28,Thursday
"Laba BCA 2018 Tembus Rp 25,9 T, Naik 10,9%",2019-02-28,Thursday
"Laba BCA 2018 Tembus Rp 25,9 T, Naik 10,9%",2019-02-28,Thursday
Bos BCA Masih Berikan Rambu-Rambu Soal Likuiditas Bank,2019-02-28,Thursday
Bos BCA Buka-bukaan Soal Dampak Negatif Unicorn Masuk Bursa,2019-02-28,Thursday
"Unicorn Masuk Bursa, Bos BCA: Buktikan Dulu Untungnya!",2019-02-28,Thursday
"Unicorn Masuk Bursa, Bos BCA: Buktikan Dulu Untungnya!",2019-02-28,Thursday
BCA Keyboard Belum Bisa di Apple iPhone? Ini Penjelasan BCA,2019-02-28,Thursday
Bos BCA Buka-bukaan Soal Dampak Negatif Unicorn Masuk Bursa,2019-02-28,Thursday
Garuda Resmi Caplok Sriwijaya Hingga Laba BCA Capai Rp 26 T,2019-03-01,Friday
Garuda Resmi Caplok Sriwijaya Hingga Laba BCA Capai Rp 26 T,2019-03-01,Friday
"Kinerja 2018 Diapresiasi, Saham BCA Diborong Asing",2019-03-01,Friday
"Kinerja 2018 Diapresiasi, Saham BCA Diborong Asing",2019-03-01,Friday
"Optimistis, Mirae Asset Patok IHSG 7.123 di Akhir 2019",2019-03-01,Friday
"Paling Jago Jaga Marjin, BBCA Paling Banyak Dikoleksi Asing",2019-03-02,Saturday
"Paling Jago Jaga Marjin, BBCA Paling Banyak Dikoleksi Asing",2019-03-02,Saturday
"Asing Jualan 3 Hari Berturut-turut, IHSG Merana di Awal Pekan",2019-03-04,Monday
"Investor Asing Jual Saham Rp 556 M, Bikin IHSG Terkapar",2019-03-04,Monday
"Asing Jualan 3 Hari Berturut-turut, IHSG Merana di Awal Pekan",2019-03-04,Monday
"Pemprov DKI Tambah Saham DLTA, BCA Kembangkan Layanan Digital",2019-03-04,Monday
"Pemprov DKI Tambah Saham DLTA, BCA Kembangkan Layanan Digital",2019-03-04,Monday
"IHSG Nelangsa, Berharap pada Sektor Konsumer di Sesi II",2019-03-04,Monday
"Ekonomi Dunia Melambat, Asing Obral Saham Rp 259 M",2019-03-05,Tuesday
"Ekonomi Dunia Melambat, Asing Obral Saham Rp 259 M",2019-03-05,Tuesday
"Ditekan dari Luar, IHSG Tak Bisa Berbuat Banyak di Zona Merah",2019-03-05,Tuesday
"Dalam Sepekan, Hanya HMSP & GGRM yang Tak Terkoreksi",2019-03-05,Tuesday
"Dalam Sepekan, Hanya HMSP & GGRM yang Tak Terkoreksi",2019-03-05,Tuesday
"Pantas IHSG Tergerus 0,72%, Sepekan Asing Keluar Rp 3,4 T",2019-03-05,Tuesday
"Pantas IHSG Tergerus 0,72%, Sepekan Asing Keluar Rp 3,4 T",2019-03-05,Tuesday
"Valuasi Rp 197 T, Nafsu Grab Mencari Pendanaan Tak Berhenti",2019-03-06,Wednesday
"Asing Tahan Obral Saham Keuangan, IHSG Terangkat 0,25%",2019-03-06,Wednesday
"Sektor Finansial Melejit, IHSG Bisa Bertahan Hijau",2019-03-06,Wednesday
"Ditolong Stimulus Fiskal China, IHSG Menguat 0,19%",2019-03-06,Wednesday
"Ditolong Stimulus Fiskal China, IHSG Menguat 0,19%",2019-03-06,Wednesday
"Dapat Suntikan Rp 20 T, Grab Fokus Pengembangan di Indonesia",2019-03-06,Wednesday
"Terkaya di RI, Berapa Keuntungan Dua Hartono Dari BCA?",2019-03-06,Wednesday
"Pilih-pilih Saham Cuan Hari Ini, Simak Rekomendasinya",2019-03-06,Wednesday
Profil Hartono Bersaudara & 20 Orang Terkaya di Indonesia,2019-03-06,Wednesday
"Berharta Rp 519 T, Duo Hartono Masuk Daftar Miliuner Dunia",2019-03-06,Wednesday
"Berharta Rp 519 T, Duo Hartono Masuk Daftar Miliuner Dunia",2019-03-06,Wednesday
"Terkaya di RI, Berapa Keuntungan Dua Hartono Dari BCA?",2019-03-06,Wednesday
"Mengulik Harta Duo Hartono di BCA, Orang Terkaya di Indonesia",2019-03-08,Friday
"Mengulik Harta Duo Hartono di BCA, Orang Terkaya di Indonesia",2019-03-08,Friday
"Ekonomi Eropa & China Suram, Tren Koreksi IHSG Berlanjut",2019-03-08,Friday
Weekend Kelabu Bagi Pasar Minyak Mentah Dunia,2019-03-08,Friday
"Ekonomi Eropa Minder, Asing Mulai Lepas Saham Perbankan",2019-03-08,Friday
"Belanja Kendaraan, Adi Sarana Dapat Duit Rp 300 M dari BCA",2019-03-08,Friday
"Ekspor China Anjlok 20,7%, Sedikit Lagi IHSG Tinggalkan 6.400",2019-03-08,Friday
Ekonomi Dunia ,2019-03-08,Friday
"Selepas Libur Nyepi, IHSG Langsung Cicipi Pahitnya Zona Merah",2019-03-08,Friday
"Bursa Saham Asia Dilanda Sell-Off, Ada Apa?",2019-03-08,Friday
"Ekonomi Eropa & China Melambat, Harga Minyak Tak Berdaya",2019-03-08,Friday
"Sentimen ECB hingga Cadev, Simak Saham Pilihan Hari Ini",2019-03-08,Friday
"Belanja Kendaraan, Adi Sarana Dapat Duit Rp 300 M dari BCA",2019-03-08,Friday
Mau Trading Besok? Simak 10 Aksi Korporasi Emiten Ini,2019-03-10,Sunday
Mau Trading Besok? Simak 10 Aksi Korporasi Emiten Ini,2019-03-10,Sunday
"Potensi Penguatan IHSG Terbuka, Tapi Asing Masih Tahan Beli",2019-03-11,Monday
"Potensi Penguatan IHSG Terbuka, Tapi Asing Masih Tahan Beli",2019-03-11,Monday
UNTR Terlempar dari Jajaran Emiten Market Cap Rp 100 T,2019-03-11,Monday
UNTR Terlempar dari Jajaran Emiten Market Cap Rp 100 T,2019-03-11,Monday
"Tak Berdaya di Sesi I, IHSG Berpotensi Bangkit di Sesi II",2019-03-11,Monday
"Perlambatan Ekonomi Dunia Lebih Dominan, IHSG Balik Melemah",2019-03-11,Monday
"Perlambatan Ekonomi Masih Membayangi, IHSG Bisa ke Zona Hijau",2019-03-11,Monday
"Sebelum Trading, Yuk Simak Rekomendasi Saham Hari ini!",2019-03-12,Tuesday
"Duh! Investor Asing Terus Profit Taking, IHSG Balik Melemah",2019-03-12,Tuesday
"Duh! Investor Asing Terus Profit Taking, IHSG Balik Melemah",2019-03-12,Tuesday
"Transaksi Sepi, Mampukah IHSG Ditutup Menguat?",2019-03-12,Tuesday
"Transaksi Sepi, Mampukah IHSG Ditutup Menguat?",2019-03-12,Tuesday
"Selangkah Lagi, BCA Resmi Akuisisi Bank Royal",2019-03-12,Tuesday
"Ekspektasi Proyek Jargas, Saham PGAS Naik Hampir 2%",2019-03-13,Wednesday
"Ekspektasi Proyek Jargas, Saham PGAS Naik Hampir 2%",2019-03-13,Wednesday
IHSG Rebound Meski Asing 10 Hari Berturut-turut Jualan,2019-03-13,Wednesday
"Asing Enggan Berhenti Jualan, IHSG Dekati Zona Merah",2019-03-13,Wednesday
"Asing Enggan Berhenti Jualan, IHSG Dekati Zona Merah",2019-03-13,Wednesday
"Asing Jualan, Sesi II IHSG Berpotensi Landing di Zona Hijau",2019-03-13,Wednesday
"Akuisisi Perdana Sokka, Saham Telkom Masih Tertekan",2019-03-13,Wednesday
"Top! IHSG Menghijau Sendirian, Bursa Asia Berguguran",2019-03-13,Wednesday
Top! Ini Deretan Perusahaan Pembayar Pajak Terbaik di 2018,2019-03-13,Wednesday
"Akuisisi Perdana Sokka, Saham Telkom Masih Tertekan",2019-03-13,Wednesday
"Top! IHSG Menghijau Sendirian, Bursa Asia Berguguran",2019-03-13,Wednesday
"Ekspektasi Neraca Dagang Tekor, Asing Net Sell Rp 155 M",2019-03-14,Thursday
"IHSG Mampu Menguat 0,56%, Waspada Data Neraca Dagang Esok",2019-03-14,Thursday
"Orang Terkaya RI Vs Malaysia, Siapa Paling Tajir?",2019-03-14,Thursday
"Ekspektasi Neraca Dagang Tekor, Asing Net Sell Rp 155 M",2019-03-14,Thursday
"Coba Peruntungan, Cari Cuan dari Saham-saham Ini",2019-03-14,Thursday
Perhatikan 5 Aksi Korporasi Ini! Siapa Tahu Cocok Dibeli,2019-03-14,Thursday
Perhatikan 5 Aksi Korporasi Ini! Siapa Tahu Cocok Dibeli,2019-03-14,Thursday
"Parkir di Zona Hijau, Sesi II IHSG Diprediksi Bisa Bertahan",2019-03-14,Thursday
"Mantap! IHSG Menguat 3 Hari Beruntun, Saham Bank Diborong",2019-03-15,Friday
"Mantap! IHSG Menguat 3 Hari Beruntun, Saham Bank Diborong",2019-03-15,Friday
"Neraca Dagang Tokcer, Saham Bank BUMN Diburu",2019-03-15,Friday
Saran Morgan Stanley: Beli SUN Rupiah Tenor 10 Tahun!,2019-03-15,Friday
"Neraca Dagang Tokcer, Saham Bank BUMN Diburu",2019-03-15,Friday
"Cerita Orang Terkaya Malaysia, Sang Raja Sawit",2019-03-15,Friday
"ASII Hingga PTBA, Jadi Pilihan Broker Hari Ini",2019-03-15,Friday
Saran Morgan Stanley: Beli SUN Rupiah Tenor 10 Tahun!,2019-03-15,Friday
"Simak, 5 Saham Ini Paling Banyak Dilepas Asing dalam Sepekan",2019-03-16,Saturday
"Simak, 5 Saham Ini Paling Banyak Dilepas Asing dalam Sepekan",2019-03-16,Saturday
Top! IHSG Menuju Reli 5 Hari Berturut-turut,2019-03-18,Monday
"Ditopang Net Buy & Bursa Regional, IHSG Tembus 6.500 Lagi!",2019-03-18,Monday
Top! IHSG Menuju Reli 5 Hari Berturut-turut,2019-03-18,Monday
"Ditopang Net Buy & Bursa Regional, IHSG Tembus 6.500 Lagi!",2019-03-18,Monday
"Sesi I Bisa Naik 0,26%, Bagaimana Kekuatan IHSG Sesi II?",2019-03-18,Monday
"Investor Asing Tebar Dana Rp 263,6 Miliar, IHSG Menguat 0,26%",2019-03-18,Monday
"Investor Asing Tebar Dana Rp 263,6 Miliar, IHSG Menguat 0,26%",2019-03-18,Monday
"Suku Bunga Bakal Jadi Katalis, Cermati Saham Pilihan Hari Ini",2019-03-18,Monday
"Ini 10 Bank yang Sokong Buana Finance Rp 1,25 T",2019-03-19,Tuesday
"Profit Taking Landa Saham Konsumer, Koreksi IHSG Berlanjut",2019-03-19,Tuesday
"IHSG Terjebak di Zona Merah, Semua karena AS-China & Brexit",2019-03-19,Tuesday
"IHSG Terjebak di Zona Merah, Semua karena AS-China & Brexit",2019-03-19,Tuesday
"Ini 10 Bank yang Sokong Buana Finance Rp 1,25 T",2019-03-19,Tuesday
Market Cap Bank Mandiri & BNI Naik Paling Tinggi Pekan Lalu,2019-03-19,Tuesday
IHSG Tembus 6.500 Lagi! Simak Saham Pilihan Hari Ini,2019-03-19,Tuesday
Market Cap Bank Mandiri & BNI Naik Paling Tinggi Pekan Lalu,2019-03-19,Tuesday
"Ditolong Rupiah, IHSG Masuk Zona Hijau",2019-03-20,Wednesday
Mau Trading Euro? Ini Posisi Short dan Long yang Bagus,2019-03-20,Wednesday
"Impresif, Euro Bertengger Level Tertinggi dalam 6 Pekan",2019-03-21,Thursday
"Bank Berlomba Biayai Infrastruktur, Tapi Ada yang Ngos-ngosan",2019-03-22,Friday
Perlambatan Ekonomi Global Terus Tarik Harga Minyak ke Bawah,2019-03-22,Friday
"Market Cap Rp 100 T: UNTR Terbaik, Chandra Asri Terdepak",2019-03-25,Monday
"Tenggelam Bersama Bursa Asia, IHSG Takut AS Resesi",2019-03-25,Monday
"Tenggelam Bersama Bursa Asia, IHSG Takut AS Resesi",2019-03-25,Monday
"Market Cap Rp 100 T: UNTR Terbaik, Chandra Asri Terdepak",2019-03-25,Monday
"Resesi AS di Depan Mata, Saham Bank BUKU IV Jadi Korban",2019-03-25,Monday
"Khawatir AS Resesi, Harga Saham BCA Ikut Digoyang",2019-03-25,Monday
"Khawatir AS Resesi, Harga Saham BCA Ikut Digoyang",2019-03-25,Monday
"Resesi AS di Depan Mata, Saham Bank BUKU IV Jadi Korban",2019-03-25,Monday
Ini Saham Pilihan Broker Saat Resesi AS Masih Menghantui,2019-03-26,Tuesday
Bos BRI Bicara Soal Aksi Korporasi & Rencana Bisnis ke Depan,2019-03-26,Tuesday
"Asing Kembali Lirik Indonesia, IHSG Melejit 0,9%",2019-03-26,Tuesday
"Asing Kembali Lirik Indonesia, IHSG Melejit 0,9%",2019-03-26,Tuesday
"Hijrah ke Digital, Transaksi Nasabah di Cabang BCA Tinggal 2%",2019-03-27,Wednesday
Perhatian! BCA Umumkan Akuisisi Bank Kecil di Juni,2019-03-27,Wednesday
Perhatian! BCA Umumkan Akuisisi Bank Kecil di Juni,2019-03-27,Wednesday
"Hijrah ke Digital, Transaksi Nasabah di Cabang BCA Tinggal 2%",2019-03-27,Wednesday
Perhatian! BCA Cari 8 Startup Untuk Dikembangkan,2019-03-27,Wednesday
"Hati-hati, Besok IHSG Berpeluang Lanjutkan Pelemahan",2019-03-27,Wednesday
"Draghi Abaikan Resesi, Euro Balik Tekan Dolar",2019-03-27,Wednesday
"Jelang Pidato Mario Draghi, Kurs Euro Jeblok Lagi",2019-03-27,Wednesday
"Isu Resesi, Dolar AS Berlutut di Hadapan Mata Uang Utama",2019-03-27,Wednesday
"Hati-hati, Besok IHSG Berpeluang Lanjutkan Pelemahan",2019-03-27,Wednesday
Perhatian! BCA Cari 8 Startup Untuk Dikembangkan,2019-03-27,Wednesday
,2019-03-28,Thursday
"Hawa Damai Dagang AS-China Berembus, IHSG Menguat 0,06%",2019-03-28,Thursday
"Disokong Softbank, Ajaib Gaet Ribuan Investor dalam 3 Bulan",2019-03-28,Thursday
"Hawa Damai Dagang AS-China Berembus, IHSG Menguat 0,06%",2019-03-28,Thursday
"AISA Tersandung Penggelembungan Dana, KAEF Siap Rights Issue",2019-03-28,Thursday
"AISA Tersandung Penggelembungan Dana, KAEF Siap Rights Issue",2019-03-28,Thursday
"Disokong Softbank, Ajaib Gaet Ribuan Investor dalam 3 Bulan",2019-03-28,Thursday
Bank Anak Negeri Semakin Percaya Diri,2019-03-29,Friday
"Terkoreksi 0,19%, Bukan Akhir Zaman Bagi IHSG",2019-03-29,Friday
"Terkoreksi 0,19%, Bukan Akhir Zaman Bagi IHSG",2019-03-29,Friday
Bank Anak Negeri Semakin Percaya Diri,2019-03-29,Friday
"Laba Intiland Amblas 32% Jadi Rp 204 M, Apa Pemicunya?",2019-03-29,Friday
"Dari BBCA hingga TRAM, Simak Rekomendasi Saham Hari Ini",2019-03-29,Friday
"Laba Intiland Amblas 32% Jadi Rp 204 M, Apa Pemicunya?",2019-03-29,Friday
"Data Inflasi Memang Oke, Tapi Gagal Selamatkan IHSG",2019-04-01,Monday
"Data Inflasi Memang Oke, Tapi Gagal Selamatkan IHSG",2019-04-01,Monday
Ini Dia Deretan Sektor Saham Paling Cuan Sepanjang Kuartal I,2019-04-01,Monday
Ini Dia Deretan Sektor Saham Paling Cuan Sepanjang Kuartal I,2019-04-01,Monday
"Dilanda Profit Taking, IHSG Tak Bisa Manfaatkan Momentum",2019-04-01,Monday
"Dilanda Profit Taking, IHSG Tak Bisa Manfaatkan Momentum",2019-04-01,Monday
"BCA Akuisisi Bank Royal, OJK: Tunggu RUPS!",2019-04-02,Tuesday
"Kapitalisasi IHSG Kuartal I Naik Rp 333 T, Ditopang Bank",2019-04-02,Tuesday
"BCA Akuisisi Bank Royal, OJK: Tunggu RUPS!",2019-04-02,Tuesday
"Kapitalisasi IHSG Kuartal I Naik Rp 333 T, Ditopang Bank",2019-04-02,Tuesday
"IHSG Menghijau, Ini Saham-saham Penggerak di Sesi I",2019-04-02,Tuesday
"IHSG Menghijau, Ini Saham-saham Penggerak di Sesi I",2019-04-02,Tuesday
"Emiten Laporkan Kinerja, Emtek sampai FREN Merugi",2019-04-02,Tuesday
"Wall Street Ceria, Semoga IHSG Juga",2019-04-02,Tuesday
"Wall Street Ceria, Semoga IHSG Juga",2019-04-02,Tuesday
"Turun Lagi, Euro Dekati Level Terendah dalam 21 Bulan",2019-04-02,Tuesday
"Saham BRI, BNI, Mandiri, Hingga BCA Kompak Diborong Asing",2019-04-04,Thursday
"Besok, IHSG Berpotensi Catatkan Reli 3 Hari Beruntun",2019-04-04,Thursday
"Besok, IHSG Berpotensi Catatkan Reli 3 Hari Beruntun",2019-04-04,Thursday
"Pesanan Pabrik Jerman Jeblok, Euro Ikut Anjlok",2019-04-04,Thursday
"Saham BRI, BNI, Mandiri, Hingga BCA Kompak Diborong Asing",2019-04-04,Thursday
"Dana Asing Membubung, IHSG Sesi II Bakal Terus Menghijau",2019-04-04,Thursday
"Rupiah Perkasa, Saham-saham Bank BUKU 4 Jadi Primadona",2019-04-04,Thursday
"Rupiah Perkasa, Saham-saham Bank BUKU 4 Jadi Primadona",2019-04-04,Thursday
Resmi! LinkAja Genggam Izin Uang Elektronik dari BI,2019-04-04,Thursday
"Daro KRAS, BBCA Hingga ADRO, Jadi Incaran Broker Hari Ini",2019-04-04,Thursday
Ekonom BCA: Tanda-tanda Apresiasi Rupiah Masih Kuat,2019-04-05,Friday
IHSG Sesi II Berpotensi Positif Karena Perang Dagang Memudar,2019-04-05,Friday
"Mohon Maaf, <i>No Happy Weekend</i> Buat IHSG",2019-04-05,Friday
"Mohon Maaf, <i>No Happy Weekend</i> Buat IHSG",2019-04-05,Friday
OJK Bidik WP dan Debitur Kakap untuk Catatkan Saham di BEI,2019-04-06,Saturday
"Dihajar Profit Taking di Akhir Pekan, IHSG Hampir Amsyong",2019-04-06,Saturday
OJK Bidik WP dan Debitur Kakap untuk Catatkan Saham di BEI,2019-04-06,Saturday
"Dihajar Profit Taking di Akhir Pekan, IHSG Hampir Amsyong",2019-04-06,Saturday
UNTR & TPIA Keluar dari Jajaran Elite Saham Big Cap,2019-04-08,Monday
UNTR & TPIA Keluar dari Jajaran Elite Saham Big Cap,2019-04-08,Monday
Mau Cuan? Mari Simak Rekomendasi Saham dari Broker,2019-04-08,Monday
Mau Cuan? Mari Simak Rekomendasi Saham dari Broker,2019-04-08,Monday
Ini Hasil Pertemuan Menkeu dan Gubernur Bank Sentral se-ASEAN,2019-04-09,Tuesday
"Semua Sektor Menghijau, Sesi II Penguatan IHSG mulai Terbatas",2019-04-09,Tuesday
"Semua Sektor Menghijau, Sesi II Penguatan IHSG mulai Terbatas",2019-04-09,Tuesday
"Cetak Rekor Lagi, Saham BRI Paling Aktif Hari Ini",2019-04-09,Tuesday
"Cetak Rekor Lagi, Saham BRI Paling Aktif Hari Ini",2019-04-09,Tuesday
"IHSG Hari Ini Juara Asia, Berpotensi Menembus Level 6.500",2019-04-09,Tuesday
"IHSG Hari Ini Juara Asia, Berpotensi Menembus Level 6.500",2019-04-09,Tuesday
"Perlambatan Ekonomi Global Kian Terasa, IHSG Jatuh 0,39%",2019-04-10,Wednesday
"Terkapar 0,39% di Paruh Pertama, Sesi II IHSG Masih Labil",2019-04-10,Wednesday
"Terkapar 0,39% di Paruh Pertama, Sesi II IHSG Masih Labil",2019-04-10,Wednesday
"Perlambatan Ekonomi Global Kian Terasa, IHSG Jatuh 0,39%",2019-04-10,Wednesday
"Rupiah Menggilas Semua Mata Uang, Bagaimana Hari Ini?",2019-04-10,Wednesday
Mandiri Berpotensi Jadi Bank Aset Terbesar jika Beli Permata,2019-04-10,Wednesday
Mandiri Berpotensi Jadi Bank Aset Terbesar jika Beli Permata,2019-04-10,Wednesday
BCA Incar 1 Juta/Tahun Rekening Baru Lewat Fitur Online,2019-04-11,Thursday
"Disengat Perang Dagang AS-Uni Eropa, IHSG Anjlok 1,05%",2019-04-11,Thursday
"Disengat Perang Dagang AS-Uni Eropa, IHSG Anjlok 1,05%",2019-04-11,Thursday
BCA Incar 1 Juta/Tahun Rekening Baru Lewat Fitur Online,2019-04-11,Thursday
"Simak, Kabar Terkini dari BCA Soal Akuisisi Bank",2019-04-11,Thursday
"Tak Mau Ikut-ikutan, BCA Ogah Bikin Fintech Lending",2019-04-11,Thursday
"Terjun Dalam, Sinyal Penurunan IHSG Kian Nyata Esok!",2019-04-11,Thursday
"Bos BCA Optimistis Kredit Q1 Tumbuh 13%, Ini Kuncinya!",2019-04-11,Thursday
"Terjun Dalam, Sinyal Penurunan IHSG Kian Nyata Esok!",2019-04-11,Thursday
"Tak Mau Ikut-ikutan, BCA Ogah Bikin Fintech Lending",2019-04-11,Thursday
"Bos BCA Optimistis Kredit Q1 Tumbuh 13%, Ini Kuncinya!",2019-04-11,Thursday
"Trump Serang Uni Eropa (Lagi), IHSG Dkk Terkapar",2019-04-11,Thursday
"Gandeng WeChat, BCA Bisa Layani Turis China Pakai QR Code",2019-04-11,Thursday
BCA Bagi Dividen Rp 340/Saham dan Tunjuk Wapresdir Baru,2019-04-11,Thursday
BCA Bagi Dividen Rp 340/Saham dan Tunjuk Wapresdir Baru,2019-04-11,Thursday
"Simak, Kabar Terkini dari BCA Soal Akuisisi Bank",2019-04-11,Thursday
"Trump Serang Uni Eropa (Lagi), IHSG Dkk Terkapar",2019-04-11,Thursday
"Eropa Bergejolak & Jelang Pilpres, Asing Obral Saham Bank",2019-04-11,Thursday
"Eropa Bergejolak & Jelang Pilpres, Asing Obral Saham Bank",2019-04-11,Thursday
"Sentimen Global Sedang Ramai, Ini Saham Pilihan Para Broker",2019-04-11,Thursday
"Gandeng WeChat, BCA Bisa Layani Turis China Pakai QR Code",2019-04-11,Thursday
Sinyal IHSG Semringah di Akhir Pekan Semakin Kencang,2019-04-12,Friday
Sinyal IHSG Semringah di Akhir Pekan Semakin Kencang,2019-04-12,Friday
"Duh! Data Perdagangan China Bikin Resah, IHSG Balik Melemah",2019-04-12,Friday
Isu Transaksi Mitsubishi UFJ-Bank DZ Bawa Euro Melesat Naik,2019-04-12,Friday
"Tak Kuat Lawan Tekanan, IHSG Terkapar Jelang Akhir Pekan",2019-04-12,Friday
"Tak Kuat Lawan Tekanan, IHSG Terkapar Jelang Akhir Pekan",2019-04-12,Friday
"Duh! Data Perdagangan China Bikin Resah, IHSG Balik Melemah",2019-04-12,Friday
BCA Targetkan Kredit Tumbuh 15%,2019-04-12,Friday
"Simak! Indofood Buyback Saham, BCA Tunjuk Direksi Baru",2019-04-12,Friday
"Andai Investor Asing Tak Kabur, Niscaya IHSG Lebih Oke",2019-04-12,Friday
"Andai Investor Asing Tak Kabur, Niscaya IHSG Lebih Oke",2019-04-12,Friday
BBCA Bagikan Dividen Rp 340 Per Saham,2019-04-12,Friday
BBCA Bagikan Dividen Rp 340 Per Saham,2019-04-12,Friday
"Simak! Indofood Buyback Saham, BCA Tunjuk Direksi Baru",2019-04-12,Friday
BCA Targetkan Kredit Tumbuh 15%,2019-04-12,Friday
"Selangkah lagi, BBCA Akan Akuisisi Bank Lain",2019-04-13,Saturday
"Inilah Daftar Saham Cuan, di Kala IHSG Anjlok 1%",2019-04-13,Saturday
"Selangkah lagi, BBCA Akan Akuisisi Bank Lain",2019-04-13,Saturday
"Neraca Dagang Bikin Lega, IHSG Menguat 0,46% Sesi I",2019-04-15,Monday
"Neraca Dagang Bikin Lega, IHSG Menguat 0,46% Sesi I",2019-04-15,Monday
"H-2 Pilpres 2019, Asing Lepas Saham Bank & Rokok",2019-04-15,Monday
"H-2 Pilpres 2019, Asing Lepas Saham Bank & Rokok",2019-04-15,Monday
"2 Hari Jelang Pilpres, Peluang Penguatan IHSG Masih Ada",2019-04-15,Monday
"2 Hari Jelang Pilpres, Peluang Penguatan IHSG Masih Ada",2019-04-15,Monday
Ini Alasan Bank Buka Layanan Pembukaan Rekening Online,2019-04-16,Tuesday
Bank Ramai-ramai Buat Fitur Pembukaan Rekening Online,2019-04-16,Tuesday
Ini Alasan Bank Buka Layanan Pembukaan Rekening Online,2019-04-16,Tuesday
Bank Ramai-ramai Buat Fitur Pembukaan Rekening Online,2019-04-16,Tuesday
"Asing Keluar, Seminggu Jelang Pilpres Obral Saham Rp 1,78 T",2019-04-16,Tuesday
"H-1 Jelang Pemilu, Asing Masih Obral Saham Rp 197 M",2019-04-16,Tuesday
"Saham Charoen Turun, Sempat Keluar dari Jajaran Elite",2019-04-16,Tuesday
"Saham Charoen Turun, Sempat Keluar dari Jajaran Elite",2019-04-16,Tuesday
"H-1 Jelang Pemilu, Asing Masih Obral Saham Rp 197 M",2019-04-16,Tuesday
"Asing Keluar, Seminggu Jelang Pilpres Obral Saham Rp 1,78 T",2019-04-16,Tuesday
Euro Mengendur Sejak Awal Sesi Eropa Dibuka,2019-04-17,Wednesday
"Ada Jokowi Effect, Bisakah Sesi II IHSG Naik Lagi?",2019-04-18,Thursday
"Jokowi Effect, IHSG Diprediksi Senggol Level 7.100 Tahun Ini",2019-04-18,Thursday
"Ada Euforia Pilpres 2019, Reli IHSG Berpotensi Berlanjut",2019-04-18,Thursday
"Ada Euforia Pilpres 2019, Reli IHSG Berpotensi Berlanjut",2019-04-18,Thursday
Ini Saham Rekomendasi Broker yang Cuan Besar karena Pemilu,2019-04-18,Thursday
Ini Saham Rekomendasi Broker yang Cuan Besar karena Pemilu,2019-04-18,Thursday
"Jokowi Effect, IHSG Diprediksi Senggol Level 7.100 Tahun Ini",2019-04-18,Thursday
"Berkah Jokowi Effect! Dana Asing Sehari Tembus Rp 1,4 T",2019-04-18,Thursday
"Ada Jokowi Effect, Bisakah Sesi II IHSG Naik Lagi?",2019-04-18,Thursday
"Berkah Jokowi Effect! Dana Asing Sehari Tembus Rp 1,4 T",2019-04-18,Thursday
"IHSG Menguat Saat Bursa Asia Boncos, karena Jokowi Effect?",2019-04-18,Thursday
"Jokowi Effect! Asing Borong Saham Rp 1,13 T dalam 3 Jam",2019-04-18,Thursday
"Jokowi Effect! Asing Borong Saham Rp 1,13 T dalam 3 Jam",2019-04-18,Thursday
"Jokowi Bakal 2 Periode, Saham Bank Besar Beri Cuan di Atas 2%",2019-04-18,Thursday
"Jokowi Bakal 2 Periode, Saham Bank Besar Beri Cuan di Atas 2%",2019-04-18,Thursday
"Jokowi Bakal 2 Periode, Asing Borong Saham Lebih Rp 1 T",2019-04-18,Thursday
"Jokowi Bakal 2 Periode, Asing Borong Saham Lebih Rp 1 T",2019-04-18,Thursday
"IHSG Menguat Saat Bursa Asia Boncos, karena Jokowi Effect?",2019-04-18,Thursday
"Ada Jokowi Effect, DBS Prediksi IHSG Tembus Level 6.900",2019-04-20,Saturday
"Ada Jokowi Effect, DBS Prediksi IHSG Tembus Level 6.900",2019-04-20,Saturday
Ini Alasan BCA Caplok Bank Royal Rp 1 Triliun,2019-04-22,Monday
"Dicaplok BCA Rp 1 T, Begini Kinerja Keuangan Bank Royal",2019-04-22,Monday
Terungkap! BCA Beli Bank Royal 3x Nilai Bukunya,2019-04-22,Monday
Resmi! BCA Caplok Bank Royal Indonesia Rp 1 T,2019-04-22,Monday
Terungkap! BCA Beli Bank Royal 3x Nilai Bukunya,2019-04-22,Monday
"Dicaplok BCA Rp 1 T, Begini Kinerja Keuangan Bank Royal",2019-04-22,Monday
Resmi! BCA Caplok Bank Royal Indonesia Rp 1 T,2019-04-22,Monday
Ini Alasan BCA Caplok Bank Royal Rp 1 Triliun,2019-04-22,Monday
Bobot Saham Mandiri Dekati 5% Terhadap IHSG,2019-04-22,Monday
Menakar Kinerja Saham Ramah Lingkungan di Hari Bumi,2019-04-22,Monday
Menakar Kinerja Saham Ramah Lingkungan di Hari Bumi,2019-04-22,Monday
"Jokowi Effect Pudar, Saham Bank BUKU IV Diobral",2019-04-22,Monday
"Jokowi Effect Pudar, Saham Bank BUKU IV Diobral",2019-04-22,Monday
"Dari AKRA hingga BBCA, Simak Saham Pilihan Awal Pekan Ini!",2019-04-22,Monday
Bobot Saham Mandiri Dekati 5% Terhadap IHSG,2019-04-22,Monday
BCA Caplok Bank Royal Rp 1 Triliun,2019-04-23,Tuesday
BCA Caplok Bank Royal Rp 1 Triliun,2019-04-23,Tuesday
"Akuisisi Bank Royal Indonesia, BCA Gelontorkan Rp 1,01 T",2019-04-23,Tuesday
"Akuisisi Bank Royal Indonesia, BCA Gelontorkan Rp 1,01 T",2019-04-23,Tuesday
"Konsolidasi Bank, BCA Resmi Beli Bank Royal Senilai Rp 1 T",2019-04-23,Tuesday
"BBCA Akuisisi Bank Royal, BIRD Luncurkan Taksi Listrik Tesla",2019-04-23,Tuesday
"BBCA Akuisisi Bank Royal, BIRD Luncurkan Taksi Listrik Tesla",2019-04-23,Tuesday
"Konsolidasi Bank, BCA Resmi Beli Bank Royal Senilai Rp 1 T",2019-04-23,Tuesday
"Investor Asing Jualan (Lagi), IHSG Jatuh 0,4% di Akhir Sesi I",2019-04-24,Wednesday
"Investor Asing Jualan (Lagi), IHSG Jatuh 0,4% di Akhir Sesi I",2019-04-24,Wednesday
"Industri Tumbuh Minus, Marjin BCA Malah Naik",2019-04-25,Thursday
"Kuartal I-2019, BCA Raup Laba Bersih Rp 6,1 T",2019-04-25,Thursday
Curhat Bos BCA Soal Akuisisi: Sulit Cari Bank Kecil Murah,2019-04-25,Thursday
Curhat Bos BCA Soal Akuisisi: Sulit Cari Bank Kecil Murah,2019-04-25,Thursday
"Terungkap, di Balik Akusisi Bank Royal Rp 1 T oleh BCA",2019-04-25,Thursday
"Industri Tumbuh Minus, Marjin BCA Malah Naik",2019-04-25,Thursday
"Kuartal I-2019, BCA Raup Laba Bersih Rp 6,1 T",2019-04-25,Thursday
"Terungkap, di Balik Akusisi Bank Royal Rp 1 T oleh BCA",2019-04-25,Thursday
"Asing Keluar Hampir Satu Triliun, IHSG Anjlok 1,16%",2019-04-25,Thursday
Total Kredit  BCA di Q1-2019 Capai Rp 532 T,2019-04-25,Thursday
Total Kredit  BCA di Q1-2019 Capai Rp 532 T,2019-04-25,Thursday
"Laba Bersih BCA di Kuartal I-2019 Capai Rp 6,1 T, Naik 10,1%",2019-04-25,Thursday
"Laba Bersih BCA di Kuartal I-2019 Capai Rp 6,1 T, Naik 10,1%",2019-04-25,Thursday
"Asing Keluar Hampir Satu Triliun, IHSG Anjlok 1,16%",2019-04-25,Thursday
"Terima Kasih Saham Telkom dkk, IHSG Selamat & Nomor 2 di Asia",2019-04-26,Friday
"Terima Kasih Saham Telkom dkk, IHSG Selamat & Nomor 2 di Asia",2019-04-26,Friday
"Marjin Naik, BCA Tetap Ciamik",2019-04-26,Friday
"Marjin Naik, BCA Tetap Ciamik",2019-04-26,Friday
Ini Dia Strategi Bisnis BCA di 2019,2019-04-26,Friday
Ini Dia Strategi Bisnis BCA di 2019,2019-04-26,Friday
"Sempat Terkulai Lemas, Pelan-pelan IHSG Geser ke Zona Hijau",2019-04-26,Friday
"Mari Simak, BCA Hingga Astra Direkomendasikan Broker",2019-04-26,Friday
Laporan Keuangan Garuda ,2019-04-26,Friday
Laporan Keuangan Garuda ,2019-04-26,Friday
"Sempat Terkulai Lemas, Pelan-pelan IHSG Geser ke Zona Hijau",2019-04-26,Friday
"Sempat Terseok-Seok, IHSG Naik Tipis Penutupan Sesi I",2019-04-29,Monday
"Saat Asing Banyak Keluar, IHSG Finish di Zona Hijau",2019-04-29,Monday
"Saat Asing Banyak Keluar, IHSG Finish di Zona Hijau",2019-04-29,Monday
"Sempat Terseok-Seok, IHSG Naik Tipis Penutupan Sesi I",2019-04-29,Monday
"IHSG Berpotensi Menguat, Simak Rekomendasi Saham Para Broker",2019-04-29,Monday
"Duh! Pendapatan Bunga Bank BUKU IV Tertekan, Ini Penyebabnya",2019-04-29,Monday
"Duh! Pendapatan Bunga Bank BUKU IV Tertekan, Ini Penyebabnya",2019-04-29,Monday
"Sebelum May Day, Simak Rekomendasi Saham Cuan Hari Ini",2019-04-30,Tuesday
"Sebelum May Day, Simak Rekomendasi Saham Cuan Hari Ini",2019-04-30,Tuesday
"Dimotori Asing, IHSG Coba Bertahan 3 Hari di Zona Hijau",2019-04-30,Tuesday
"Dimotori Asing, IHSG Coba Bertahan 3 Hari di Zona Hijau",2019-04-30,Tuesday
"""Lawan"" Pemerintah, Pendapatan Bunga 4 Bank BUKU IV Tertekan",2019-04-30,Tuesday
"""Lawan"" Pemerintah, Pendapatan Bunga 4 Bank BUKU IV Tertekan",2019-04-30,Tuesday
"Asing Masuk, IHSG Bisa Menguat 0,46% Jelang May Day",2019-04-30,Tuesday
"Asing Masuk, IHSG Bisa Menguat 0,46% Jelang May Day",2019-04-30,Tuesday
"Khawatir Sikap The Fed, IHSG Sesi II Bisa Tipiskan Penurunan",2019-05-02,Thursday
"IHSG Berpotensi Galau, Saham-saham Ini Bisa Jadi Pilihan",2019-05-02,Thursday
"Khawatir Sikap The Fed, IHSG Sesi II Bisa Tipiskan Penurunan",2019-05-02,Thursday
"Rupiah Dibantai 9 Hari, IHSG Boncos & Asing Keluar",2019-05-03,Friday
"Rupiah Dibantai 9 Hari, IHSG Boncos & Asing Keluar",2019-05-03,Friday
Ketika Fintech & Bank Berkolaborasi Dorong Inklusi Keuangan,2019-05-03,Friday
Perhatikan Data Tenaga Kerja AS untuk Trading Forex Hari Ini,2019-05-03,Friday
"Sukuk Tabungan ST-004 Resmi Dijual, Kupon 7,95%, Mau Beli?",2019-05-03,Friday
"Sepekan Asing Masuk Rp 51 T, Emiten Mana yang Diborong?",2019-05-04,Saturday
"Sepekan Asing Masuk Rp 51 T, Emiten Mana yang Diborong?",2019-05-04,Saturday
"IHSG Anjlok, Ini Saham Big Cap yang Anjlok Paling Dalam",2019-05-06,Monday
"IHSG Anjlok, Ini Saham Big Cap yang Anjlok Paling Dalam",2019-05-06,Monday
"Digilas Luar-Dalam, IHSG Jatuh 3 Hari Beruntun!",2019-05-06,Monday
"Digilas Luar-Dalam, IHSG Jatuh 3 Hari Beruntun!",2019-05-06,Monday
"Pasca Pilpres, Dana Asing Keluar Rp 2,6 T di Pasar Saham",2019-05-06,Monday
Gawat! Gara-gara Trump Rupiah Bisa Makin Parah di Akhir Mei?,2019-05-06,Monday
Menebak-nebak Nasib Rupiah Hari Ini,2019-05-06,Monday
"Pasca-Pilpres IHSG Anjlok 3,5%, Belum Percaya Jokowi Menang?",2019-05-06,Monday
"IHSG Kembali Rontok, Ribut-ribut Pilpres Jadi Penyebab",2019-05-07,Tuesday
"IHSG Kembali Rontok, Ribut-ribut Pilpres Jadi Penyebab",2019-05-07,Tuesday
"IHSG Masih Tertekan, Simak Rekomendasi Saham Hari Ini",2019-05-07,Tuesday
"Karena Trump & Data PDB, Rupiah Belum Tangguh Hari Ini",2019-05-07,Tuesday
"Karena Trump & Data PDB, Rupiah Belum Tangguh Hari Ini",2019-05-07,Tuesday
Drama Politik Pasca-Pilpres Ternyata Bikin Investor Bingung,2019-05-08,Wednesday
"Gara-Gara Online, Ribuan Tukang Ojek Ngantri di Cabang BCA",2019-05-09,Thursday
"2 Hari Beruntun Saham Bank Bikin IHSG Anjlok, Ada Apa?",2019-05-09,Thursday
Berkah atau Ancaman? Ini Kata Wadirut BCA soal Fintech,2019-05-09,Thursday
Berkah atau Ancaman? Ini Kata Wadirut BCA soal Fintech,2019-05-09,Thursday
"Gara-Gara Online, Ribuan Tukang Ojek Ngantri di Cabang BCA",2019-05-09,Thursday
"2 Hari Beruntun Saham Bank Bikin IHSG Anjlok, Ada Apa?",2019-05-09,Thursday
"Emiten Big Cap Kinclong di Q1, Siapa Juaranya?",2019-05-09,Thursday
"Rupiah Diramal Masih Melemah, Perjuangan BI Belum Usai",2019-05-09,Thursday
"Negosiasi Dagang Kian Panas, IHSG Terlemah Sejak Awal Tahun!",2019-05-09,Thursday
"Negosiasi Dagang Kian Panas, IHSG Terlemah Sejak Awal Tahun!",2019-05-09,Thursday
Kolaborasi Fintech & Banking Dorong Inklusi Keuangan,2019-05-09,Thursday
"Rupiah Diramal Masih Melemah, Perjuangan BI Belum Usai",2019-05-09,Thursday
Ada saham ADHI Hingga PTBA Direkomendasi oleh Broker Hari Ini,2019-05-09,Thursday
"Emiten Big Cap Kinclong di Q1, Siapa Juaranya?",2019-05-09,Thursday
"Tarif Normal MRT Berlaku Senin 13 Mei 2019, Ini Rinciannya!",2019-05-10,Friday
"Investor Asing Obral Saham Rp 3,85 T, Ini 5 Saham Teratasnya",2019-05-12,Sunday
"Investor Asing Obral Saham Rp 3,85 T, Ini 5 Saham Teratasnya",2019-05-12,Sunday
"Asing Kabur Rp 484 M, IHSG Anjlok & Terendah Sepanjang 2019",2019-05-13,Monday
"Asing Kabur Rp 484 M, IHSG Anjlok & Terendah Sepanjang 2019",2019-05-13,Monday
"Saham Bank Tertekan, Sinyal The Fed Naikkan Suku Bunga Acuan?",2019-05-14,Tuesday
"Saham Bank Tertekan, Sinyal The Fed Naikkan Suku Bunga Acuan?",2019-05-14,Tuesday
Bursa Saham Asia ,2019-05-14,Tuesday
Bursa Saham Asia ,2019-05-14,Tuesday
"Meski Laba Amblas 32%, Intiland Setia Bagi Dividen Rp 20,7 M",2019-05-15,Wednesday
Sayonara 6.000! Perang Dagang Bikin IHSG Anjlok 1% Lagi,2019-05-15,Wednesday
"Meski Laba Amblas 32%, Intiland Setia Bagi Dividen Rp 20,7 M",2019-05-15,Wednesday
Sayonara 6.000! Perang Dagang Bikin IHSG Anjlok 1% Lagi,2019-05-15,Wednesday
"Neraca Dagang Terburuk Sepanjang Sejarah, IHSG Anjlok 1,01%",2019-05-15,Wednesday
"Berburu Saham Murah, Simak Rekomendasi dari Broker",2019-05-15,Wednesday
"Neraca Dagang Terburuk Sepanjang Sejarah, IHSG Anjlok 1,01%",2019-05-15,Wednesday
"Neraca Dagang Bikin Tak Nyaman, Asing Obral Saham Rp 320 M",2019-05-16,Thursday
"Neraca Dagang Bikin Tak Nyaman, Asing Obral Saham Rp 320 M",2019-05-16,Thursday
"Perang Dagang Hingga Defisit Dagang Bikin IHSG Jeblos 1,06%",2019-05-16,Thursday
"Perang Dagang Hingga Defisit Dagang Bikin IHSG Jeblos 1,06%",2019-05-16,Thursday
"China Ogah Negosiasi dengan AS, IHSG Tekapar Lagi",2019-05-17,Friday
"China Ogah Negosiasi dengan AS, IHSG Tekapar Lagi",2019-05-17,Friday
"Asing Masih Betah Keluar, Saham 3 Bank Ini Ramai Dijual",2019-05-17,Friday
"Asing Masih Betah Keluar, Saham 3 Bank Ini Ramai Dijual",2019-05-17,Friday
"Fund Manager Asing Mulai Revisi Target, IHSG Cuma Bisa 6.600",2019-05-17,Friday
"IHSG Rawan Tekanan, Simak Rekomendasi Saham Hari Ini",2019-05-17,Friday
"Tarif Normal Berlaku, MRT Jakarta Dibanjiri Penumpang",2019-05-18,Saturday
BRI dan 5 Perusahaan RI Lain yang Masuk Global 2000 Forbes,2019-05-19,Sunday
"Berburu Saham Murah, LQ45 Mulai Gerak Bawa IHSG ke Zona Hijau",2019-05-20,Monday
"Berburu Saham Murah, LQ45 Mulai Gerak Bawa IHSG ke Zona Hijau",2019-05-20,Monday
Korporasi Raksasa Asal Indonesia,2019-05-20,Monday
Korporasi Raksasa Asal Indonesia,2019-05-20,Monday
"Kapitalisasi BEI Susut Rp 435 T, eh Bobot BCA Bertambah",2019-05-21,Tuesday
"Meski Asing Jualan, Jokowi Effect Selamatkan IHSG!",2019-05-21,Tuesday
"Meski Asing Jualan, Jokowi Effect Selamatkan IHSG!",2019-05-21,Tuesday
"Kapitalisasi BEI Susut Rp 435 T, eh Bobot BCA Bertambah",2019-05-21,Tuesday
"Akhir Sesi 1, Jokowi Effect Lesatkan IHSG!",2019-05-21,Tuesday
"Akhir Sesi 1, Jokowi Effect Lesatkan IHSG!",2019-05-21,Tuesday
"Ada Demo Tolak Hasil Pilpres, Bagaimana Nasib Rupiah?",2019-05-22,Wednesday
"Ada Demo Tolak Hasil Pilpres, Bagaimana Nasib Rupiah?",2019-05-22,Wednesday
"Duh! Demo 22 Mei Ricuh, IHSG Terjebak di Zona Merah",2019-05-22,Wednesday
"Duh! Demo 22 Mei Ricuh, IHSG Terjebak di Zona Merah",2019-05-22,Wednesday
"Imbas Demo 22 Mei, BCA Tutup Cabang di Sekitar Tanah Abang",2019-05-22,Wednesday
"Imbas Demo 22 Mei, BCA Tutup Cabang di Sekitar Tanah Abang",2019-05-22,Wednesday
Ssst! Ada Transaksi Negosiasi Gudang Garam Rp 355 M,2019-05-23,Thursday
Ssst! Ada Transaksi Negosiasi Gudang Garam Rp 355 M,2019-05-23,Thursday
Jakarta Sudah ,2019-05-23,Thursday
Jakarta Sudah ,2019-05-23,Thursday
"Duh, Pakai VPN Abal-abal Data Nasabah Bank Bisa Bocor?",2019-05-23,Thursday
Jakarta Sudah ,2019-05-23,Thursday
Jakarta Sudah ,2019-05-23,Thursday
"Duh, Pakai VPN Abal-abal Data Nasabah Bank Bisa Bocor?",2019-05-23,Thursday
"Charoen Bangun Pabrik Baru, Danamon Rilis Obligasi Rp 2 T",2019-05-24,Friday
"Charoen Bangun Pabrik Baru, Danamon Rilis Obligasi Rp 2 T",2019-05-24,Friday
"Politik Mulai Tenang, Simak Saham Pilihan Rekomendasi Broker",2019-05-24,Friday
"Setelah 15 Hari Beruntun Keluar Rp 10,7 T, Asing Mulai Masuk",2019-05-24,Friday
"Setelah 15 Hari Beruntun Keluar Rp 10,7 T, Asing Mulai Masuk",2019-05-24,Friday
"Asing Kembali Masuk, Esok IHSG Masih Berpeluang Naik",2019-05-27,Monday
"Investor Asing Masuk Usai 16 Hari Keluar, IHSG Terkerek 0,69%",2019-05-27,Monday
"Asing Kembali Masuk, Esok IHSG Masih Berpeluang Naik",2019-05-27,Monday
"Investor Asing Masuk Usai 16 Hari Keluar, IHSG Terkerek 0,69%",2019-05-27,Monday
Hore! Investor Asing Mulai Kembali ke Pasar Saham,2019-05-27,Monday
Mau Cuan Sepekan Jelang Lebaran? Simak Rekomendasi Saham Ini,2019-05-27,Monday
"Minim Sentimen, Rupiah Diramal Libas Dolar AS Senin Ini",2019-05-27,Monday
"Minim Sentimen, Rupiah Diramal Libas Dolar AS Senin Ini",2019-05-27,Monday
Hore! Investor Asing Mulai Kembali ke Pasar Saham,2019-05-27,Monday
"Asing Masuk Lagi, Perbankan & Konsumer Bakal Diburu!",2019-05-28,Tuesday
"Asing Masuk Lagi, Perbankan & Konsumer Bakal Diburu!",2019-05-28,Tuesday
"Emiten Big Cap Bagi-bagi Dividen, Siapa Paling Gede?",2019-05-28,Tuesday
"Emiten Big Cap Bagi-bagi Dividen, Siapa Paling Gede?",2019-05-28,Tuesday
"Menguat Tajam Hari Ini, Bagaimana IHSG Jumat Besok?",2019-05-29,Wednesday
"Menguat Tajam Hari Ini, Bagaimana IHSG Jumat Besok?",2019-05-29,Wednesday
Ini 10 Saham Penyebab Nilai Transaksi Negosiasi Membludak,2019-05-29,Wednesday
Mau Beli Saham Apa Jelang Lebaran? Simak Rekomendasi Broker,2019-05-29,Wednesday
Ini 10 Saham Penyebab Nilai Transaksi Negosiasi Membludak,2019-05-29,Wednesday
Siapa CA Capital yang Mau Beli Saham PaninBank dari ANZ?,2019-05-30,Thursday
Siapa CA Capital yang Mau Beli Saham PaninBank dari ANZ?,2019-05-30,Thursday
"Investor Asing Borong Saham, IHSG Melejit 0,92%",2019-05-31,Friday
"Peringkat Utang Indonesia Naik, Saham Perbankan Melesat!",2019-05-31,Friday
"Peringkat Utang Indonesia Naik, Saham Perbankan Melesat!",2019-05-31,Friday
"Wow! Jelang Libur Lebaran, Asing Serbu Pasar Saham RI",2019-05-31,Friday
"Investor Asing Borong Saham, IHSG Melejit 0,92%",2019-05-31,Friday
"Divestasi ANZ di Bank Panin & Kisah CA Capital, Sang Pembeli",2019-05-31,Friday
"Divestasi ANZ di Bank Panin & Kisah CA Capital, Sang Pembeli",2019-05-31,Friday
"Wow! Jelang Libur Lebaran, Asing Serbu Pasar Saham RI",2019-05-31,Friday
"Walau IHSG Loyo Sepanjang Tahun, Sektor Saham Ini Cuan Besar",2019-06-02,Sunday
"Sebelum Libur Lebaran, Ini Saham Paling Banyak Diborong Asing",2019-06-03,Monday
"Sebelum Libur Lebaran, Ini Saham Paling Banyak Diborong Asing",2019-06-03,Monday
Mau ke Bank Waktu Lebaran? Ini Jadwal Operasionalnya,2019-06-04,Tuesday
"Ekonomi Dunia Lesu, Bank Sentral Bakal Kompak Turunkan Bunga?",2019-06-06,Thursday
"Ekonomi Global Melambat, Begini Cara Bos BCA Merespons",2019-06-08,Saturday
"Ekonomi Global Melambat, Begini Cara Bos BCA Merespons",2019-06-08,Saturday
"Saham di Level Tertinggi, Kapitalisasi BCA Capai Rp 717,5 T",2019-06-10,Monday
"Saham di Level Tertinggi, Kapitalisasi BCA Capai Rp 717,5 T",2019-06-10,Monday
"Asing Belanja Saham Rp 511 M, IHSG Melesat 1,3%",2019-06-10,Monday
"Ada Sell In May, Kapitalisasi Bursa Menguap Rp 116 T",2019-06-10,Monday
"Ada Sell In May, Kapitalisasi Bursa Menguap Rp 116 T",2019-06-10,Monday
"Saham Bank Panin Dibidik CA Capital, Ini Respons OJK",2019-06-10,Monday
"Saham Bank Panin Dibidik CA Capital, Ini Respons OJK",2019-06-10,Monday
"Likuiditas Ketat, BTN Ingin Naikkan Bunga Deposito 25-50 bps",2019-06-10,Monday
"Likuiditas Ketat, BTN Ingin Naikkan Bunga Deposito 25-50 bps",2019-06-10,Monday
"Sentimen Domestik Tak Mendukung, IHSG Cuma Naik 1,36%",2019-06-10,Monday
"Sentimen Domestik Tak Mendukung, IHSG Cuma Naik 1,36%",2019-06-10,Monday
"Tembus Rekor Tertinggi, Saham BCA Bisa Sampai Rp 32.300",2019-06-10,Monday
"Asing Belanja Saham Rp 511 M, IHSG Melesat 1,3%",2019-06-10,Monday
"Likuditas Terjaga, BCA Belum Berencana Naikkan Bunga Deposito",2019-06-10,Monday
"Diborong Asing, Saham Bank Buku IV Melesat",2019-06-10,Monday
"Diborong Asing, Saham Bank Buku IV Melesat",2019-06-10,Monday
"Selepas Libur, Investor Asing Borong Rp 340 M di Pasar Saham",2019-06-10,Monday
"Selepas Libur, Investor Asing Borong Rp 340 M di Pasar Saham",2019-06-10,Monday
"Tembus Rekor Tertinggi, Saham BCA Bisa Sampai Rp 32.300",2019-06-10,Monday
"Tembus Harga Rp 30.100, Saham BCA Rekor Tertinggi Sejak IPO",2019-06-10,Monday
"Usai Caplok Bank Royal, BCA akan Akuisisi Satu Bank Lagi",2019-06-10,Monday
"Usai Caplok Bank Royal, BCA akan Akuisisi Satu Bank Lagi",2019-06-10,Monday
"Likuditas Terjaga, BCA Belum Berencana Naikkan Bunga Deposito",2019-06-10,Monday
"Tembus Harga Rp 30.100, Saham BCA Rekor Tertinggi Sejak IPO",2019-06-10,Monday
"IHSG Teruskan Reli Keempat Beruntun, Kenapa Volume Turun?",2019-06-11,Tuesday
"Ramai Katalis Positif, IHSG Berakhir di Zona Hijau Lagi",2019-06-11,Tuesday
"Ramai Katalis Positif, IHSG Berakhir di Zona Hijau Lagi",2019-06-11,Tuesday
"Harga Saham Rekor Lagi, BCA Tiap Hari Cetak Laba Rp 57,14 M",2019-06-11,Tuesday
"Harga Saham Rekor Lagi, BCA Tiap Hari Cetak Laba Rp 57,14 M",2019-06-11,Tuesday
Rencana Aksi Baru Bisnis BCA,2019-06-11,Tuesday
"IHSG Teruskan Reli Keempat Beruntun, Kenapa Volume Turun?",2019-06-11,Tuesday
Rekor Baru Saham Bank Raksasa,2019-06-11,Tuesday
Rekor Baru Saham Bank Raksasa,2019-06-11,Tuesday
"Wow! BRI Raup Untung Rp 91 M/Hari, Kalahkan 9 Big Cap Lainnya",2019-06-11,Tuesday
"Wow! BRI Raup Untung Rp 91 M/Hari, Kalahkan 9 Big Cap Lainnya",2019-06-11,Tuesday
Ada Saham United Tractors & BCA Jadi Pilihan Broker Hari Ini,2019-06-11,Tuesday
Rencana Aksi Baru Bisnis BCA,2019-06-11,Tuesday
Sentimen Domestik Kurang ,2019-06-12,Wednesday
Sentimen Domestik Kurang ,2019-06-12,Wednesday
Bos BCA: Bank Royal Kemungkinan Dimerger ke BCA Syariah,2019-06-12,Wednesday
Bos BCA: Bank Royal Kemungkinan Dimerger ke BCA Syariah,2019-06-12,Wednesday
"Antisipasi Dampak AS-China, Ini Bocoran Strategi BCA",2019-06-12,Wednesday
"Antisipasi Dampak AS-China, Ini Bocoran Strategi BCA",2019-06-12,Wednesday
"Asing Ramai Ambil Untung, IHSG Betah di Zona Merah",2019-06-12,Wednesday
"Asing Ramai Ambil Untung, IHSG Betah di Zona Merah",2019-06-12,Wednesday
"Dear Investor, Ini Nasihat Investasi Saham dari Bos Mansek",2019-06-12,Wednesday
10 Saham Penopang IHSG Hingga 31 Mei 2019,2019-06-12,Wednesday
"Sempat Berikan Perlawanan, Tapi IHSG Gagal ke Zona Hijau",2019-06-13,Thursday
"BI Didorong Turunkan Bunga Acuan, Ini Respons Bos BCA",2019-06-13,Thursday
"BI Didorong Turunkan Bunga Acuan, Ini Respons Bos BCA",2019-06-13,Thursday
Siapa Pencetak Laba Terbesar Emiten Big Cap di Kuartal I?,2019-06-13,Thursday
"Cadangan Devisa Tersedot Banyak, IHSG Melemah Lagi",2019-06-13,Thursday
"Cadangan Devisa Tersedot Banyak, IHSG Melemah Lagi",2019-06-13,Thursday
Peleburan Bank Royal Dan BCA Syariah,2019-06-13,Thursday
Peleburan Bank Royal Dan BCA Syariah,2019-06-13,Thursday
"Sempat Berikan Perlawanan, Tapi IHSG Gagal ke Zona Hijau",2019-06-13,Thursday
"Terus Akuisisi, Saham BCA Sudah Diborong Asing Rp 1,3 T",2019-06-17,Monday
"Terus Akuisisi, Saham BCA Sudah Diborong Asing Rp 1,3 T",2019-06-17,Monday
Bingung Trading di Awal Pekan? Simak Saham Pilihan Broker Ini,2019-06-17,Monday
"Terdorong Sentimen Penurunan Suku Bunga, IHSG Masih Bisa Naik",2019-06-18,Tuesday
"Tiga Klub Bola RI Siap IPO, KRAS Bakal Spin Off Anak Usaha",2019-06-18,Tuesday
"Tiga Klub Bola RI Siap IPO, KRAS Bakal Spin Off Anak Usaha",2019-06-18,Tuesday
"Naik Nyaris 1%, IHSG Siap Patahkan Koreksi 4 Hari Beruntun?",2019-06-18,Tuesday
"Naik Nyaris 1%, IHSG Siap Patahkan Koreksi 4 Hari Beruntun?",2019-06-18,Tuesday
"Melejit 1,08%, IHSG Patahkan Rentetan Koreksi 4 Hari Beruntun",2019-06-18,Tuesday
"Melejit 1,08%, IHSG Patahkan Rentetan Koreksi 4 Hari Beruntun",2019-06-18,Tuesday
"Terdorong Sentimen Penurunan Suku Bunga, IHSG Masih Bisa Naik",2019-06-18,Tuesday
The Fed & ECB Bawa Bursa Saham Asia ke Zona Hijau,2019-06-18,Tuesday
"Divestasi ANZ di Bank Panin Abu-Abu, Asing Lepas Rp 581 M",2019-06-19,Wednesday
"Divestasi ANZ di Bank Panin Abu-Abu, Asing Lepas Rp 581 M",2019-06-19,Wednesday
Bos BCA Ramal BI Masih Tahan Bunga Acuan,2019-06-19,Wednesday
"Investor Asing Tebar Duit Rp 349 M, IHSG Menguat 0,86%",2019-06-19,Wednesday
"Investor Asing Tebar Duit Rp 349 M, IHSG Menguat 0,86%",2019-06-19,Wednesday
Bos BCA Ramal BI Masih Tahan Bunga Acuan,2019-06-19,Wednesday
"GWM Diturunkan, Bos BCA: Likuiditas Tetap Harus Dikontrol",2019-06-20,Thursday
"GWM Diturunkan, Bos BCA: Likuiditas Tetap Harus Dikontrol",2019-06-20,Thursday
Hasil Pertemuan BI Kurang ,2019-06-20,Thursday
Yuk! Intip Suku Bunga KPR 10 Bank Besar,2019-06-20,Thursday
"Pajak Bunga Obligasi Turun Jadi 5%, Apa Dampaknya ke Bank?",2019-06-20,Thursday
Bos BCA: Bulan Depan Bunga Acuan Boleh Turun,2019-06-20,Thursday
"Pajak Bunga Obligasi Turun Jadi 5%, Apa Dampaknya ke Bank?",2019-06-20,Thursday
Hasil Pertemuan BI Kurang ,2019-06-20,Thursday
Bos BCA: Bulan Depan Bunga Acuan Boleh Turun,2019-06-20,Thursday
"Divestasi ANZ Masih Abu-abu, BCA Prediksi BI Tahan Suku Bunga",2019-06-20,Thursday
"Akuisisi Direstui, BCA Masih Cari Fokus Bisnis Bank Royal",2019-06-20,Thursday
"Duh, Angin Segar dari AS Gagal Kerek Kinerja IHSG",2019-06-20,Thursday
"Duh, Angin Segar dari AS Gagal Kerek Kinerja IHSG",2019-06-20,Thursday
Yuk! Intip Suku Bunga KPR 10 Bank Besar,2019-06-20,Thursday
"Divestasi ANZ Masih Abu-abu, BCA Prediksi BI Tahan Suku Bunga",2019-06-20,Thursday
"The Fed Tahan Suku Bunga, Terus Mau Beli Saham Apa Hari Ini?",2019-06-20,Thursday
"Akuisisi Direstui, BCA Masih Cari Fokus Bisnis Bank Royal",2019-06-20,Thursday
,2019-06-21,Friday
"Rupiah Menguat Tajam, Asing Malah Hindari Pasar Saham RI",2019-06-21,Friday
"Duh, Nampaknya IHSG Akan Akhiri Pekan di Zona Merah",2019-06-21,Friday
"Duh, Nampaknya IHSG Akan Akhiri Pekan di Zona Merah",2019-06-21,Friday
,2019-06-21,Friday
"IHSG Naik Sepekan, Kapitalisasi HM Sampoerna Disalip Telkom",2019-06-24,Monday
"IHSG Naik Sepekan, Kapitalisasi HM Sampoerna Disalip Telkom",2019-06-24,Monday
"Tak Terbendung, IHSG Menguat & Berhasil Lawan Arus",2019-06-25,Tuesday
"Tak Terbendung, IHSG Menguat & Berhasil Lawan Arus",2019-06-25,Tuesday
"Rupiah Perkasa, IHSG Nyaman di Zona Hijau",2019-06-25,Tuesday
"Rupiah Perkasa, IHSG Nyaman di Zona Hijau",2019-06-25,Tuesday
"Pasar Global Nantikan G20, Simak Saham Pilihan Hari Ini",2019-06-25,Tuesday
"Sempat Menari-Nari di Zona Hijau, IHSG Berakhir di Zona Merah",2019-06-26,Wednesday
"Sempat Menari-Nari di Zona Hijau, IHSG Berakhir di Zona Merah",2019-06-26,Wednesday
"Jokowi Effect Mulai Terasa, IHSG Naik 0,59% Akhir Sesi I",2019-06-27,Thursday
"Jokowi Effect Mulai Terasa, IHSG Naik 0,59% Akhir Sesi I",2019-06-27,Thursday
"Ada Jokowi Effect, IHSG Menutup Hari di Zona Hijau",2019-06-27,Thursday
"Ada Jokowi Effect, IHSG Menutup Hari di Zona Hijau",2019-06-27,Thursday
"IHSG Menguat Kala Bursa Asia Jatuh, Terima Kasih Pak Jokowi!",2019-06-28,Friday
"IHSG Menguat Kala Bursa Asia Jatuh, Terima Kasih Pak Jokowi!",2019-06-28,Friday
"Duh! Jokowi Effect Pudar, IHSG Rehat Siang di Zona Merah",2019-06-28,Friday
"Tuh kan! Jokowi 2 Periode, Asing Mulai Borong Saham Rp 187 M",2019-06-28,Friday
"Tuh kan! Jokowi 2 Periode, Asing Mulai Borong Saham Rp 187 M",2019-06-28,Friday
"Duh! Jokowi Effect Pudar, IHSG Rehat Siang di Zona Merah",2019-06-28,Friday
"Ponsel Ilegal Bakal Dilarang, Saham Erajaya Melesat 11%",2019-07-01,Monday
"Ponsel Ilegal Bakal Dilarang, Saham Erajaya Melesat 11%",2019-07-01,Monday
"Sewa Asrama Karyawan, BCA Rogoh Kocek hingga Rp 497 M",2019-07-02,Tuesday
"Sewa Asrama Karyawan, BCA Rogoh Kocek hingga Rp 497 M",2019-07-02,Tuesday
"Bursa Saham Utama Asia ""Kebakaran"", IHSG Ikut ke Zona Merah",2019-07-03,Wednesday
"Deretan Anak Muda Sukses, Cocok Jadi Menteri Jokowi Nih!",2019-07-03,Wednesday
"Bursa Saham Utama Asia ""Kebakaran"", IHSG Ikut ke Zona Merah",2019-07-03,Wednesday
"Sebelum ""Main"" Saham, Ada Kabar Apa Saja dari Emiten",2019-07-03,Wednesday
"Sebelum ""Main"" Saham, Ada Kabar Apa Saja dari Emiten",2019-07-03,Wednesday
"IHSG Belum Tembus 6.400, Simak Saham Pilihan Hari Ini!",2019-07-03,Wednesday
Siap-siap! Harga Saham BCA Bisa Tembus Rekor Lagi,2019-07-04,Thursday
Siap-siap! Harga Saham BCA Bisa Tembus Rekor Lagi,2019-07-04,Thursday
"Semester I Melesat, Bagaimana Nasib Saham Bank Paruh Kedua?",2019-07-04,Thursday
"Semester I Melesat, Bagaimana Nasib Saham Bank Paruh Kedua?",2019-07-04,Thursday
"Sinyal Positif, Besok IHSG Bisa Semringah di Akhir Pekan",2019-07-04,Thursday
"Asing Sibuk Jualan, IHSG Tutup Pekan Ini di Zona Merah",2019-07-05,Friday
"AS-China Mesra, IHSG Cs kok Malah Melemah?",2019-07-05,Friday
"Asing Sibuk Jualan, IHSG Tutup Pekan Ini di Zona Merah",2019-07-05,Friday
BCA dan BRI Puncaki Kapitalisasi Pasar di Bursa Saham,2019-07-06,Saturday
BCA dan BRI Puncaki Kapitalisasi Pasar di Bursa Saham,2019-07-06,Saturday
Ini 5 Saham Paling Banyak Diborong Investor Asing Pekan Ini,2019-07-07,Sunday
Ini 5 Saham Paling Banyak Diborong Investor Asing Pekan Ini,2019-07-07,Sunday
"BCA & BRI Kokoh, Telkom Salip Sampoerna di Posisi 3 Big Cap!",2019-07-08,Monday
"BCA & BRI Kokoh, Telkom Salip Sampoerna di Posisi 3 Big Cap!",2019-07-08,Monday
"Sedih! Hingga Tengah Hari, Tak Sekalipun IHSG Terapresiasi",2019-07-08,Monday
"Ekonomi & Investor Kurang Gairah, IHSG Berakhir Boncos",2019-07-08,Monday
"Ekonomi & Investor Kurang Gairah, IHSG Berakhir Boncos",2019-07-08,Monday
"Sedih! Hingga Tengah Hari, Tak Sekalipun IHSG Terapresiasi",2019-07-08,Monday
BCA & BRI Puncaki Kapitalisasi BEI,2019-07-08,Monday
BCA & BRI Puncaki Kapitalisasi BEI,2019-07-08,Monday
Simak Kabar ADRO Telaah Lapkeu Hingga Rencana Ekspansi BMRO,2019-07-08,Monday
Simak Kabar ADRO Telaah Lapkeu Hingga Rencana Ekspansi BMRO,2019-07-08,Monday
"Sentimen Eksternal Tak Mendukung, IHSG Cuma Bisa Naik Tipis",2019-07-09,Tuesday
"Sentimen Eksternal Tak Mendukung, IHSG Cuma Bisa Naik Tipis",2019-07-09,Tuesday
"Asing Borong Rp 700 M Lebih, IHSG Kokoh di Zona Hijau",2019-07-09,Tuesday
"Asing Borong Rp 700 M Lebih, IHSG Kokoh di Zona Hijau",2019-07-09,Tuesday
"Minim Sentimen, Simak Deretan Saham Potensi Cuan Rabu Ini!",2019-07-10,Wednesday
"Saham BBRI Tembus Rekor Baru, Kapitalisasi Capai Rp 551 T",2019-07-10,Wednesday
"Saham BBRI Tembus Rekor Baru, Kapitalisasi Capai Rp 551 T",2019-07-10,Wednesday
"IHSG Catatkan Reli 3 Hari Beruntun, Tapi Awas Tergelincir!",2019-07-11,Thursday
"Fiuh! Seharian Terombang-ambing, IHSG Finis di Zona Hijau",2019-07-11,Thursday
"Fiuh! Seharian Terombang-ambing, IHSG Finis di Zona Hijau",2019-07-11,Thursday
"Tak Mau Kalah, Saham BCA Rekor & Kokoh Jawara Market Cap",2019-07-11,Thursday
"IHSG Catatkan Reli 3 Hari Beruntun, Tapi Awas Tergelincir!",2019-07-11,Thursday
Saham Rekor Lagi! Kapitalisasi BRI Tembus Rp 556 T,2019-07-11,Thursday
Saham Rekor Lagi! Kapitalisasi BRI Tembus Rp 556 T,2019-07-11,Thursday
"Tak Mau Kalah, Saham BCA Rekor & Kokoh Jawara Market Cap",2019-07-11,Thursday
Menguji Kesaktian Testimoni Powell 2.0 di Pengujung Pekan ini,2019-07-12,Friday
Menguji Kesaktian Testimoni Powell 2.0 di Pengujung Pekan ini,2019-07-12,Friday
"Softex Incar Dana Rp 7 T dari Bursa, BRI & BCA Pecah Rekor",2019-07-12,Friday
"Softex Incar Dana Rp 7 T dari Bursa, BRI & BCA Pecah Rekor",2019-07-12,Friday
"Saham BCA & BRI Rekor, Bobot Sektor Perbankan Capai 33,5%",2019-07-12,Friday
"Saham BCA & BRI Rekor, Bobot Sektor Perbankan Capai 33,5%",2019-07-12,Friday
Bank Big Caps Langganan Rekor,2019-07-14,Sunday
"Joss! Neraca Dagang Surplus, IHSG Awali Pekan dengan Manis",2019-07-15,Monday
"Joss! Neraca Dagang Surplus, IHSG Awali Pekan dengan Manis",2019-07-15,Monday
"Digeser Saham TLKM Pekan Lalu, HMSP Kini Dilewati BMRI",2019-07-15,Monday
"Digeser Saham TLKM Pekan Lalu, HMSP Kini Dilewati BMRI",2019-07-15,Monday
"Neraca Dagang Surplus, IHSG Tancap Gas!",2019-07-15,Monday
"Bursa Asia Jatuh, Asing Malah Borong Saham di RI",2019-07-15,Monday
Rekor! Kapitalisasi Pasar BCA Tembus Rp 751 T,2019-07-15,Monday
Rekor! Kapitalisasi Pasar BCA Tembus Rp 751 T,2019-07-15,Monday
"Bursa Asia Jatuh, Asing Malah Borong Saham di RI",2019-07-15,Monday
"Gebyar Saham BCA, Pecah Rekor & Kokoh di Puncak Klasemen",2019-07-15,Monday
"Pidato Jokowi Bikin IHSG Menguat, Gimana Besok?",2019-07-15,Monday
"Neraca Dagang Surplus, IHSG Tancap Gas!",2019-07-15,Monday
"Gebyar Saham BCA, Pecah Rekor & Kokoh di Puncak Klasemen",2019-07-15,Monday
"Dari Awal Meragukan, Penutupan Sesi I IHSG Akhirnya Jebol",2019-07-16,Tuesday
"Kabar dari MH Thamrin Bikin Dag-Dig-Dug, IHSG Jadi Loyo",2019-07-16,Tuesday
"Dari Awal Meragukan, Penutupan Sesi I IHSG Akhirnya Jebol",2019-07-16,Tuesday
"Kabar dari MH Thamrin Bikin Dag-Dig-Dug, IHSG Jadi Loyo",2019-07-16,Tuesday
"Selain BCA & BRI Rekor Lagi, Simak 4 Aksi Korporasi Emiten",2019-07-16,Tuesday
"Selain BCA & BRI Rekor Lagi, Simak 4 Aksi Korporasi Emiten",2019-07-16,Tuesday
"Pelaku Pasar Masih Cermati RDG BI, Saham ASII Perberat IHSG",2019-07-17,Wednesday
"Buang Barang Demi Cuan, IHSG Merah Tunggu Pengumuman BI",2019-07-17,Wednesday
"Buang Barang Demi Cuan, IHSG Merah Tunggu Pengumuman BI",2019-07-17,Wednesday
"Pelaku Pasar Masih Cermati RDG BI, Saham ASII Perberat IHSG",2019-07-17,Wednesday
Tak Percaya Bunga Fintech Setinggi Langit? Ini Buktinya!,2019-07-17,Wednesday
Earnings Season! Simak Saham Pilihan Hari Ini,2019-07-17,Wednesday
"Bunga Acuan BI Jadi 5,75%, Saham Bank Buku IV ke Zona Merah",2019-07-18,Thursday
"Investor Asing Net Sell Hari Ini, Waspadai Penurunan Besok",2019-07-18,Thursday
"Investor Asing Net Sell Hari Ini, Waspadai Penurunan Besok",2019-07-18,Thursday
"BCA Rekor Lagi & Diborong Asing, Kapitalisasi Menuju Rp 800 T",2019-07-19,Friday
"Hai Gentleman! Mau Beri Mahar Saham, Perhatikan Hal Ini",2019-07-19,Friday
"BCA Rekor Lagi & Diborong Asing, Kapitalisasi Menuju Rp 800 T",2019-07-19,Friday
"Jamu Manis Perry Antar IHSG Melejit 0,83% Jelang Akhir Pekan",2019-07-19,Friday
"Jamu Manis Perry Antar IHSG Melejit 0,83% Jelang Akhir Pekan",2019-07-19,Friday
"Laba Ditahan Bakal Kena Pajak, Investasi Terancam ",2019-07-19,Friday
"Hai Gentleman! Mau Beri Mahar Saham, Perhatikan Hal Ini",2019-07-19,Friday
"Laba Ditahan Bakal Kena Pajak, Investasi Terancam ",2019-07-19,Friday
BI ,2019-07-19,Friday
Uhuy! BCA Siap Turunkan Bunga Kredit Nih,2019-07-19,Friday
Uhuy! BCA Siap Turunkan Bunga Kredit Nih,2019-07-19,Friday
Rekor Lagi! Kapitalisasi Saham BCA Siap Menuju Rp 800 T,2019-07-19,Friday
Rekor Lagi! Kapitalisasi Saham BCA Siap Menuju Rp 800 T,2019-07-19,Friday
BI ,2019-07-19,Friday
"Gilak! Saham BCA Terus Rekor, Kapitalisasi Menuju Rp 800 T",2019-07-20,Saturday
"Gilak! Saham BCA Terus Rekor, Kapitalisasi Menuju Rp 800 T",2019-07-20,Saturday
"Wuih, Saham BBCA Tembus Rekor Baru",2019-07-22,Monday
"Wuih, Saham BBCA Tembus Rekor Baru",2019-07-22,Monday
"Tiba-tiba Melesat di Akhir Sesi, Saham BCA Cetak Rekor Lagi",2019-07-22,Monday
"Tiba-tiba Melesat di Akhir Sesi, Saham BCA Cetak Rekor Lagi",2019-07-22,Monday
"Saham Melesat 17%, Kapitalisasi Candra Asri Balik ke Rp 100 T",2019-07-22,Monday
BBCA Sentuh Harga Saham Tertinggi Sejak IPO,2019-07-22,Monday
BBCA Sentuh Harga Saham Tertinggi Sejak IPO,2019-07-22,Monday
"Rekor Lagi! Dua Kata untuk Saham BCA, <i>Jos Gandos</i>",2019-07-22,Monday
"Rekor Lagi! Dua Kata untuk Saham BCA, <i>Jos Gandos</i>",2019-07-22,Monday
"Saham Melesat 17%, Kapitalisasi Candra Asri Balik ke Rp 100 T",2019-07-22,Monday
"Rupiah Keok 2 Hari Berturut-turut, IHSG Finish di Zona Merah",2019-07-23,Tuesday
"Rupiah Babak Belur, IHSG Balik Arah ke Zona Merah",2019-07-23,Tuesday
"Rupiah Keok 2 Hari Berturut-turut, IHSG Finish di Zona Merah",2019-07-23,Tuesday
<i>Duh..!</i> Harga Emas Mau Turun 3 Hari Berturut-turut,2019-07-23,Tuesday
"Rupiah Babak Belur, IHSG Balik Arah ke Zona Merah",2019-07-23,Tuesday
"Laba Mahaka Amblas, Saham BCA Cetak Rekor Lagi",2019-07-23,Tuesday
Ambil Untung Dulu! Saham BCA Tak Ngegas Lagi,2019-07-23,Tuesday
Ambil Untung Dulu! Saham BCA Tak Ngegas Lagi,2019-07-23,Tuesday
"Laba Mahaka Amblas, Saham BCA Cetak Rekor Lagi",2019-07-23,Tuesday
"Belum Mampu Bangkit Hingga Siang, Mana Tenagamu Rupiah?",2019-07-23,Tuesday
Bos BCA Bicara Soal Industri Tekstil RI,2019-07-24,Wednesday
Bos BCA Bicara Soal Industri Tekstil RI,2019-07-24,Wednesday
"BCA Hati-hati Beri Kredit, Kenapa?",2019-07-24,Wednesday
"BCA Hati-hati Beri Kredit, Kenapa?",2019-07-24,Wednesday
"Meningkat 12,6%, BCA Raih Laba Bersih Rp 12,9 T",2019-07-24,Wednesday
"Akuisisi Direstui, BCA ",2019-07-24,Wednesday
"Akuisisi Direstui, BCA ",2019-07-24,Wednesday
Bos BCA: Likuiditas Saat ini Cukup untuk Kredit Pas-pasan,2019-07-24,Wednesday
Bos BCA: Likuiditas Saat ini Cukup untuk Kredit Pas-pasan,2019-07-24,Wednesday
"Meningkat 12,6%, BCA Raih Laba Bersih Rp 12,9 T",2019-07-24,Wednesday
"Laba BCA Semester I-2019 Lompat 12,6%, Tembus Rp 12,9 T",2019-07-24,Wednesday
Live! Paparan Kinerja Keuangan BCA Kuartal II-2019,2019-07-24,Wednesday
Live! Paparan Kinerja Keuangan BCA Kuartal II-2019,2019-07-24,Wednesday
"Rupiah Keok Tiga Hari Beruntun, IHSG Betah di Zona Merah",2019-07-24,Wednesday
"Rupiah Keok Tiga Hari Beruntun, IHSG Betah di Zona Merah",2019-07-24,Wednesday
"Bayar Utang, Semen Indonesia Ngutang Lagi Rp 9,35 T",2019-07-24,Wednesday
"Bayar Utang, Semen Indonesia Ngutang Lagi Rp 9,35 T",2019-07-24,Wednesday
"Laba BCA Semester I-2019 Lompat 12,6%, Tembus Rp 12,9 T",2019-07-24,Wednesday
BCA Perketat Penyaluran Kredit,2019-07-25,Thursday
BCA Perketat Penyaluran Kredit,2019-07-25,Thursday
"Mantap! Produk ETF Makin Menjamur, Penerbit Kian Banyak",2019-07-25,Thursday
"Mantap! Produk ETF Makin Menjamur, Penerbit Kian Banyak",2019-07-25,Thursday
"Bos BCA Bicara Soal Likuiditas Bank, NPL & Industri Tekstil",2019-07-25,Thursday
"Antisipasi Keputusan ECB & The Fed, Straits Times Menguat",2019-07-25,Thursday
"Wow! Kinerja BCA Moncer, tapi Rating Duniatex Jadi Sampah",2019-07-25,Thursday
"Wow! Kinerja BCA Moncer, tapi Rating Duniatex Jadi Sampah",2019-07-25,Thursday
"Bos BCA Bicara Soal Likuiditas Bank, NPL & Industri Tekstil",2019-07-25,Thursday
"Alamak! Anjlok 1,19%, Tak Ada Happy Weekend Buat IHSG",2019-07-26,Friday
"Restatement, Garuda: Bank Masih Support Pendanaan!",2019-07-26,Friday
"BI Repo Rate Turun, Masyarakat Buru Obligasi Tabungan SBR-007",2019-07-26,Friday
"BI Repo Rate Turun, Masyarakat Buru Obligasi Tabungan SBR-007",2019-07-26,Friday
"Gara-gara Bank Sentral Eropa, Bursa Asia Berguguran",2019-07-26,Friday
"Alamak! Anjlok 1,19%, Tak Ada Happy Weekend Buat IHSG",2019-07-26,Friday
"Restatement, Garuda: Bank Masih Support Pendanaan!",2019-07-26,Friday
"Tak Yakin The Fed Terlalu Dovish, IHSG Ambruk 1,34%",2019-07-26,Friday
"Cuma Kuat Naik Sehari, IHSG Sudah Merah Lagi",2019-07-26,Friday
"Khawatir The Fed Tak Begitu Dovish, Bursa Asia Berguguran",2019-07-26,Friday
"Khawatir The Fed Tidak Terlalu Dovish, Straits Times Loyo",2019-07-26,Friday
"Tak Yakin The Fed Terlalu Dovish, IHSG Ambruk 1,34%",2019-07-26,Friday
Ada Invisible Hand Tahan Rupiah Tak Sentuh Rp 14.000/US$,2019-07-27,Saturday
"Gegara Dolar & ECB, Pekan Ini IHSG Jadi Juru Kunci di Asia",2019-07-27,Saturday
Catat! Ini Deretan Saham yang Meroket dalam Sepekan,2019-07-27,Saturday
"Berkah Musim Laporan Keuangan, Cek Saham Pilihan Ini!",2019-07-29,Monday
Perang Dagang & The Fed Sukses Rontokkan IHSG,2019-07-29,Monday
Perang Dagang & The Fed Sukses Rontokkan IHSG,2019-07-29,Monday
"Anjlok 5% Lebih, Kapitalisasi HMSP Kini Disalip Unilever",2019-07-29,Monday
"Anjlok 5% Lebih, Kapitalisasi HMSP Kini Disalip Unilever",2019-07-29,Monday
Lagi! Vera Eva Lim Tambah Kepemilikan Saham BCA,2019-07-30,Tuesday
Ada ,2019-07-30,Tuesday
Ada ,2019-07-30,Tuesday
Lagi! Vera Eva Lim Tambah Kepemilikan Saham BCA,2019-07-30,Tuesday
"Penanaman Modal Asing Akhirnya Tumbuh, IHSG Naik 0,68%",2019-07-30,Tuesday
"Penanaman Modal Asing Akhirnya Tumbuh, IHSG Naik 0,68%",2019-07-30,Tuesday
Waspada! Sinyal Koreksi IHSG Masih Terlihat,2019-07-31,Wednesday
Duet Perang Dagang & The Fed Bikin IHSG Tak Berkutik,2019-07-31,Wednesday
Duet Perang Dagang & The Fed Bikin IHSG Tak Berkutik,2019-07-31,Wednesday
Premi Tambahan untuk Bank Tinggal Tunggu Jokowi Teken,2019-07-31,Wednesday
"Setelah Bunga The Fed Turun, Ini Rekomendasi Saham Broker",2019-08-01,Thursday
"The Fed Tak Dovish, Dolar ""Say Good Bye"" di Pasar Forex",2019-08-01,Thursday
"Simak! Ini Mega Merger & Akuisisi 2019, Mana yang Terbesar?",2019-08-01,Thursday
"Simak! Ini Mega Merger & Akuisisi 2019, Mana yang Terbesar?",2019-08-01,Thursday
"Ditinggal Asing Nyaris Setengah Triliun, IHSG Jatuh 0,65%",2019-08-02,Friday
"Ditinggal Asing Nyaris Setengah Triliun, IHSG Jatuh 0,65%",2019-08-02,Friday
"Diobok-obok Donald Trump, IHSG Jatuh 0,82%",2019-08-02,Friday
"Trump Bikin Ketar-ketir, Investor Asing Lepas Saham Rp 210 M",2019-08-02,Friday
"Trump Bikin Ketar-ketir, Investor Asing Lepas Saham Rp 210 M",2019-08-02,Friday
"Diobok-obok Donald Trump, IHSG Jatuh 0,82%",2019-08-02,Friday
"ATM BCA Terganggu Gara-gara Listrik Padam, Ini Kata Manajemen",2019-08-04,Sunday
"Waspada! Dikelilingi Sentimen Negatif, IHSG Bisa ke 6.000",2019-08-05,Monday
"1.500 ATM BCA Down, Dirut: Kami Tak Bisa Apa-apa",2019-08-05,Monday
"Ambruk 2,59%, IHSG Cetak Koreksi Terdalam Sejak September",2019-08-05,Monday
"Ambruk 2,59%, IHSG Cetak Koreksi Terdalam Sejak September",2019-08-05,Monday
Ini Jawara Pencetak Laba Terbesar Semester I-2019 Emiten LQ45,2019-08-05,Monday
"1.500 ATM BCA Down, Dirut: Kami Tak Bisa Apa-apa",2019-08-05,Monday
"Mengecewakan! Laba Penghuni LQ45 Turun, Astra Terburuk",2019-08-05,Monday
Ekonomi RI ,2019-08-05,Monday
Ekonomi RI ,2019-08-05,Monday
Ini Jawara Pencetak Laba Terbesar Semester I-2019 Emiten LQ45,2019-08-05,Monday
"Pertumbuhan Ekonomi <i>Lemah-Letih-Lesu</i>, IHSG Drop 1,75%",2019-08-05,Monday
"Pertumbuhan Ekonomi <i>Lemah-Letih-Lesu</i>, IHSG Drop 1,75%",2019-08-05,Monday
"Investor Asing Jualan Rp 2 T, IHSG Jatuh 4 Hari Beruntun!",2019-08-06,Tuesday
"Investor Asing Jualan Rp 2 T, IHSG Jatuh 4 Hari Beruntun!",2019-08-06,Tuesday
"IHSG Amblas 2 Hari, Dana Pensiun Masih Pede Naik Lagi!",2019-08-06,Tuesday
"Investor Asing Kabur, IHSG Ambruk Nyaris 1%",2019-08-06,Tuesday
"IHSG Amblas 2 Hari, Dana Pensiun Masih Pede Naik Lagi!",2019-08-06,Tuesday
"IHSG Anjlok, Saham Bank BUKU IV Kompak Berguguran!",2019-08-06,Tuesday
"IHSG Kemarin Anjlok 2,5%, Hari Ini Cari Saham Apa?",2019-08-06,Tuesday
"4 Faktor ini Bisa Bawa IHSG ke Level 6.000, Apa Saja?",2019-08-06,Tuesday
"IHSG Anjlok, Saham Bank BUKU IV Kompak Berguguran!",2019-08-06,Tuesday
"Investor Asing Kabur, IHSG Ambruk Nyaris 1%",2019-08-06,Tuesday
"IHSG Rebound! Saham Bank BUKU IV Melesat, Panin Tertinggi",2019-08-07,Wednesday
"Ambruk 4 Hari, Lo Kheng Hong: Bank & Konsumer Potensial",2019-08-07,Wednesday
"Ambruk 4 Hari, Lo Kheng Hong: Bank & Konsumer Potensial",2019-08-07,Wednesday
"Saat IHSG Tak Bersahabat, Apa Saja Saham Pilihan Broker?",2019-08-07,Wednesday
"Diborong Asing, Ini Perbandingan Kinerja Para ""Raja"" Saham",2019-08-07,Wednesday
"Diborong Asing, Ini Perbandingan Kinerja Para ""Raja"" Saham",2019-08-07,Wednesday
"IHSG Rebound! Saham Bank BUKU IV Melesat, Panin Tertinggi",2019-08-07,Wednesday
"Huft...Perdagangan Begitu Menegangkan, IHSG Sukses Menguat",2019-08-09,Friday
"Huft...Perdagangan Begitu Menegangkan, IHSG Sukses Menguat",2019-08-09,Friday
"Waspada Profit Taking, Simak Saham Pilihan Broker",2019-08-09,Friday
Geger Currency War! Ini Deretan Sentimen Pasar Modal Sepekan,2019-08-10,Saturday
Top! Alumnus Sastra China Ini Cuan Rp 1 M/bulan dari Saham,2019-08-10,Saturday
Top! Alumnus Sastra China Ini Cuan Rp 1 M/bulan dari Saham,2019-08-10,Saturday
"Bos BCA Akui Layanan M-Banking Sempat Down, Ini Sebabnya",2019-08-12,Monday
"Virtual Account Bermasalah, Saham BBCA Ditutup Terkoreksi",2019-08-12,Monday
"AS-China Panas, Hong Kong Membara, IHSG pun Keok!",2019-08-12,Monday
"AS-China Panas, Hong Kong Membara, IHSG pun Keok!",2019-08-12,Monday
"M-Banking BCA Down 45 Menit, Bagaimana Nasib Dana Nasabah?",2019-08-12,Monday
"M-Banking BCA Down 45 Menit, Bagaimana Nasib Dana Nasabah?",2019-08-12,Monday
"Bos BCA Akui Layanan M-Banking Sempat Down, Ini Sebabnya",2019-08-12,Monday
"Layanan M-Banking BCA Gangguan, Nasabah Teriak",2019-08-12,Monday
"Virtual Account Bermasalah, Saham BBCA Ditutup Terkoreksi",2019-08-12,Monday
"CAD Bengkak Bikin Gemetar, IHSG Putar Balik ke Zona Merah",2019-08-12,Monday
"CAD Bengkak Bikin Gemetar, IHSG Putar Balik ke Zona Merah",2019-08-12,Monday
Simak Saham-saham Pilihan Broker untuk Hari Ini,2019-08-12,Monday
Simak Saham-saham Pilihan Broker untuk Hari Ini,2019-08-12,Monday
"Anak Muda Ini Bisa Cuan Rp 1 M/Bulan, Emang Beli Saham Apa?",2019-08-12,Monday
"Anak Muda Ini Bisa Cuan Rp 1 M/Bulan, Emang Beli Saham Apa?",2019-08-12,Monday
"Layanan M-Banking BCA Gangguan, Nasabah Teriak",2019-08-12,Monday
Bara Demo Hong Kong & Perang Dagang Seret IHSG ke Zona Merah,2019-08-13,Tuesday
"Naik 10%, Kapitalisasi Chandra Asri Bisa Balap Indofood CBP",2019-08-13,Tuesday
"Investor Asing Tarik Dana Nyaris Rp 700 M, IHSG Jatuh 0,63%",2019-08-13,Tuesday
Bara Demo Hong Kong & Perang Dagang Seret IHSG ke Zona Merah,2019-08-13,Tuesday
"Naik 10%, Kapitalisasi Chandra Asri Bisa Balap Indofood CBP",2019-08-13,Tuesday
"Investor Asing Tarik Dana Nyaris Rp 700 M, IHSG Jatuh 0,63%",2019-08-13,Tuesday
"Kinerja Tak Ciamik, Saham CIMB Niaga pun Anjlok!",2019-08-13,Tuesday
"Kisah Investor Muda Cuan Rp 1M/bulan, Ini Saham Pilihannya",2019-08-13,Tuesday
"Kisah Investor Muda Cuan Rp 1M/bulan, Ini Saham Pilihannya",2019-08-13,Tuesday
"M-Banking Eror, Nasabah Sulit Transaksi dan Penjelasan BCA",2019-08-13,Tuesday
"Kinerja Tak Ciamik, Saham CIMB Niaga pun Anjlok!",2019-08-13,Tuesday
"M-Banking Eror, Nasabah Sulit Transaksi dan Penjelasan BCA",2019-08-13,Tuesday
"Unggul Dengan Laba Terbesar, NIM BRI Tetap Paling Tinggi",2019-08-14,Wednesday
,2019-08-14,Wednesday
"Neraca Dagang Tak Kuasa Jadi Penolong, IHSG Ambruk 1,09%",2019-08-15,Thursday
"Neraca Dagang Tak Kuasa Jadi Penolong, IHSG Ambruk 1,09%",2019-08-15,Thursday
Apa Kabar Kerja Sama Alipay & WeChat dengan BCA?,2019-08-15,Thursday
Apa Kabar Kerja Sama Alipay & WeChat dengan BCA?,2019-08-15,Thursday
"Ancaman Resesi AS, Bos BCA: Jaga Likuiditas & Kestabilan!",2019-08-15,Thursday
"Ancaman Resesi AS, Bos BCA: Jaga Likuiditas & Kestabilan!",2019-08-15,Thursday
Pegang Saham BNGA 20 Tahun: Bukannya Untung Malah Buntung!,2019-08-16,Friday
Pegang Saham BNGA 20 Tahun: Bukannya Untung Malah Buntung!,2019-08-16,Friday
"Dari CEO, BI, Hingga Ekonom, Kata Mereka Ekonomi Berat",2019-08-16,Friday
"Jokowi Mau Pidato, Masih Bisa Cuan Enggak di Saham-saham Ini?",2019-08-16,Friday
"Bukan Cuma Investor, Bank Sentral Pun Borong Emas",2019-08-17,Saturday
"Awal 2020, Kerja Sama BCA dan WeChat Bakal Terlaksana",2019-08-17,Saturday
"Sstt.. Bank Sentral Mulai Lirik Emas, Kenapa?",2019-08-18,Sunday
Mantap! Racikan RAPBN Jokowi-Sri Mulyani Bawa IHSG Menghijau,2019-08-19,Monday
"Naik 4% Sepekan, Kapitalisasi HMSP Lewati Mandiri & Unilever",2019-08-19,Monday
Mantap! Racikan RAPBN Jokowi-Sri Mulyani Bawa IHSG Menghijau,2019-08-19,Monday
BCA Segera Wujudkan Kerja Sama dengan Wechat & Alipay,2019-08-19,Monday
Aksi Emiten: BCA Gandeng WeChat Sampai OCBC Lirik Bank Pemata,2019-08-19,Monday
"Naik 4% Sepekan, Kapitalisasi HMSP Lewati Mandiri & Unilever",2019-08-19,Monday
"Ngegas di Awal Perdagangan, Sesi I IHSG Malah Tersungkur",2019-08-20,Tuesday
"Ngegas di Awal Perdagangan, Sesi I IHSG Malah Tersungkur",2019-08-20,Tuesday
Indonesia Eximbank Bantu PT DI Jualan Pesawat ke Afrika,2019-08-20,Tuesday
"Rapat Dewan Gubernur BI Bikin Gelisah, IHSG Tergelincir",2019-08-20,Tuesday
"Rapat Dewan Gubernur BI Bikin Gelisah, IHSG Tergelincir",2019-08-20,Tuesday
"Jelang Pengumuman Suku Bunga BI, Saham Bank Buku 4 Berguguran",2019-08-21,Wednesday
"Jelang Pengumuman Suku Bunga BI, Saham Bank Buku 4 Berguguran",2019-08-21,Wednesday
"BCA Masih Bidik Akuisisi 1 Bank Lagi, Bukan Bank Artos!",2019-08-21,Wednesday
"BCA Masih Bidik Akuisisi 1 Bank Lagi, Bukan Bank Artos!",2019-08-21,Wednesday
Saham Bank Artos Meroket 25% di Tengah Isu Akuisisi,2019-08-21,Wednesday
Bunga Acuan Dipangkas atau Ditahan BI? Ini Prediksi BCA,2019-08-21,Wednesday
Bunga Acuan Dipangkas atau Ditahan BI? Ini Prediksi BCA,2019-08-21,Wednesday
"Ekonomi Lesu, BCA Tak Ngoyo Salurkan Kredit Korporasi",2019-08-21,Wednesday
"Ekonomi Lesu, BCA Tak Ngoyo Salurkan Kredit Korporasi",2019-08-21,Wednesday
Saham Bank Artos Meroket 25% di Tengah Isu Akuisisi,2019-08-21,Wednesday
"Bank Sentral AS & Indonesia Bawa IHSG Melemah, Kok Bisa?",2019-08-22,Thursday
"BI Pangkas Bunga Acuan, Saham Bank BUKU IV Berbalik Menguat",2019-08-22,Thursday
"Akuisisi ARTO, Ini Rekam Jejak Jerry Ng dan Patrick Walujo",2019-08-22,Thursday
"Bank Sentral AS & Indonesia Bawa IHSG Melemah, Kok Bisa?",2019-08-22,Thursday
"BI Pangkas Bunga Acuan, Saham Bank BUKU IV Berbalik Menguat",2019-08-22,Thursday
"Asing Masih Gencar Obral Saham, Ternyata Ini Biang Keroknya",2019-08-22,Thursday
Simak Aksi Emiten Sepanjang Perdagangan Kemarin,2019-08-22,Thursday
"Asing Masih Gencar Obral Saham, Ternyata Ini Biang Keroknya",2019-08-22,Thursday
Simak Aksi Emiten Sepanjang Perdagangan Kemarin,2019-08-22,Thursday
"Harga Saham Meroket, Market Cap TPIA Lewati GGRM & BBNI",2019-08-26,Monday
"Indonesia Seksi, kok Asing Malah Kabur di 5 Saham Top Ini?",2019-08-26,Monday
"AS-China Memanas, Saham Bank BUKU 4 Berguguran",2019-08-26,Monday
"AS-China Memanas, Saham Bank BUKU 4 Berguguran",2019-08-26,Monday
AS-China ,2019-08-26,Monday
AS-China ,2019-08-26,Monday
"Belum Penuhi Free Float, SMBC Siap Lepas Sebagian Saham BTPN",2019-08-26,Monday
"Belum Penuhi Free Float, SMBC Siap Lepas Sebagian Saham BTPN",2019-08-26,Monday
"Harga Saham Meroket, Market Cap TPIA Lewati GGRM & BBNI",2019-08-26,Monday
"Bunga Acuan Sudah Dipangkas 2 Kali, kok Saham Bank Longsor?",2019-08-27,Tuesday
"Bunga Acuan Sudah Dipangkas 2 Kali, kok Saham Bank Longsor?",2019-08-27,Tuesday
"AS-China Bisa Rujuk, IHSG Cetak Penguatan 0,74%",2019-08-27,Tuesday
"AS-China Bisa Rujuk, IHSG Cetak Penguatan 0,74%",2019-08-27,Tuesday
"Semesta Tak Mendukung, IHSG Cuma Bisa Naik Tipis",2019-08-29,Thursday
"Semesta Tak Mendukung, IHSG Cuma Bisa Naik Tipis",2019-08-29,Thursday
"Hore! Asing Balik Lagi, IHSG Hijau 4 Hari Beruntun",2019-08-30,Friday
"AS-China Dingin, Empat Hari Sudah IHSG Bertahan Hijau!",2019-08-30,Friday
"AS-China Dingin, Empat Hari Sudah IHSG Bertahan Hijau!",2019-08-30,Friday
"Hore! Asing Balik Lagi, IHSG Hijau 4 Hari Beruntun",2019-08-30,Friday
"Saham Anjlok 9%, Market Cap Gudang Garam Amblas Rp 4 T",2019-09-02,Monday
"Saham Anjlok 9%, Market Cap Gudang Garam Amblas Rp 4 T",2019-09-02,Monday
"Sebulan Asing Kabur Rp 7 T, 5 Saham Ini Ramai Dilepas",2019-09-05,Thursday
"Hantu Capital Outflow Masih Ada, Ini Rekomendasi Saham Broker",2019-09-06,Friday
"Sumitomo Tantang OCBC Minati Bank Permata, Siapa Tergusur?",2019-09-06,Friday
"Sumitomo Tantang OCBC Minati Bank Permata, Siapa Tergusur?",2019-09-06,Friday
"4 Saham Bank BUKU IV Dilego Asing, Penguatan IHSG Tertahan",2019-09-09,Monday
"4 Saham Bank BUKU IV Dilego Asing, Penguatan IHSG Tertahan",2019-09-09,Monday
"TLKM Terkoreksi Dalam, Tapi Kokoh Menempel BBCA & BBRI",2019-09-09,Monday
"TLKM Terkoreksi Dalam, Tapi Kokoh Menempel BBCA & BBRI",2019-09-09,Monday
Sah! Lima Hari Sudah IHSG Menguat Tanpa Putus!,2019-09-10,Tuesday
Sah! Lima Hari Sudah IHSG Menguat Tanpa Putus!,2019-09-10,Tuesday
"Outlook Kredit Turun, Investor Lepas Saham Perbankan",2019-09-10,Tuesday
"Outlook Kredit Turun, Investor Lepas Saham Perbankan",2019-09-10,Tuesday
Sentimen Turunnya Suku Bunga AS dan Eropa Kompak Angkat Pasar,2019-09-10,Tuesday
"Pasar Keuangan Masih Positif, Tapi Awas Rapuh.. Kayak Kamu",2019-09-11,Wednesday
"Pasar Keuangan Masih Positif, Tapi Awas Rapuh.. Kayak Kamu",2019-09-11,Wednesday
"Sempat Tergelincir, IHSG Resmi Menguat 6 Hari Tanpa Putus!",2019-09-11,Wednesday
"Sempat Tergelincir, IHSG Resmi Menguat 6 Hari Tanpa Putus!",2019-09-11,Wednesday
"Hari Ini Menguat 0,71%, IHSG Besok Bisa Tembus Level 6.400?",2019-09-11,Wednesday
"Hari Ini Menguat 0,71%, IHSG Besok Bisa Tembus Level 6.400?",2019-09-11,Wednesday
"Sudah Sprint 6 Hari, Rentetan Penguatan IHSG Akhirnya Putus",2019-09-12,Thursday
"Mohon Maaf, Tampaknya Rentetan Penguatan IHSG Akan Terputus!",2019-09-12,Thursday
"Duh! Saham Konsumer Babak Belur, IHSG Terkapar di Zona Merah",2019-09-12,Thursday
Aroma Kemesraan China dan Minyak Bisa Bikin Pasar Bahagia,2019-09-12,Thursday
"IHSG Sudah 6 Hari Menguat, Apa Saham Pilihan Hari Ini?",2019-09-12,Thursday
Aroma Kemesraan China dan Minyak Bisa Bikin Pasar Bahagia,2019-09-12,Thursday
"Dibebani Saham Konsumer, IHSG Cuma Bisa Naik Tipis",2019-09-13,Friday
"Dibebani Saham Konsumer, IHSG Cuma Bisa Naik Tipis",2019-09-13,Friday
"Wow! Diborong Asing, BCA & BRI Mantap Jadi Jawara Market Cap",2019-09-13,Friday
"Wow! Diborong Asing, BCA & BRI Mantap Jadi Jawara Market Cap",2019-09-13,Friday
"Luhut Kumpulkan Para Bankir di Kantornya, Ada Apa Ya?",2019-09-13,Friday
"Goyang Terus, IHSG Sempat Cicipi Lagi Level 6.400",2019-09-14,Saturday
"Pekan Ini IHSG Kurang Bergairah, Investor Asing Obral Saham",2019-09-15,Sunday
"Pekan Ini IHSG Kurang Bergairah, Investor Asing Obral Saham",2019-09-15,Sunday
"Amblas Karena Sentimen Rokok, IHSG Konfirmasi Sinyal Koreksi",2019-09-16,Monday
"Sepekan Nilai Kapitalisasi Telkom Menguap Rp 4,95 T",2019-09-16,Monday
"Sepekan Nilai Kapitalisasi Telkom Menguap Rp 4,95 T",2019-09-16,Monday
"Amblas Karena Sentimen Rokok, IHSG Konfirmasi Sinyal Koreksi",2019-09-16,Monday
KPK Shutdown! Akankah Asing Kabur Lagi dari RI?,2019-09-16,Monday
Saham LQ45 dari SMGR hingga BBCA Direkomendasi Broker,2019-09-16,Monday
KPK Shutdown! Akankah Asing Kabur Lagi dari RI?,2019-09-16,Monday
"Sehari, 4 Saham LQ45 Diobral Asing Lebih dari Rp 100 M",2019-09-17,Tuesday
"Sehari, 4 Saham LQ45 Diobral Asing Lebih dari Rp 100 M",2019-09-17,Tuesday
Hore! IHSG Menguat Sendiri Saat Bursa Asia Terkapar,2019-09-17,Tuesday
Hore! IHSG Menguat Sendiri Saat Bursa Asia Terkapar,2019-09-17,Tuesday
"Net Sell Masih Menghantui, Pilih Saham Apa Hari Ini?",2019-09-18,Wednesday
"Alami Profit Taking, Peluang IHSG Naik di Akhir Pekan Terbuka",2019-09-19,Thursday
"The Fed Pangkas Bunga Acuan, Bursa Saham Asia Dibuka Menguat",2019-09-19,Thursday
"Tunggu Suku Bunga BI, Asing Kabur di Saham Perbankan RI",2019-09-19,Thursday
"Tunggu Suku Bunga BI, Asing Kabur di Saham Perbankan RI",2019-09-19,Thursday
"Suku Bunga Acuan BI Dinanti, IHSG Masih Memerah",2019-09-19,Thursday
"Walau BI Sudah Banting Tulang, IHSG Tetap Saja Merah",2019-09-19,Thursday
"The Fed Kecewakan Pasar, Asa Damai Dagang Kerek Bursa Asia",2019-09-19,Thursday
"Alami Profit Taking, Peluang IHSG Naik di Akhir Pekan Terbuka",2019-09-19,Thursday
"Rapat Dewan Gubernur BI Bikin Grogi, IHSG ke Zona Merah",2019-09-19,Thursday
"IHSG Merah Membara & Asing Kabur, Saham Bank BJB Tetap Naik",2019-09-20,Friday
"Melemah di Akhir Pekan, IHSG Kirimkan Sinyal Penguatan",2019-09-20,Friday
"IHSG Merah Membara & Asing Kabur, Saham Bank BJB Tetap Naik",2019-09-20,Friday
"Melemah di Akhir Pekan, IHSG Kirimkan Sinyal Penguatan",2019-09-20,Friday
"Tampil Beda, IHSG Melemah Kala Bursa Saham Asia Kompak Naik",2019-09-20,Friday
"AS Kembali Melunak Lawan China, Bursa Asia Menghijau",2019-09-20,Friday
"Miris! Bursa Saham Asia Hijau, IHSG Malah Merah Membara",2019-09-20,Friday
Mantap! Asa Damai Dagang Kerek Bursa Asia Kompak Menghijau,2019-09-20,Friday
"IHSG Masih Minus, Asing Mulai Buru Saham Perbankan",2019-09-20,Friday
"Tampil Beda, IHSG Melemah Kala Bursa Saham Asia Kompak Naik",2019-09-20,Friday
"IHSG Masih Minus, Asing Mulai Buru Saham Perbankan",2019-09-20,Friday
Ini 34 Perusahaan Tempat Bekerja Terbaik & Gaji Tinggi di RI!,2019-09-22,Sunday
Ini 34 Perusahaan Tempat Bekerja Terbaik & Gaji Tinggi di RI!,2019-09-22,Sunday
Mau Kerja Digaji Tinggi? Daftar Perusahaan Ini Bisa Dilirik,2019-09-22,Sunday
Mau Kerja Digaji Tinggi? Daftar Perusahaan Ini Bisa Dilirik,2019-09-22,Sunday
"BCA Alihkan Utang TAXI ke Luar Negeri, Ada Apa?",2019-09-23,Monday
"BCA Alihkan Utang TAXI ke Luar Negeri, Ada Apa?",2019-09-23,Monday
"Saham Emiten Big Cap Melorot, TLKM & ICBP Berjaya",2019-09-23,Monday
"Saham Emiten Big Cap Melorot, TLKM & ICBP Berjaya",2019-09-23,Monday
"Hubungan AS-China Merenggang, IHSG Ditutup Memerah",2019-09-23,Monday
"Pahit! Memang Sulit Cari Cuan, Sesi I IHSG Terkapar Merah",2019-09-23,Monday
"RI Diterpa Gelombang Demo, IHSG Paling Buruk di Asia!",2019-09-24,Tuesday
"Melemah 4 Hari Beruntun, IHSG Sinyalkan Koreksi Lagi Esok",2019-09-24,Tuesday
"Demo Sepanjang Hari, Asing Bawa Kabur Dana Hampir Rp 1 T",2019-09-24,Tuesday
"Demo Sepanjang Hari, Asing Bawa Kabur Dana Hampir Rp 1 T",2019-09-24,Tuesday
"Melemah 4 Hari Beruntun, IHSG Sinyalkan Koreksi Lagi Esok",2019-09-24,Tuesday
"RI Diterpa Gelombang Demo, IHSG Paling Buruk di Asia!",2019-09-24,Tuesday
"Ada Aksi Demo & Asing Kabur Rp 6 T, Ini Saham yang Dilego",2019-09-24,Tuesday
Mau Kerja Gaji Tinggi di RI? Lamar di 34 Perusahaan Ini!,2019-09-24,Tuesday
Mau Kerja Gaji Tinggi di RI? Lamar di 34 Perusahaan Ini!,2019-09-24,Tuesday
"TBIG RIlis Obligasi, Inalum Bakal Serap Divestasi Vale?",2019-09-24,Tuesday
"TBIG RIlis Obligasi, Inalum Bakal Serap Divestasi Vale?",2019-09-24,Tuesday
"Ada Aksi Demo & Asing Kabur Rp 6 T, Ini Saham yang Dilego",2019-09-24,Tuesday
"Meski IHSG Hijau, Asing Masih Grogi & Tetap Memilih Keluar",2019-09-25,Wednesday
"Meski IHSG Hijau, Asing Masih Grogi & Tetap Memilih Keluar",2019-09-25,Wednesday
Ini Alasan Kenapa Asing Terus Kabur dari Pasar Saham RI,2019-09-25,Wednesday
Ini Alasan Kenapa Asing Terus Kabur dari Pasar Saham RI,2019-09-25,Wednesday
"Saham BCA, Jawara Market Cap Hari Ini Dilego Asing Rp 208 M",2019-09-25,Wednesday
"Saham BCA, Jawara Market Cap Hari Ini Dilego Asing Rp 208 M",2019-09-25,Wednesday
"Duh! 10 Hari Beruntun Investor Asing Kabur, Gimana Nih?",2019-09-25,Wednesday
"Jika Tak Lekas Pulih, IHSG akan Melemah 5 Hari Beruntun!",2019-09-25,Wednesday
"Jika Tak Lekas Pulih, IHSG akan Melemah 5 Hari Beruntun!",2019-09-25,Wednesday
"Babak Belur, Eropa Resesi 16 Saham LQ45 Masuk Zona Merah",2019-09-25,Wednesday
"Babak Belur, Eropa Resesi 16 Saham LQ45 Masuk Zona Merah",2019-09-25,Wednesday
"Pangsa Pasar 5 Bank Kustodian Amblas, Deutsche Turun Tahta",2019-09-25,Wednesday
"Pangsa Pasar 5 Bank Kustodian Amblas, Deutsche Turun Tahta",2019-09-25,Wednesday
"Duh! 10 Hari Beruntun Investor Asing Kabur, Gimana Nih?",2019-09-25,Wednesday
"Situasi Politik Mulai Dingin, IHSG Melesat 1,37%",2019-09-26,Thursday
"Situasi Politik Mulai Dingin, IHSG Melesat 1,37%",2019-09-26,Thursday
"Duh! Penjualan Mobil Anjlok, Pembiayaan BCA Finance Drop 5%",2019-09-26,Thursday
"Saham BBCA Diborong Asing Rp 200,84 M",2019-09-26,Thursday
"Saham BBCA Diborong Asing Rp 200,84 M",2019-09-26,Thursday
"Duh! Penjualan Mobil Anjlok, Pembiayaan BCA Finance Drop 5%",2019-09-26,Thursday
"Kemarin Diobral, Hari Ini BBCA Jawara Diborong Asing",2019-09-26,Thursday
"Usai Babak Belur Karena Gelombang Demo, IHSG Mulai Bangkit",2019-09-26,Thursday
"Kemarin Diobral, Hari Ini BBCA Jawara Diborong Asing",2019-09-26,Thursday
"Usai Babak Belur Karena Gelombang Demo, IHSG Mulai Bangkit",2019-09-26,Thursday
"Pasar Mulai Kondusif, Simak Saham TBIG hingga TPIA",2019-09-26,Thursday
Ingin Kerja Digaji Tinggi? Lamar di 34 Perusahaan RI Ini,2019-09-26,Thursday
Ingin Kerja Digaji Tinggi? Lamar di 34 Perusahaan RI Ini,2019-09-26,Thursday
Akhirnya! 6 Bank Setujui Restrukturisasi Krakatau Steel,2019-09-30,Monday
Akhirnya! 6 Bank Setujui Restrukturisasi Krakatau Steel,2019-09-30,Monday
"Perhatian! Kupon ORI-016 Ditetapkan 6,8%!",2019-09-30,Monday
Moody,2019-09-30,Monday
Moody,2019-09-30,Monday
"Kapitalisasi HMSP Digusur Astra, BBNI Disalip Indofood CBP",2019-09-30,Monday
"Siap Stock Split, Ini Alasan Utama Unilever",2019-09-30,Monday
"Siap Stock Split, Ini Alasan Utama Unilever",2019-09-30,Monday
"Siap Stock Split, Saham Unilever kok Langsung Amblas?",2019-09-30,Monday
"Siap Stock Split, Saham Unilever kok Langsung Amblas?",2019-09-30,Monday
"Jreng! Investor Ritel Berbahagialah, UNVR akan Stock Split",2019-09-30,Monday
"Jreng! Investor Ritel Berbahagialah, UNVR akan Stock Split",2019-09-30,Monday
"Kapitalisasi HMSP Digusur Astra, BBNI Disalip Indofood CBP",2019-09-30,Monday
"6 Bank Setuju Restrukturisasi Utang, Saham KRAS Hijau",2019-10-01,Tuesday
"Deflasi September Kelewat Dalam, IHSG Makin Terpuruk!",2019-10-01,Tuesday
"Deflasi September Kelewat Dalam, IHSG Makin Terpuruk!",2019-10-01,Tuesday
"6 Bank Setuju Restrukturisasi Utang, Saham KRAS Hijau",2019-10-01,Tuesday
"Mundurnya Direksi Sriwijaya Air, UNVR akan Stock Split",2019-10-01,Tuesday
"Mundurnya Direksi Sriwijaya Air, UNVR akan Stock Split",2019-10-01,Tuesday
"UNVR Stock Split, Diterima Asing & Ditolak Lokal",2019-10-01,Tuesday
"UNVR Stock Split, Diterima Asing & Ditolak Lokal",2019-10-01,Tuesday
"Oktober Bulan Baik Beli Saham, Saham Apa yang Cocok?",2019-10-02,Wednesday
"Modal Rp 1 Juta, Pemerintah Ajak Milenial Investasi di ORI016",2019-10-02,Wednesday
"Saham Infrastruktur & Properti Melesat, Sinyal Mulai Pulih?",2019-10-02,Wednesday
"Saham Infrastruktur & Properti Melesat, Sinyal Mulai Pulih?",2019-10-02,Wednesday
KRAS Restrukturisasi Utang di 6 Lembaga Jasa Keuangan,2019-10-02,Wednesday
"Takut AS Masuk Jurang Resesi, Akhir Sesi 1 IHSG Masih Merah",2019-10-03,Thursday
"Takut AS Masuk Jurang Resesi, Akhir Sesi 1 IHSG Masih Merah",2019-10-03,Thursday
"Akhir 2019, IHSG Bisa Sentuh Level Berapa sih?",2019-10-04,Friday
"Akhir 2019, IHSG Bisa Sentuh Level Berapa sih?",2019-10-04,Friday
"IHSG Turun Dalam & Banyak Saham Murah, Mana yang Layak Pilih?",2019-10-04,Friday
"Mulai dari Rp 1 Juta, Milenial Bisa Investasi di ORI016",2019-10-04,Friday
"Hore! Asing Mulai Masuk, Saham Bank Besar Mulai Diborong",2019-10-04,Friday
"Hore! Asing Mulai Masuk, Saham Bank Besar Mulai Diborong",2019-10-04,Friday
BCA Targetkan KPR Tumbuh 8% Pada Tahun Ini,2019-10-07,Monday
"Direstui OJK, BCA Resmi Miliki 2 Wakil Presdir",2019-10-07,Monday
"Komut & Dirut Kompak Jual Saham Bank BCA, Ada Apa?",2019-10-07,Monday
"Komut & Dirut Kompak Jual Saham Bank BCA, Ada Apa?",2019-10-07,Monday
BCA Targetkan KPR Tumbuh 8% Pada Tahun Ini,2019-10-07,Monday
"Market Cap Tergerus, GGRM Keluar dari Jajaran 10 Besar Emiten",2019-10-07,Monday
"Cadev RI Jeblok, Asing Berani Borong Saham BBCA Rp 100 M",2019-10-07,Monday
"Cadev RI Jeblok, Asing Berani Borong Saham BBCA Rp 100 M",2019-10-07,Monday
"IHSG Hijau, Saham Bank & Rokok Diborong Investor Asing",2019-10-07,Monday
"IHSG Hijau, Saham Bank & Rokok Diborong Investor Asing",2019-10-07,Monday
"Mau Stock Split, Saham Unilever Mulai Dilepas Asing",2019-10-07,Monday
"Mau Stock Split, Saham Unilever Mulai Dilepas Asing",2019-10-07,Monday
"Market Cap Tergerus, GGRM Keluar dari Jajaran 10 Besar Emiten",2019-10-07,Monday
"Direksi & Komisaris Transaksi Saham BCA, Berapa Nilainya?",2019-10-08,Tuesday
"Komut Lepas Saham BCA Senilai Rp 20,47 M, Ada Apa Yah?",2019-10-08,Tuesday
Ke Mana Dana Tax Amnesty yang Sempat Nyangkut di BCA?,2019-10-08,Tuesday
Ke Mana Dana Tax Amnesty yang Sempat Nyangkut di BCA?,2019-10-08,Tuesday
"Direksi & Komisaris Transaksi Saham BCA, Berapa Nilainya?",2019-10-08,Tuesday
"BCA Kini Punya Welma, Beli Reksa Dana via HP!",2019-10-08,Tuesday
"BCA Kini Punya Welma, Beli Reksa Dana via HP!",2019-10-08,Tuesday
"Komut Lepas Saham BCA Senilai Rp 20,47 M, Ada Apa Yah?",2019-10-08,Tuesday
Simak Aksi Emiten Perdagangan Kemarin,2019-10-08,Tuesday
Simak Aksi Emiten Perdagangan Kemarin,2019-10-08,Tuesday
Sah....BCA Punya Bos-Bos Baru,2019-10-08,Tuesday
"Diminati DBS, Saham Bank Permata Melonjak & Diramaikan Pasar",2019-10-09,Wednesday
"Diminati DBS, Saham Bank Permata Melonjak & Diramaikan Pasar",2019-10-09,Wednesday
"Wow! ""Sang Dirigen"" & Komut BCA Transaksi Saham Miliaran",2019-10-09,Wednesday
"Wow! ""Sang Dirigen"" & Komut BCA Transaksi Saham Miliaran",2019-10-09,Wednesday
Saham ,2019-10-10,Thursday
Saham ,2019-10-10,Thursday
"Asing Masih Kabur Hari Ini, tapi Saham BBCA Diborong Rp 197 M",2019-10-10,Thursday
"Emiten Milik Prajogo Pangestu Ini Merger, Kreditor Restui?",2019-10-10,Thursday
"Emiten Milik Prajogo Pangestu Ini Merger, Kreditor Restui?",2019-10-10,Thursday
"Asing Masih Kabur Hari Ini, tapi Saham BBCA Diborong Rp 197 M",2019-10-10,Thursday
AS-China Mau Damai? Simak Saham Pilihan Broker,2019-10-11,Friday
"Ada Rumor BCA Akan Stock Split, Begini Penilaian Analis",2019-10-11,Friday
"Ada Rumor BCA Akan Stock Split, Begini Penilaian Analis",2019-10-11,Friday
"Wow! Perusahaan RI Juga Banyak PHK Karyawan, Ada Apa?",2019-10-11,Friday
"Wow! Perusahaan RI Juga Banyak PHK Karyawan, Ada Apa?",2019-10-11,Friday
"Akan Stock Split, Saham BCA Diburu Investor Asing?",2019-10-11,Friday
"Akan Stock Split, Saham BCA Diburu Investor Asing?",2019-10-11,Friday
"RI Tak Dilirik, Hong Kong Alihkan Aset Rp 56 T ke Singapura",2019-10-11,Friday
"Kabar Stock Split, Saham BBCA 2 Hari Diborong Rp 306 M",2019-10-11,Friday
"Kabar Stock Split, Saham BBCA 2 Hari Diborong Rp 306 M",2019-10-11,Friday
Eksklusif: Direktur BCA Jawab Rumor Soal Stock Split Saham,2019-10-13,Sunday
Eksklusif: Direktur BCA Jawab Rumor Soal Stock Split Saham,2019-10-13,Sunday
BBCA Menjawab Rumor Stock Split,2019-10-14,Monday
BBCA Menjawab Rumor Stock Split,2019-10-14,Monday
"Saham BBCA, UNVR & TBIG Bakal Lebih Murah, Beli Enggak?",2019-10-14,Monday
"Bangkit, Kapitalisasi Pasar GGRM Tembus Lagi Rp 100 Triliun",2019-10-14,Monday
"Bangkit, Kapitalisasi Pasar GGRM Tembus Lagi Rp 100 Triliun",2019-10-14,Monday
"Saham BBCA, UNVR & TBIG Bakal Lebih Murah, Beli Enggak?",2019-10-14,Monday
"Sinyal Stock Split, Asing Borong BBCA Rp 684 M Sepekan!",2019-10-14,Monday
Penjelasan Bos BCA Soal Mobile Banking BCA Error,2019-10-14,Monday
"Jawaban BCA Soal Stock Split, Amman Mineral Beri Sinyal IPO",2019-10-14,Monday
"Jawaban BCA Soal Stock Split, Amman Mineral Beri Sinyal IPO",2019-10-14,Monday
"Sinyal Stock Split, Asing Borong BBCA Rp 684 M Sepekan!",2019-10-14,Monday
Penjelasan Bos BCA Soal Mobile Banking BCA Error,2019-10-14,Monday
"Bos BCA Buka-bukaan Soal Stock Split, Jadi?",2019-10-15,Tuesday
"Bos BCA Buka-bukaan Soal Stock Split, Jadi?",2019-10-15,Tuesday
BCA Akan Stock Split di 2020,2019-10-15,Tuesday
Menakar Cuan UNVR Hingga BBCA yang Mau Stock Split,2019-10-15,Tuesday
Menakar Cuan UNVR Hingga BBCA yang Mau Stock Split,2019-10-15,Tuesday
BCA Akan Stock Split di 2020,2019-10-15,Tuesday
Ramai - Ramai Bank BIG CAPS Turunkan Suku Bunga Deposito,2019-10-16,Wednesday
Ramai - Ramai Bank BIG CAPS Turunkan Suku Bunga Deposito,2019-10-16,Wednesday
Ini Dia Enam Saham Blue Chips Penyelamat IHSG Hari Ini,2019-10-16,Wednesday
Ini Dia Enam Saham Blue Chips Penyelamat IHSG Hari Ini,2019-10-16,Wednesday
Ini Deretan Harga Saham ,2019-10-17,Thursday
Menakar Kinerja 5 Saham Mahal Di BEI,2019-10-17,Thursday
Ini Deretan Harga Saham ,2019-10-17,Thursday
Menakar Kinerja 5 Saham Mahal Di BEI,2019-10-17,Thursday
"2 Emiten Digugat Pailit, Telkom Siapkan Rp 1 T Buat SDM",2019-10-17,Thursday
"Digempur Sana-Sini, Masihkah IHSG Kuat?",2019-10-17,Thursday
"Digempur Sana-Sini, Masihkah IHSG Kuat?",2019-10-17,Thursday
Mau Nikah 3 Tahun Lagi? Ini Deretan Saham Potensial Gaes,2019-10-17,Thursday
Sabar Yah! Bunga Acuan BI Masih Bisa Turun 50bps Lagi,2019-10-18,Friday
Sabar Yah! Bunga Acuan BI Masih Bisa Turun 50bps Lagi,2019-10-18,Friday
Terungkap! Orang Terkaya RI Beli Klub Bola Como 1907 Rp 5 M,2019-10-18,Friday
Terungkap! Orang Terkaya RI Beli Klub Bola Como 1907 Rp 5 M,2019-10-18,Friday
"BCA Ramal PDB RI Tumbuh 5-5,2% di 2020",2019-10-18,Friday
Top! Perry Warjiyo Jadi Gubernur of The Year se-Asia Pasifik,2019-10-18,Friday
Siapin Biaya Pendidikan Anak dari Saham? Cek 4 Saham Ini Gaes,2019-10-18,Friday
"Bursa Saham Asia Balik Arah, IHSG Jadi Susah Nanjak",2019-10-18,Friday
"Bursa Saham Asia Balik Arah, IHSG Jadi Susah Nanjak",2019-10-18,Friday
"Akuisisi Klub Como 1907, Kekayaan Duo Hartono Tembus Rp 504 T",2019-10-18,Friday
"Akuisisi Klub Como 1907, Kekayaan Duo Hartono Tembus Rp 504 T",2019-10-18,Friday
"BCA Ramal PDB RI Tumbuh 5-5,2% di 2020",2019-10-18,Friday
"""Drama"" Kabinet Bikin IHSG Tutup di Zona Hijau Hari Ini",2019-10-21,Monday
"""Drama"" Kabinet Bikin IHSG Tutup di Zona Hijau Hari Ini",2019-10-21,Monday
"Mahfud MD Hingga Nadiem Jadi Menteri, IHSG Bertahan Hijau",2019-10-21,Monday
"Mahfud MD Hingga Nadiem Jadi Menteri, IHSG Bertahan Hijau",2019-10-21,Monday
"Tunda Stock Split, Saham BCA Terus Melaju",2019-10-22,Tuesday
"Hore! Sri Mulyani Menkeu Lagi, Asing Masuk Rp 65 M",2019-10-22,Tuesday
"Hore! Sri Mulyani Menkeu Lagi, Asing Masuk Rp 65 M",2019-10-22,Tuesday
Senyum Sri Mulyani Bawa IHSG Hijau 8 Hari Beruntun,2019-10-22,Tuesday
Senyum Sri Mulyani Bawa IHSG Hijau 8 Hari Beruntun,2019-10-22,Tuesday
"Tunda Stock Split, Saham BCA Terus Melaju",2019-10-22,Tuesday
"Berharap BI Turunkan Bunga Acuan, Saham Bank Mulai Ngebut",2019-10-22,Tuesday
"Drama Hari Ke-2 Kabinet Jokowi, Asing Sudah Kabur Rp 1 T",2019-10-22,Tuesday
"Harga Saham Reli, CPIN Masuk Jajaran Klub Elite & Lewati GGRM",2019-10-22,Tuesday
"Harga Saham Reli, CPIN Masuk Jajaran Klub Elite & Lewati GGRM",2019-10-22,Tuesday
"The Fed Hati-hati, LPS: Ruang Penurunan BI-7DRR Terbuka!",2019-10-22,Tuesday
"The Fed Hati-hati, LPS: Ruang Penurunan BI-7DRR Terbuka!",2019-10-22,Tuesday
"Drama Hari Ke-2 Kabinet Jokowi, Asing Sudah Kabur Rp 1 T",2019-10-22,Tuesday
"Berharap BI Turunkan Bunga Acuan, Saham Bank Mulai Ngebut",2019-10-22,Tuesday
"Sri Mulyani Menkeu Lagi, Asing Masuk, Rupiah Seng Ada Lawan!",2019-10-23,Wednesday
"Sri Mulyani Menkeu Lagi, Asing Masuk, Rupiah Seng Ada Lawan!",2019-10-23,Wednesday
"Ada Menteri Baru, Simak Menu Saham Pilihan Hari Ini",2019-10-23,Wednesday
"Suku Bunga Turun, Saham BBCA Sentuh Level Tertinggi",2019-10-24,Thursday
"Suku Bunga Turun, Saham BBCA Sentuh Level Tertinggi",2019-10-24,Thursday
Siap-siap! Saham BCA Bisa Tembus Rekor Baru Lagi,2019-10-24,Thursday
"Joss! Usai Pelantikan Kabinet, Asing Masuk ke Saham Rp 226 M",2019-10-24,Thursday
"Joss! Usai Pelantikan Kabinet, Asing Masuk ke Saham Rp 226 M",2019-10-24,Thursday
Siap-siap! Saham BCA Bisa Tembus Rekor Baru Lagi,2019-10-24,Thursday
"Restrukturisasi Duniatex & KRAS, Ini Penjelasan BRI",2019-10-24,Thursday
"Ini Deretan Harga Saham Tertinggi di BEI, Mahal ",2019-10-24,Thursday
Saham Ini Diborong Asing Kemarin! Jokowi Effect?,2019-10-24,Thursday
Saham Ini Diborong Asing Kemarin! Jokowi Effect?,2019-10-24,Thursday
"Restrukturisasi Duniatex & KRAS, Ini Penjelasan BRI",2019-10-24,Thursday
"Usai Tembus Rekor Tertinggi, ke Mana Arah Saham BBCA?",2019-10-25,Friday
"Pindah Gerbong, Mantan Bankir BTPN Pindah ke Bank Artos",2019-10-25,Friday
"Pindah Gerbong, Mantan Bankir BTPN Pindah ke Bank Artos",2019-10-25,Friday
Yes! 2 Hari Beruntun Investor Asing Masuk ke Pasar Saham RI,2019-10-25,Friday
Yes! 2 Hari Beruntun Investor Asing Masuk ke Pasar Saham RI,2019-10-25,Friday
"Pak Jokowi, Ini Kata Orang Terkaya RI Soal Kabinet Baru",2019-10-25,Friday
,2019-10-25,Friday
,2019-10-25,Friday
Pantau Saham Pilihan Broker: HMSP hingga BBCA,2019-10-25,Friday
"Gitu Dong! Asing Masuk Rp 1 T, IHSG Bisa Menguat 11 Hari",2019-10-25,Friday
"Gitu Dong! Asing Masuk Rp 1 T, IHSG Bisa Menguat 11 Hari",2019-10-25,Friday
"Usai Tembus Rekor Tertinggi, ke Mana Arah Saham BBCA?",2019-10-25,Friday
"Pak Jokowi, Ini Kata Orang Terkaya RI Soal Kabinet Baru",2019-10-25,Friday
Mau Cuan Investasi? Ini Tips Jitu dari Orang Terkaya RI!,2019-10-27,Sunday
Mau Cuan Investasi? Ini Tips Jitu dari Orang Terkaya RI!,2019-10-27,Sunday
LIVE! BCA Paparkan Kinerja Keuangan Kuartal III-2019,2019-10-28,Monday
"Walau Kredit Loyo, BCA Masih Pede di Segman Korporasi",2019-10-28,Monday
"Walau Kredit Loyo, BCA Masih Pede di Segman Korporasi",2019-10-28,Monday
Presdir BCA: Pelaku Usaha Nantikan Program Kerja Kabinet Baru,2019-10-28,Monday
Presdir BCA: Pelaku Usaha Nantikan Program Kerja Kabinet Baru,2019-10-28,Monday
Analis: Kinerja Positif  Topang Penguatan Saham BCA,2019-10-28,Monday
Analis: Kinerja Positif  Topang Penguatan Saham BCA,2019-10-28,Monday
"Saham Naik terus, Market Cap CPIN Tumbuh Paling Tinggi",2019-10-28,Monday
"BCA Sinyalkan Stock Split, Akankah Direalisasikan di 2020?",2019-10-28,Monday
"BCA Sinyalkan Stock Split, Akankah Direalisasikan di 2020?",2019-10-28,Monday
"Soal Rencana Stock Split, Begini Jawaban Presdir BCA",2019-10-28,Monday
"Soal Rencana Stock Split, Begini Jawaban Presdir BCA",2019-10-28,Monday
"Saham Naik terus, Market Cap CPIN Tumbuh Paling Tinggi",2019-10-28,Monday
Duh! Bos BCA Ramal Kredit Tahun Depan Tumbuh Single Digit,2019-10-28,Monday
Duh! Bos BCA Ramal Kredit Tahun Depan Tumbuh Single Digit,2019-10-28,Monday
"Q3-2019, Laba BCA Naik 13% Jadi Rp 20,9 T",2019-10-28,Monday
"Bos BCA Bicara Kabinet Baru Jokowi, Ini yang Jadi Perhatian",2019-10-28,Monday
"Bos BCA Bicara Kabinet Baru Jokowi, Ini yang Jadi Perhatian",2019-10-28,Monday
"Gegara Ojol Hingga MRT, Kredit Kendaraan BCA Pun Loyo",2019-10-28,Monday
"Q3-2019, Laba BCA Naik 13% Jadi Rp 20,9 T",2019-10-28,Monday
"Laba BCA Kuartal III-2019 Naik 13% Jadi Rp 20,9 T",2019-10-28,Monday
Jadikah Alipay dan WeChat Kerja Sama dengan Bank BCA?,2019-10-28,Monday
Jadikah Alipay dan WeChat Kerja Sama dengan Bank BCA?,2019-10-28,Monday
"Laba BCA Kuartal III-2019 Naik 13% Jadi Rp 20,9 T",2019-10-28,Monday
BCA Catatkan Pertumbuhan Kinerja Double Digit,2019-10-29,Tuesday
Kinerja Operasional Yang Solid Dorong Laju Bisnis BCA,2019-10-29,Tuesday
Kinerja Operasional Yang Solid Dorong Laju Bisnis BCA,2019-10-29,Tuesday
"Perhatian! BCA Buka Lowongan Kerja lho, Ini Posisinya",2019-10-29,Tuesday
"Perhatian! BCA Buka Lowongan Kerja lho, Ini Posisinya",2019-10-29,Tuesday
"Ditekan Fintech, Benarkah NIM Bank Merosot? Ini Faktanya",2019-10-29,Tuesday
"Dear Menteri Baru, Pelaku Pasar Modal Tunggu Gebrakan Anda!",2019-10-29,Tuesday
"Pemesanan ORI-016 Tembus Rp 8,21 T, Apa Kata Sri Mulyani?",2019-10-29,Tuesday
Analis: Earning Growth Sektor Perbankan Agak Mengecewakan,2019-10-29,Tuesday
BCA Catatkan Pertumbuhan Kinerja Double Digit,2019-10-29,Tuesday
Oalah! Ternyata Ini Pemicu Asing Kabur dari Saham Rp 343 M,2019-10-29,Tuesday
"Dear Menteri Baru, Pelaku Pasar Modal Tunggu Gebrakan Anda!",2019-10-29,Tuesday
"Sempat Menghijau, IHSG Tutup Sesi Satu di Zona Merah",2019-10-29,Tuesday
"Bos BCA Buka Alasan Investor ke Vietnam & Thailand, Bukan RI",2019-10-29,Tuesday
"Anak Mau Masuk SD 3 Tahun Lagi, Saham-saham Ini Bisa Dilirik",2019-10-29,Tuesday
"Anak Mau Masuk SD 3 Tahun Lagi, Saham-saham Ini Bisa Dilirik",2019-10-29,Tuesday
"Asing Masih Kabur Rp 152 M, Belum Pede dengan Menteri Baru?",2019-10-29,Tuesday
McKinsey: Bank Global ,2019-10-29,Tuesday
"Asing Masih Kabur Rp 152 M, Belum Pede dengan Menteri Baru?",2019-10-29,Tuesday
McKinsey: Bank Global ,2019-10-29,Tuesday
"BBCA & BMRI Saling Salip, Tapi BBRI Tetap Jawara",2019-10-29,Tuesday
"BBCA & BMRI Saling Salip, Tapi BBRI Tetap Jawara",2019-10-29,Tuesday
"Sempat Menghijau, IHSG Tutup Sesi Satu di Zona Merah",2019-10-29,Tuesday
Oalah! Ternyata Ini Pemicu Asing Kabur dari Saham Rp 343 M,2019-10-29,Tuesday
"Sempat Melemah, IHSG Akhiri Sesi Satu di Zona Hijau",2019-10-30,Wednesday
"Dianggap Libas Penjualan Motor-Mobil, Ini Jawaban Bos MRT",2019-10-30,Wednesday
"Kembali Melejit di Menit Akhir, IHSG Menguat 3 Hari Beruntun",2019-10-30,Wednesday
"Kembali Melejit di Menit Akhir, IHSG Menguat 3 Hari Beruntun",2019-10-30,Wednesday
"Sempat Melemah, IHSG Akhiri Sesi Satu di Zona Hijau",2019-10-30,Wednesday
"Sebulan Asing Kabur Rp 2,53 T, Siapa Penolong Hijaunya IHSG?",2019-10-30,Wednesday
"Sebelum Transaksi, Simak Sejumlah Kabar dari Pasar",2019-10-30,Wednesday
"Ekonomi Melambat, Rakyat Tunggu Gebrakan Jokowi dan Menteri!",2019-10-30,Wednesday
"Ekonomi Melambat, Rakyat Tunggu Gebrakan Jokowi dan Menteri!",2019-10-30,Wednesday
"Sebulan Asing Kabur Rp 2,53 T, Siapa Penolong Hijaunya IHSG?",2019-10-30,Wednesday
"Sebelum Transaksi, Simak Sejumlah Kabar dari Pasar",2019-10-30,Wednesday
"Bos BCA: Tiap Kali Penerbitan SBN Ritel, DPK Terbang 30%",2019-10-31,Thursday
"Bos BCA: Tiap Kali Penerbitan SBN Ritel, DPK Terbang 30%",2019-10-31,Thursday
Optimistis! Bos OJK Prediksi Kredit Bank Tumbuh 12% di 2019,2019-10-31,Thursday
"Jualan Asing Berkurang, 5 Saham Ini Diborong Hingga Rp 458 M",2019-10-31,Thursday
"The Fed Pangkas Bunga Acuan Lagi, Ini Saham Pilihan Hari Ini",2019-10-31,Thursday
"Jualan Asing Berkurang, 5 Saham Ini Diborong Hingga Rp 458 M",2019-10-31,Thursday
Optimistis! Bos OJK Prediksi Kredit Bank Tumbuh 12% di 2019,2019-10-31,Thursday
Adu Kuat Bank Raksasa,2019-11-03,Sunday
"Mandiri Prediksi PDB Cuma Capai 5% di Q3, Pasar Masih Galau",2019-11-04,Monday
"Mandiri Prediksi PDB Cuma Capai 5% di Q3, Pasar Masih Galau",2019-11-04,Monday
"Jelang Rilis Pertumbuhan Ekonomi, Asing Borong Saham Rp 240 M",2019-11-04,Monday
"Jelang Rilis Pertumbuhan Ekonomi, Asing Borong Saham Rp 240 M",2019-11-04,Monday
"Rugi Hampir Rp 3 T per September, Ini Jalan Keluar bagi KRAS",2019-11-04,Monday
"Rugi Hampir Rp 3 T per September, Ini Jalan Keluar bagi KRAS",2019-11-04,Monday
"Pasar Gelisah, Rilis PDB Besok Bisa Bikin IHSG Amsyong",2019-11-04,Monday
"5 Saham LQ45 Beri Cuan di Atas 20%, Mari Simak Kinerjanya",2019-11-04,Monday
"5 Saham LQ45 Beri Cuan di Atas 20%, Mari Simak Kinerjanya",2019-11-04,Monday
Mau Cuan? Simak Saham-saham Pilihan Awal Pekan,2019-11-04,Monday
"Pasar Gelisah, Rilis PDB Besok Bisa Bikin IHSG Amsyong",2019-11-04,Monday
"Harga Saham Drop, Market Cap Telkom Hilang Rp 19,8 T",2019-11-05,Tuesday
"Gilak! Saham BCA Rekor Lagi, Market Cap Dekati Rp 800 T",2019-11-05,Tuesday
"Gilak! Saham BCA Rekor Lagi, Market Cap Dekati Rp 800 T",2019-11-05,Tuesday
"Benarkah Pertumbuhan Ekonomi RI Meyakinkan? IHSG Melesat 1,3%",2019-11-05,Tuesday
"Benarkah Pertumbuhan Ekonomi RI Meyakinkan? IHSG Melesat 1,3%",2019-11-05,Tuesday
Akuisisi Bank Royal Perkuat Lini Bisnis Bank Digital BCA,2019-11-05,Tuesday
"Harga Saham Drop, Market Cap Telkom Hilang Rp 19,8 T",2019-11-05,Tuesday
Sah! BCA Akuisisi Bank Royal Untuk Dijadikan Bank Digital,2019-11-05,Tuesday
Sah! BCA Rampungkan Akuisisi Bank Royal Rp 988 M,2019-11-05,Tuesday
Sah! BCA Rampungkan Akuisisi Bank Royal Rp 988 M,2019-11-05,Tuesday
Akuisisi Bank Royal Perkuat Lini Bisnis Bank Digital BCA,2019-11-05,Tuesday
Sah! BCA Akuisisi Bank Royal Untuk Dijadikan Bank Digital,2019-11-05,Tuesday
Begini Rapor Para Emiten Big Caps,2019-11-05,Tuesday
Sentimen Positif Dunia Bisa Angkat Pasar Domestik Lebih Lama,2019-11-06,Wednesday
"Asing Kabur Rp 402 M, Saham Emiten Bank Papan Atas Ambles!",2019-11-06,Wednesday
"Asing Kabur Rp 402 M, Saham Emiten Bank Papan Atas Ambles!",2019-11-06,Wednesday
"Jadi Bank Digital, Bank Royal Akan Disuntik BCA Rp 700 M",2019-11-06,Wednesday
"Jadi Bank Digital, Bank Royal Akan Disuntik BCA Rp 700 M",2019-11-06,Wednesday
"OJK Dorong Merger-Akuisisi Bank, Apa Kata Bos BCA?",2019-11-06,Wednesday
"OJK Dorong Merger-Akuisisi Bank, Apa Kata Bos BCA?",2019-11-06,Wednesday
"Bos BCA: Nasabah Transaksi di Cabang Tinggal 1,8%",2019-11-06,Wednesday
"Bos BCA: Nasabah Transaksi di Cabang Tinggal 1,8%",2019-11-06,Wednesday
"Data Ekonomi Hong Kong Sangat Mengecewakan, IHSG Jatuh 0,46%",2019-11-06,Wednesday
"Data Ekonomi Hong Kong Sangat Mengecewakan, IHSG Jatuh 0,46%",2019-11-06,Wednesday
Sentimen Positif Dunia Bisa Angkat Pasar Domestik Lebih Lama,2019-11-06,Wednesday
"Beralih ke Digital Banking, Akankah Kantor Cabang Bank Punah?",2019-11-06,Wednesday
"Beralih ke Digital Banking, Akankah Kantor Cabang Bank Punah?",2019-11-06,Wednesday
"Jokowi Minta Bunga Kredit Turun, Memang Sekarang Berapa Sih?",2019-11-07,Thursday
"Jokowi Minta Bunga Kredit Turun, Saham Bank Ditutup Merah",2019-11-07,Thursday
"Jokowi Minta Bunga Kredit Turun, Saham Bank Ditutup Merah",2019-11-07,Thursday
"Jokowi Minta Bunga Kredit Turun, Memang Sekarang Berapa Sih?",2019-11-07,Thursday
"Bos BCA: Internet Dominan, Transaksi di Cabang Tinggal 1,8%",2019-11-07,Thursday
"BCA Bakal Suntik Rp 700 M Bank Royal, Erick Cari Dirut 5 BUMN",2019-11-07,Thursday
"BCA Bakal Suntik Rp 700 M Bank Royal, Erick Cari Dirut 5 BUMN",2019-11-07,Thursday
"Bos BCA: Internet Dominan, Transaksi di Cabang Tinggal 1,8%",2019-11-07,Thursday
"Saham Bank Jeblok Karena Jokowi Minta Bunga Turun, Yakin?",2019-11-08,Friday
"Saham Bank Jeblok Karena Jokowi Minta Bunga Turun, Yakin?",2019-11-08,Friday
"IHSG Menguat, tapi Asing Kabur di BBCA, BBRI, & BMRI Rp 725 M",2019-11-08,Friday
"IHSG Menguat, tapi Asing Kabur di BBCA, BBRI, & BMRI Rp 725 M",2019-11-08,Friday
BCA & Sederet Fakta Cabang Bank Kian Ditinggalkan Nasabah,2019-11-08,Friday
BCA & Sederet Fakta Cabang Bank Kian Ditinggalkan Nasabah,2019-11-08,Friday
"Demam Profit Taking di Saham Bank, Gimana Nasib IHSG?",2019-11-08,Friday
Nasib Ribuan Cabang BCA yang Mulai Ditinggal Nasabah,2019-11-08,Friday
Nasib Ribuan Cabang BCA yang Mulai Ditinggal Nasabah,2019-11-08,Friday
"Jokowi Minta Bunga Kredit Turun, Saham Bank Ambles",2019-11-08,Friday
"Jokowi Minta Bunga Kredit Turun, Saham Bank Ambles",2019-11-08,Friday
"Demam Profit Taking di Saham Bank, Gimana Nasib IHSG?",2019-11-08,Friday
Mengapa Cabang BCA MulaI Ditinggal Nasabah? Ini Faktanya,2019-11-09,Saturday
Mengapa Cabang BCA MulaI Ditinggal Nasabah? Ini Faktanya,2019-11-09,Saturday
"Transaksi Tinggal 1,8%, Bagaimana Nasib Kantor Cabang BCA?",2019-11-10,Sunday
"Transaksi Tinggal 1,8%, Bagaimana Nasib Kantor Cabang BCA?",2019-11-10,Sunday
"Jokowi Minta Bunga Kredit turun, Hal Ini akan Dialami Bank RI",2019-11-10,Sunday
"Jokowi Minta Bunga Kredit turun, Hal Ini akan Dialami Bank RI",2019-11-10,Sunday
Bos BCA: Kami Sudah Digital Bank,2019-11-11,Monday
Cerita BCA yang Tak Lagi Jor-joran Buka Kantor Cabang,2019-11-11,Monday
Cerita BCA yang Tak Lagi Jor-joran Buka Kantor Cabang,2019-11-11,Monday
"Fintech Menjamur, Bos BCA: Perusahaan Besar Gak Boleh Serakah",2019-11-11,Monday
"Fintech Menjamur, Bos BCA: Perusahaan Besar Gak Boleh Serakah",2019-11-11,Monday
Bos BCA: Kami Sudah Digital Bank,2019-11-11,Monday
"Hong Kong Membara, Dana Asing Kabur dari RI Setengah Triliun",2019-11-11,Monday
"Hong Kong Membara, Dana Asing Kabur dari RI Setengah Triliun",2019-11-11,Monday
"Bersaing Ketat, Market Cap Bank Mandiri Salip Unilever",2019-11-11,Monday
Bos BCA Bicara Soal Digital Banking & Masa Depan Cabang Bank,2019-11-11,Monday
Bos BCA: Hati-hati Kredit Macet Fintech Lending!,2019-11-11,Monday
"Waspada Profit Taking, IHSG Berpotensi Tertekan",2019-11-11,Monday
"Harap-harap Cemas AS-China, Yuk Pilih Saham untuk Hari Ini",2019-11-11,Monday
"Sriwijaya-Garuda Cerai, Hari Ini BEI Paksa Delisting TMPI",2019-11-11,Monday
"Sriwijaya-Garuda Cerai, Hari Ini BEI Paksa Delisting TMPI",2019-11-11,Monday
"Bersaing Ketat, Market Cap Bank Mandiri Salip Unilever",2019-11-11,Monday
"Musim Window Dressing Tiba, Saham Apa Saja jadi Pilihan?",2019-11-12,Tuesday
"Musim Window Dressing Tiba, Saham Apa Saja jadi Pilihan?",2019-11-12,Tuesday
Masih Mahasiswa? Begini Cara Kelola Uang & Investasimu,2019-11-12,Tuesday
"Masih Tak Betah di Pasar Saham RI, Asing Bawa Kabur Rp 5,3 T",2019-11-12,Tuesday
"Masih Tak Betah di Pasar Saham RI, Asing Bawa Kabur Rp 5,3 T",2019-11-12,Tuesday
"Situasi Global Meresahkan, Sesi I Asing Keluar Rp 219 M",2019-11-12,Tuesday
"Merger-Akuisisi Ramai, 4 Sektor Ini Seksi di Mata Asing",2019-11-12,Tuesday
"Incar Dana Rp 250 M, MI Ini Bikin Produk ETF Saham Terlikuid",2019-11-12,Tuesday
Masih Mahasiswa? Begini Cara Kelola Uang & Investasimu,2019-11-12,Tuesday
"Merger-Akuisisi Ramai, 4 Sektor Ini Seksi di Mata Asing",2019-11-12,Tuesday
Peringatan Bos BCA Soal Kenaikan Kredit Macet Fintech,2019-11-12,Tuesday
"Situasi Global Meresahkan, Sesi I Asing Keluar Rp 219 M",2019-11-12,Tuesday
"Kabur Lagi! Selama November Asing Catat Net Sell Rp 5,2 T",2019-11-14,Thursday
"Kabur Lagi! Selama November Asing Catat Net Sell Rp 5,2 T",2019-11-14,Thursday
Wamen BUMN: Progres Restrukturisasi KRAS Lumayan Positif!,2019-11-15,Friday
Wamen BUMN: Progres Restrukturisasi KRAS Lumayan Positif!,2019-11-15,Friday
"Saham Melesat, Kapitalisasi Pasar Chandra Asri Naik Rp 11 T",2019-11-18,Monday
"Saham Melesat, Kapitalisasi Pasar Chandra Asri Naik Rp 11 T",2019-11-18,Monday
"Deadline Akhir 2019, Restrukturisasi Utang KRAS Tunggu 4 Bank",2019-11-18,Monday
"Deadline Akhir 2019, Restrukturisasi Utang KRAS Tunggu 4 Bank",2019-11-18,Monday
Great Sale! Yuk Pilah-pilih Saham Bank Termurah di Bursa,2019-11-19,Tuesday
"AS-China Bikin Panas-Dingin, IHSG Tangguh Juga! Hijau",2019-11-19,Tuesday
Great Sale! Simak Deretan Saham Bank-bank Termurah di BEI,2019-11-19,Tuesday
"Asing Masuk Rp 205 M, Saham BBCA, BBRI & BMRI Diborong!",2019-11-19,Tuesday
"Asing Masuk Rp 205 M, Saham BBCA, BBRI & BMRI Diborong!",2019-11-19,Tuesday
Great Sale! Simak Deretan Saham Bank-bank Termurah di BEI,2019-11-19,Tuesday
"AS-China Bikin Panas-Dingin, IHSG Tangguh Juga! Hijau",2019-11-19,Tuesday
"Bank Ramai-ramai Tutup Cabang, Ganti Mesin ATM Canggih",2019-11-19,Tuesday
"Bank Ramai-ramai Tutup Cabang, Ganti Mesin ATM Canggih",2019-11-19,Tuesday
Dan.. Bank dengan ATM Terbanyak se-Indonesia Jatuh Kepada...,2019-11-19,Tuesday
"Tebak, Bank ATM Terbanyak se-Indonesia Raya Adalah...",2019-11-19,Tuesday
Dan.. Bank dengan ATM Terbanyak se-Indonesia Jatuh Kepada...,2019-11-19,Tuesday
"Restrukturisasi Utang KRAS, Hingga DBS Batal Beli Permata",2019-11-19,Tuesday
"Restrukturisasi Utang KRAS, Hingga DBS Batal Beli Permata",2019-11-19,Tuesday
"Yeay Asing Masuk Lagi! BBRI, BBCA & MKPI Diborong Asing",2019-11-20,Wednesday
"Yeay Asing Masuk Lagi! BBRI, BBCA & MKPI Diborong Asing",2019-11-20,Wednesday
"Jelang Pengumuman Bunga Acuan BI, Saham Bank BUKU IV Melejit",2019-11-20,Wednesday
"Sudah Diobral Besar-besaran, Saatnya Pilih Saham Murah",2019-11-20,Wednesday
"Sudah Diobral Besar-besaran, Saatnya Pilih Saham Murah",2019-11-20,Wednesday
"Jelang Pengumuman Bunga Acuan BI, Saham Bank BUKU IV Melejit",2019-11-20,Wednesday
"Asing Kabur Rp 404 M, Transaksi Sepi, tapi 5 Saham Diborong!",2019-11-21,Thursday
Saat Mesin ATM Canggih Menggantikan Kantor Cabang Bank,2019-11-21,Thursday
Saat Mesin ATM Canggih Menggantikan Kantor Cabang Bank,2019-11-21,Thursday
BI Diprediksi Tahan Suku Bunga Acuan? Begini Pandangan Ekonom,2019-11-21,Thursday
"Kecewa BI Tak Pangkas Bunga Acuan, IHSG Jatuh 0,61%",2019-11-21,Thursday
"Kecewa BI Tak Pangkas Bunga Acuan, IHSG Jatuh 0,61%",2019-11-21,Thursday
"Asing Kabur Rp 404 M, Transaksi Sepi, tapi 5 Saham Diborong!",2019-11-21,Thursday
"BI Pangkas GWM, Saham Bank kok Tetap Merah?",2019-11-22,Friday
"BI Pangkas GWM, Saham Bank kok Tetap Merah?",2019-11-22,Friday
Transaksi Harian kok Sepi Lagi? Tapi 5 Saham Ini Dibeli Asing,2019-11-22,Friday
Transaksi Harian kok Sepi Lagi? Tapi 5 Saham Ini Dibeli Asing,2019-11-22,Friday
Bos BCA Siapkan Rp 50 M untuk Suntik Anak Usaha Modal Ventura,2019-11-23,Saturday
Bos BCA Siapkan Rp 50 M untuk Suntik Anak Usaha Modal Ventura,2019-11-23,Saturday
Alasan Bank RI Ramai-Ramai Ganti Mesin ATM Canggih,2019-11-23,Saturday
Alasan Bank RI Ramai-Ramai Ganti Mesin ATM Canggih,2019-11-23,Saturday
"Bos BCA Lego Saham Lagi, Raup Dana Rp 2,65 M",2019-11-25,Monday
Peran Blockchain Terhadap Perbankan,2019-11-25,Monday
Peran Blockchain Terhadap Perbankan,2019-11-25,Monday
Otak-atik Saham Bank & Konsumer Harapan Terakhir Bagi IHSG,2019-11-25,Monday
Otak-atik Saham Bank & Konsumer Harapan Terakhir Bagi IHSG,2019-11-25,Monday
"Bos BCA Lego Saham Lagi, Raup Dana Rp 2,65 M",2019-11-25,Monday
"Jumlah Transaksi Digital Meningkat, BCA Tambah Cabang Baru",2019-11-25,Monday
Saham Pilihan di Awal Pekan Ini: dari TLKM hingga ADHI,2019-11-25,Monday
Simak 5 Kabar dari Pasar Hari Ini,2019-11-25,Monday
Simak 5 Kabar dari Pasar Hari Ini,2019-11-25,Monday
"Orias Jadi Dirut Inalum, Uni-Charm IPO Bidik Dana Jumbo",2019-11-26,Tuesday
"Orias Jadi Dirut Inalum, Uni-Charm IPO Bidik Dana Jumbo",2019-11-26,Tuesday
"Sebulan Naik 29%, BRPT Kembali Masuk Jajaran Saham Elite",2019-11-26,Tuesday
"Sebulan Naik 29%, BRPT Kembali Masuk Jajaran Saham Elite",2019-11-26,Tuesday
Trader Ngamuk! Transaksi Saham Harian Tembus Rp 13 T,2019-11-26,Tuesday
Trader Ngamuk! Transaksi Saham Harian Tembus Rp 13 T,2019-11-26,Tuesday
Trader Ngamuk Lagi? Baru 1 Jam Transaksi Saham Sudah Rp 3 T,2019-11-27,Wednesday
"Minim Sentimen, Mau Pilih Saham Apa Hari Ini?",2019-11-27,Wednesday
Trader Ngamuk Lagi? Baru 1 Jam Transaksi Saham Sudah Rp 3 T,2019-11-27,Wednesday
"Wah! Nilai Transaksi Tembus Rp 13 T, 21 Saham Ini Pemicunya",2019-11-27,Wednesday
"Wah! Nilai Transaksi Tembus Rp 13 T, 21 Saham Ini Pemicunya",2019-11-27,Wednesday
"Mitigasi Resesi, Bank Batasi Kredit Valas",2019-11-28,Thursday
"Mitigasi Resesi, Bank Batasi Kredit Valas",2019-11-28,Thursday
"2020, BBCA Suntik Modal Bank Royal Rp 700 M",2019-11-28,Thursday
"2020, BBCA Suntik Modal Bank Royal Rp 700 M",2019-11-28,Thursday
BCA dan Panin Cenderung Konservatif Soal Kredit di 2020,2019-11-28,Thursday
BCA dan Panin Cenderung Konservatif Soal Kredit di 2020,2019-11-28,Thursday
Bos BCA Bicara Soal Dewan Pengawas OJK,2019-11-28,Thursday
Bos BCA Bicara Soal Dewan Pengawas OJK,2019-11-28,Thursday
"IHSG Ambles di Bawah 6.000, Ini Sederet Saham yang Dilego",2019-11-28,Thursday
"IHSG Ambles di Bawah 6.000, Ini Sederet Saham yang Dilego",2019-11-28,Thursday
"Bos BCA Bicara Target 2020, Masihkah Optimistis?",2019-11-28,Thursday
"Bos BCA Bicara Target 2020, Masihkah Optimistis?",2019-11-28,Thursday
Bank Swasta Besar Pasang Target Konservatif di 2020,2019-11-28,Thursday
Bank Swasta Besar Pasang Target Konservatif di 2020,2019-11-28,Thursday
Kok.. Raja Perbankan Jadi Konservatif Soal Target Kredit?,2019-11-29,Friday
"IHSG di Bawah 6.000, Asing Sudah Kabur Rp 3,1 T",2019-11-29,Friday
Kok.. Raja Perbankan Jadi Konservatif Soal Target Kredit?,2019-11-29,Friday
"Sebelum Transaksi, Simak Aksi Korporasi Perusahaan Domestik",2019-11-29,Friday
"Sebelum Transaksi, Simak Aksi Korporasi Perusahaan Domestik",2019-11-29,Friday
"IHSG di Bawah 6.000, Asing Sudah Kabur Rp 3,1 T",2019-11-29,Friday
Simak! 5 Sentimen Penggerak Pasar Pekan Depan,2019-12-01,Sunday
"IHSG Meroket, Harga Saham BCA Cetak Rekor Tertinggi Lagi",2019-12-02,Monday
"Cuma Butuh Rp 6,7 T untuk Bawa IHSG Melejit Hampir 2%",2019-12-02,Monday
"IHSG Meroket, Harga Saham BCA Cetak Rekor Tertinggi Lagi",2019-12-02,Monday
"Tunggu Testimoni Bos ECB Malam Ini, Euro Malas Gerak",2019-12-02,Monday
"Melesat Hampir 2%, IHSG jadi Raja di Asia",2019-12-02,Monday
"Melesat Hampir 2%, IHSG jadi Raja di Asia",2019-12-02,Monday
"Cuma Butuh Rp 6,7 T untuk Bawa IHSG Melejit Hampir 2%",2019-12-02,Monday
"Berharap Window Dressing Bantu ""Normalisasi"" Transaksi Bursa",2019-12-02,Monday
"Efek Kebijakan GMW, Bahana: Saham Bank Bisa Cuan!",2019-12-02,Monday
"Inflasi Aman & Insentif Pajak Ditebar, IHSG Melesat 1,18%",2019-12-02,Monday
"Inflasi Aman & Insentif Pajak Ditebar, IHSG Melesat 1,18%",2019-12-02,Monday
"BRPT Salip CPIN, GGRM Keluar dari Jajaran Saham Elite",2019-12-02,Monday
"BRPT Salip CPIN, GGRM Keluar dari Jajaran Saham Elite",2019-12-02,Monday
"Berharap Window Dressing Bantu ""Normalisasi"" Transaksi Bursa",2019-12-02,Monday
"Efek Kebijakan GMW, Bahana: Saham Bank Bisa Cuan!",2019-12-02,Monday
"Ikuti Jejak Bursa Asia, IHSG ke Zona Merah",2019-12-03,Tuesday
"Ikuti Jejak Bursa Asia, IHSG ke Zona Merah",2019-12-03,Tuesday
"Asing Masuk di Pasar Nego Rp 93 M, 5 Saham Ini Diborong!",2019-12-03,Tuesday
"Asing Masuk di Pasar Nego Rp 93 M, 5 Saham Ini Diborong!",2019-12-03,Tuesday
"Jahja Setiaatmadja, Pemenang The Best CEO",2019-12-04,Wednesday
"Jahja Setiaatmadja, Pemenang The Best CEO",2019-12-04,Wednesday
Jahja Setiaatmadja Didaulat Sebagai The Best CEO,2019-12-04,Wednesday
Jahja: Korporasi Indonesia Mampu Bersaing di Internasional,2019-12-04,Wednesday
Jahja: Korporasi Indonesia Mampu Bersaing di Internasional,2019-12-04,Wednesday
Jahja Setiaatmadja Didaulat Sebagai The Best CEO,2019-12-04,Wednesday
"Ekspansi Fintech, BCA Suntik Central Capital Ventura Rp 200 M",2019-12-04,Wednesday
Moody,2019-12-04,Wednesday
BCA Suntik Modal ke Central Capital Ventura Rp 200 Miliar,2019-12-04,Wednesday
BCA Suntik Modal ke Central Capital Ventura Rp 200 Miliar,2019-12-04,Wednesday
"Ekspansi Fintech, BCA Suntik Central Capital Ventura Rp 200 M",2019-12-04,Wednesday
CEO Detik Network Raih Penghargaan Marketeer of The Year 2019,2019-12-04,Wednesday
"Terkuak, Ini Sumber Duit & Kekayaan Orang-Orang Terkaya RI",2019-12-05,Thursday
Catat! Pekan Depan 10 Emiten Tebar Dividen Interim,2019-12-05,Thursday
"Punya Harta Rp 17 T, Seberapa Misterius Winarko Sulistyo?",2019-12-05,Thursday
"Punya Harta Rp 17 T, Seberapa Misterius Winarko Sulistyo?",2019-12-05,Thursday
"BCA Tebar Dividen Interim Rp 100/Saham, Ini Jadwalnya",2019-12-05,Thursday
"BCA Tebar Dividen Interim Rp 100/Saham, Ini Jadwalnya",2019-12-05,Thursday
"Berharta Rp 522 T, Ini Curhat Orang Terkaya RI Buat Jokowi",2019-12-05,Thursday
"Berharta Rp 522 T, Ini Curhat Orang Terkaya RI Buat Jokowi",2019-12-05,Thursday
"Saham BCA Naik, Kekayaan Crazy Rich Hartono Bertambah",2019-12-05,Thursday
"Terkuak, Ini Sumber Duit & Kekayaan Orang-Orang Terkaya RI",2019-12-05,Thursday
Makin Tajir Melintir! Ini 5 Wajah Baru Crazy Rich RI,2019-12-05,Thursday
Makin Tajir Melintir! Ini 5 Wajah Baru Crazy Rich RI,2019-12-05,Thursday
"Duo Hartono Tetap Nomor 1 Crazy Rich RI, Hartanya Rp 522 T",2019-12-05,Thursday
"Duo Hartono Tetap Nomor 1 Crazy Rich RI, Hartanya Rp 522 T",2019-12-05,Thursday
Crazy Rich! Ini Dia 10 Orang Terkaya RI per Desember 2019,2019-12-05,Thursday
Crazy Rich! Ini Dia 10 Orang Terkaya RI per Desember 2019,2019-12-05,Thursday
"Es Krim Diamond Mau IPO, BCA Suntik Modal Ventura Rp 200 M",2019-12-05,Thursday
"Es Krim Diamond Mau IPO, BCA Suntik Modal Ventura Rp 200 M",2019-12-05,Thursday
"Saham BCA Naik, Kekayaan Crazy Rich Hartono Bertambah",2019-12-05,Thursday
"20 Crazy Rich Indonesia, Dikuasai Rokok, CPO & Petrokimia!",2019-12-06,Friday
"20 Crazy Rich Indonesia, Dikuasai Rokok, CPO & Petrokimia!",2019-12-06,Friday
"Awas Boncos, Pantau Saham TLKM Hingga AALI",2019-12-06,Friday
"Berharta Rp 522 T, Crazy Rich Ini Galau Soal Ekonomi RI",2019-12-06,Friday
"Berharta Rp 522 T, Crazy Rich Ini Galau Soal Ekonomi RI",2019-12-06,Friday
"Pak Jokowi, Begini Curhat Orang Paling Tajir RI Soal Ekonomi",2019-12-07,Saturday
"Pak Jokowi, Begini Curhat Orang Paling Tajir RI Soal Ekonomi",2019-12-07,Saturday
Kisah Bambang Hartono: Punya Harta Rp522 T & Hobi Jajan!,2019-12-08,Sunday
Kisah Bambang Hartono: Punya Harta Rp522 T & Hobi Jajan!,2019-12-08,Sunday
"Jajaran Saham Elit Kompak Naik, Market Cap IHSG Naik Rp 204 T",2019-12-09,Monday
"Jajaran Saham Elit Kompak Naik, Market Cap IHSG Naik Rp 204 T",2019-12-09,Monday
"JP Morgan: Mandiri, BRI dan BCA Tumbuh di Atas Ekspektasi",2019-12-10,Tuesday
"IHSG Rawan Terkoreksi, Perhatikan Saham-saham Ini",2019-12-10,Tuesday
"Asing Kabur Lagi, Saham Bank BUKU IV Dilepas! Kecuali BMRI",2019-12-10,Tuesday
"Asing Kabur Lagi, Saham Bank BUKU IV Dilepas! Kecuali BMRI",2019-12-10,Tuesday
"JP Morgan: Mandiri, BRI dan BCA Tumbuh di Atas Ekspektasi",2019-12-10,Tuesday
"Caplok Saham Rabobank Indonesia, BCA Rogoh Rp 397 M",2019-12-11,Wednesday
"Ini Alasan BCA Akuisisi Rabobank Indonesia, Dimergerkah?",2019-12-11,Wednesday
"Caplok Saham Rabobank Indonesia, BCA Rogoh Rp 397 M",2019-12-11,Wednesday
"Ini Alasan BCA Akuisisi Rabobank Indonesia, Dimergerkah?",2019-12-11,Wednesday
"Akuisisi Rabobank Indonesia, Besok Saham BCA Terbang?",2019-12-11,Wednesday
"Akuisisi Rabobank Indonesia, Besok Saham BCA Terbang?",2019-12-11,Wednesday
BCA Sudah Caplok 2 Bank dalam Setahun,2019-12-11,Wednesday
Wah! BCA Resmi Caplok Rabobank Indonesia,2019-12-11,Wednesday
"Dicaplok BCA, Ini Penjelasan Rabobank Indonesia",2019-12-11,Wednesday
"Simak Nasib Jiwasraya, Hingga Erick Bongkar 85 Hotel BUMN",2019-12-11,Wednesday
"Simak Nasib Jiwasraya, Hingga Erick Bongkar 85 Hotel BUMN",2019-12-11,Wednesday
BCA Sudah Caplok 2 Bank dalam Setahun,2019-12-11,Wednesday
"Dicaplok BCA, Ini Penjelasan Rabobank Indonesia",2019-12-11,Wednesday
Wah! BCA Resmi Caplok Rabobank Indonesia,2019-12-11,Wednesday
"Penerimaan Pajak Lesu, IHSG Ditutup Melemah 0,66%",2019-12-12,Thursday
"Penerimaan Pajak Lesu, IHSG Ditutup Melemah 0,66%",2019-12-12,Thursday
"Ikut Caplok Rabobank Indonesia, Begini Kinerja BCA Finance",2019-12-12,Thursday
"Usai Caplok Rabobank, BCA Mau Ganti Nama Bank Royal",2019-12-12,Thursday
"Bursa Saham Asia Menguat, IHSG Malah ke Zona Merah",2019-12-12,Thursday
"Bursa Saham Asia Menguat, IHSG Malah ke Zona Merah",2019-12-12,Thursday
"Penjualan Mobil Drop, Multifance Tak Berani Target Tinggi",2019-12-12,Thursday
"Penjualan Mobil Drop, Multifance Tak Berani Target Tinggi",2019-12-12,Thursday
Menakar Langkah BCA  Mengakuisisi Rabobank,2019-12-12,Thursday
Menakar Langkah BCA  Mengakuisisi Rabobank,2019-12-12,Thursday
"Ikut Caplok Rabobank Indonesia, Begini Kinerja BCA Finance",2019-12-12,Thursday
"Usai Caplok Rabobank, BCA Mau Ganti Nama Bank Royal",2019-12-12,Thursday
"Hikayat Rabobank Indonesia, Tutup Operasi hingga Dicaplok BCA",2019-12-12,Thursday
"Caplok Rabobank, Saatnya Jual atau Beli Saham BCA?",2019-12-12,Thursday
"Hikayat Rabobank Indonesia, Tutup Operasi hingga Dicaplok BCA",2019-12-12,Thursday
"BCA Akuisisi Rabobank, MNCN-SCMA Bikin Kerja Sama",2019-12-12,Thursday
"BCA Akuisisi Rabobank, MNCN-SCMA Bikin Kerja Sama",2019-12-12,Thursday
"Caplok Rabobank, Bos BCA: Saat Bank Nasional Akuisisi Asing!",2019-12-12,Thursday
"Caplok Rabobank, Saatnya Jual atau Beli Saham BCA?",2019-12-12,Thursday
BCA Resmi Akuisisi Rabobank!,2019-12-12,Thursday
"Sentimen Terbatas, Cekidot Saham-saham Pilihan Hari Ini",2019-12-12,Thursday
"Caplok Rabobank Indonesia, Akankah Saham BCA Rekor Lagi?",2019-12-12,Thursday
"Caplok Rabobank Indonesia, Akankah Saham BCA Rekor Lagi?",2019-12-12,Thursday
"Caplok Rabobank, Bos BCA: Saat Bank Nasional Akuisisi Asing!",2019-12-12,Thursday
Ini Alasan Bos BCA Akuisisi Bank Asing,2019-12-13,Friday
Pengumuman! Nasabah Bank Royal Diminta Tutup Rekening Segera,2019-12-13,Friday
Pengumuman! Nasabah Bank Royal Diminta Tutup Rekening Segera,2019-12-13,Friday
"Rabobank Indonesia Bakal Dimerger, Ini Penjelasan Bos BCA",2019-12-13,Friday
"Rabobank Indonesia Bakal Dimerger, Ini Penjelasan Bos BCA",2019-12-13,Friday
Ini Alasan Bos BCA Akuisisi Bank Asing,2019-12-13,Friday
"Rabobank Indonesia, dari Setop Operasi kini Dicaplok BCA",2019-12-13,Friday
"AS-China Siap Damai, Apa Kabar IHSG Hari Ini?",2019-12-13,Friday
BCA Resmi Caplok Rabobank Indonesia,2019-12-13,Friday
BCA Resmi Caplok Rabobank Indonesia,2019-12-13,Friday
"Bangkok Bank Pengendali Baru Permata, Masih Cuankah BNLI?",2019-12-13,Friday
"Bangkok Bank Pengendali Baru Permata, Masih Cuankah BNLI?",2019-12-13,Friday
"AS-China Siap Damai, Apa Kabar IHSG Hari Ini?",2019-12-13,Friday
"Rabobank Indonesia, dari Setop Operasi kini Dicaplok BCA",2019-12-13,Friday
"BCA Caplok Rabobank, Jahja: Saatnya RI Akuisisi Bank Asing",2019-12-14,Saturday
"BCA Caplok Rabobank, Jahja: Saatnya RI Akuisisi Bank Asing",2019-12-14,Saturday
"Di Depan Investor, Kemenkeu Tegaskan Utang Bukan Tujuan APBN",2019-12-16,Monday
"Genjot Ekonomi, Omnibus Law Jadi Andalan Pemerintah",2019-12-16,Monday
"Menguat 3 Hari Beruntun, Waspada IHSG Besok Bisa Tergelincir",2019-12-17,Tuesday
"Menguat 3 Hari Beruntun, Waspada IHSG Besok Bisa Tergelincir",2019-12-17,Tuesday
Melesat! Harga Saham BCA Cetak Rekor Tertinggi Lagi,2019-12-17,Tuesday
Melesat! Harga Saham BCA Cetak Rekor Tertinggi Lagi,2019-12-17,Tuesday
"Sempat Meragukan, IHSG Resmi Menguat 3 Hari Beruntun",2019-12-17,Tuesday
"Sempat Meragukan, IHSG Resmi Menguat 3 Hari Beruntun",2019-12-17,Tuesday
"Defisit Neraca Dagang Tembus US$ 1 Miliar, IHSG Sulit Menguat",2019-12-17,Tuesday
"Defisit Neraca Dagang Tembus US$ 1 Miliar, IHSG Sulit Menguat",2019-12-17,Tuesday
Pantau Saham Pilihan Broker Hari Ini: PTBA hingga BBCA,2019-12-17,Tuesday
"Menguat 4 Hari Beruntun, IHSG Besok Berpotensi Tembus 6.300",2019-12-18,Wednesday
"Menguat 4 Hari Beruntun, IHSG Besok Berpotensi Tembus 6.300",2019-12-18,Wednesday
Mantap! Kapitalisasi Pasar BCA Tembus Rp 800 T,2019-12-18,Wednesday
Mantap! Kapitalisasi Pasar BCA Tembus Rp 800 T,2019-12-18,Wednesday
"Top! 2 Hari Bursa Asia Merah, IHSG Hijau Sendirian",2019-12-18,Wednesday
"Top! 2 Hari Bursa Asia Merah, IHSG Hijau Sendirian",2019-12-18,Wednesday
Analisis Kinerja BCA Yang Kembali Cetak All Time High,2019-12-18,Wednesday
Analisis Kinerja BCA Yang Kembali Cetak All Time High,2019-12-18,Wednesday
"Catatkan Rekor Tertinggi, Market Cap BCA Tembus Rp 800 T",2019-12-18,Wednesday
"Catatkan Rekor Tertinggi, Market Cap BCA Tembus Rp 800 T",2019-12-18,Wednesday
Ada Kabar Tahir Caplok Emiten Bentjok Hingga Rekor Saham BCA,2019-12-18,Wednesday
"Bursa Saham Asia Melemah, IHSG Malah Menguat 0,19%",2019-12-18,Wednesday
"Mau Libur Nataru, BCA Siapkan Uang Tunai Rp 46,6 T",2019-12-18,Wednesday
"Mau Libur Nataru, BCA Siapkan Uang Tunai Rp 46,6 T",2019-12-18,Wednesday
"Usai Sentuh Rekor Tertinggi, Saham BCA Dilanda Profit Taking",2019-12-18,Wednesday
"Usai Sentuh Rekor Tertinggi, Saham BCA Dilanda Profit Taking",2019-12-18,Wednesday
Ada Kabar Tahir Caplok Emiten Bentjok Hingga Rekor Saham BCA,2019-12-18,Wednesday
"IHSG Menuju Hari-hari Akhir, Saham Mana yang Bikin Cuan",2019-12-18,Wednesday
"Tinggal 7 Hari, Akankah Semesta Mendukung Penguatan IHSG?",2019-12-18,Wednesday
"Tinggal 7 Hari, Akankah Semesta Mendukung Penguatan IHSG?",2019-12-18,Wednesday
"Bursa Saham Asia Melemah, IHSG Malah Menguat 0,19%",2019-12-18,Wednesday
"Sempat Rekor Harga Tertinggi, Apakah Saham BCA Sudah Mahal?",2019-12-19,Thursday
"BI Tahan Bunga Acuan, Rentetan Penguatan 4 Hari IHSG Putus",2019-12-19,Thursday
"BI Tahan Bunga Acuan, Rentetan Penguatan 4 Hari IHSG Putus",2019-12-19,Thursday
"Sempat Rekor Harga Tertinggi, Apakah Saham BCA Sudah Mahal?",2019-12-19,Thursday
"Jelang Pengumuman Suku Bunga Acuan BI, IHSG di Zona Merah",2019-12-19,Thursday
"Zuper, Optimisme Akhir Tahun Dukung Pasar",2019-12-19,Thursday
"Tunggu RDG Bank Indonesia, Simak Saham-saham Potensi Cuan!",2019-12-19,Thursday
"Transaksi Jumbo CITA, Saham BCA Tembus Rekor Baru!",2019-12-19,Thursday
"Transaksi Jumbo CITA, Saham BCA Tembus Rekor Baru!",2019-12-19,Thursday
"Zuper, Optimisme Akhir Tahun Dukung Pasar",2019-12-19,Thursday
"Jelang Pengumuman Suku Bunga Acuan BI, IHSG di Zona Merah",2019-12-19,Thursday
"Yeay! Asing Kembali, Begini Proyeksi IHSG Pekan Depan",2019-12-20,Friday
"Yeay! Asing Kembali, Begini Proyeksi IHSG Pekan Depan",2019-12-20,Friday
Joss! Transaksi Nego 7 Saham Ini Kerek Transaksi BEI Rp 13 T,2019-12-20,Friday
Joss! Transaksi Nego 7 Saham Ini Kerek Transaksi BEI Rp 13 T,2019-12-20,Friday
"Melesat di Menit-menit Akhir, IHSG Happy Weekend! Naik 0,55%",2019-12-20,Friday
"Akhir Pekan, Simak Deretan Saham Potensi Cuan Hari Ini!",2019-12-20,Friday
"Hitung Hari Bursa Tutup, Mau Libur atau Santa Claus Rally?",2019-12-20,Friday
"Hitung Hari Bursa Tutup, Mau Libur atau Santa Claus Rally?",2019-12-20,Friday
"Melesat di Menit-menit Akhir, IHSG Happy Weekend! Naik 0,55%",2019-12-20,Friday
Jahja Setiaatmadja Kembali Lepas Sahamnya di BCA,2019-12-23,Monday
Jahja Setiaatmadja Kembali Lepas Sahamnya di BCA,2019-12-23,Monday
"Doyan Jajan Rumahan, Kekayaan Duo Hartono Bertambah Rp 102 T",2019-12-23,Monday
"Doyan Jajan Rumahan, Kekayaan Duo Hartono Bertambah Rp 102 T",2019-12-23,Monday
"12 Saham Emiten Big Cap Melesat, BCA Masih Nomor Wahid!",2019-12-23,Monday
"Lagi! Bos BCA Lepas Saham, Raup Dana Rp 1,64 M",2019-12-23,Monday
"Lagi! Bos BCA Lepas Saham, Raup Dana Rp 1,64 M",2019-12-23,Monday
"Jelang Natal, Cekidot Saham-saham Potensi Cuan Ini",2019-12-23,Monday
"Jajan Sederhana, Berapa Nilai Saham Bambang Hartono di BCA?",2019-12-23,Monday
"Jajan Sederhana, Berapa Nilai Saham Bambang Hartono di BCA?",2019-12-23,Monday
"12 Saham Emiten Big Cap Melesat, BCA Masih Nomor Wahid!",2019-12-23,Monday
"Tebak! Jika Saham BCA Rp 40.000, Berapa Kekayaan Duo Hartono?",2019-12-24,Tuesday
"Tebak! Jika Saham BCA Rp 40.000, Berapa Kekayaan Duo Hartono?",2019-12-24,Tuesday
"Ini Harga Baru Unilever di 2020, Laba Chandra Asri Ambles 81%",2019-12-26,Thursday
"Ini Harga Baru Unilever di 2020, Laba Chandra Asri Ambles 81%",2019-12-26,Thursday
"IHSG Cuma Naik Tipis 0,07% di Sesi I, Hawa Liburan yah!",2019-12-26,Thursday
"IHSG Cuma Naik Tipis 0,07% di Sesi I, Hawa Liburan yah!",2019-12-26,Thursday
"Tersisa 2 Hari, IHSG Berpotensi Menguji 6.350 Senin Depan!",2019-12-26,Thursday
"Tersisa 2 Hari, IHSG Berpotensi Menguji 6.350 Senin Depan!",2019-12-26,Thursday
"Berkat Santa Claus Rally, IHSG Menguat 4 Hari Beruntun",2019-12-27,Friday
"Jelang Akhir Tahun 2019, IHSG Berpotensi Tutup di Atas 6.350",2019-12-27,Friday
"Berkat Santa Claus Rally, IHSG Menguat 4 Hari Beruntun",2019-12-27,Friday
"Jelang Akhir Tahun 2019, IHSG Berpotensi Tutup di Atas 6.350",2019-12-27,Friday
"Akhir Sesi Satu, IHSG Masih Bertahan di Zona Hijau",2019-12-27,Friday
"Santa Claus Rally, Simak Saham Potensi Cuan Hari Ini",2019-12-27,Friday
Inikah Deretan Saham ,2019-12-27,Friday
"Akhir Sesi Satu, IHSG Masih Bertahan di Zona Hijau",2019-12-27,Friday
Digitalisasi Bank BUMN: Solusi Mengatasi Ketimpangan Nasional,2019-12-28,Saturday
"Belum Oversold, IHSG Pasrah Turun di Hari Terakhir",2019-12-30,Monday
"Belum Oversold, IHSG Pasrah Turun di Hari Terakhir",2019-12-30,Monday
Analisis Kinerja Positif BBCA & BRPT Sepanjang 2019,2019-12-31,Tuesday
Analisis Kinerja Positif BBCA & BRPT Sepanjang 2019,2019-12-31,Tuesday
"Hary Tanoe Beli Aset Trump, Apa Kabar Bakrie Telecom?",2020-01-01,Wednesday
"Hary Tanoe Beli Aset Trump, Apa Kabar Bakrie Telecom?",2020-01-01,Wednesday
"BCA Jawara Big Cap, 2 Emiten Prajogo Pangestu Melesat Tinggi",2020-01-01,Wednesday
"Musim Merger-Akuisisi Perbankan RI, Ternyata di Februari 2019",2020-01-01,Wednesday
"Musim Merger-Akuisisi Perbankan RI, Ternyata di Februari 2019",2020-01-01,Wednesday
Simak! 7 Saham Paling Banyak Diborong Asing 2019,2020-01-02,Thursday
Simak! 7 Saham Paling Banyak Diborong Asing 2019,2020-01-02,Thursday
"Transaksi Perdana 2020, Yuk Simak Saham Rekomendasi Broker",2020-01-02,Thursday
"Transaksi BEI Lagi Sepi, 5 Saham Ini Diborong Asing!",2020-01-02,Thursday
"Transaksi BEI Lagi Sepi, 5 Saham Ini Diborong Asing!",2020-01-02,Thursday
"Hari Pertama IHSG Merah & Transaksi Sepi, Bagaimana Esok?",2020-01-02,Thursday
"Hari Pertama IHSG Merah & Transaksi Sepi, Bagaimana Esok?",2020-01-02,Thursday
"Walau World War 3 di Depan Mata, IHSG Bisa Ditutup Menguat",2020-01-03,Friday
"Walau World War 3 di Depan Mata, IHSG Bisa Ditutup Menguat",2020-01-03,Friday
"Terdampak Banjir, Enam Kantor Cabang BCA Tutup Sementara",2020-01-03,Friday
"Perang Timteng, Bursa Asia Merah tapi IHSG Kuat di Zona Hijau",2020-01-03,Friday
"Perang Timteng, Bursa Asia Merah tapi IHSG Kuat di Zona Hijau",2020-01-03,Friday
"Terdampak Banjir, Enam Kantor Cabang BCA Tutup Sementara",2020-01-03,Friday
"Mayoritas Saham Bank Memerah, Saham Bjb Melesat Sendirian",2020-01-06,Monday
"Mayoritas Saham Bank Memerah, Saham Bjb Melesat Sendirian",2020-01-06,Monday
"Ramai Katalis, IHSG Diprediksi Tembus 6.850 di Akhir 2020",2020-01-06,Monday
"Ramai Katalis, IHSG Diprediksi Tembus 6.850 di Akhir 2020",2020-01-06,Monday
"Panasnya AS-Iran Hingga Risalah The Fed Bawa IHSG Jatuh 1,05%",2020-01-06,Monday
"Panasnya AS-Iran Hingga Risalah The Fed Bawa IHSG Jatuh 1,05%",2020-01-06,Monday
"Saham Bank BUKU IV Mendadak Ambles, Gegara PSAK 71?",2020-01-06,Monday
"Saham Bank BUKU IV Mendadak Ambles, Gegara PSAK 71?",2020-01-06,Monday
"Market Cap Naik Rp 14 T, Emiten Salim Geser Emiten Prajogo",2020-01-06,Monday
"Sempat Ambruk 1% Lebih, IHSG Sesi I Terkoreksi 0,58%",2020-01-06,Monday
"Rabobank Tutup, Nasabah Mau Tarik Dana? Ini Tenggatnya",2020-01-06,Monday
"Cuan di Awal Pekan, Ini Deretan Saham Pilihan Broker",2020-01-06,Monday
"Jokowi Semprit Saham Gorengan, Bukopin Bakal Rights Issue",2020-01-06,Monday
"BCA Sulap Bank Royal Jadi Bank Digital, Suntikkan Rp 1 T",2020-01-06,Monday
"Nasabah Rabobank Tak Tarik Dana, Kena Biaya Rp 200.000",2020-01-07,Tuesday
Simak Saham Rekomendasi Broker Setelah Iran Serang AS,2020-01-08,Wednesday
"Saham NATO & BBCA Diborong, Transaksi Saham Terdongkrak!",2020-01-09,Thursday
"5 Saham Ini Diborong Asing, Saham NATO Paling Gede Rp 988 M",2020-01-09,Thursday
"Laba Emiten di 2020 Bisa Tumbuh 8-10%, Begini Alasannya",2020-01-10,Friday
"Terus Menguat, Giliran Market Cap  BRPT Disalip CPIN",2020-01-13,Monday
Kolaborasi BCA dengan WeChat akan Meluncur Dalam Waktu Dekat,2020-01-13,Monday
"Bergerak di Atas MA-5, Siap-Siap IHSG Besok Jajal Level 6.300",2020-01-13,Monday
"Naik 4 Hari Beruntun, IHSG Menuju Level Tertinggi 4 Bulan",2020-01-14,Tuesday
"BCA-WeChat Siap Bermitra, Begini Sosok Calon Bos Garuda",2020-01-14,Tuesday
"Asa Besar Terhadap AS-China, IHSG Sesi I Ditutup Hijau",2020-01-14,Tuesday
"Selain BRI, Asing Juga Borong BCA & Cetak Rekor Harga Lagi",2020-01-14,Tuesday
"Biarkan IHSG Merah, Saham BRI Tetap Cetak Rekor Baru",2020-01-15,Wednesday
"Kabar Buruk soal Perang Dagang, IHSG Melemah 0,66%",2020-01-15,Wednesday
"Cerita Salim Kehilangan Bank, Sekarang Punya Lagi",2020-01-15,Wednesday
"Pagi-pagi Saham BCA Rekor Lagi, Tembus Rp 35.300/saham",2020-01-15,Wednesday
Harga Saham BCA Cetak Rekor Baru,2020-01-15,Wednesday
"Stock Split, Bos BCA: Nanti Enggak Keruan, Nubruk Kanan-Kiri",2020-01-16,Thursday
"Joss! Seharian Melemah, IHSG Akhiri Hari di Zona Hijau",2020-01-16,Thursday
"Seharian Melemah, IHSG Ditutup Menguat Tipis 0,09%",2020-01-17,Friday
"Saham Bank jadi Raja, Karena Aturan Permodalan Diubah?",2020-01-18,Saturday
"Diterpa Aksi Jual Asing, Rentetan Penguatan 2 Hari IHSG Putus",2020-01-20,Monday
"4 Kali Pecahkan Rekor, Bagaimana Arah Saham BBRI ke Depan?",2020-01-20,Monday
"IHSG Merah Padam, Saham BRI Tetap Cuek Bikin Rekor",2020-01-20,Monday
"Sempat Menghijau, IHSG Tutup Sesi Satu di Zona Merah",2020-01-20,Monday
"3 Kali Pecah Rekor, BRI Paling Moncer di Jajaran Big Cap",2020-01-20,Monday
Saham Pilihan Awal Pekan: ASII hingga BBCA Boleh Juga,2020-01-20,Monday
"Laba Tumbuh Tipis, Ini Prediksi Pergerakan Saham BBNI",2020-01-23,Thursday
Virus Corona & RDG BI Bikin IHSG Menyerah di Akhir Pekan,2020-01-24,Friday
"Saham BRPT Naik 5%, Kekayaan Prajogo Pangestu Tambah Rp 5,8 T",2020-01-27,Monday
55 Emiten Blue Chips Siap Bidik Investor di MIF 2020,2020-01-27,Monday
"Masih Dibayangi Dead Cross, Waspada Pelemahan IHSG Lanjutan!",2020-01-27,Monday
"Virus Corona Makin Brutal, Hari Sesi I IHSG Jatuh 0,99%",2020-01-28,Tuesday
,2020-01-28,Tuesday
"Erick Sebut Restrukturisasi Selesai, Begini Arah Saham KRAS",2020-01-28,Tuesday
"Masih Dihantui Corona, Saham Apa yang Layak Pilih Hari Ini",2020-01-30,Thursday
"6 Reksa Dana MPAM Dibubarkan, Ini Dampaknya ke Minna Padi",2020-01-30,Thursday
"Jatuh Nyaris 1%, Sedikit Lagi IHSG Tinggalkan Level 6.000",2020-01-30,Thursday
"Indeks LQ-45 Anjlok Lebih Dalam, tapi Saham GGRM Bertahan",2020-01-31,Friday
"Astaga! IHSG Jebol di Bawah 6.000, Ada Apa nih?",2020-01-31,Friday
"Duh! Virus Corona, IHSG Anjlok & Tinggalkan Level 6.000",2020-01-31,Friday
"Parah! IHSG Ugal-ugalan, Market Cap Menguap Rp 347 T",2020-01-31,Friday
"IHSG Terburuk dalam 9 Tahun, January Effect Absen Tahun Ini",2020-01-31,Friday
"IHSG Boncos Hampir 2%, Saham-saham BUKU IV Babak Belur",2020-01-31,Friday
Virus Corona Bikin Rp 347 T Menguap dari Pasar Modal RI,2020-02-02,Sunday
"Alami Pelemahan 3 Hari Beruntun, IHSG Masih di Bawah Tekanan",2020-02-03,Monday
"Disuntik BCA Rp 1 T, Bank Royal Otomatis Masuk BUKU II",2020-02-03,Monday
"13 Saham Elite Terkoreksi, Market Cap IHSG Hilang Rp 350 T",2020-02-03,Monday
"IHSG Bisa Rebound nih, Saham BCA & BRI Jadi Penahan Koreksi",2020-02-03,Monday
"IHSG di Bawah 6.000, Simak Rekomendasi Saham Hari Ini",2020-02-03,Monday
"Saham BCA Tertekan, Kekayaan Duo Hartono Terkikis Rp 29 T",2020-02-03,Monday
"Medco Rilis Utang Jumbo Rp 8,8 T, Saham Emiten Hotel ",2020-02-04,Tuesday
"Usai Babak Belur 3 Hari Beruntun, Asing Masuk IHSG Menghijau",2020-02-04,Tuesday
BCA Suntik Modal Bank Royal Rp 1 Triliun,2020-02-04,Tuesday
"5 Saham Big Cap Dorong IHSG Hijau, Asing Masuk Lagi!",2020-02-04,Tuesday
"Virus Corona & Inflasi Dilupakan Sejenak, IHSG Naik 0,65%",2020-02-04,Tuesday
"Topang IHSG Menguat, 8 Saham Big Cap Ini Melesat 2% Lebih",2020-02-04,Tuesday
"Pelemahan 3 Hari Terhenti, Potensi Penguatan IHSG Terbuka",2020-02-04,Tuesday
"Sedang di Jalur Hijau, Siap-Siap IHSG Besok Menguat Lagi",2020-02-05,Wednesday
"Saham BCA Diborong Asing Rp 507 M, Saham FREN Melesat 17%",2020-02-05,Wednesday
"Pertumbuhan Ekonomi Lemah, IHSG Tak Goyang & Nyaris Naik 1%",2020-02-05,Wednesday
Pelan-pelan Asing Mulai Masuk Bursa Saham RI,2020-02-05,Wednesday
Banyak Saham ,2020-02-05,Wednesday
"Ekonomi RI Tumbuh di Bawah 5%, 5 Saham Ini Topang IHSG",2020-02-05,Wednesday
"Saham Pilihan Broker di Akhir Pekan, dari ASII hingga JSMR",2020-02-07,Friday
"Cadangan Devisa Naik, Begini Respons ke Saham Bank BUKU IV",2020-02-07,Friday
"Saham Kembali Bangkit, Market Cap GGRM Kembali Lewati CPIN",2020-02-10,Monday
"Defisit Transaksi Berjalan Membaik, Koreksi IHSG Menipis",2020-02-10,Monday
"Singapura Waspada Rush Money, Apa Dampaknya ke Bank RI?",2020-02-10,Monday
"Galau ke Arah Mana, IHSG Besok Bisa Masuk ke Zona Merah",2020-02-11,Tuesday
"Harga Gas Ditekan Bisnis LNG Masuk, Ini Potensi Cuan PGN",2020-02-11,Tuesday
"Lolos dari ""Lubang Jarum"", IHSG Bangkit dengan Menguat 0,04%",2020-02-11,Tuesday
"Maaf Saudara, The Fed Belum Tertarik Obral Insentif ke Pasar",2020-02-12,Wednesday
"Sudah Jenuh Dijual Terus, IHSG Beri Sinyal Mau Bangkit",2020-02-13,Thursday
"Aksi Cepat Tanggap China Tak Diragukan, Indonesia Bagaimana?",2020-02-13,Thursday
"Terpuruk di Akhir Pekan, IHSG Masih Dibayangi Pelemahan",2020-02-14,Friday
"IHSG Masih Grogi, Ini Saham Pilihan Hari Ini",2020-02-14,Friday
"Akhir Sesi Satu, IHSG Masih Menuju Koreksi 3 Hari Beruntun",2020-02-14,Friday
"Pasar Saham Sedang Bergejolak, Ini Tips Investasi Bos BCA",2020-02-14,Friday
"Sempat ke Zona Hijau, IHSG Ditutup Turun & Asing Out Rp 368 M",2020-02-14,Friday
"Naik Kurang dari 1 Poin, IHSG Dibayangi Tekanan Fluktuatif",2020-02-17,Monday
"Kinerja Saham Ambles, Market Cap Telkom Disalip Bank Mandiri",2020-02-17,Monday
"Asing Profit Taking, Saham BBRI, BBNI & BBCA Dilepas",2020-02-18,Tuesday
Ada Kabar Haryanto Budiman & Hendra Lembong Gabung ke BCA,2020-02-18,Tuesday
"Ada Kabar Gabung ke BCA, Siapa Haryanto Budiman?",2020-02-18,Tuesday
"Hendra Lembong, Jebolan Citibank yang Kabarnya Gabung ke BCA",2020-02-18,Tuesday
"Penurunan Mulai Terbatas, IHSG Besok Siap Menguji Level 5.900",2020-02-18,Tuesday
"Tiga Hari Beruntun Cetak Reli, IHSG Berpeluang Menguat Lagi",2020-02-19,Wednesday
"Menguat 4 Hari Beruntun, IHSG Masih Bergairah Naik Besok",2020-02-20,Thursday
"Bicara Corona, Bos BCA Sebut Banyak Negara Bergantung China",2020-02-20,Thursday
"Investasi Rp 5,2 T, BCA Siap Bikin 20 Cabang Berkonsep Baru",2020-02-20,Thursday
"Kredit Mobil Turun, Bos BCA: Milenial Pilih Naik MRT & Online",2020-02-20,Thursday
"Dampak Virus Corona, Bos BCA Pantau Sektor Tekstil & Garmen",2020-02-20,Thursday
"Naik 10,5%, Laba BCA Menjadi Rp 28,6 Triliun di Tahun 2019",2020-02-20,Thursday
"Laba BCA 2019 Tembus Rp 28,6 T, Melesat 11%",2020-02-20,Thursday
Live! CNBC Indonesia Economic Outlook 2020,2020-02-21,Friday
Bos BCA Bicara Dampak Virus Corona & Pertumbuhan Kredit Bank,2020-02-21,Friday
"Wow! BCA Tawarkan Bunga KPR 4,63% & KKB 3,63%",2020-02-21,Friday
BCA Ubah Bank Royal Jadi Bank Digital Akhir Semester I-2020,2020-02-21,Friday
"Reli 5 Hari Beruntun Gagal Terwujud, IHSG Dibayangi Penurunan",2020-02-21,Friday
"Wabah Corona Guncang Ekonomi, BCA Siap Suntik Anak Usaha",2020-02-21,Friday
"Life Style Berubah, Kredit Motor BCA Turun 1,1%",2020-02-21,Friday
"Dirut-Komut BNI Dirombak, 5 Anak Usaha Garuda Mau Ditutup",2020-02-21,Friday
"Haryanto Budiman & Hendra Lembong Join BCA, Jahja Buka Suara",2020-02-21,Friday
Kulik Kinerja Keuangan BCA di Tengah Gejolak Ekonomi Global,2020-02-23,Sunday
Ini Cara BCA Salurkan Kredit Rp 5 T hanya dalam 3 Hari,2020-02-23,Sunday
"Dana Kelolaan Reksa Dana Ambles, Gojek Beli Saham Blue Bird",2020-02-24,Monday
Deretan 5 Saham Ini Bikin IHSG Ambruk di Awal Pekan,2020-02-24,Monday
"Buka Blokir Rekening Efek, Kejagung Panggil Bank Hari Ini",2020-02-24,Monday
"Sempat Dikrititk Erick, Market Cap Telkom Salip Mandiri",2020-02-24,Monday
Ini Dia Bank BUKU IV Paling Menguntungkan di RI,2020-02-25,Tuesday
"Alami Pelemahan 3 Hari Beruntun, IHSG Masih Dibayangi Tekanan",2020-02-25,Tuesday
"Komisaris BCA: Bisnis di 2020 Akan Lebih Baik, Asalkan...",2020-02-26,Wednesday
"Streaming! Paparan Ekonomi CT, Sri Mulyani, & Erick Thohir",2020-02-26,Wednesday
"IHSG Terendah Sejak November 2018, Ini Saham Pilihan Broker",2020-02-26,Wednesday
"Marubeni Caplok Saham SILO, Proses IPO NARA Diulang dari Awal",2020-02-26,Wednesday
"Tekanan Mulai Terbatas, tapi IHSG Masih Berpotensi Koreksi",2020-02-26,Wednesday
"IHSG Drop 2,2%, Kinerja Bursa Saham Paling Buruk di Asia",2020-02-27,Thursday
"Saham Bank BUKU IV Berguguran, Bikin IHSG Drop Lebih 2%",2020-02-27,Thursday
"Arab Larang Umrah Sementara, Saham Emiten Travel Gimana?",2020-02-27,Thursday
"Ada Kasus Investasi, Jiwasraya & Corona, Ini Rekam Jejak IHSG",2020-02-27,Thursday
"Saham BCA Ambles 6,2%, Kekayaan Duo Hartono Susut Rp 27 T",2020-02-27,Thursday
"IHSG Drop 2,7%, Kapitalisasi Bursa Saham RI Susut Rp 171 T",2020-02-27,Thursday
IHSG Kembali Ambyar hingga Korban Virus Corona Terus Berjatuh,2020-02-27,Thursday
"Melemah 5 Hari Beruntun, Ada Potensi Tekanan Pada IHSG Mereda",2020-02-27,Thursday
"IHSG Memerah, Perbankan Jadi Sektor Pemberat Indeks",2020-02-28,Friday
"Anjloknya Saham Bank Besar Bikin IHSG Drop 3,69%",2020-02-28,Friday
"IHSG Ambruk, 5 Saham Ini Malah Terbang Tinggi",2020-03-02,Monday
"Pola Death Cross Terbentuk, Koreksi IHSG Berpeluang Berlanjut",2020-03-02,Monday
"Futures Wall Street Turun Lagi, Semoga IHSG Bangkit!",2020-03-02,Monday
"Suku Bunga Akan Turun, IHSG Bisa ",2020-03-03,Tuesday
"RI Terpapar Corona, Simak Saham Potensi Cuan Hari Ini",2020-03-03,Tuesday
"IHSG Nyaris Menguat 2%, 7 Saham Big Cap Ini Diborong Investor",2020-03-03,Tuesday
"IHSG Rebound Hampir 3%, 6 Saham Diborong Lebih dari Rp 200 M",2020-03-03,Tuesday
"IHSG Merah Padam, Asing Mulai Kabur di 5 Saham Ini",2020-03-03,Tuesday
"IHSG Lompat 2,4%, 2 Saham Ini Diborong Asing Rp 500 M Lebih",2020-03-04,Wednesday
"Efek Corona, Deretan Saham Blue Chip Ini Great Sale!",2020-03-04,Wednesday
"Waspada! Bunga Acuan The Fed Turun, Wall Street Tetap Merah",2020-03-04,Wednesday
The Fed ,2020-03-04,Wednesday
IHSG Masih Bisa ,2020-03-04,Wednesday
Benarkah Saham-saham Blue Chip Sedang Murah?,2020-03-04,Wednesday
"IHSG Balik ke Level 5.600, Menguat Nyaris 2%",2020-03-04,Wednesday
"Jangan Senang Dulu! IHSG Rentan, Simak Rekomendasi Sahamnya",2020-03-05,Thursday
"Dilanda Profit Taking, IHSG Sempat Tertekan Hingga Minus 0,5%",2020-03-05,Thursday
"IHSG Drop 2% Lebih, Asing Kompak Lepas 5 Saham Unggulan Ini",2020-03-06,Friday
"Tekanan Belum Berakhir, IHSG Berpotensi ke Luar dari 5.500",2020-03-06,Friday
,2020-03-06,Friday
"Cetak Laba Rp 16 T, Aset Perusahaan Duo Hartono Rp 1.056 T",2020-03-06,Friday
"Jumat Kelabu! IHSG Merana, tapi 5 Saham Ini Melesat lho",2020-03-06,Friday
"7 Saham Bank BUKU IV Babak Belur, Efek Corona & Bunga Kredit",2020-03-06,Friday
"Saham CTRA Diborong, Bangkok Bank Bantah Caplok Bank RI Lagi",2020-03-09,Monday
Ini Deretan Saham Big Cap yang Bikin IHSG Drop Hampir 4%,2020-03-09,Monday
"Diwarnai Panic Selling, IHSG Drop 4%",2020-03-09,Monday
"Borong Saham Murah, IHSG Rebound & Melesat Lebih 2%",2020-03-10,Tuesday
"Ini Deretan 36 Emiten Punya Kas Jumbo, Berpotensi Buyback!",2020-03-10,Tuesday
"9 Saham Kakap Sempat Diobral, Benarkah Harga Sudah Murah?",2020-03-10,Tuesday
"7 BUMN Ini Berpotensi Buyback, Bakal ke Mana Gerak Sahamnya?",2020-03-10,Tuesday
"RUPS 9 April, Haryanto Budiman & Hendra Lembong ke BCA",2020-03-11,Wednesday
"Hadapi Corona, BUMN-Swasta Bentuk Indonesia Destinasiku",2020-03-12,Thursday
"Sesi I Bertahan di 5.000, Begini Proyeksi IHSG Sesi II",2020-03-12,Thursday
"BCA Siap Rombak Susunan Direksi, Seperti Apa?",2020-03-12,Thursday
"IHSG Drop 4%, Ini Saham-saham yang Menjadi Pemicu Koreksi",2020-03-12,Thursday
"BCA Dapat 2 Direksi Baru, Citos Mau Dijual Demi Jiwasraya",2020-03-12,Thursday
"Mari Tenang, Yuk Pilih Saham Rekomendasi Broker Hari Ini",2020-03-13,Friday
"Saham Bank Berguguran, Ada yang Mentok Kena ARB",2020-03-13,Friday
IHSG Selamat! 5 Saham Ini Kuasai 38% Nilai Transaksi Bursa,2020-03-13,Friday
6 Keuntungan Paket Liburan Indonesia Destinasiku,2020-03-16,Monday
"The Fed Beri Harapan IHSG Hijau, Simak Saham Pilihan Broker",2020-03-16,Monday
"Drop 3,5% di Sesi I, pada Sesi II Gerak IHSG Masih Terganjal",2020-03-16,Monday
"Sinyal IHSG Sudah Bottom, tapi Corona Susah Diprediksi",2020-03-17,Tuesday
"Perdagangan Saham Dihentikan, Asing Keluar Hampir Rp 900 M",2020-03-17,Tuesday
"Tak Perlu Panik Wall Street Drop, Simak Saham Pilihan Broker",2020-03-17,Tuesday
"IHSG Drop 3,5%, Ini 5 Saham yang Jadi Pemicunya",2020-03-17,Tuesday
"Ada Stimulus dari Trump, Simak Dulu Saham Pilihan Hari Ini",2020-03-18,Wednesday
"Lawan Arus, Harga 6 Saham Ini Menguat Saat IHSG di Zona Merah",2020-03-18,Wednesday
"Waduh! Efek Corona, Orang Terkaya RI Kehilangan Rp 105 T",2020-03-18,Wednesday
"Cegah Corona, Ini #BankingFromHome a La BCA",2020-03-18,Wednesday
Corona Grogoti Harta Orang Terkaya RI,2020-03-18,Wednesday
"Rupiah Loyo, Eksportir-Importir Beli Dolar Berapa Hari Ini?",2020-03-19,Thursday
"Bursa RI Terguncang, 4 Hari Perdagangan IHSG Ambles 17% Lebih",2020-03-19,Thursday
"Jika Ambles 7,7%, IHSG Bisa Jatuh ke Bawah Level 4.000",2020-03-19,Thursday
"Turun Lebih Dari 5%, Bagaimana Nasib IHSG Selanjutnya?",2020-03-19,Thursday
"OJK Longgarkan Tenggat RUPS & Lapkeu, 23 Perusahaan Antre IPO",2020-03-19,Thursday
"BCA Jual Dolar AS di Rp 16.150, Beli di Rp 15.950",2020-03-19,Thursday
"IHSG Drop 5%, Saham BCA, Indofood & Matahari Kena ARB",2020-03-19,Thursday
"Perdagangan Dihentikan, BCA Kena ARB & 161 Saham Mendekati",2020-03-19,Thursday
"Dihentikan 30 Menit, Perdagangan Saham Buka Kembali 10.07 WIB",2020-03-19,Thursday
"IHSG Ambles ke Bawah 4.100 di sesi I, 7 Saham Kena ARB",2020-03-19,Thursday
"Penyelamat IHSG, Ini 5 Saham yang Diborong Asing",2020-03-20,Friday
"Saham Big Cap Terbang, IHSG Rebound Melesat 1% Lebih",2020-03-20,Friday
"Cuan...Cuan, IHSG Melesat Lebih dari 2%",2020-03-20,Friday
Jual atau Beli? Yuk Simak Saham-saham Pilihan Broker Hari Ini,2020-03-20,Friday
"Corona oh Corona: Rupiah, Saham, Obligasi & Emas Antam Keok",2020-03-20,Friday
"Bank Boleh Restrukturisasi Kredit, 161 Saham Dekati ARB",2020-03-20,Friday
"Mulai Besok, Mandiri & BCA Batasi Jam Operasional Bank",2020-03-22,Sunday
"Ada Corona, Operasional Bank Terbatas & Mulai Kerja di Rumah",2020-03-23,Monday
"Waspada Koreksi IHSG, Masih Bisa Cuan di Saham-saham Ini",2020-03-23,Monday
Seorang Karyawan BCA Positif COVID-19,2020-03-23,Monday
"Setelah BCA, Kini 2 Karyawan Indosat Terjangkit COVID-19",2020-03-23,Monday
"Transaksi Saham Disetop 30 Menit, Ini Trading Halt ke 5 Kali",2020-03-23,Monday
"Sempat Naik 3%, IHSG Malah Melorot ke Level Terendah 2013",2020-03-24,Tuesday
"Cegah COVID-19, BCA & BTN Mulai Setop Operasional Cabang",2020-03-24,Tuesday
"Sempat Menguat 3% Lebih, Gerak IHSG Bak Roller Coaster",2020-03-24,Tuesday
Perhatian! Ini Deretan Bank yang Karyawannya Positif COVID-19,2020-03-24,Tuesday
Mari Simak Kabar dari Emiten Sebelum Transaksi Saham Hari Ini,2020-03-24,Tuesday
"IHSG Belum Stabil, Saham Defensif Banyak jadi Pilihan Broker",2020-03-24,Tuesday
"IHSG Berpotensi Menguat, Simak Saham Pilihan Broker Hari Ini",2020-03-26,Thursday
Kabar dari Pasar yang Harus Diketahui Sebelum Mulai Transaksi,2020-03-26,Thursday
IHSG Ngamuk! Sejumlah Saham Ini Bawa IHSG Meroket,2020-03-26,Thursday
"Fantastis! IHSG Terbang 7%, BCA, BRI & Mandiri Naik 10% Lebih",2020-03-26,Thursday
"IHSG Melesat 9%, 18 Saham LQ45 Naik 10% Lebih",2020-03-26,Thursday
"Sesi II, IHSG Masih Punya Taji untuk Menguat",2020-03-26,Thursday
"Wall Street Hijau, Semoga IHSG Punya Amunisi untuk Tancap Gas",2020-03-27,Friday
"IHSG Sempat Melesat 7,5%, 5 Saham Ini Diburu Investor",2020-03-27,Friday
"Asing Incar Saham Bank RI, Saham BBRI Diborong Rp 131 M",2020-03-27,Friday
Deretan Bank yang Karyawannya Terinfeksi Virus Corona,2020-03-28,Saturday
Great Sale Lagi! 4 Saham Bank BUKU IV Ini Murah Meriah,2020-03-30,Monday
"Great Sale! IHSG Ambles, Harga 5 Saham Ini Lagi Murah nih",2020-03-30,Monday
Ini 5 Saham yang Bikin IHSG Drop 5% & Perdagangan Disetop,2020-03-30,Monday
"Fitch Pangkas Rating Bank RI, Begini Respons BCA",2020-03-30,Monday
"Jam Perdagangan Berubah, Simak Rekomendasi Saham Hari Ini",2020-03-30,Monday
"Tren Bearish IHSG Belum Berakhir, Cek Saham Pilihan Hari Ini",2020-03-31,Tuesday
"6 Saham Ini jadi Pengerak IHSG Naik 2% Lebih, Sudah Murah?",2020-03-31,Tuesday
"Resmi OJK, Ini Daftar 42 Bank yang Beri Keringanan Kredit",2020-03-31,Tuesday
"Ini Bank & Leasing yang Longgarkan Cicilan, Simak Daftarnya!",2020-04-01,Wednesday
"Jokowi Tabur Stimulus Rp 405 T, Ini Sederet Saham Pilihan",2020-04-01,Wednesday
"Jokowi Turunkan PPh Badan Jadi 22%, Apa Dampaknya ke Pasar?",2020-04-01,Wednesday
BCA & Mandiri Gratiskan Biaya Top Up Gopay & LinkAja,2020-04-02,Thursday
BCA Gratiskan Top Up Gopay & Diskon 50% Top Up LinkAja,2020-04-02,Thursday
"IHSG Masih Ragu Tentukan Arah, Simak Saham Pilihan Hari Ini",2020-04-02,Thursday
"Pasar Respons Stimulus Pemerintah, Simak Saham Pilihan Broker",2020-04-03,Friday
"Resmi OJK, Ini Daftar Bank & Leasing Beri Keringanan Cicilan",2020-04-04,Saturday
"Asing Masih Keluar, Ini Dia 5 Saham yang ",2020-04-07,Tuesday
"Balik Arah, IHSG Drop 1% Lebih karena Profit Taking",2020-04-07,Tuesday
"Asing Keluar, IHSG Berbalik Arah & Merah Sendirian di Asia",2020-04-07,Tuesday
"Dua Taipan RI Masuk 100 Besar Orang Terkaya di Dunia, Simak!",2020-04-08,Wednesday
"Asing Kabur Rp 221 M, Bikin IHSG Anjlok Nyaris 3%",2020-04-08,Wednesday
Simak! Ini Dia 10 Orang Terkaya RI di 2020,2020-04-08,Wednesday
Sah! Haryanto Budiman & Gregory Lembong Jadi Direktur BCA,2020-04-09,Thursday
Mulai Ramai Debitur Bank & Leasing Minta Keringanan Cicilan,2020-04-09,Thursday
BCA Pilih Haryanto Budiman & Gregory Lembong Jadi Direktur,2020-04-09,Thursday
"Jelang Libur Paskah, Simak Dulu Saham Pilihan Hari Ini",2020-04-09,Thursday
10 Besar Market Cap Berubah! Saham Mana yang Masuk & Kegeser?,2020-04-09,Thursday
"IHSG Labil Luar Biasa, Ternyata Ini Penyebabnya",2020-04-09,Thursday
Perhatian! BCA Tebar Dividen Tunai Rp 555/saham,2020-04-09,Thursday
"Sepekan IHSG Menguat 2,5%, 5 Saham ini Diborong Asing!",2020-04-10,Friday
Banyak Saham ,2020-04-13,Monday
"Cuma Mengingatkan, Ini Sederet Kabar dari Pasar Pekan Lalu",2020-04-13,Monday
Diskon Gede! Deretan Saham LQ45 Ini Layak Diburu,2020-04-14,Tuesday
"Kejutan dari China & Stimulus BI Buat IHSG Melesat 1,78%",2020-04-14,Tuesday
"Suku Bunga BI Tetap 4,5%, Saham Perbankan Kompak Cuan!",2020-04-14,Tuesday
"Tunggu Kabar dari MH Thamrin, Saham Bank & Properti Cuan",2020-04-14,Tuesday
"Corona Masih Bikin Cemas, Ini Saham Murah Layak Diburu",2020-04-14,Tuesday
"Dari BCA Duo Hartono Dapat Dividen Rp 7,5 T, Salim Berapa?",2020-04-14,Tuesday
Oke Juga! 5 Saham LQ45 Ini ,2020-04-15,Wednesday
3 Direksi BCA Borong Saham BBCA Miliaran Rupiah,2020-04-16,Thursday
BRI & BCA Kuasai Hampir Sepertiga Transaksi BEI Hari Ini,2020-04-17,Friday
"Susah Jual Mobil karena Corona, Nasib Multifinance Bagaimana?",2020-04-17,Friday
"Soal Merger & Akuisisi Bank Saat Corona, Ini Kata Bos OJK",2020-04-17,Friday
"Cegah Covid-19, BCA Perluas Penutupan Kantor Cabang",2020-04-17,Friday
Simak 8 Kabar Sebelum Mulai Bertransaksi Saham Hari Ini,2020-04-17,Friday
Cuan di Akhir Pekan? Simak Deretan Saham Pilihan Ini,2020-04-17,Friday
"Jelang Dividen, Direksi BCA Borong Saham Miliaran Rupiah",2020-04-17,Friday
"Cek Saham Pilihan di Awal Pekan, dari BBCA hingga SIDO",2020-04-20,Monday
"Deretan 10 Besar Market Cap, Gudang Garam Tersingkir",2020-04-20,Monday
"Dunia Menuju Resesi, Asing Bawa Kabur Rp 15,5 T dari Bursa RI",2020-04-21,Tuesday
"Bursa RI Bergejolak, Ini Sederet Saham yang Relatif ",2020-04-21,Tuesday
"34.000 Debitur BCA Finance Relaksasi, KKB Bank Mandiri Turun",2020-04-23,Thursday
"Hari Pertama Puasa, Saham Telkom Diburu Saat IHSG Merah",2020-04-24,Friday
Perhatian! BCA Turunkan Bunga Kartu Kredit Mulai 1 Mei,2020-04-24,Friday
"Sempat Merah Sendiri di Asia, IHSG Sesi II Berpeluang Hijau",2020-04-27,Monday
"IHSG Merah, Market Cap Mandiri, Sampoerna & Astra Tergerus",2020-04-27,Monday
Pagi-pagi Asing Bawa Kabur Rp 200 M Lebih dari Bursa RI,2020-04-27,Monday
"BCA Mau Turunkan Bunga Kartu Kredit, Hingga PHK Karyawan KFC",2020-04-27,Monday
Catat Saham-saham Pilihan Hari Ini: dari GGRM hingga ADRO,2020-04-28,Tuesday
"Perdagangan Sesi I Alot, IHSG Dipaksa Jatuh 0,16%",2020-04-28,Tuesday
"Asing Kabur Lagi Rp 1 T, tapi IHSG Bisa Ditutup Menguat 0,36%",2020-04-28,Tuesday
IHSG Bertahan di Jalur Hijau pada Penutupan Sesi Satu,2020-04-29,Wednesday
"Saham Bank Tertekan, IHSG Bertahan di Jalur Positif",2020-04-29,Wednesday
"Saham Bank Variatif, IHSG Menanjak di Sesi Penutupan",2020-04-29,Wednesday
"Asing Masuk, IHSG Ditutup Tembus Lagi Level Psikologis 4.700",2020-04-30,Thursday
"Asing Berbalik Net Buy, IHSG Masuki Sesi Dua di Jalur Hijau",2020-04-30,Thursday
"Banjir Sentimen Positif, Siap-siap IHSG Sesi II Melesat Lagi",2020-04-30,Thursday
"BI Sebut Kepanikan Global Reda, tapi Net Sell Sebulan Rp 3 T",2020-04-30,Thursday
"Ada UNVR, TLKM & GGRM, Sederet Saham Pilihan Broker",2020-04-30,Thursday
Ini Dia 5 Saham Top Gainers & Top Losers Sepekan,2020-05-02,Saturday
"IHSG Mulai Uptrend, Simak Saham-saham Pilihan Hari Ini",2020-05-04,Monday
"Saham Bank Besar Diobral, Bikin IHSG Drop Nyaris 3%",2020-05-04,Monday
"Market Cap BCA Menguat Sendirian, Telkom Geser Bank BRI",2020-05-04,Monday
"Perdagangan Pertama Mei IHSG Rontok, Ini Penyebabnya",2020-05-04,Monday
"Menanti Rilis PDB, Simak Saham Pilihan Hari Ini",2020-05-05,Tuesday
IHSG Berhasil Menguat Meski Angka PDB Tidak Sesuai Harapan,2020-05-05,Tuesday
"Sektor Tambang Mengerem Laju Koreksi Bursa, IHSG Turun 0,46%",2020-05-06,Wednesday
"Sempat Labil, IHSG Harus Menepi di Zona Merah pada Sesi I",2020-05-06,Wednesday
"Pinjam Rp 1,5 T dari BCA, XL Axiata Ekspansi & Refinancing",2020-05-06,Wednesday
"PDB Sudah Price In, Simak Saham ",2020-05-06,Wednesday
"Ada Kabar Samin Tan jadi Buron KPK, Hingga Utang Emiten Naik",2020-05-08,Friday
Simak Saham Pilihan di Hari Terjepit Nasional,2020-05-08,Friday
"Labil Luar Biasa, Saat IHSG Tunggu Rilis Cadev",2020-05-08,Friday
"Tekanan Jual Asing Bikin IHSG Babak Belur, Saat Asia Hijau",2020-05-08,Friday
"Pekan Lalu IHSG Merah, Kapitalisasi BCA Malah Melesat Rp 11 T",2020-05-11,Monday
"Asing Masih Obral Saham RI, Cek Mana yang Murah Hari Ini",2020-05-12,Tuesday
Mau Beli Saham Bank tapi Bingung? Intip Rekomendasinya,2020-05-12,Tuesday
"IHSG Masih Merah, Bisa Cuan Gak di Saham-saham Ini?",2020-05-13,Wednesday
"Asing Kok Banyak Lepas Saham Bank RI, Ada Apa?",2020-05-14,Thursday
"Sempat Hijau, Sesi I IHSG Tak Kuat Hadapi Tekanan Jual Asing",2020-05-14,Thursday
"IHSG Rentan Tertekan, tapi Pasti Ada Saham ",2020-05-14,Thursday
"Fundamental Oke, Sandiaga Uno Rekomendasikan Saham-saham Ini",2020-05-15,Friday
"Sandiaga Uno: Jika Bursa Kita Gak Berubah, Orang IPO di Luar",2020-05-15,Friday
"Ada Bank Jangkar, Saham-saham Bank RI Babak Belur",2020-05-16,Saturday
"OJK Jelaskan Bank Jangkar, Masihkah Saham Bank Dilepas Asing?",2020-05-18,Monday
"Ada Sinyal IHSG Hijau, Simak Saham Potensi Cuan Hari Ini",2020-05-18,Monday
"NPL Bank Kakap di Q2 Bakal Naik, Seberapa Serius Masalah Ini?",2020-05-18,Monday
"Market Cap BCA Paling Melesat, Indofood Salip Chandra Asri",2020-05-18,Monday
"BI Suntik Likuiditas Rp 583 T, Saham Bank Besar Melesat",2020-05-19,Tuesday
"BI Tahan Suku Bunga Acuan, Penguatan IHSG Terpangkas",2020-05-19,Tuesday
"Saham BBRI, BMRI & BBNI Keok, Saham Otomotif Kompak Ngacir",2020-05-19,Tuesday
"Thanks Moderna, IHSG Sesi I Ditutup Naik Tertinggi di Mei",2020-05-19,Tuesday
,2020-05-19,Tuesday
"Asing Borong 4 Saham Bank RI, Tanda Bank Jangkar Sudah Aman?",2020-05-20,Wednesday
"Bahaya Jilid 2 Pandemi & Perang Dagang, Pasar Bisa Bergejolak",2020-05-20,Wednesday
"IHSG Goyah, Temuan Vaksin Covid-19 Diragukan",2020-05-20,Wednesday
"Soal Bank Jangkar, Bank Mandiri Tunggu Aturan Detail",2020-05-20,Wednesday
"Buka Lagi 26 Mei, BCA Siapkan Uang Tunai Rp 39 T buat Lebaran",2020-05-20,Wednesday
"Corona, Ini Saham Terbanyak Diborong & Diobral Investor Asing",2020-05-24,Sunday
"Lebaran Usai, Simak Saham-saham Potensi Cuan Hari Ini",2020-05-26,Tuesday
"Optimistis dengan New Normal, IHSG Melesat Hampir 1%",2020-05-26,Tuesday
"Market Cap 9 Emiten Naik, Indofood CBP Malah Ambles Rp 8 T",2020-05-26,Tuesday
"Wow! New Normal, Bikin 5 Saham Big Cap Terbang Hari Ini",2020-05-26,Tuesday
"Investor Mulai Pede, New Normal Bawa IHSG Melesat 1,4%",2020-05-26,Tuesday
Begini Layanan Bank Ala BCA Saat New Normal,2020-05-27,Wednesday
BCA Resmi Ganti Nama Bank Royal Jadi Bank Digital BCA,2020-05-27,Wednesday
"Raih Kenaikan Laba 8%, Analis: Saham BBCA Diproyeksi Menguat",2020-05-27,Wednesday
BCA Restrukturisasi Kredit Rp 82 T Untuk 72 Ribu Nasabah,2020-05-27,Wednesday
"Per Mei, BCA Restrukturisasi 72.000 Debitur Senilai Rp 82,6 T",2020-05-27,Wednesday
"BCA Cetak Laba Bersih Rp 6,58 T dalam 3 Bulan",2020-05-27,Wednesday
"BCA Cetak Laba Rp 6,58 T di Q1, Ini Penyebabnya",2020-05-27,Wednesday
"Kuartal I-2020, Laba BCA Naik 8,5% Jadi Rp 6,58 T",2020-05-27,Wednesday
"Indonesia Siap New Normal, Simak Saham Pilihan Hari Ini",2020-05-27,Wednesday
"Kinerja Q1 Sudah Dirilis, Siapa Jawara Laba Bank Buku IV?",2020-05-28,Thursday
"Stimulus Baru OJK, IHSG Melesat 1,6%, Asing Borong Rp 534 M",2020-05-28,Thursday
"Ditopang Asing, IHSG Sesi II Bakal Anteng di Zona Hijau",2020-05-28,Thursday
"Rebranding Bank Royal, Asing Borong Saham BCA Rp 323 M",2020-05-28,Thursday
"Bank Royal: dari Ciparay, Dibeli Djarum Jadi Bank Digital BCA",2020-05-28,Thursday
"OJK Lanjut Beri Stimulus, Saham Bank RI Terbang",2020-05-28,Thursday
"Royal Bank jadi Bank Digital BCA, Nama Rabobank jadi Apa?",2020-05-28,Thursday
Ini Alasan BCA Ganti Nama Bank Royal jadi Bank Digital BCA,2020-05-28,Thursday
Analis: Fee Based Income Penopang Kinerja BBCA Q1-2020,2020-05-28,Thursday
Rebound! 2 Saham Produsen Mie Grup Salim Diserbu Investor,2020-05-28,Thursday
"New Normal Direspons Positif, Intip Saham Pilihan Hari Ini",2020-05-28,Thursday
"Sinarmas Somasi APERD, Ramayana PHK 421 Pegawai & Potong Gaji",2020-05-28,Thursday
Kinerja Keuangan BCA Solid Dalam Merespons Ketidakpastian,2020-05-29,Friday
"Saham Bank Tak Seirama: BRI +4,8%, BMRI +1,4% tapi BCA -1%",2020-05-29,Friday
"Banyak Sentimen Positif IHSG, tapi Awas Gejolak Hong Kong",2020-05-29,Friday
Ini Jawara Pencetak Laba Terbesar Emiten Big Cap RI,2020-05-29,Friday
"Bank Royal: dari Ciparay, Dibeli Djarum Jadi Bank Digital BCA",2020-05-29,Friday
"AS-China Buat Gejolak, Mungkinkah Ada Happy Weekend?",2020-05-29,Friday
"Ramai, Cerita Sinarmas Asset vs Bibit hingga Bank Digital BCA",2020-05-29,Friday
"Kuartal I-2020: BRI Juara 1 & Mandiri 2, Borong Sahamnya!",2020-05-30,Saturday
Abrakadabra! Dari Ciparay Bank Royal Disulap Jadi BCA Digital,2020-05-30,Saturday
"Kapitalisasi Pasar Bank Melesat, BRI Salip Telkom & Unilever",2020-06-02,Tuesday
"Wow! Saham Bank RI Terbang & Ada 15%, saat IHSG Naik 2,4%",2020-06-02,Tuesday
"Para Bankir RI Putar Otak Kejar Kredit, Ini Sektor Bidikannya",2020-06-02,Tuesday
"Inflasi Rendah, IHSG Terbang 2,5%, Asing Borong Rp 451 M",2020-06-02,Tuesday
"Saham BTN Terbang Lebih 21%, Ternyata Ini Penyebabnya",2020-06-02,Tuesday
"Masuk Rp 872 M, Ini 5 Saham yang Paling Banyak Diborong Asing",2020-06-02,Tuesday
"Asing Rebutan Masuk, 5 Saham Ini Diborong Investor Rp 1,27 T",2020-06-03,Wednesday
Analis: IHSG Terdorong Penguatan Sektor Perbankan,2020-06-03,Wednesday
"Dana Asing Masuk Rp 1,5 T, IHSG Menguat Nyaris 2%",2020-06-03,Wednesday
"Waspada Profit Taking, IHSG Sesi II Berpotensi Ambles",2020-06-03,Wednesday
"Top! Nilai Transaksi Sesi I Rp 7 T, IHSG Naik Hampir 1%",2020-06-03,Wednesday
"Ga Usah Ngiri, yang Beli Saham BCA di Maret Sudah Cuan 30%",2020-06-03,Wednesday
"Saham Bank Gokil, BTN +11%, Mandiri +5% & BCA +5%",2020-06-03,Wednesday
Giliran Saham BCA yang Diborong Asing & Melesat 5% Lebih,2020-06-03,Wednesday
"Sepekan Asing Borong Saham Hampir Rp 2 T, Ini Alasannya",2020-06-03,Wednesday
"Pagi-pagi Transaksi Rp 3 T, BCA, BRI & PGN Diborong Investor",2020-06-04,Thursday
"Asing Menggila di Bursa RI, Ini 5 Saham Terbanyak Diborong",2020-06-04,Thursday
"IHSG Ambles karena PSBB Lanjut, tapi Dana Asing Masuk Rp 1 T",2020-06-04,Thursday
"PSBB Sampai Juni, Saham BCA, BRI, Mandiri & BNI Kompak Drop",2020-06-05,Friday
Deretan Kasino Lokasi Terdakwa Jiwasraya Diduga Cuci Uang,2020-06-05,Friday
"Komut BCA Lepas 800.000 Saham BBCA, Kantongi Rp 23 M",2020-06-06,Saturday
"Hadapi New Normal, 4 Cara Ubah Pikiran Negatif Jadi Positif",2020-06-07,Sunday
Tips Terhindar dari Penyakit & Stres di Era New Normal,2020-06-07,Sunday
"IHSG Bakal Tembus 5.100, Cek Saham-saham Pilihan Hari Ini",2020-06-08,Monday
"BCA, Mandiri, BNI & BRI Bikin IHSG Lompat 2% Lebih",2020-06-08,Monday
"Bank Mandiri Salip Sampoerna, Market Cap Chandra Asri Drop",2020-06-08,Monday
"Gokil! Cuan Gede, IHSG Sesi I Ditutup Menguat 2,55%",2020-06-08,Monday
"Saham BCA Naik 10%, Harta Crazy Rich Duo Hartono Naik Rp 36 T",2020-06-08,Monday
"IHSG Melesat 2,5%, Saham Bank ",2020-06-08,Monday
"Tak Terbendung, IHSG Ditutup Melesat 2,5%",2020-06-08,Monday
BCA Siapkan Rp 500 M Akuisisi Bank Rabobank Indonesia,2020-06-09,Tuesday
Analis: Pasar Respon Negatif Kabar BCA Akuisisi Rabobank,2020-06-09,Tuesday
"Komut BCA Jual Lagi Saham BBCA, Total Kantongi Rp 29 M",2020-06-09,Tuesday
"Nilai Akuisisi Rabobank Melonjak, BCA Rogoh Rp 500 M",2020-06-09,Tuesday
"Sri Mulyani Rilis PMK Bank Jangkar, Begini Gerak Saham Bank",2020-06-09,Tuesday
Ramai Soal Nilai Akuisisi Rabobank & Erick Mau Hapus BUMN,2020-06-10,Wednesday
"Drop! BCA, Mandiri, BNI & BRI Bikin IHSG Sempat Keluar 5.000",2020-06-10,Wednesday
Aturan Bank Jangkar Buat Saham Bank BUKU 4 Babak Belur,2020-06-10,Wednesday
"10 Emiten RI Masuk ASEAN Asset Class, Sahamnya Gimana?",2020-06-10,Wednesday
"Top! 10 Emiten RI Masuk ASEAN Asset Class, Sahamnya Oke?",2020-06-11,Thursday
"IHSG Goyang! Saham Mandiri, BNI, BRI & BCA Terjun Bebas",2020-06-11,Thursday
"Meski Asing Jualan Rp 1 T, IHSG Balik Arah di Menit Akhir",2020-06-12,Friday
"Saham Bank BUKU IV RI Masih Kuat, Meski IHSG Drop Hari Ini",2020-06-12,Friday
"Sudah Drop Dalam, Ada Saham Bank Bisa Cuan 118%",2020-06-12,Friday
"Alamak! Gegara AS, IHSG Terjun Bebas 2,44%",2020-06-12,Friday
"Sesi I Nyaris Drop 3%, IHSG Berusaha Bangkit tapi Masih Merah",2020-06-12,Friday
"Asing Kabur Rp 2 T, tapi 5 Saham Ini Diborong Sepekan",2020-06-15,Monday
"Market Cap Unilever Salip Telkom, Jadi Juara Ketiga",2020-06-15,Monday
"Awal Sesi II Saham Bank BUKU IV Terjun Bebas, Ada Apa?",2020-06-15,Monday
"IHSG Jeblok di Awal Pekan, Asing Kepincut Borong 5 Saham Ini",2020-06-15,Monday
"Pandemi Covid-19 Belum Berakhir, Begini Strategi BCA",2020-06-15,Monday
"Baru Setengah Jam, Saham BRI, BNI & BTN Lompat 5% Lebih",2020-06-16,Tuesday
BCA Hentikan Penerbitan Obligasi Berkelanjutan,2020-06-17,Wednesday
"Bunga Acuan BI Turun Tak Tolong IHSG, Malah Anjlok 1,25%",2020-06-18,Thursday
"Tunggu Keputusan BI Repo Rate, IHSG Melemah Tipis di Sesi 1",2020-06-18,Thursday
"IHSG Dibuka Anjlok, Asing Sudah Lepas BBCA & ASII",2020-06-18,Thursday
"Sinarmas Mau Beli Bank China, Hingga RUPS Bukopin Hari Ini",2020-06-18,Thursday
BCA Tidak Meneruskan Penerbitan Obligasi Subordinasi,2020-06-18,Thursday
"RI Kasus Covid-19 Terbanyak di ASEAN, Lalu Bagaimana?",2020-06-19,Friday
IHSG Terjun Bebas! Ini 5 Saham yang Masih Diborong Asing,2020-06-19,Friday
"Kemarin Dibanting Jelang Tutup, Pagi ini IHSG Dibuka Melompat",2020-06-19,Friday
"Bunga Acuan Dipangkas, Saham Bank BUKU IV Melesat",2020-06-19,Friday
"Kuat Hadapi Tekanan, IHSG Berhasil Ditutup Menguat 0,35%",2020-06-19,Friday
"Volatilitas Tinggi, Gerak IHSG Bak Transaksi Forex",2020-06-22,Monday
"Kabar Baik, Sesi II Ada Sinyal IHSG Bakal Menguat Mantap",2020-06-22,Monday
"Kapitalisasi Pasar Telkom Turun Sendirian, Tersalip Unilever",2020-06-22,Monday
"Sentimen Memburuk, IHSG Melemah 0,24% di Penutupan Sesi 1",2020-06-23,Tuesday
"Masih Cuan! Asing Borong 5 Saham Ini Rp 201 M, BCA Terbanyak",2020-06-23,Tuesday
IHSG Merah Gak Ngaruh! Asing Langsung Borong 5 Saham Ini,2020-06-24,Wednesday
"Saham Grup Sinar Mas Berlaga, IHSG Menguat 1,8% di Sesi Satu",2020-06-24,Wednesday
"IHSG Menguat Tipis di Sesi 1, Asing Pilih Profit Taking",2020-06-26,Friday
"Viral Video Nasabah Tak Bisa Cairkan Deposito BCA, Benarkah?",2020-06-26,Friday
"Asing Keluar Rp 674 M, IHSG Cuma Naik Tipis 0,15%",2020-06-26,Friday
"Wah! Barito Pacific Terdepak, Sinar Mas Resmi Masuk Big Cap",2020-06-29,Monday
"Saham Drop! Harta 4 Taipan RI Ini Tergerus, tapi Masih Tajir",2020-06-30,Tuesday
"Proyeksi Analis, Saham LQ45 Berpotensi Berikan Gain 20%-40%",2020-06-30,Tuesday
"Saham BCA Melesat 14%, Harta Duo Hartono Nambah Berapa?",2020-06-30,Tuesday
"Harga Saham Meroket, Harta 5 Crazy Rich RI Ini Makin Melesat",2020-06-30,Tuesday
"Laba Bersih Melesat 226%, Saham Tjiwi Kimia Terbang 34% Lebih",2020-07-02,Thursday
"IHSG Berhasil Tembus 5.000, tapi Kurang Meyakinkan",2020-07-06,Monday
"Barito Pacific Depak ICBP, Market Cap Bank-bank RI Melonjak",2020-07-06,Monday
"Sempat Tembus 5.000, IHSG Tutup Sesi 1 di 4.995",2020-07-06,Monday
"Sesi I IHSG Sulit Tembus, Sesi II Ada Peluang Ditutup 5.000",2020-07-06,Monday
"Yes! IHSG Tembus 5.000, Saham BCA & Mandiri Diborong",2020-07-07,Tuesday
"Kuat di Awal, Tertatih di Tengah, IHSG Berakhir di Zona Merah",2020-07-07,Tuesday
"Duo BRI & BCA Diborong Asing, IHSG Kuat Ditutup di 5.076",2020-07-08,Wednesday
"Caplok Rabobank Rp 500 M, BCA Minta Restu RUPSLB 30 Juli",2020-07-08,Wednesday
"Asing Masuk, Sesi II IHSG Bakal Bertahan di Zona Hijau",2020-07-08,Wednesday
"Terbang 1,3% di Sesi 1, IHSG Lewati Level Psikologis 5.000",2020-07-08,Wednesday
"Banjir Sentimen Negatif, Mohon Maaf IHSG Bakal Merah Hari Ini",2020-07-08,Wednesday
"Asing Masuk & IHSG Tembus 5.000, Ini Saham yang Diborong",2020-07-08,Wednesday
"Oh Corona, Kau Buat Investor Bingung Harus Apa",2020-07-08,Wednesday
"Saham Bank Besar Terbang, Bikin IHSG Bertahan di 5.000",2020-07-08,Wednesday
"Selain BPD, BCA & Bank CIMB dapat Triliunan dari Sri Mulyani?",2020-07-09,Thursday
"5 Saham Ini Meroket Saat IHSG Merah, KRAS & Garuda Terbang",2020-07-09,Thursday
"Asing Balik Arah, IHSG Terpelanting 23 Poin di Sesi Penutupan",2020-07-09,Thursday
"Gelar RUPS 30 Juli, Saham BCA Sudah Balik Lagi ke Rp 31.000",2020-07-09,Thursday
Simak Kabar dari Emiten Sebelum Cari Cuan Hari Ini,2020-07-09,Thursday
"Jika Dana Asing Masuk, IHSG akan Coba Level 5.100",2020-07-09,Thursday
"Bikin IHSG Tembus 5.000, 5 Saham Cuan Ini Jadi ",2020-07-09,Thursday
"Rebound Data Ekonomi vs Corona, Mana yang Paling Kuat?",2020-07-09,Thursday
"Dilanda Profit Taking, Saham Bank Besar Berguguran",2020-07-09,Thursday
"Sri Mulyani Mau Titip Dana Pemerintah, Saham BCA Meroket!",2020-07-10,Friday
"Sentimen Belum Berpihak, Apakah Ada ",2020-07-10,Friday
Sri Mulyani Bakal Titip Triliunan Rupiah di BCA & Bank CIMB?,2020-07-10,Friday
"Wall Street Merah, Yah...IHSG Bakal Masuk Zona Merah",2020-07-10,Friday
"IHSG Labil Saat Pembukaan, Saat BCA & Telkom Diborong Asing",2020-07-10,Friday
Sinyal Sri Mulyani Bikin Saham Ini Terbang 17%,2020-07-10,Friday
Asyik! Deretan Saham LQ45 Ini Sudah ,2020-07-10,Friday
"Aroma Lockdown Menguat, IHSG Akhiri Sesi 1 dengan Turun Tipis",2020-07-10,Friday
"Bakal Dapat Limpahan Dana Pemerintah, Saham BNGA Melesat",2020-07-10,Friday
"Gagal Happy Weekend! IHSG Merah, Asing Masuk Cuma Rp 97 M",2020-07-10,Friday
2 Saham Ini Diborong Asing & IHSG Bertahan di Level 5.000,2020-07-11,Saturday
"Indofood CBP Terdegradasi, Sinar Mas Masuk 10 Besar Big Cap",2020-07-13,Monday
"Saham BCA Merah Usai 5 Direksi Lego Saham, Asing Beli Rp 16 M",2020-07-13,Monday
"Jokowi Sempat Murka, Benarkah Saham Gorengan Hilang?",2020-07-13,Monday
"Saham-saham Bank di Bursa RI Diborong Investor, Ada Apa Nih?",2020-07-13,Monday
Luar Biasa Remdesivir! Obat Mujarab yang Angkat IHSG Hari Ini,2020-07-13,Monday
"Kabar Baik Vaksin Gilead, IHSG Siap-siap Tembus 5.100",2020-07-13,Monday
"Cuan Gede! 3 Jawara Saham Bank di LQ45, Ada yang Meroket 61%",2020-07-13,Monday
"BCA & BPD Siap Dititipkan Dana Triliunan, Bu Sri Mulyani?",2020-07-13,Monday
"5 Direksi BCA Jual Saham Rp 20,25 M",2020-07-13,Monday
"Pandemi, Restrukturisasi Kredit BCA Diproyeksi Capai Rp 138 T",2020-07-14,Tuesday
BCA Proyeksi Perlambatan Penyaluran Kredit Baru,2020-07-14,Tuesday
"Singapura Resesi! IHSG Turun Tipis, Asing Kabur Rp 14 M",2020-07-14,Tuesday
"Kata Bos BCA, Ini Syarat Kembali Normalnya Penyaluran Kredit",2020-07-14,Tuesday
"Kinerja IHSG vs Straits Times Singapura, Siapa Jawaranya?",2020-07-14,Tuesday
"Hati-hati Beli Saham Bank, EPS Diramal Ambles Tahun Ini",2020-07-14,Tuesday
"Singapura Resesi! IHSG Cuek Menghijau, Asing Borong BRI & BCA",2020-07-14,Tuesday
"Ada Kabar Bisa Bikin Pasar Rally, tapi Trump ",2020-07-15,Wednesday
"Kabar Baik dari Moderna, IHSG Siap-siap Tembus 5.120",2020-07-15,Wednesday
"Sasar Nasabah Milenial, BCA Siap Luncurkan Bank Digital",2020-07-15,Wednesday
"Neraca Dagang Surplus, IHSG Menghijau, Asing Lepas Rp 234 M",2020-07-15,Wednesday
"Neraca Dagang RI Surplus, IHSG Bakal Anteng di Zona Hijau",2020-07-15,Wednesday
"Deretan Saham Ini Diborong Asing, Investor Singapura kah?",2020-07-15,Wednesday
"BI Pangkas Bunga Acuan & Asing Masuk, Sempurna untuk IHSG",2020-07-16,Thursday
"Banjir Sentimen Positif, IHSG Masih Bertahan di Zona Hijau",2020-07-16,Thursday
"Saham Lapis 2 & 3, Ternyata Boleh Juga Kinerjanya Lho",2020-07-16,Thursday
"Mantab! Asing Masuk Rp 25 M, IHSG Tembus 5.105",2020-07-16,Thursday
"Jangan Remehkan Saham Lapis 2 & 3, Ini Bukti Mereka Perkasa",2020-07-16,Thursday
"Asia Merah, tapi IHSG Hijau Saat Asing Borong BCA & Astra",2020-07-16,Thursday
Jangan Takut Resesi! Amerika Serikat Saja Pernah 33 Kali...,2020-07-17,Friday
"Kemarin Asing Borong 5 Saham Blue Chip Ini, Cuan Nih!",2020-07-17,Friday
"Akhir Pekan, IHSG Dapat Amunisi dari BI, Siap Ngegas!",2020-07-17,Friday
"PSBB Diperpanjang & Bank Dunia Sebut RI Resesi, IHSG Tumbang",2020-07-17,Friday
Mau Tahu Masa Depan Digital Banking? Yuk Ikuti Webinar Ini,2020-07-18,Saturday
"Awal Pekan Belum Hoki, Rupiah Seret IHSG ke Lembah Merah",2020-07-20,Monday
"Asing Borong Saham BRI & BCA, IHSG Melesat ke Level 5.100",2020-07-20,Monday
"BCA Kokoh di Puncak, Indofood CBP Singkirkan Sinar Mas",2020-07-20,Monday
"Siap-siap Nyerok, Kabar Soal Vaksin Corona Bakal Angkat IHSG",2020-07-21,Tuesday
"Uji Coba Vaksin Sukses, Dibuka IHSG Langsung Tancap Gas",2020-07-21,Tuesday
IHSG Melesat 1% di Sesi Satu Menyambut Kabar Vaksin Bio Farma,2020-07-21,Tuesday
Rilis Data Investasi Tekan IHSG ke Zona Merah,2020-07-22,Wednesday
Mau Hadiah Rp 5 Juta? Ikut Webinar Future of Digital Banking!,2020-07-22,Wednesday
Bos BCA: Masih Ada 200 Ribu Nasabah Setia Pakai SMS Banking,2020-07-23,Thursday
OJK: Nasabah Kini Loyal ke Handphone Ketimbang Cabang Bank,2020-07-23,Thursday
"Jadi Keniscayaan, Ini Strategi OJK Dalam Transformasi Digital",2020-07-23,Thursday
Bos BCA: Tak Semua Produk Ditinggalkan Gegara Digital Banking,2020-07-23,Thursday
Bos BCA Bicara Cara Sukses Hadirkan Digital Banking di RI,2020-07-23,Thursday
"Asing Kabur Rp 127 M, IHSG Malah Terbang! BMRI & BBCA Diburu",2020-07-23,Thursday
"Demi Bank Digital, Bos BRI Bisa Konversi 1 Anak Usaha",2020-07-23,Thursday
"Bos DBS Indonesia: Tantangan Terbesar Digital, Ubah Mindset!",2020-07-23,Thursday
Ini Deretan Dukungan OJK Demi Perkembangan Digital Banking,2020-07-23,Thursday
"Ternyata, Ini Keinginan Masyarakat Terhadap Digital Banking",2020-07-23,Thursday
Live! OJK & Para CEO Bank Bedah Future of Digital Banking,2020-07-23,Thursday
Ini Pandangan OJK Terhadap Digital Signature,2020-07-23,Thursday
"Digital Banking, OJK Siapkan Tembok Aturan Lindungi Nasabah",2020-07-24,Friday
"Takut Resesi & Asing Bawa Kabur Rp 700 M, IHSG Drop 1% Lebih",2020-07-24,Friday
Benarkah Chatbot Digital Banking Bikin Call Center Punah?,2020-07-24,Friday
"Duh! Asing Keluar Terus, IHSG Tak Kuasa Masuk Zona Merah",2020-07-24,Friday
Bos BRI Buka-bukaan Soal Transformasi Digital UMKM,2020-07-24,Friday
"Duh! 10 Saham Ini Terjun Bebas Kemarin, Gimana Nih Investor?",2020-07-24,Friday
"Wall Street Anjlok, IHSG Hari Ini Berpotensi Masuk Zona Merah",2020-07-24,Friday
Terungkap! Ini Strategi Juara Kompetisi Trading Mirae Asset,2020-07-25,Saturday
"Pasca Akuisisi 2 Bank, Apakah BCA Bakal Berhenti Beli Bank?",2020-07-27,Monday
"Penjualan Mobil Ambles, KKB BCA Ikut Turun Drastis",2020-07-27,Monday
"Laba Semester I-2020 Turun 4,8%, Ini Penjelasan Bos BCA",2020-07-27,Monday
"Efek Covid-19, BCA Sudah Restrukturisasi Kredit Rp 69,3 T",2020-07-27,Monday
"BCA Cetak Laba Rp 12,2 T di Semester I, Turun 4,8%",2020-07-27,Monday
"BCA Masih Optimistis, Kredit Diprediksi Tumbuh 1-2%",2020-07-27,Monday
"Didepak dari LQ45, Saham WSKT, LPPF & BRPT Rontok!",2020-07-27,Monday
"AS-China Berseteru, IHSG Hijau Tapi Agak Ragu",2020-07-27,Monday
Siapkan Parasut! IHSG Berpotensi Terjun ke Bawah 5.000,2020-07-27,Monday
"BRPT, LPFF & WSKT Terlempar dari IDX30, Siapa Penggantinya?",2020-07-27,Monday
"Ini Dia 3 Saham Penghuni Baru LQ45, BRPT, WSKT & LPPF Didepak",2020-07-27,Monday
"Market Cap BRI Melesat Rp 10,31 T, Astra Geser Posisi HMSP",2020-07-27,Monday
Mau Trading Saham Gorengan? Ini 3 Tips Agar Tak Rugi Besar,2020-07-28,Tuesday
"Gak Kuat Tekanan Jual Asing Rp 295 M, IHSG Tersungkur",2020-07-28,Tuesday
Mau Cuan? Deretan Saham Ini Diprediksi Bakal Tahan Banting,2020-07-28,Tuesday
Waspada! IHSG Sesi II Bakal Nyusruk ke Level 5.090,2020-07-28,Tuesday
"Asing Kabur Rp 123 M, IHSG Terperosok ke Zona Merah",2020-07-28,Tuesday
"Diguyur Sentimen Positif, IHSG Menguat, BBCA & UNVR Diborong!",2020-07-28,Tuesday
"Himbara Sudah Salurkan Rp 32 T, Laba BCA Capai Rp 12,2 T",2020-07-28,Tuesday
"Catat Laba Rp 12,24 Triliun, Ini Rapor BCA Semester I/2020",2020-07-28,Tuesday
"Asing Lepas Saham BBRI, BMRI & MNCN, IHSG Kini Merah!",2020-07-28,Tuesday
"Dahsyat! 5 Saham Ini Meroket Kemarin, Cuan Lagi Gak Hari Ini?",2020-07-29,Wednesday
"Kayaknya RI Gak Jadi Resesi, IHSG Bakal Rebound!",2020-07-29,Wednesday
"Koreksi Wall Street Menular, IHSG Ambles, Asing Kabur Rp 28 M",2020-07-29,Wednesday
"RI Beri Jaminan Kredit Rp 100 T, Saham Bank Kompak Rontok!",2020-07-29,Wednesday
"Jejak Duit Miliaran Heru Hidayat, Makau sampai Selandia Baru",2020-07-29,Wednesday
BRI Jadi Jawara Indonesia di Top 1.000 World Banks 2020,2020-07-30,Thursday
Awas! Profit Bank Bakal Tergerus Tahun Ini,2020-07-30,Thursday
"Asing Borong Saham Rp 103 M, IHSG Akhirnya Happy Weekend!",2020-07-30,Thursday
BRI Jadi Bank Terbaik Indonesia dalam Top 1.000 World Banks,2020-07-30,Thursday
"Masih Pagi, IHSG Galau! Asing Lepas BBCA & BMRI",2020-07-30,Thursday
Siap Ngacir! Ini Dia 10 Saham yang Diborong Asing Sepekan,2020-08-03,Monday
"Awas Sesak Nafas, Perdagangan Hari Ini Butuh Oksigen Banyak",2020-08-03,Monday
"Pagi-pagi Asing Sudah Kabur Rp 286 M, IHSG Terjerembab!",2020-08-03,Monday
"Astaga! Asing Lepas Saham Blue Chip, IHSG Ambruk 4%",2020-08-03,Monday
"Duh! Asing Kabur Rp 770 M, 5 Saham Blue Chip Ramai Dilepas",2020-08-03,Monday
"IHSG Babak Belur! Baru 2,5 Jam Asing Kabur Hampir Rp 1 T",2020-08-03,Monday
"Sempat Babak Belur 4%, Bagaimana Nasib IHSG di Sesi II?",2020-08-03,Monday
"IHSG Terjun Bebas, Ternyata Ini Biang Keroknya",2020-08-03,Monday
"Gilak! Asing Jualan Rp 1,5 T, IHSG Tersungkur Tak Berdaya",2020-08-03,Monday
"Balas Dendam, IHSG Sukses Menguat! Asing Masuk Rp 73 M",2020-08-04,Tuesday
"Sukses Terbang di Sesi I, Begini Gerak IHSG Selanjutnya",2020-08-04,Tuesday
"Catat! 8 Faktor Ini Bikin Asing Kabur Rp 1,4 T & IHSG Rontok",2020-08-04,Tuesday
Gokil! 5 Saham Ini Meroket Saat IHSG Babak Belur Kemarin,2020-08-04,Tuesday
"Tekanan Jual Asing Turun, IHSG Sukses Terbang 1%",2020-08-04,Tuesday
Hati-hati Trading! 5 Saham Ini Babak Belur Kemarin,2020-08-05,Wednesday
"Jelang Rilis PDB, Asing Malah Belanja! IHSG Merah Malu-malu",2020-08-05,Wednesday
"Tak Peduli Ekonomi Kontraksi, IHSG Naik Saat Tunggu Rilis IKK",2020-08-06,Thursday
"Tak Peduli Resesi, IHSG Terbang! Transaksi Tembus Rp 11 T",2020-08-06,Thursday
"Wow! Saham Menara Djarum Diobral Asing Rp 1,3 T, Ini Sebabnya",2020-08-07,Friday
"Sst...Ada Target Harga BCA, BRI & Mandiri dari Morgan Stanley",2020-08-07,Friday
"Saham Grup Djarum Ambles Dilego Asing Rp 1 T, IHSG Lemas",2020-08-07,Friday
"Borong 5 Saham Ini, Cuan Sebulan Sudah Tembus 180%!",2020-08-07,Friday
"AS-China Memanas, IHSG Drop di Sesi 1 Akibat Aksi Jual Asing",2020-08-07,Friday
"Usai Crossing Rp 1,7 T, Saham TOWR Kena ARB, Ada Apa Nih?",2020-08-07,Friday
"Perasaan Mulai Gak Enak, IHSG Sesi II Bisa Jeblok Lagi",2020-08-07,Friday
"Saham Ini Ngamuk Pekan Lalu, Menarik Gak Diborong?",2020-08-10,Monday
"Market Cap BCA Masih Teratas! BRI Mengekor, Sinarmas Terakhir",2020-08-10,Monday
"Siapkan Peluru, Sesi II IHSG Siap Tembus Level 5.200",2020-08-11,Tuesday
Tak Peduli China-AS ,2020-08-11,Tuesday
"Uji Klinis Vaksin Covid-19 Mulai, IHSG ",2020-08-11,Tuesday
"Asing Kabur Rp 137 M, IHSG Tetap Sehat Karena Vaksin",2020-08-11,Tuesday
"Bukan KAEF & INAF, Ternyata Saham-saham Ini Ngamuk Kemarin",2020-08-12,Wednesday
"Vaksin Putin Sukses Bikin IHSG Hijau, Asing Mulai Belanja",2020-08-12,Wednesday
"Sri Mulyani Mau Kasih Kredit Super Murah, Saham Bank Meroket!",2020-08-12,Wednesday
"Kuat! IHSG Jebol 5.200, Target Selanjutnya 5.250 di Sesi II",2020-08-12,Wednesday
Cakep! Duet Putin & Sri Mulyani Bikin IHSG Naik Nyaris 1%,2020-08-12,Wednesday
"Terima Kasih Bu Sri Mulyani, Hari Ini Saham Perbankan Meroket",2020-08-12,Wednesday
"Yess! Asing Borong Saham Rp 282 M, IHSG Ditutup Semringah",2020-08-13,Thursday
Mantap! Aset Perusahaan Orang Paling Tajir di RI Rp 1.113 T,2020-08-13,Thursday
"Galau Tunggu Keputusan Anies, IHSG Hijau! Asing Borong BCA",2020-08-13,Thursday
"Hati-hati! IHSG Mau Balik Arah, Ini Tanda-tandanya",2020-08-13,Thursday
"Tajir! Laba Rp 12 T, Aset Perusahaan Duo Hartono Rp 1.113 T",2020-08-13,Thursday
"Duet Sri Mulyani-Putin, 5 Saham Blue Chip Ini Diborong Asing",2020-08-13,Thursday
"Nasib PSBB DKI Hari Ini, Bisakah Buat Pasar Semringah?",2020-08-13,Thursday
"Emiten Hary Tanoe Private Placement, Kinerja AirAsia Jeblok",2020-08-14,Friday
"Jelang Pidato RAPBN 2021 Jokowi, Pasar Harap-Harap Cemas",2020-08-14,Friday
"Investor Harap Hati-hati, Pasar Sudah Jenuh Beli",2020-08-14,Friday
"Perfecto! Usai Pidato Jokowi, IHSG Perkasa 5 Hari Beruntun",2020-08-14,Friday
Sempurna! Putin & Sri Mulyani Sponsori IHSG Menguat 5 Hari,2020-08-15,Saturday
Belum Kelar! Nasabah Minna Padi Desak Lagi Pengembalian Dana,2020-08-17,Monday
"Miris! RI Masih ""Dijajah"" Asing di Bursa Saham Sendiri",2020-08-17,Monday
"Asing Borong Saham BRI, IHSG Menguat Nyaris 1%",2020-08-18,Tuesday
"Hati-hati ya! 5 Saham Ini Tekor Sepekan Lalu, Ambles 24%",2020-08-18,Tuesday
"Semangat 45! Cuma 2 Hari Perdagangan, IHSG Dibuka Hijau",2020-08-18,Tuesday
"Keramat! Reli 7 Hari 7 Malam, IHSG Tembus Level 5.300",2020-08-19,Wednesday
"Kenyang Liburan, IHSG Dibuka Hijau tapi Galau",2020-08-24,Monday
"Market Cap BCA Menuju Rp 800 T, Kokoh Berada di Puncak",2020-08-24,Monday
"Ada Tantangan Keamanan, Digital Banking Tetap Melesat",2020-08-24,Monday
Transaksi Digital Sampai e-Commerce Melesat di Era Pandemi,2020-08-25,Tuesday
"Dibuka Hijau, Mendadak IHSG Dilanda Aksi Ambil Untung",2020-08-26,Wednesday
"Saham BCA Diangkat di Akhir Sesi II, IHSG Berakhir Hijau",2020-08-27,Thursday
"Rehat Sejenak, Sesi II IHSG Siap-siap Mau Terbang",2020-08-27,Thursday
"Tak Sekuat yang Dibayangkan, IHSG Sesi I Koreksi Tipis",2020-08-27,Thursday
Kabar Vaksin Moderna Bikin IHSG Melenggang di Jalur Hijau,2020-08-27,Thursday
,2020-08-28,Friday
"5 Saham Ini Cuan Gila di Agustus, Duh Nyesel Gak Beli!",2020-08-28,Friday
Akhir Pekan Nih! Cek Saham-saham Potensi Cuan Hari Ini,2020-08-28,Friday
"Awal Tahun Depan, BCA Syariah Bakal Merger dengan Rabobank",2020-08-28,Friday
Bos BCA Sebut Shopee Cs Mayoritas Masih ,2020-08-30,Sunday
"Bos BCA: China Punya 8 Juta BTS, RI Baru Ada 800 Ribu",2020-08-30,Sunday
"Dibayangi Ketakpastian, IHSG Berakhir Melemah Tipis di Sesi 1",2020-08-31,Monday
"Tetap Waspada & Siapkan Parasut, IHSG Sedang Galau Mode On",2020-08-31,Monday
"Apakah Saham BBCA Bisa Tembus Rp 35.000, Kapan?",2020-08-31,Monday
"Market Cap BCA Kokoh di Puncak, BRI & Unilever Mengekor",2020-09-01,Tuesday
Welcome September! Simak Deretan Saham Potensi Cuan Hari Ini,2020-09-01,Tuesday
"Revenge! IHSG Terbang, Sempat Tergelincir Saat Pembukaan",2020-09-01,Tuesday
"Deflasi jadi Hantu, Sesi I IHSG Terjun ke Zona Merah",2020-09-01,Tuesday
"Daya Beli Tertekan, IHSG Berakhir di Zona Merah pada Sesi 1",2020-09-01,Tuesday
"Asing Kabur Rp 600 M, IHSG Cuma Mampu Hijau Tipis",2020-09-02,Wednesday
"IHSG Galau Bukan Main, Dibuka Hijau Tipis Sekarang Merah",2020-09-02,Wednesday
"Dibuka Fluktuatif, IHSG Mampir di Zona Hijau di Akhir Sesi 1",2020-09-02,Wednesday
"Disebut Mau Jadi Bank e-Commerce, Ini Penjelasan Bos BCA",2020-09-03,Thursday
Bos BCA: Fintech Adalah Sahabat,2020-09-03,Thursday
"Dihajar Luar Dalam, IHSG Tak Kuat Bangkit ke Zona Hijau",2020-09-03,Thursday
Bos BCA Ungkap Bahaya Nomor Seluler yang tidak Aktif,2020-09-03,Thursday
"IHSG Sedang Labil, Dibuka Hijau tapi Sekarang Merah",2020-09-03,Thursday
"Bos BCA Jamin Dana dicuri Hacker Diganti Bank, Asal...",2020-09-03,Thursday
Ini 7 Informasi Penting Untuk Anda Sebelum Bertransaksi Saham,2020-09-03,Thursday
BCA Jamin Keamanan Transaksi Digital,2020-09-03,Thursday
"Jual 30% Saham Tol Becakayu Jadi RDPT, Waskita Raih Rp 550 M",2020-09-03,Thursday
"Dipimpin AISA, Ini Dia 5 Saham Paling Tokcer Kemarin!",2020-09-04,Friday
Mayday...Mayday! Bursa Saham RI Ambles 1% Lebih,2020-09-04,Friday
"Astaga! IHSG Anjlok 1,3%, Ternyata Ini Biang Keroknya",2020-09-04,Friday
"Mudah, Ini Cara Mendaftar BCA Internet Banking",2020-09-04,Friday
"Asing Bawa Kabur Nyaris Rp 1 T, IHSG Menyerah di Zona Merah",2020-09-04,Friday
Duh Gusti! Asing Kabur Gede Terus Bikin IHSG Tak Berdaya,2020-09-07,Monday
"Cuma Modal Rp 30 Juta, Anda Bisa Hijaukan IHSG Lho! Tapi...",2020-09-07,Monday
"BCA Masih Kokoh di Puncak, Market Cap 5 Emiten Melesat!",2020-09-07,Monday
"Koreksi IHSG Berkurang di Sesi I, Asing Borong TOWR & TLKM",2020-09-07,Monday
IHSG Jatuh! Deretan Saham Big Cap Ini Biang Keladinya,2020-09-07,Monday
"Pagi-pagi Asing Sudah Obral Ratusan Miliar, IHSG Anjlok!",2020-09-07,Monday
IHSG Boleh Jebol Kemarin! Tapi 5 Saham Ini Seng Ada Lawan...,2020-09-08,Tuesday
Mau Trading Hari Ini? Simak Deretan Saham Potensi Cuan Ini,2020-09-08,Tuesday
"Wow! 6 Bulan, Harta Orang Terkaya RI Ini Melesat Rp 128 T",2020-09-08,Tuesday
"Galau Investor Kambuh Lagi! IHSG Hijau, tapi Transaksi Sepi",2020-09-08,Tuesday
"IHSG Ambruk 1%! Lapor, Saham-saham Ini Pelakunya Pak!",2020-09-09,Wednesday
"Disengat Wall Street! IHSG Ambruk, tapi BBCA & INDF Diborong",2020-09-09,Wednesday
"Hati-hati! Mau Cari Cuan, Simak Saham Pilihan Broker Hari Ini",2020-09-09,Wednesday
Untung Kaga Masuk! Saham-saham Ini Babak Belur Kemarin,2020-09-09,Wednesday
"Saham Perbankan Tumbang (Lagi), Waktunya Serok?",2020-09-10,Thursday
"Bursa Saham Memble, Ini Strategi Pilih Saham versi Eastspring",2020-09-10,Thursday
"Mayoritas Sudah Kena ARB, Rasanya Sulit IHSG Drop Lagi",2020-09-10,Thursday
"Sadis! Drop 5%, Cuan IHSG Selama 3 Bulan Dihapus Anies",2020-09-10,Thursday
"Hallo Pak Anies, Jakarta ",2020-09-10,Thursday
"IHSG Jatuh 4%, Asing Malah Borong Saham TOWR & BNLI",2020-09-10,Thursday
"Anies ""Kunci"" Jakarta (Lagi), IHSG Ambruk 4%!",2020-09-10,Thursday
Anies ,2020-09-10,Thursday
Duh.. Semua Saham LQ45 Bonyok Nih! Kecuali 8 Saham Ini,2020-09-11,Friday
Was-was IHSG Jebol? Boleh Dicek Saham-saham Potensi Cuan Ini,2020-09-11,Friday
"Ada Kabar PSBB Total Direvisi, IHSG Sempat ke Zona Hijau",2020-09-11,Friday
"Bursa Saham Goyang karena PSBB Total, Ini Saran Credit Suisse",2020-09-11,Friday
"PSBB Total Bakal Direvisi, Investor Mulai Serok Saham Murah",2020-09-11,Friday
"Waktunya Berburu Saham Murah, Sesi I IHSG Bisa Terbang",2020-09-11,Friday
"Asing Kabur Rp 2 T Lebih, tapi IHSG Masih Mampu Terbang 2,5%",2020-09-11,Friday
"IHSG Susah Payah Nanjak 3 Bulan, PSBB Total Bikin Merana Lagi",2020-09-12,Saturday
"IHSG Terbang Nyaris 3%, Koreksi karena PSBB Anies Terbayar",2020-09-14,Monday
"Saham BCA Melesat, Harta Duo Hartono Bertambah Rp 110 T",2020-09-14,Monday
"IHSG Lompat 2,3% di Closing Sesi 1 Sambut ""Kompromi"" PSBB DKI",2020-09-14,Monday
"PSBB Ketat Bukan Total, ",2020-09-14,Monday
"Market Cap Emiten Big Cap Tergerus, tapi ICBP Bisa Bertahan",2020-09-14,Monday
PSBB Anies ,2020-09-15,Tuesday
"IHSG Diramal Ngacir Lagi, Cek Saham-saham Potensi Cuan Ini",2020-09-15,Tuesday
"Sempat Dibuka Hijau, IHSG Merah Jelang Rilis Neraca Dagang",2020-09-15,Tuesday
"Impor Terkontraksi, IHSG Terjerembab 1,3% di Penutupan Sesi 1",2020-09-15,Tuesday
"Lagi-lagi Asing Obral Saham Rp 1 T, IHSG Terpuruk 1% Lebih",2020-09-15,Tuesday
"Asing Bawa Kabur Rp 55 T dari Bursa RI, Lokal Maju Tak Gentar",2020-09-16,Wednesday
"Asing Kabur Nyaris Rp 1 T (Lagi), IHSG Terkapar Tak Berdaya",2020-09-16,Wednesday
5 Saham Ini ,2020-09-16,Wednesday
"Asing Obral Saham Terus, Bikin IHSG Galau di Sesi Pembukaan",2020-09-16,Wednesday
"BI Diprediksi Pertahankan Suku Bunga, IHSG Melemah di Sesi 1",2020-09-16,Wednesday
"Asing Borong 10 Saham Ini Saat IHSG Bonyok, Mau Ikutan?",2020-09-17,Thursday
Baca 7 Informasi Ini Sebelum Jual-Beli Saham Hari Ini,2020-09-17,Thursday
"Bergairah Saat Pembukaan, IHSG Menanti Hasil Rapat BI",2020-09-17,Thursday
"Saham Bank Diobral Asing, IHSG Sempat ke Zona Merah",2020-09-17,Thursday
"Tak Ada Kejutan dari Perry, IHSG Terima Nasib Ditutup Merah",2020-09-17,Thursday
"Astaga! Usai BI Tahan Suku Bunga, Saham Bank BUKU IV Rontok!",2020-09-17,Thursday
"IHSG Ceria Meski Asing Kabur Rp 1 T, Makasih Investor Lokal!",2020-09-18,Friday
"KAI Dapat Kredit Lagi Rp 4,2 T, Total Utang Tembus Rp 23 T",2020-09-18,Friday
"Wall Street Lemas, IHSG Galau! Pagi-pagi Asing Cabut Rp 135 M",2020-09-18,Friday
"5 Saham LQ45 Ini Tokcer, Emiten Milik Sandiaga Uno Teratas",2020-09-18,Friday
"Saham Keuangan Tertekan, IHSG Naik Tipis di Closing Sesi 1",2020-09-18,Friday
"IHSG Belum Bisa Move On, Sesi II Masih Bakal Merah",2020-09-21,Monday
"Kapilitasasi Big Cap Drop, BRI, Telkom, Mandiri & Astra Naik",2020-09-21,Monday
"Saham Astra & BCA Diobral Asing, IHSG Sesi I Rontok",2020-09-21,Monday
"IHSG Anjlok 1% Gegara Isu BI, Ada yang Bisa Tenangkan ?",2020-09-21,Monday
"Santer Isu Independensi BI, IHSG Galau! Asing Beli BBCA-TLKM",2020-09-21,Monday
"Kasus Corona Terus Bertambah, Ini Saham Pilihan Para Broker",2020-09-21,Monday
"Pekan Lalu 5 Saham LQ45 Ini Cuan Gede, Hari Ini Gimana?",2020-09-21,Monday
"Laba Bank Diramal Drop, Saham BBCA, BBRI & BNGA Malah Melesat",2020-09-21,Monday
"Saat IHSG Ambles, Asing Ternyata Borong 5 Saham Ini Lho!",2020-09-22,Tuesday
"""Banjir"" Sentimen Negatif, Sinyal IHSG Terkoreksi Menguat",2020-09-22,Tuesday
"FinCEN Leak Guncang Bursa RI, Saham Bank-bank RI Diobral",2020-09-22,Tuesday
"Deretan Saham Penyebab IHSG Turun 1%, Bikin Investor Pusing",2020-09-22,Tuesday
Kenapa IHSG Turun Hari Ini? Ternyata Ini Penyebabnya,2020-09-22,Tuesday
"IHSG Ambruk, Sri Mulyani Sebut RI Resesi & Ada FinCEN Leak",2020-09-22,Tuesday
"RI Resesi, Lockdown & FinCEN Leak Bikin IHSG Terkapar 1,3%",2020-09-22,Tuesday
"Sentimen Fincen Files, BCA Pastikan Kepatuhan Aturan APU-PPT",2020-09-23,Wednesday
"Ngekor Benua Biru! IHSG Pangkas Koreksi, Asing Lepas Rp 187 M",2020-09-23,Wednesday
Proses Merger BCA Syariah dan Rabobank Dipercepat,2020-09-23,Wednesday
"Siap Balas Dendam, IHSG Dibuka Terbang 1%",2020-09-23,Wednesday
"Resesi Bikin Takut Investor, Ini Deretan Saham Potensi Cuan!",2020-09-23,Wednesday
"Dihajar Luar-Dalam, IHSG Tak Berdaya & Nyungsep 1% Lebih",2020-09-24,Thursday
Merger Rabobank dan BCA Syariah Bakal Dikebut!,2020-09-24,Thursday
"IHSG Sempat Anjlok 1,3%, Rupanya Ini yang Jadi Penyebabnya",2020-09-24,Thursday
Direktur BCA Buka-bukaan Soal Merger & Respons FinCEN Files,2020-09-24,Thursday
"Mimpi Ekonomi Global Pulih Buyar, IHSG Ambles 1,5%",2020-09-24,Thursday
Begini Ramalan IHSG dari Credit Suisse & Mansek Akhir 2020,2020-09-25,Friday
"Sukses Balas Dendam! IHSG Naik 2%, Investor Tidur Nyenyak",2020-09-25,Friday
"Lemes Bro, Ini Bukan Pekan Terbaik IHSG",2020-09-26,Saturday
"Pasar Sepi, Asing Kabur, BBCA & BMRI Dilego...IHSG pun Ambruk",2020-09-28,Monday
"Volatil, IHSG Berakhir Minus 22 Poin di Penutupan Sesi 1",2020-09-28,Monday
"Gegara IHSG Drop, Market Cap Emiten Ambles! BRI Kejar BCA",2020-09-28,Monday
"XL Utang ke Permata Rp 1,5 T, Goodyear Utang ke Citibank",2020-09-28,Monday
"5 Saham LQ45 Naik 4% Lebih Sepekan, Cuan Gede Dong!",2020-09-28,Monday
"Awal Pekan, Simak Saham Pilihan Broker untuk Cari Cuan",2020-09-28,Monday
"Kacau... 5 Saham Ini Ramai Diobral Asing, Gara-gara Apa sih?",2020-09-28,Monday
"Labil Tingkat Dewa, Dibuka Hijau IHSG Tiba-tiba Merah",2020-09-28,Monday
"Digitalisasi Layanan, Bos BCA: Kami Gak Akan PHK Karyawan",2020-09-29,Tuesday
"Tiba-tiba Balik IHSG Merah, Terungkap Ini Penyebabnya",2020-09-29,Tuesday
BCA Resmi Caplok Bank Interim Alias Rabobank Rp 643 M,2020-09-29,Tuesday
Busyet! Dari Hijau IHSG Tiba-tiba Drop Nyaris 1%,2020-09-29,Tuesday
Awas! 3 Saham ,2020-09-29,Tuesday
Bos BCA Ungkap Ancaman Bank Ditinggal Nasabah,2020-09-29,Tuesday
"Akhirnya Asing Net Buy! IHSG Melesat, Ngekor Paman Sam",2020-09-29,Tuesday
"Sebelum Kejar Cuan, Pantau Dulu 8 Kabar Pasar Ini!",2020-09-29,Tuesday
Pantes IHSG Jeblok! Asing Doyan Banget Obral 5 Saham Top Ini,2020-09-29,Tuesday
"Ikuti WaIl Street, lHSG Bertahan Hijau di Closing Sesi 1",2020-09-29,Tuesday
"Ini Dia 10 Saham Pilihan Asing Kemarin, Ikutan Borong Gak?",2020-09-30,Wednesday
"Berburu Cuan, Mari Simak Saham Pilihan Broker Hari Ini",2020-09-30,Wednesday
"Asing Ramai-ramai Jual Saham Bank RI, Ini Biang Keroknya!",2020-09-30,Wednesday
Ke Mana Dana Asing yang Kabur Rp 60 T? Ini Kata JPMorgan,2020-09-30,Wednesday
"Kemarin Dihajar Habis-habisan, Saham Bank-bank RI Bangkit!",2020-10-01,Thursday
"Yess! Akhirnya Asing Borong Rp 51 M, IHSG Melesat Tanpa Ampun",2020-10-01,Thursday
"TLKM hingga BBCA, Cek Deretan Saham Prospek Cuan Hari Ini",2020-10-02,Friday
"IHSG Mulai Bonyok, Deretan Saham Ini Biang Keroknya!",2020-10-02,Friday
IHSG Ditutup Turun pada Perdagangan Sesi Pertama,2020-10-02,Friday
"Sedih! Sempat Terbang, IHSG Akhiri Kuartal III Terkoreksi",2020-10-02,Friday
"Topang Bisnis CPO, BCA Kasih Kredit Rp 1,6 T ke Dharma Satya",2020-10-02,Friday
Bos BCA Ungkap Ancaman Besar yang Buat Bank Ditinggal Nasabah,2020-10-03,Saturday
"Diam-diam Grup Lippo Mau Jual LINK, Bakal Raih Rp4 T Lebih!",2020-10-05,Monday
"Trump Sudah Boleh Pulang dari RS, IHSG Ceria di Awal Pekan",2020-10-05,Monday
"Market Cap Emiten Rontok, 3 Besar Masih BBCA, BBRI & UNVR",2020-10-05,Monday
"Trump Sehat & Ngetweet Lagi, IHSG Mulai Yakin Melangkah",2020-10-05,Monday
"Kebiasaan! Dibuka Terbang, Baru 5 Menit IHSG Sudah Loyo",2020-10-05,Monday
"Baca 9 Kabar Ini, Buat Referensi Cari Cuan Hari Ini",2020-10-05,Monday
"RUU Cipta Kerja Diteken, 5 Saham Ini Meroket!",2020-10-06,Tuesday
Omnibus Law Diteken! Simak Dulu Deretan Saham Pilihan Ini,2020-10-06,Tuesday
"Omnibus Law Sukses Bawa IHSG Tembus 5.000, BBCA & TLKM Diburu",2020-10-06,Tuesday
"Omnibus Law Diteken, Saham Bank-bank RI pada Bangkit!",2020-10-06,Tuesday
Top! UU Omnibus Law Ciptaker Bawa IHSG Terbang 1% Lebih,2020-10-06,Tuesday
"IHSG Melesat Hampir 1%, Terbukti Omnibus Law ",2020-10-06,Tuesday
"Heroik di Penghujung Sesi II, IHSG Melesat ke Atas 5.000",2020-10-07,Wednesday
"Euforia Sesaat, IHSG Terkapar karena Trump Mau Setop Stimulus",2020-10-07,Wednesday
"Saat Buruh Mogok Nasional, Diam-diam Asing Borong 5 Saham Ini",2020-10-07,Wednesday
"QNB Gugat Bosowa, Rights Issue Jumbo Grup Bakrie",2020-10-07,Wednesday
"Buruh Lagi Mogok, Saham-saham Ini Terbang 30% Lebih",2020-10-08,Thursday
"Duh...Lega! IHSG Dibuka Hijau, tapi Asing Kabur Rp 11 M",2020-10-08,Thursday
Mr. Trump Bikin IHSG Anteng di Atas 5.000 Choy!,2020-10-08,Thursday
"Tak Peduli Demo Rusuh, IHSG Kalem & Menguat Nyaris 1%",2020-10-08,Thursday
"Demo Berujung Kerusuhan, IHSG Dibuka Merah & Mulai Galau",2020-10-09,Friday
"Pasar Gonjang-ganjing, Sesi I IHSG Tak Kuasa Harus Merah",2020-10-09,Friday
UU Ciptaker Jokowi Bawa Saham Pilihan Asing Melesat,2020-10-09,Friday
"Top Markotop! IHSG Menguat 6 Hari Beruntun, Dekati 5.100",2020-10-12,Monday
Market Cap HM Sampoerna Mulai Pepet Astra International,2020-10-12,Monday
"Merger dengan Bank Interim, BCA Syariah Siap Stock Split",2020-10-12,Monday
"Anies Lepas Rem PSBB, Asing Borong Saham & IHSG Melesat!",2020-10-12,Monday
"Transaksi Bergairah Lagi, IHSG Melesat! BULL & BBCA Diborong",2020-10-12,Monday
"Cek Dulu Deretan Saham Bakal Cuan Hari Ini, PTBA hingga BBCA",2020-10-13,Tuesday
"Bank Syariah BUMN Dimerger, BCA Syariah Siap Stock Split",2020-10-13,Tuesday
"Berburu Cuan, Ini Saham-saham Pilihan untuk Hari Ini",2020-10-14,Wednesday
"Mega Merger Chandra Asri, China-Korea Bikin Pabrik Baterai RI",2020-10-15,Thursday
"Serok Cuan, IHSG Merah Setelah 8 Hari Menguat Tanpa Jeda",2020-10-15,Thursday
"Corona Durjana Bikin Galau, IHSG Sulit Terbang",2020-10-16,Friday
"Loncat di Penghujung Acara, IHSG Merah Tipis, Asing Kabur!",2020-10-16,Friday
Bank Ikut Libur Saat Cuti Bersama? Ini Jawaban BCA,2020-10-17,Saturday
"Hari Ini Bakal Ada Jokowi di BEI, Pilih Saham Apa yah?",2020-10-19,Monday
"Berburu Cuan Awal Pekan, Jangan Lupa 8 Kabar Ini",2020-10-19,Monday
"Ekonomi China Pulih, IHSG ",2020-10-19,Monday
"Ekonomi China Terjaga, IHSG Bertahan Hijau di Closing Sesi 1",2020-10-19,Monday
BCA di Puncak! Market Cap Bank BRI & Astra Kompak Melesat,2020-10-19,Monday
"HMSP hingga BMRI, Simak Deretan Saham Potensi Cuan Ini!",2020-10-20,Tuesday
"7 Bank Kelas Kakap, Ternyata Cuma 2 yang Labanya Naik",2020-10-20,Tuesday
Wow! Ini Dia Deretan Mega Merger 5 Tahun Terakhir di RI,2020-10-20,Tuesday
"Kurang Tenaga, IHSG Merah Tipis! Asing Kabur Rp 116 M",2020-10-21,Wednesday
"Saham Bank Kena Aksi Jual, IHSG Terpeleset di Closing Sesi 1",2020-10-21,Wednesday
"Seluruh Bursa Asia Merah, IHSG Terkoreksi di Penutupan Sesi 1",2020-10-22,Thursday
"Duh! 5 Saham Big Cap Diobral Asing, Bikin IHSG Goyang",2020-10-22,Thursday
"Kejar Cuan Sebelum Libur Panjang, Ini Saham Pilihannya",2020-10-22,Thursday
"Kena PHP Stimulus AS, IHSG Lemas & Terjun ke Zona Merah",2020-10-22,Thursday
7 Kabar yang Patut Disimak Sebelum Jual-Beli Saham Hari Ini,2020-10-23,Friday
"Asing Masih Obral Saham, IHSG Kuat Bertahan di Zona Hijau",2020-10-23,Friday
"OJK Perpanjang Relaksasi, Begini Nasib Saham 7 Bank Kakap RI",2020-10-23,Friday
"Cuan Tipis, tapi Rerata Transaksi di Bursa RI Rp 9 T/hari",2020-10-24,Saturday
Saat Bos BCA Bandingkan Level NPL Bank & Covid-19,2020-10-26,Monday
"BCA Cetak Laba Q3 Rp 20 T, Aset Tembus Rp 1.000 T",2020-10-26,Monday
Bos BCA Sebut Layanan Digital Masa Depan Industri Bank,2020-10-26,Monday
"BCA Masih Kokoh di Posisi Pertama, Market Cap Astra Melesat",2020-10-26,Monday
"Trading Cuma 2 Hari, Simak Deretan Saham Potensi Cuan Ini",2020-10-26,Monday
Respons BCA Soal Gugatan Deposito Nasabah yang Hilang,2020-10-26,Monday
Operasi Senyap! 10 Saham Ini Diborong Asing Kemarin,2020-10-27,Tuesday
Libur Panjang nih! Simak Dulu Deretan Saham Pilihan Ini,2020-10-27,Tuesday
"Berat Cari Cuan Hari Ini, tapi 8 Kabar Ini Harus Anda Tahu",2020-10-27,Tuesday
"False Alarm Guys, Ternyata IHSG Cuma Koreksi Tipis",2020-10-27,Tuesday
"Efek Pandemi, dari Untung Rp 1,5 T Kini KAI Rugi Rp 2,5 T",2020-10-27,Tuesday
"Sempat Menghijau, IHSG Terkoreksi 0,1% di Penutupan Sesi I",2020-10-27,Tuesday
Moody,2020-10-27,Tuesday
"Long Weekend, Layanan BRI, Mandiri, BTN & BCA Tetap Buka",2020-10-28,Wednesday
"BCA Kokoh di Puncak, Market Cap Bank Mandiri Salip Telkom",2020-11-02,Monday
"Kinerja YoY Bank Memang Kurang Oke tapi Coba Lihat QoQ, Jos!",2020-11-02,Monday
"Efek Jet Lag Libur Panjang, IHSG Merah! Asing Kabur Rp 200 M",2020-11-02,Monday
Welcome November! Cek Dulu Deretan Saham Pilihan Hari Ini,2020-11-02,Monday
"CT Caplok Saham Bank Harda, Kalbe Lepas Saham Extra Joss",2020-11-03,Tuesday
"Manufaktur Pulih Disambut Gembira Investor, IHSG Melesat",2020-11-03,Tuesday
"Sesi I Kuat Bertahan di Zona Hijau, Rupanya Ini Rahasia IHSG",2020-11-03,Tuesday
"Biden VS Trump, Diam-diam Asing Borong 5 Saham Blue Chip Ini",2020-11-04,Wednesday
"Biden Unggul Sementara, IHSG Mulai Euforia! TLKM-BBCA Diburu",2020-11-04,Wednesday
"Biden Unggul Sementara di Pilpres AS, IHSG Berpesta!",2020-11-04,Wednesday
"Trump Susul Joe Biden, IHSG Jatuh ",2020-11-04,Wednesday
"Biden Ungguli Trump, Asing Ramai-ramai Lepas 10 Saham Ini",2020-11-05,Thursday
"Trump Bakal Kalah, IHSG Terbang! Asing Borong 5 Saham Ini",2020-11-05,Thursday
IHSG ,2020-11-05,Thursday
Trump Bakal Kalah! Saham-saham Kelas Kakap Ini Diborong Asing,2020-11-05,Thursday
"Biden Unggul, Ini 5 Saham yang Dikoleksi & Dilepas Asing",2020-11-06,Friday
"Asing Berburu Cuan di Bursa RI, 5 Saham Ini Ramai Diborong!",2020-11-06,Friday
"Asing Masuk Rp 1,2 T ke Bursa RI, 5 Saham Ini Laris Diborong",2020-11-07,Saturday
Sri Mulyani Hingga Wimboh Santoso Membedah 2021 di Event Ini,2020-11-07,Saturday
Simak! Saham-Saham yang Berpeluang Cuan Usai Joe Biden Menang,2020-11-08,Sunday
"Market Cap BCA Kokoh di Puncak, Charoen Depak Sinarmas!",2020-11-09,Monday
"RI Benar-benar Sedang Kebanjiran Dana Asing, Ini Faktanya",2020-11-09,Monday
"Trump Kalah! Pekan Lalu, Asing Borong 10 Saham Blue Chip Ini",2020-11-09,Monday
"Biden Jadi Presiden AS, Saham-saham Ini Diramal Cuan Gaes!",2020-11-09,Monday
Bikin Kaget! Ini Optimisme Pelaku Usaha Sambut 2021,2020-11-10,Tuesday
Terungkap Alasan Industri Finansial Bisa Bertahan di Pandemi,2020-11-10,Tuesday
"Thanks Pfizer! IHSG Terbang 2%, Transaksi Tembus Rp 15 T",2020-11-10,Tuesday
"Gokil! Vaksin Pfizer Tokcer, Net Buy Asing Tembus Rp 1 T",2020-11-10,Tuesday
,2020-11-10,Tuesday
"Vaksin Pfizer Hijaukan IHSG, Pagi-pagi Asing Borong Rp 450 M",2020-11-10,Tuesday
LIVE NOW! Sri Mulyani hingga Wimboh Bedah 2021 di Event Ini,2020-11-10,Tuesday
"Vaksin Pfizer Ampuh, Saham-saham Ini Diramal ""Kesetanan""!",2020-11-10,Tuesday
"Asing Borong Rp 189 M Saham RI, 5 Saham Ini Cuan Banyak",2020-11-10,Tuesday
"Asing Belanja Gede-Gedean, IHSG Terbang Respons Vaksin Pfizer",2020-11-10,Tuesday
"Jangan Kelewat! Efek Pfizer, Asing Serok 10 Saham Ini Kemarin",2020-11-11,Wednesday
"Gila! Baru 5 Menit, Dana Asing Rp 172 M Masuk ke RI",2020-11-11,Wednesday
IHSG Kesetanan! Asing & Lokal Berlomba Borong Saham,2020-11-11,Wednesday
"Geser BRI, BCA Jadi Bank Pencetak Laba Terbesar di Q3-2020",2020-11-11,Wednesday
"IHSG Kena Profit Taking, Deretan Saham Ini Biang Keroknya!",2020-11-12,Thursday
Saham Bank-bank Kelas Kakap RI Terkapar! Ini Pemicunya,2020-11-12,Thursday
"Duh..Baru 5 Menit, Asing Kompak Lepas 5 Saham Blue Chip Ini!",2020-11-12,Thursday
BBRI & BBCA: Siap-siap Harga Tembus Level Awal Tahun Gaes!,2020-11-12,Thursday
Serok Beramai-ramai! Asing Borong Lagi 10 Saham Ini Kemarin,2020-11-12,Thursday
Ini Bocoran 10 Saham Pilihan Morgan Stanley! Ada BBRI-BBCA,2020-11-13,Friday
"Asing Masih Masuk, IHSG Terkoreksi tapi Malu-malu Mau Naik",2020-11-13,Friday
"Saham Lain Minggir, BRI Hijau Sendirian karena Erickmologi!",2020-11-13,Friday
"Nilai Transaksi Surut, IHSG Melemah 0,5% di Penutupan Sesi 1",2020-11-13,Friday
"Detik-detik Akhir IHSG Hijau, tapi Asing Keluar",2020-11-13,Friday
"Vaksin & Biden Picu Asing Borong Saham, IHSG Terbang!",2020-11-14,Saturday
"10 Saham Ini ""Kesetanan"" Pekan Lalu, Ada 5 BUMN Gengs!",2020-11-16,Monday
Kejar-kejaran! Market Cap Telkom Akhirnya Salip Unilever,2020-11-16,Monday
Awas Kejahatan Cyber Mengincar Sektor Keuangan,2020-11-16,Monday
"Vaksin Moderna Bikin Asing Borong Rp 149 M, IHSG Melesat!",2020-11-17,Tuesday
"Bursa RI Kebanjiran Dana Asing, Sesi I Jadi Runner Up di Asia",2020-11-17,Tuesday
IHSG On Fire ,2020-11-17,Tuesday
Ahay! Ini Sederet Saham Pilihan untuk Keruk Cuan Hari Ini,2020-11-18,Wednesday
"Dana Asing bak Air Bah, IHSG Anteng Hijau! BRI & BCA Diborong",2020-11-18,Wednesday
"10 Saham Non-Bank Ini Bikin Asing Ngiler, Cekidot Gaes!",2020-11-18,Wednesday
"Melesat 9% dalam 2 Pekan, IHSG Masih Ngegas!",2020-11-18,Wednesday
"Tunggu Kabar MH Thamrin, IHSG Ceria! Asing Masuk Rp 65 M",2020-11-19,Thursday
"Menanti Kejutan dari Thamrin, IHSG Labil Tentukan Arah Tujuan",2020-11-19,Thursday
"Aku Padamu Pak Perry, Suku Bunga Acuan Turun, IHSG Naik!",2020-11-19,Thursday
"10 Saham Paling Rame Ditransaksikan, BUMN Sapu Bersih!",2020-11-19,Thursday
"BRI-BNI Bakal Jadi Pengendali BRIS, Winda Lunardi Buka Suara",2020-11-19,Thursday
"Jelang Rilis Neraca Pembayaran, IHSG Sukses Tembus 5.600!",2020-11-20,Friday
"Biar Happy Weekend, Ini Sederet Saham Pilihan untuk Cuan",2020-11-20,Friday
"Sentuh Harga Rp 32.500, Jahja Setiaatmadja Jual Saham BCA",2020-11-21,Saturday
"Omzet Ambles 23%, Begini Upaya UMKM Biar Selamat dari Corona",2020-11-22,Sunday
"Asing Borong Saham Rp 229 M, IHSG Tembus 5.621",2020-11-23,Monday
"Market Cap BCA Melesat, Siap-siap Telkom Susul BRI",2020-11-23,Monday
"Diserbu Asing lagi, IHSG Melesat & Tembus di Atas 5.600",2020-11-23,Monday
"Asing Masuk, IHSG Naik 1,5% ke Level Tertinggi dalam 7 Bulan",2020-11-23,Monday
Happy Monday! Pantau Dulu 8 Kabar Pasar ,2020-11-23,Monday
"Asing Belanja Rp 1 T, Deretan 10 Saham Ini Diborong",2020-11-23,Monday
Cuan...cuan di Awal Pekan! Monggo Dicek Rekomendasi Saham Ini,2020-11-23,Monday
"Bukan BBCA & BBRI, 10 Saham Ini Ngamuk Kemarin",2020-11-24,Tuesday
"Siap-siap IHSG Tembus 5.700, Dicek Dulu Kak Saham Pilihan Ini",2020-11-24,Tuesday
IHSG Lanjutkan Penguatan di Closing Sesi Pertama,2020-11-24,Tuesday
"Maybank Ganti Uang Winda Rp 16,8 M, Erick Rombak Direksi KRAS",2020-11-25,Wednesday
"Sempat Celup Zona Merah, IHSG Tutup Sesi 1 dengan Reli 0,23%",2020-11-25,Wednesday
Profit Taking! IHSG Tak Kuat Tahan Tekanan ke Zona Merah,2020-11-25,Wednesday
"Di Tengah Resesi, BEI Pecah Rekor Transaksi & Frekuensi 2020",2020-11-25,Wednesday
"Banyak Saham Murah, Investor Belanja & IHSG jadi Hijau",2020-11-26,Thursday
Sudah Puas Profit Taking? Yuk Cari Cuan Lagi di Saham Pilihan,2020-11-26,Thursday
"Melesat 1,5%, IHSG Belum Berhenti Terbang",2020-11-26,Thursday
Transaksi Tembus Rekor! Wuusss...10 Saham Ini Meroket Kemarin,2020-11-26,Thursday
4 Saham yang Jadi Biang Kerok Bikin Bursa RI Merah,2020-11-26,Thursday
"IHSG Dekati  5.800, Diam-diam Asing Rebutan Saham-saham Ini",2020-11-27,Friday
"Net TV Digugat PKPU, LinkAja & Anak Usaha Jasa Marga Mau IPO",2020-11-27,Friday
"Naik Tipis, IHSG Bercokol di Zona Hijau pada Penutupan Sesi 1",2020-11-27,Friday
"Akhir Pekan Ceria, IHSG Sukses Hijau & Reli Berlanjut",2020-11-27,Friday
"Thanks Vaksin Covid & Biden, Kalian Dorong IHSG Dekati 5.800",2020-11-28,Saturday
Ini Saran Investasi di Tengah Pasar Panik & Dana Asing Kabur,2020-11-30,Monday
"Asing Kabur Rp 2,69 T, Pelaku Pasar Takut PSBB Ketat Lagi!",2020-11-30,Monday
"Saham Diobral Bak Sandal Jepit, tapi Transaksi Pecah Rekor!",2020-11-30,Monday
"Asing Cemas Covid di RI, Bawa Kabur Rp 2 T & IHSG Anjlok 3%",2020-11-30,Monday
"Asing Parno dengan Covid-19 di RI, Tarik Dana Rp 2 T Lebih",2020-11-30,Monday
"Covid Meledak: IHSG Jebol 3% Lebih, Asing Kabur Rp 1,5 T",2020-11-30,Monday
"Covid-19 Meledak, Jadi Pembenar Dulang Cuan dari Saham Bank",2020-11-30,Monday
"Market Cap BCA di Bawah Rp 800 T, Bank Mandiri Salip Unilever",2020-11-30,Monday
"IHSG Diramal Bakal ke 5.800, Ini Saham Pilihan Bikin Cuan",2020-11-30,Monday
"Gawat! Covid-19 Kacau Balau, Dana Asing Kabur Nyaris Rp 2 T",2020-11-30,Monday
Ngamuk! Saham-saham Ini Sukses Buat IHSG Melesat 1% Lebih,2020-12-01,Tuesday
"Covid-19 Bikin Kacau, 6 Saham Ini Hancur Lebur & Hampir ARB",2020-12-01,Tuesday
Apakah Bursa RI Masih Heboh? Simak Dulu 7 Kabar Pasar Ini,2020-12-01,Tuesday
Banyak Saham ,2020-12-01,Tuesday
Tembus 5.800! IHSG Dapat Suntikan Vaksin Pfizer & Moderna,2020-12-02,Wednesday
Perhatian! BCA Bagi Dividen Interim Rp 98 per Saham,2020-12-02,Wednesday
Intip Saham Pencetak Cuan di Musim Window Dressing,2020-12-02,Wednesday
5 Saham Ini ,2020-12-02,Wednesday
"Simak 8 Kabar Pasar Ini, Bisa Jadi Petunjuk Cari Cuan",2020-12-03,Thursday
"Nah Lho! Investor Galau, IHSG Dibuka Naik tapi Mulai Kendor",2020-12-03,Thursday
"Sempat Melesat, IHSG Sesi I Ditutup Merah tapi Tipis",2020-12-03,Thursday
"Transaksi Meladak! Dapen & Asuransi Masuk, Ritel Masih Raja",2020-12-03,Thursday
"IHSG Sukses Ditutup Hijau, Asing Borong Saham BRI & BCA",2020-12-03,Thursday
"Dana Asing Masuk Lagi, Ini Sederet Saham yang Diborong",2020-12-04,Friday
IHSG ,2020-12-04,Friday
"Tertekan! IHSG Dibuka dari Zona Merah, Terkoreksi 0,72%",2020-12-04,Friday
"Corona RI Menggila, IHSG Masih Bisa Menguat Ditolong Vaksin",2020-12-05,Saturday
"Simak 7 Kabar Aksi Korporasi, Referensi untuk Cari Cuan",2020-12-07,Monday
"Belum 5 Menit, Asing Borong Saham di Bursa RI Rp 100 M Lebih",2020-12-07,Monday
Vaksin Sinovac Bikin IHSG ,2020-12-07,Monday
"7 Generasi Ketiga Konglomerat RI, Muda, Tampan & Tajir",2020-12-07,Monday
"IHSG Melesat 1,7% di Sesi 1 Sambut Kedatangan Vaksin Sinovac",2020-12-07,Monday
Barokah Vaksin Corona!  Bikin IHSG Terbang 2% Lebih,2020-12-07,Monday
"IHSG Terbang 2%, 5 Saham Ini Diborong Asing!",2020-12-08,Tuesday
"Menunggu Detik-detik IHSG ke 6.000, Ini Saham Pilihan Cuan",2020-12-08,Tuesday
"Efek Vaksin IHSG Mau ke Level 6.000, Seberapa Kuat?",2020-12-08,Tuesday
"Asing Nyaris Keluar Rp 700 M, IHSG Hijau & Transaksi Jumbo",2020-12-08,Tuesday
"Berkah Covid, Saham BRI Bikin Cuan 100% Dalam Hitungan Bulan",2020-12-09,Wednesday
"Asing Kabur Rp 731 M, tapi 5 Saham Ini Diborong Investor",2020-12-10,Thursday
Jahja Setiaatmadja Sebagai The Most Influential Leader,2020-12-10,Thursday
"Dari Biskuit Rumahan, Jogi Hendra Orang Kaya Ke-7 Geser Tahir",2020-12-10,Thursday
"Dapat Utang Rp 2,5 T, Soechi Lines Buyback Obligasi Rp 1,9 T",2020-12-10,Thursday
Saham Rokok ,2020-12-10,Thursday
Jahja Setiaatmadja Raih The Most Influential Leader 2020,2020-12-10,Thursday
"Tak Sekalipun Cicipi Zona Merah, IHSG Naik 0,7% di Sesi I",2020-12-10,Thursday
"Ini Dia 50 Crazy Rich RI, Total Kekayaan Sampai Rp 1.873 T",2020-12-10,Thursday
Strong! IHSG Dibuka Menguat di Tengah Lautan Merah Bursa Asia,2020-12-10,Thursday
"Simak 7 Kabar Penting Ini, Untuk Pertimbangan Invetasi Anda",2020-12-10,Thursday
"Punya Harta Rp 8,4 T, Jerry Ng Masuk Daftar 50 Orang Terkaya",2020-12-10,Thursday
"Pupus Harapan IHSG ke 6.000 Pekan Ini, Serok Cuan Dulu",2020-12-11,Friday
"Sstt...IHSG Bakal Tembus 6.000, Ini Bocoran Saham Pilihannya",2020-12-11,Friday
"Sebelum Trading, Intip Dulu 10 Kabar Pasar ""Hot"" Ini",2020-12-11,Friday
"IHSG Ngotot Mau ke 6.000, Dibuka Langsung Melesat 0,2%",2020-12-11,Friday
"Wow! Usia Belum 50 Tahun, 3 Orang Ini Punya Harta Triliunan",2020-12-11,Friday
"IHSG Tergelincir ke Zona Merah, Turun 0,05% di Closing Sesi 1",2020-12-11,Friday
"Hati-hati Bos! IHSG Galau Lagi, Koreksi Bisa Lebih Dalam Nih",2020-12-11,Friday
"Disuntik 1,2 Juta Vaksin Corona, Bak Superman IHSG Terbang 2%",2020-12-12,Saturday
"IHSG Tembus 6.000 Gengs, Saham ISAT & BRIS Jadi Jawaranya!",2020-12-14,Monday
Cuan Gila! IHSG Tembus Level Psikologis Atas di 6.000,2020-12-14,Monday
"IHSG Melesat, Level 6.000 di ",2020-12-14,Monday
"Meikarta Digugat PKPU, Cerita di Balik Penyelamatan Jiwasraya",2020-12-14,Monday
"IHSG Galau ke 6.000, Ini Dia Deretan Saham Potensi Cuan!",2020-12-14,Monday
"IHSG Sentuh 6.000, Saham-saham Ini Meroket & Diborong Asing",2020-12-15,Tuesday
IHSG Sudah 6.000 Guys! Jangan Ketinggalan Pilih Saham Cuan,2020-12-15,Tuesday
"Bakal Ada PSBB Ketat, IHSG Merah tapi Asing Borong Saham",2020-12-15,Tuesday
Resmi! OJK Beri Restu Merger Bank Interim dengan BCA Syariah,2020-12-15,Tuesday
"Ujian di 6.000 Terlalu Berat, IHSG Melorot Lagi! Asing Masuk",2020-12-15,Tuesday
"Meski Turun, IHSG Bertahan di Atas 6.000 & Asing Borong Saham",2020-12-15,Tuesday
"Jokowi Gratiskan Vaksin, IHSG Terbang! Asing Borong Rp 823 M",2020-12-16,Wednesday
Unstoppable! Ini Saham-saham yang Bikin IHSG Melesat ke 6.100,2020-12-16,Wednesday
"Asing Borong 5 Saham Blue Chip Ini, IHSG Tembus 6.100!",2020-12-16,Wednesday
Ini Dia 5 Saham Primadona Saat IHSG Rekor November-Desember,2020-12-16,Wednesday
"Pantas IHSG Keok, Asing Kabur Ramai-ramai di 5 Saham Ini",2020-12-16,Wednesday
"Konsisten di Area Positif, IHSG Tutup Sesi 1 dengan Reli 1,5%",2020-12-16,Wednesday
Vaksin Gratis IHSG ,2020-12-17,Thursday
"IHSG Uji Mental di 6.100, Jangan Lupa Pilih Saham Cuan",2020-12-17,Thursday
"Pantang Kendur, IHSG Mantap Menguat & Menuju 6.200 Nih?",2020-12-17,Thursday
"BI Tahan Suku Bunga, Laju IHSG Terhenti! TLKM-INDF Dilepas",2020-12-17,Thursday
"Minggir Semua, 10 Saham Ini Cuan Gede! Ada Grup Bakrie",2020-12-18,Friday
"Berburu Saham Cuan Gokil Lagi, Ini Sederet Pilihannya",2020-12-18,Friday
"Cuan, Cuan, Cuan! IHSG Kian Mepet ke 6.200 Gaes",2020-12-21,Monday
"Tenang! BCA Siapkan Uang Tunai Rp 30,5 T Saat Libur Nataru",2020-12-21,Monday
"Sesi I IHSG Sentuh 6.180, Asing Rebutan Belanja BBCA-UNTR",2020-12-21,Monday
"IHSG Dibuka Hijau, Asing Langsung Borong MDKA & BBCA",2020-12-21,Monday
"Digoyang Sentimen Materai Ceban, Cek Dulu Saham Pilihan Ini!",2020-12-21,Monday
"Joss! IHSG Dekati 6.200, Saham-saham Ini Bikin Indeks Melesat",2020-12-21,Monday
"IHSG Bakal Jebol 6.200, Asing Buru-buru Belanja 10 Saham Ini",2020-12-22,Tuesday
"Semua Mata Tertuju ke Inggris, IHSG Dibayangi Tekanan",2020-12-22,Tuesday
"Jelang Tutup Tahun, Separuh Anggota LQ45 ",2020-12-22,Tuesday
"Simak 7 Kabar Pasar, Ada yang Sempat Bikin Heboh Bursa Saham",2020-12-22,Tuesday
"70% Lebih Menular, Corona Baru Hajar IHSG Hingga Babak Belur!",2020-12-22,Tuesday
"IHSG Sempat Dibanting 2,8%, Ini Saham-saham yang Diobral",2020-12-23,Wednesday
Untung Gede! 10 Saham Ini Meroket Kala IHSG Nyungsep,2020-12-23,Wednesday
,2020-12-23,Wednesday
Bikin Jantungan! Sesi I IHSG Liar Bak Forex & di Bawah 6.000,2020-12-23,Wednesday
"Emiten Milik TP Rachmat Dapat Kredit BCA Rp 150 M, Buat Apa?",2020-12-28,Monday
"Emiten Sandi Uno Belanja 3.000 Menara, Kasus Asabri Rp 17 T",2020-12-28,Monday
"Cuma PHP! Dibuka Terbang 1%, IHSG Tiba-tiba Sempat Balik Arah",2020-12-28,Monday
"Makasi Trump, IHSG Melaju Kencang! BBCA hingga ADRO Diborong",2020-12-28,Monday
"Investor Hati-hati, IHSG Koreksi Dulu! Asing Kabur Rp 248 M",2020-12-29,Tuesday
"Sedih Kaka, IHSG Ambruk! Tapi Saham Mahaka & Salim Meroket",2020-12-29,Tuesday
Wall Street Rekor! Simak Deretan Saham Potensi Serok Hari Ini,2020-12-29,Tuesday
Pahit! Saham-saham Ini Bikin IHSG Tutup 2020 Merah,2020-12-30,Wednesday
"Gawat! IHSG Sesi I Drop di Bawah 6.000, Asing Lepas Saham Ini",2020-12-30,Wednesday
"Ini Dia 5 Emiten Paling Dipantau di 2020, Punya Sahamnya Gak?",2020-12-31,Thursday
"10 Saham Nilai Transaksi Paling Jumbo di 2020, Semua Cuan?",2021-01-04,Monday
Mari Sambut Tahun ,2021-01-04,Monday
"Sempat Merah, Ini Saham yang Bertarung Bikin IHSG Goyang",2021-01-04,Monday
"Market Cap ICBP & BRPT Kejar-kejaran, BBCA Kokoh di Puncak",2021-01-04,Monday
Duet PMI & Inflasi Sukses Bikin IHSG Terbang 2% di Awal 2021,2021-01-04,Monday
"Lega! IHSG Selamat di Sesi I, Asing Borong BBCA & BBNI",2021-01-05,Tuesday
"Hari Kedua Bursa 2021! IHSG Galau, Asing Masuk Cuma Rp 17 M",2021-01-05,Tuesday
"IHSG Ditutup Hijau, 229 Saham Joss! Asing Borong BBCA & BBNI",2021-01-05,Tuesday
"Saat IHSG Terbang, Asing Kebelet Lepas Saham-saham Ini",2021-01-05,Tuesday
Masih Pagi! Asing Langsung Borong 4 Saham Bank Papan Atas RI,2021-01-05,Tuesday
"IHSG Hijau tapi So So Saja, Asing Borong BBCA & BBNI Lagi",2021-01-06,Wednesday
"Woles! Meski PSBB Diperketat, Asing Diam-diam Serok 5 Saham",2021-01-06,Wednesday
"Ada Sinyal IHSG Rebound, Ini Pilihan Saham Cuan Hari Ini",2021-01-07,Thursday
"Sukses Balas Dendam, IHSG Balik ke Zona 6.100-an",2021-01-07,Thursday
"OJK Siapkan Aturan Baru, Bank-bank Kakap RI Bakal Turun Kelas",2021-01-07,Thursday
"Akhir Pekan Super Ceria! Asing Borong 1 T, IHSG Terbang 1,69%",2021-01-08,Friday
Saham BCA Pecah Rekor! 3 Bulan Duo Hartono Cuan Rp 128 T,2021-01-11,Monday
"Saham BBCA ""All Time High""",2021-01-11,Monday
"Standing Ovation! Asing Borong Rp 2,5 T, IHSG Terbang 2%",2021-01-11,Monday
"BCA & BRI Kokoh di Puncak, Market Cap TPIA Salip HM Sampoerna",2021-01-11,Monday
Gerakan Nasional Bangga Buatan Indonesia 2021 Diluncurkan,2021-01-11,Monday
"IHSG Pesta Pora, Asing Masuk Nyaris Rp 1 T & Tembus 6.360",2021-01-11,Monday
Asing ,2021-01-11,Monday
"Resmi Tembus 6.300, IHSG Perlahan Pulih dari Efek Covid-19",2021-01-11,Monday
Bos BCA: UMKM Menopang Perekonomian Nasional,2021-01-11,Monday
"10 Saham Paling Ramai Trading Sepekan, Lah kok BUMN Semua?",2021-01-11,Monday
"Asing Borong Saham Rp 1,3 T, IHSG Terbang & di Atas 6.300",2021-01-11,Monday
"Saham BCA Ngamuk & Rekor Tertinggi, Bagaimana Valuasinya?",2021-01-12,Tuesday
"Vaksinasi Sinovac Dimulai, 10 Saham Ini Untung Besar Kemarin!",2021-01-13,Wednesday
"Catat! Bakal Bullish, Ini 8 Saham Potensi Cuan Gede Tahun Ini",2021-01-13,Wednesday
"Reli 5 Hari, IHSG Merah! Tapi Transaksi Tembus Rp 28 T",2021-01-14,Thursday
"Berlomba Tembus Rekor, Market Cap BRI Nyaris Rp 600 T",2021-01-14,Thursday
"Asing Seminggu Borong Saham Rp 6 T, Reli IHSG Lanjut ke 6.500",2021-01-14,Thursday
"Sempat Melemah, IHSG Akhirnya Ditutup Hijau di Sesi I",2021-01-14,Thursday
Transaksi Rekor Rp 28 T! Asing Malah Kabur di 10 Saham Ini,2021-01-15,Friday
"Gelombang Ambil Untung Menyerang, IHSG Anjlok Nyaris 1%",2021-01-15,Friday
"No Happy Weekend! IHSG Ambruk, Asing Lepas 5 Saham Ini",2021-01-15,Friday
"Minggu Ini IHSG Menguat Hampir 2%, Masih Okelah!",2021-01-16,Saturday
"BCA & BRI di Puncak, Market Cap Astra-Unilever Kejar-Kejaran",2021-01-18,Monday
"Sempat Dibuka Minus, IHSG Tutup Sesi 1 di Zona Hijau",2021-01-18,Monday
"Corona Bikin IHSG Ciut, Cek Dulu Saham Potensi Cuan Hari Ini!",2021-01-18,Monday
"Sedih! Sudah 2 Hari IHSG Koreksi, Pagi Ini Ambles Lagi!",2021-01-18,Monday
"Top! 10 Saham Terlaris Trading, Antam Tembus Rp 16 T",2021-01-18,Monday
"Bursa RI Bakal Menguat, Mau Cuan? Cek Dulu Sederet Saham Ini",2021-01-19,Tuesday
"Nasib IHSG Hari Ini Menurut Pelaku Pasar, Ada Bad News?",2021-01-19,Tuesday
"Duh! Posisi Belum Aman, di Sesi II IHSG Bisa Anjlok Lagi",2021-01-19,Tuesday
"Investor Takut Corona Tak Terkendali Lagi, IHSG Drop 1%",2021-01-19,Tuesday
"Saham-saham Ini Jadi Penyelamat Bursa RI, Makasi Yah!",2021-01-20,Wednesday
"IHSG Galau Tak Karuan, Padahal Dana Asing Masuk Bursa RI",2021-01-20,Wednesday
"Yess! IHSG Rebound, Asing Rebutan Belanja 5 Saham Blue Chip",2021-01-20,Wednesday
"Biden Mau Dilantik, Asing Borong Rp 538 M, IHSG Tembus 6.400",2021-01-20,Wednesday
"Angkat Topi! Asing Borong Saham RI Rp 757 M, IHSG Naik 1,71%",2021-01-20,Wednesday
"Welcome Biden! Wall Street Rekor, Ini Saham Pilihan Cari Cuan",2021-01-21,Thursday
"IHSG Galau & Asing Keluar, Rupanya Ini yang Jadi Pemicunya",2021-01-21,Thursday
"BI Pertahankan Suku Bunga, IHSG Koreksi Tipis Saja",2021-01-21,Thursday
"IHSG Anjlok 1,6% Gegara PPKM, Asing Anteng Masuk Rp 140 M",2021-01-22,Friday
Serius Nih! BRI Siapkan BRI Agro Jadi Bank Digital,2021-01-22,Friday
Membedah Potensi Tersembunyi dari BRI,2021-01-22,Friday
"5 Saham Top Gainers & Losers, 2 Anak Usaha Pelindo ",2021-01-22,Friday
"Asing Masuk Rp 7 T, Ini 10 Saham Second Liner Favorit Asing!",2021-01-22,Friday
"PPKM Diperpanjang, IHSG Tak Berdaya ke Zona Merah",2021-01-22,Friday
"Pantang Mundur Sebelum Cuan, Simak Saham Pilihan Hari Ini",2021-01-25,Monday
"PPKM Diperpanjang, IHSG Anjlok Parah Hampir 2%",2021-01-25,Monday
"Sempat Tumbang 2%, Ini Saham-saham yang Bikin IHSG Ambruk",2021-01-25,Monday
Market Cap Bank Mandiri Meroket! BCA & BRI Kokoh di Puncak,2021-01-25,Monday
"Dibuka Naik Tipis & Sempat Anjlok Parah, IHSG Labil Parah",2021-01-26,Tuesday
Duh Ramai-ramai Kabur! Asing Lego 5 Saham Blue Chip,2021-01-26,Tuesday
"IHSG Anjlok Nyaris 1%, tapi Asing Asik Borong Saham Murah",2021-01-26,Tuesday
"Meski IHSG Anjlok Hampir 2%, Asing Santai Serok Saham",2021-01-26,Tuesday
"Heroik! Sempat Anjlok Parah, IHSG Ditutup Koreksi 0,5% Saja",2021-01-27,Wednesday
"Meski Sementara IHSG Koreksi, Asing Santuy Borong Saham",2021-01-27,Wednesday
Galau Pilih Saham Saat IHSG Drop? Cek Dulu Rekomendasi Ini,2021-01-27,Wednesday
"Jokowi Disuntik Vaksin Corona Kedua, IHSG Malah Ambruk 1%",2021-01-27,Wednesday
"IHSG Drop Tertular Wall Street, tapi Asing Masih Masuk",2021-01-28,Thursday
"Hari Ke-6 Koreksi Beruntun, Sementara IHSG Ambruk Parah 1,4%",2021-01-28,Thursday
Tumbang 6 Hari Beruntun! IHSG Ambruk 2% di Bawah 6.000,2021-01-28,Thursday
"Mengerikan! IHSG Tumbang, Anjlok 2,5% & Balik 5.800-an",2021-01-29,Friday
"Saat Lokal Kabur, Asing Setia Lho Borong 10 Saham Ini!",2021-01-29,Friday
"Dibuka Hijau & Galau, IHSG Mencoba Balas Dendam",2021-01-29,Friday
"Mohon Maaf, IHSG Anjlok 1,6%! Masih Tak Kuat Naik",2021-01-29,Friday
"Puas Balas Dendam! IHSG To The Moon Terbang 3,5% Hari Ini",2021-02-01,Monday
"IHSG Ambrol Sepekan, Market Cap Drop! BBCA-BBRI Masih Teratas",2021-02-01,Monday
10 Saham Paling Boncos di Januari: KAEF -26% sampai AGRO -22%,2021-02-01,Monday
"Sempat Turun 2%, Ternyata Ini Saham yang Bikin IHSG Ambles",2021-02-01,Monday
"Jangan Lengah tapi Jangan Greedy Juga, Cek Saham Pilihan Ini",2021-02-02,Tuesday
"IHSG Sempat Dibuka Menguat 1%, tapi Asing Masih Jualan",2021-02-02,Tuesday
"Waduh! 234 Saham Ambles, Asing Jualan 5 Saham Blue Chip Ini",2021-02-02,Tuesday
"Transaksi WELMA BCA di Januari Tembus Rp 6,7 T, Mayoritas SBN",2021-02-03,Wednesday
"Meluncur Tahun Ini, Bank Digital BCA Siap Sasar Kaum Milenial",2021-02-03,Wednesday
"Hore Asing Balik! IHSG Melesat Nyaris 1%, BBNI-BBCA Diburu",2021-02-03,Wednesday
"Persaingan Bank Digital di RI Makin Seru, Siapa Jadi Jawara?",2021-02-03,Wednesday
Duh! Perhatian Pasar (Terpaksa) Balik Lagi ke Isu Pandemi,2021-02-03,Wednesday
"Wow! IHSG Dibuka Hijau, Asing Borong Saham Lagi",2021-02-03,Wednesday
"IHSG Jajal 6.200, Simak Bocoran Saham Pilihan Hari Ini!",2021-02-04,Thursday
IHSG Mau Kemana Hari Ini? Simak Dulu 8 Kabar Pasar Ini,2021-02-04,Thursday
"Asing Belanja Rp 500 M, IHSG Sukses Ditutup di Level 6.100",2021-02-04,Thursday
"Meski PDB RI Terburuk Sejak Krismon, IHSG Sesi I Menguat 0,3%",2021-02-05,Friday
"Meski IHSG Hijau, tapi Nilai Transaksi Drop Nih",2021-02-05,Friday
"Saham-saham Bank Kecil Meroket Sepekan, Nyesel Gak Borong?",2021-02-06,Saturday
Siap Bersaing! Bank Digital BCA Meluncur Semester I-2021,2021-02-08,Monday
"Ada Pandemi Selama 2020, BCA Bukukan Laba Rp 27,1 T",2021-02-08,Monday
Bos BCA ,2021-02-08,Monday
"Selama Pandemi 2020, BCA Restrukturisasi Kredit Rp 104 T",2021-02-08,Monday
"Jadi Bank Pencetak Laba Terbesar, Begini Respons Bos BCA",2021-02-08,Monday
"Market Cap BRI Naik Rp 36 T Pekan Lalu, Tertinggi di 10 Besar",2021-02-08,Monday
"Pertama Kali dalam Sejarah, Aset BCA Tembus Rp 1.076 T",2021-02-08,Monday
"Alert Jakarta Siaga I Banjir! IHSG Tembus 6.200, Asing Masuk",2021-02-08,Monday
"Ada ADRO-INDF, Deretan Saham-saham Ini Dilepas Asing Sepekan!",2021-02-08,Monday
"BCA Bukukan Laba Bersih Rp 27,1 Triliun Sepanjang Tahun 2020",2021-02-08,Monday
"Baca Dulu 9 Informasi Ini, Penting untuk Pertimbangan Trading",2021-02-09,Tuesday
"Wall Street Rekor & Optimistis dengan Vaksin, IHSG Menyusul?",2021-02-09,Tuesday
"Lanjut Reli, IHSG Memulai Perdagangan dengan Menguat 1% Lebih",2021-02-09,Tuesday
"Saham AGRO Lompat Lagi, Rupanya Kabar Ini Jadi Pemicu",2021-02-09,Tuesday
Resmi! BRI Agro Daftar Jadi Bank Digital ke OJK,2021-02-09,Tuesday
"Ditopang BBRI, IHSG Bertahan di Jalur Hijau di Closing Sesi 1",2021-02-09,Tuesday
Melawan Corona! Begini Kinerja 3 Bank Raksasa RI di 2020,2021-02-09,Tuesday
"Reli IHSG Berakhir! Ambles Nyaris 0,5% & ASII Dilego Asing",2021-02-09,Tuesday
Hore IHSG Rebound! Asing Ramai Borong Saham BBRI & ASII,2021-02-10,Wednesday
"Biang Kerok IHSG Bonyok, 10 Saham Top Ini Ramai Dijual Asing",2021-02-10,Wednesday
Analis Optimistis Saham BCA Bisa Bergerak ke Rp 38.000/unit,2021-02-10,Wednesday
Simak! Sepekan ,2021-02-11,Thursday
"Live Now! Berburu Cuan Saham Perbankan, Begini Rahasianya",2021-02-11,Thursday
Esok Gong Xi Fa Cai! 10 Saham Ini Ramai Dilego Asing Sepekan,2021-02-11,Thursday
Sssttt... Ada Saham Bank yang Menarik Selain BBCA & BBRI Lho,2021-02-12,Friday
Limit Transaksi Fitur BagiBagi Uang BCA Naik Rp50 Juta/Hari,2021-02-13,Saturday
"Neraca Dagang RI Surplus, IHSG Hijau tapi Asing Kabur Rp573 M",2021-02-15,Monday
Bank Bumi Arta Mau Dicaplok? Sahamnya Bergerak Liar,2021-02-15,Monday
"Market Cap BBRI Melesat Sendirian, BRIS Masuk 10 Besar!",2021-02-15,Monday
"Neraca Dagang RI Surplus, IHSG Terbang Hampir 1% di Sesi I",2021-02-15,Monday
"Neraca Dagang Surplus, 5 Saham Big Cap Ramai Dilepas Asing!",2021-02-15,Monday
"Minim Sentimen dari Global, Bagaimana Gerak Pasar Hari Ini?",2021-02-16,Tuesday
Makasi! 10 Saham Ini ,2021-02-16,Tuesday
"Hijau Galau! Dibuka Loncat, Ujian Berat IHSG di Level 6.300",2021-02-16,Tuesday
"Klasemen Sementara Sesi 1, IHSG Belum Mampu Jebol 6.300",2021-02-16,Tuesday
"Cuma Ijo Tipis Saja, IHSG Gagal Tembus 6.300",2021-02-16,Tuesday
"Gojek-Tokopedia IPO, Market Cap di Bawah BBRI & di Atas TLKM",2021-02-16,Tuesday
"Saham Bank Mini Naik Tinggi, Awas Tipuan Bandar!",2021-02-17,Wednesday
"Bankir-bankir Kopi Darat, Ini Sederet Curhatan ke Bos OJK",2021-02-17,Wednesday
"Kumpulkan Pimpinan Bank-bank Kakap, Ini Komitmen Bos OJK",2021-02-17,Wednesday
"Ritel Borong Saham Bank Bumi Arta, Awas Kena Prank!",2021-02-17,Wednesday
"Bursa Asia Merah, IHSG Malah Tembus 6.300 Coy!",2021-02-17,Wednesday
"Disulap Jadi Bank Digital, Saham Bank Mini Naik Ribuan Persen",2021-02-17,Wednesday
"Duh Nyesel, 10 Saham Ini Ngamuk Kemarin, Ada yang Cuan 34%!",2021-02-17,Wednesday
"Wall Street Kurang Bergairah, Bagaimanakah IHSG Hari Ini?",2021-02-17,Wednesday
"Mau Dicaplok? Saham Bank Mini Terbang, Bank Raksasa Tumbang",2021-02-17,Wednesday
"Pengelompokan Baru OJK, Tak Ganggu 3 Bank Ini dari BUKU IV",2021-02-18,Thursday
"Bank Digital Tak Akan Pangkas Pekerja, Justru Sebaliknya",2021-02-18,Thursday
"BI Pangkas Bunga Acuan, Saham Bank Besar Rontok",2021-02-18,Thursday
"Prank Lagi? Pagi Terbang, Sore Saham Bank Kecil Nyaris ARB",2021-02-18,Thursday
Ini Penyebab IHSG Rontok Saat BI Turunkan Suku Bunga Acuan,2021-02-18,Thursday
Mau Bikin Bank Digital? Ini Syarat-syarat dari OJK,2021-02-18,Thursday
"Tunggu Kode Keras Pak Perry, IHSG Hijau, Alot Tembus 6.300",2021-02-18,Thursday
"Duh! BI Potong Bunga Acuan BI 7Day RR, IHSG Malah Ambrol!",2021-02-18,Thursday
"Credit Suisse: RI Butuh Emiten Baru, Raksasa Sekelas Unicorn",2021-02-18,Thursday
"Harap Sabar BNBA Disuspen, Ingat Bakal Jadi Naga atau Cacing!",2021-02-18,Thursday
"Ritel Serbu Saham BGTG, Ingat 2018 Pernah Kejadian yang Sama",2021-02-18,Thursday
Saham Bank Ganesha Bolak Balik Dipompom Rumor Akuisisi,2021-02-18,Thursday
"Saham-saham Bank Mini Liar Gak Keruan, Hati-hati Spekulan!",2021-02-19,Friday
"Wall Street Kebakaran, Bagaimanakah IHSG Hari Ini?",2021-02-19,Friday
Please Hati-hati! Jangan Salah Lagi Borong Saham Bank Mini,2021-02-19,Friday
"Terjun di Bawah 6.200, Gerak IHSG Bak Roller Coaster",2021-02-19,Friday
"Duh Sial Banget, Deretan Saham Bank Mini Dibuka Langsung ARB!",2021-02-19,Friday
"Saham Bank Raksasa Galau, Respons Bunga Acuan Turun & DP 0%",2021-02-19,Friday
"Tak Kuat Menahan Tekanan Eksternal, IHSG Tumbang Sesi I",2021-02-19,Friday
"BBNI Masuk, Saham BRIS Terdepak dari 10 Big Cap Terbesar",2021-02-22,Monday
"Terkuak! Selain MEGA, Grup Salim juga Cuan di Saham-saham Ini",2021-02-22,Monday
"Ada Tenaga Baru dari BI & OJK, IHSG Nyaris Menguat 1%",2021-02-22,Monday
"Ada Paket Triple Combo, Saham Perbankan Terbang!",2021-02-22,Monday
"Perhatian! Ini Sederet Saham Dilepas Asing, Awas Cuan Hilang",2021-02-23,Tuesday
"Menghitung Potensi Cuan dari Saham BBNI, Simak Yah!",2021-02-23,Tuesday
"Nasib Kredit Mobil Versi Bos BCA, Setelah Relaksasi PPnBM",2021-02-23,Tuesday
Jahja Setiaatmadja: Stimulus Daya Beli Genjot Kredit Bank,2021-02-23,Tuesday
Bos BCA Beberkan Risiko DP KPR Nol Persen,2021-02-23,Tuesday
Bos BCA Optimistis Insentif PPnBM Tingkatkan Demand KKB,2021-02-23,Tuesday
"Galau Belum Pergi, Sementara IHSG Hijau Tipis Saja",2021-02-23,Tuesday
"Saat Cost Of Fund Turun, BCA Pangkas Suku Bunga Kredit",2021-02-23,Tuesday
Masih Galau! IHSG Masih Tak Bertenaga ke 6.300,2021-02-24,Wednesday
"Waduh! Saham BBCA Dilepas Asing, ICBP, ASII & BMRI Juga",2021-02-24,Wednesday
"IHSG Tak Bertenga & Ditutup Merah di Sesi I, tapi Asing Masuk",2021-02-24,Wednesday
"Bursa Benua Kuning Ambruk, Syukurlah IHSG Cuma Koreksi 0,35%",2021-02-24,Wednesday
Makin Tajir! Nilai Aset Orang Terkaya RI Naik Jadi Rp 1.217 T,2021-02-24,Wednesday
"Berburu Cuan Saat Bursa Saham Lesu, Simak Saham Pilihan",2021-02-24,Wednesday
"BCA Optimistis Risiko Kredit Tak Akan Membengkak, Caranya?",2021-02-25,Thursday
"Terkait Digitalisasi, Ini Harapan BCA ke Regulator",2021-02-25,Thursday
Harta Orang Terkaya Indonesia Setara Setoran Pajak RI Setahun,2021-02-25,Thursday
Kupas Tuntas Kontribusi & Strategi Perbankan Dorong Pemulihan,2021-02-25,Thursday
Mau Beli Mobil? Tak Semua Nasabah BCA Bisa Dapat DP 0 Rupiah,2021-02-25,Thursday
"Terangkat 0,5%, tapi IHSG Belum Mampu Bertahan di Level 6.300",2021-02-25,Thursday
"Dapat Tenaga dari Barat, IHSG Kembali Uji 6.300",2021-02-25,Thursday
Alert! 10 Saham Blue Chip Jorjoran Dilepas ,2021-02-25,Thursday
"Milenial Ogah ke Cabang, BCA Siapkan Bank Digital",2021-02-25,Thursday
Bos Bank Capital Buka-bukaan soal Akuisisi Grab & Sea Group,2021-02-26,Friday
"IHSG Sulit Tembus 6.300, Ini Saran Investasi dari Ellen May",2021-02-26,Friday
Menggiurkan! BCA Tawarkan Bunga KPR & KKB Super Murah,2021-02-26,Friday
"Beli Rumah DP Nol Persen, Bos BCA Wanti-wanti soal Ini!",2021-02-26,Friday
"Jumlah Konglomerat RI Bakal Geser Taipan China, kok Bisa?",2021-02-28,Sunday
"IHSG Terbang 1,5% Gaes! Asing Masuk & Borong Saham BCA",2021-03-01,Monday
"IHSG Terbang 1,09%, BBCA Diborong tapi ASII Diobral Asing",2021-03-01,Monday
"Ramai Soal Bank Digital, Apa Untungnya Bagi Nasabah?",2021-03-01,Monday
"BRIS Masuk Lagi, Depak BBNI di Jajaran 10 Big Cap Terbesar",2021-03-01,Monday
"Awal Maret Ceria! IHSG Dibuka IHSG, Kasus Covid-19 Turun",2021-03-01,Monday
"Tak Cuma yang Mini, Saham Bank Raksasa Juga Diborong Investor",2021-03-01,Monday
Welcome Maret! Intip Bocoran Saham Pilihan Potensi Cuan nih,2021-03-01,Monday
"Didorong Sentimen Positif Luar-Dalam, IHSG Naik 1% di Sesi 1",2021-03-01,Monday
Deretan Alasan Kenapa Saham Big Cap Cocok buat Pemula,2021-03-02,Tuesday
"Degdegan IHSG Mau ke 6.400, Intip Saham Pilihan Hari Ini!",2021-03-02,Tuesday
"Kokoh di Level 6.300-an, IHSG Dibuka Menguat Menuju 6.400",2021-03-02,Tuesday
"Sempat Galau di Tengah Jalan, IHSG Finish Hijau Terbatas",2021-03-02,Tuesday
"Giliran BBNI Dilego Asing, Saat BBCA Bertahan Jadi Pilihan",2021-03-03,Wednesday
"Sambut Insentif Pajak Dividen, IHSG Ditutup Hijau di Sesi 1",2021-03-03,Wednesday
Ngos-ngosan! IHSG Ditutup Hijau Tipis Berkat Pajak Dividen,2021-03-03,Wednesday
"Masih Galau, Bebas Pajak Dividen Tak Kuat Angkat IHSG",2021-03-03,Wednesday
"Tak Kuat Tembus 6.400, IHSG Galau! Asing Baru Masuk Rp 34 M",2021-03-03,Wednesday
"Bank Mini Memang Oke, tapi Asing Jorjoran Borong 10 Saham Ini",2021-03-04,Thursday
Mood Lagi Bagus Gaes! Intip Deretan Saham Pilihan Hari Ini,2021-03-04,Thursday
"Sri Mulyani Hapus Pajak Dividen, Cermati Saham Ini Bro!",2021-03-04,Thursday
"Bonds AS Seksi Lagi! Wall Street Tumbang, IHSG Dibuka Merana",2021-03-04,Thursday
Wall Street ,2021-03-04,Thursday
"Duh Ngenes! Regional Bertumbangan, IHSG Terpangkas 0,5%",2021-03-05,Friday
"Ramai-ramai Asing Borong BBCA-BBRI, INCO Diobral!",2021-03-05,Friday
"Biang Kerok IHSG Nyungsep, Asing Lego 10 Saham Top di Bursa",2021-03-05,Friday
"Wuih! Asing Masuk Bursa RI, Jadi Penahan Koreksi IHSG",2021-03-05,Friday
"Cuan! Saham Bank Mini Unjuk Gigi, Masuk di Top Gainers",2021-03-06,Saturday
Perhatian! ,2021-03-08,Monday
"IHSG Jajal 6.300 Lagi, Intip Bocoran Saham Pilihan Senin Ini!",2021-03-08,Monday
"Semangat Baru, IHSG Dibuka dari Zona Hijau & Nyaris Naik 1%",2021-03-08,Monday
Balik Arah! Ini Biang Kerok Saham yang Bikin IHSG Nyungsep,2021-03-08,Monday
"BCA Kokoh di Puncak, BNI Depak BRIS dari 10 Besar Big Cap!",2021-03-08,Monday
"Bursa Asia Tumbang Bareng-bareng, IHSG Drop Tipis Saja!",2021-03-08,Monday
"Gagal Bertahan di 6.300, IHSG Drop! Asing Keluar Rp 414 M",2021-03-08,Monday
"Asing Kabur Rp 740 M, IHSG Babak Belur! BBCA-BBRI Dilepas",2021-03-09,Tuesday
"IHSG Ditutup Terkoreksi di 6.119, Apa Penyebabnya?",2021-03-09,Tuesday
Begini Kelakuan Asing di Sesi I:  Borong BMRI & Obral BBCA,2021-03-09,Tuesday
"IHSG Bergerak Liar, Ini Pasar Saham atau Forex?",2021-03-09,Tuesday
"Saat Galau Berat, Ini Sederet Saham Penggerak IHSG",2021-03-09,Tuesday
"PPKM Diperpanjang, IHSG Tumbang & Asing Net Sell Gede",2021-03-09,Tuesday
"Asing Masuk, Investor Bahagia! IHSG Melesat 1%",2021-03-10,Wednesday
Jreeeng! Ini Bocoran Saham-saham Favorit Asing di Bursa,2021-03-10,Wednesday
"Sesi I: Asing Ramai-ramai Jual Astra, Rebutan Saham BBCA-BBRI",2021-03-10,Wednesday
"Sumringah! Asing Mulai Masuk, IHSG Naik Hampir 1%",2021-03-10,Wednesday
"Selain BBCA-TLKM, Asing Kepincut Gak sih Saham Lapis Kedua?",2021-03-10,Wednesday
"Sambil Trading, Baca 8 Informasi Penting Ini Buat Cari Cuan",2021-03-10,Wednesday
"IHSG Babak Belur Kemarin, Bandar Gede Jualan Raksasa Big Cap",2021-03-10,Wednesday
"Biang Kerok IHSG Keok, Asing Ramai Kabur di 10 Saham Ini!",2021-03-10,Wednesday
"IHSG Dibuka Bersemangat Pagi Hari, Semoga Bisa Sampai Sore",2021-03-10,Wednesday
Waspada! ,2021-03-12,Friday
Jumat ,2021-03-12,Friday
"Di Harpinas, IHSG Melambung & Kokoh di 6.300 Saat Pembukaan",2021-03-12,Friday
"Gantian Bos! Saham Bank Kecil Rontok, Bank Raksasa Terbang",2021-03-12,Friday
Ekonomi Bangkit! Ini Saham yang Diuntungkan versi JPMorgan,2021-03-13,Saturday
"No Loyo-loyo Club, Ini Saham Paling Joss Se-RI versi JPMorgan",2021-03-14,Sunday
"Impor Indonesia Akhirnya Tumbuh, IHSG Bangkit di Sesi II?",2021-03-15,Monday
"Neraca Dagang Suplus US$ 2 M, tapi IHSG Tak Mau Berbalik Arah",2021-03-15,Monday
"Bank Jago Pepet HMSP, BBCA-BBRI Kokoh di Puncak Big Cap!",2021-03-15,Monday
"Masih Pagi, Trio Saham Bank Kakap Ramai Diborong Asing!",2021-03-15,Monday
"Gairah IHSG Sedang Membuncah, Simak Saham Pilihan Cuan Ini",2021-03-15,Monday
"Jelang Rilis Neraca Dagang, IHSG Tutup Sesi 1 di Zona Merah",2021-03-15,Monday
"IHSG Masih Nervous, Cuma Bisa Naik Tipis di Awal Perdagangan",2021-03-16,Tuesday
"Harga 293 Saham Tertekan, Bikin IHSG Parkir di Zona Merah",2021-03-16,Tuesday
"Beneran PHP! 3 Hari Beruntun IHSG Merah, tapi Asing Masuk",2021-03-17,Wednesday
Aduh Asing! Kok Tega Lepas 10 Saham ,2021-03-17,Wednesday
Rezeki Gak ke Mana! Siap-siap 5 Emiten Gede Ini Bagi Dividen,2021-03-17,Wednesday
Deg-Degan IHSG Ambruk! Cek Dulu Saham Prospek Cuan Hari Ini,2021-03-17,Wednesday
Pantas IHSG Bonyok! Asing Ramai-ramai Lego 5 Saham Blue Chip,2021-03-17,Wednesday
"Asing Masuk Rp 207 M Jelang Rilis Suku Bunga, IHSG Terbang 1%",2021-03-18,Thursday
"IHSG Akhirnya Bangkit, tapi Ada yang Harus Diantisipasi",2021-03-18,Thursday
"BBCA Diangkat, IHSG Loncat ke Zona Hijau & Ga Jadi Merah Coi!",2021-03-19,Friday
"Mood Booster, 10 Saham Favorit Asing yang Kerek IHSG, Thanks!",2021-03-19,Friday
"Yuk Bisa Cuan Yuk, Ini Saham Pilihan Jelang Weekend",2021-03-19,Friday
"Kemarin Pesta Pora, Hari Ini IHSG Hangover Merah-merah",2021-03-19,Friday
"Dihantam Profit Taking, Saham BBCA & BBRI Cs Ikut Terkapar",2021-03-19,Friday
"IHSG Kembali Tertekan, Ditutup Melemah 0,4% di Sesi 1",2021-03-19,Friday
"BCA di Puncak, Siap-siap Market Cap HMSP Disalip Bank Jago",2021-03-22,Monday
Bersiap Trading Senin? Cek Dulu 7 Kabar Pasar Ini Biar Cuan,2021-03-22,Monday
"Duh! IHSG Merah Gak Kuat Nanjak, Asing Lepas ASII-INDF",2021-03-22,Monday
"Asing Kompak Lepas Saham BBCA-ASII, tapi Borong JPFA-BBNI",2021-03-22,Monday
Happy Monday! Intip Bocoran Saham-saham Pilihan Hari Ini,2021-03-22,Monday
"PPKM Diperpanjang, IHSG Drop karena Investor Ambil Untung",2021-03-22,Monday
,2021-03-22,Monday
"Aura Kelabu, IHSG Sesi I Ditutup Merosot Nyaris 1%",2021-03-22,Monday
"Duh... 10 Saham Biang Kerok IHSG Babak Belur, ASII-EMTK",2021-03-23,Tuesday
"IHSG Rawan Jatuh, Boleh Dicek Saham-saham Prospek Cuan Ini!",2021-03-23,Tuesday
"Ada Kabar Gembira! Yield Obligasi AS Turun, IHSG Semangat 45",2021-03-23,Tuesday
"Sempat Ada Harapan Hijau, IHSG Malah Merah di Sesi I",2021-03-23,Tuesday
"Diskon 85%, Tiket Garuda JKT-Bali PP Diobral Rp 940 Ribu!",2021-03-23,Tuesday
"Parah! Pasar Sepi & Tak Bergairah, IHSG Ambruk Hampir 1%",2021-03-23,Tuesday
bank bjb Perkasa Hadapi Badai Covid-19 2020,2021-03-23,Tuesday
"Barat-China Gontok-gontokan, IHSG Ambruk Nyaris 1%",2021-03-24,Wednesday
"Mayday-mayday! IHSG Dibuka Ambruk 1%, Keluar dari 6.200",2021-03-24,Wednesday
Ini Sederet Saham yang Jadi Biang Kerok IHSG Drop 1%,2021-03-24,Wednesday
"Siap-siap! Usai Mandiri, Giliran BRI-BCA-BNI Tebar Dividen",2021-03-24,Wednesday
"Bursa Saham di Dunia Ambruk, IHSG Ikut Terkapar & Anjlok 1,5%",2021-03-24,Wednesday
"Heroik! Sempat Ambruk 1,5%, IHSG Pangkas Koreksi di Sesi 2",2021-03-25,Thursday
"Lanjut Asing Lepas BBCA & ASII, Giliran TLKM yang Diborong",2021-03-25,Thursday
"Kacau! IHSG Grogi Berat, Tak Bisa Gerak Lincah",2021-03-25,Thursday
"Bursa RI Lagi Goyang, Cek Dulu Rekomendasi Saham Hari Ini!",2021-03-25,Thursday
"Terjun Bebas, Sesi I IHSG Ambles Nyaris 1% & Ini Penyebabnya",2021-03-25,Thursday
"IHSG Nyungsep 4 Hari, Ternyata Asing Obral 15 Saham Blue Chip",2021-03-26,Friday
Cakep..IHSG Diramal Rebound! Cek Dulu Saham Pilihannya Gaes,2021-03-26,Friday
"Ambruk 4 Hari Beruntun, Pagi Ini IHSG Dibuka Masih Galau",2021-03-26,Friday
Lega! Sesi I IHSG Menguat Nyaris 1%,2021-03-26,Friday
Trio Macan! ANTM-TINS-INCO Mampu Selamatkan IHSG dari Koreksi,2021-03-26,Friday
"Efek ANTM Cs, IHSG Bangkit Usai 4 Hari Drop! Trims Pak Erick",2021-03-26,Friday
"IHSG Meroket 1,2%, Asing Borong TLKM-BBRI, Lepas BBCA-CPIN",2021-03-26,Friday
"Saham-saham Bank Berguguran, IHSG Anjlok 2% Pekan Ini!",2021-03-27,Saturday
"Perhatian! BCA Bagi 48% Laba Jadi Dividen, Rp 530/Unit Saham",2021-03-29,Monday
"Bagi Dividen Rp 530/Unit, Asing Kok Lepas Saham BCA & Ambles?",2021-03-29,Monday
"Antiklimaks! Saham Nikel Drop, IHSG Babak Belur Dekati 6.100",2021-03-29,Monday
"Alert! Sesi II Baru Mulai, IHSG Ambruk ke Zona Merah",2021-03-29,Monday
"BCA Rombak Pengurus, Ada 2 Direksi yang Diganti",2021-03-29,Monday
"Gelar RUPST Hari Ini, Siap-siap BBCA & BBNI Bagi Dividen!",2021-03-29,Monday
"Erick Resmikan IBC, Sinyal Baik atau Biasa Saja buat ANTM Cs?",2021-03-29,Monday
"Ada Bom Bunuh Diri Asing Kabur, IHSG Naik Tipis Saja",2021-03-29,Monday
"Mari Simak Saham Cuan Hari Ini, Ada Sinyal IHSG Lanjut Reli",2021-03-29,Monday
"Saham Boleh Ambles, Asing Cari Cuan di 10 Saham Ini Sepekan!",2021-03-29,Monday
"Market Cap BCA Turun, Diam-diam Emtek Geser Bank Jago!",2021-03-29,Monday
"Digoyang BPJS & Margin Call, Saham Bank Raksasa RI Keok",2021-03-30,Tuesday
"Badai Margin Call di AS, Bikin IHSG Jadi Terburuk di Asia",2021-03-30,Tuesday
"Redup! Bank Mini Kompak Kena ARB, Masih Ada Peluang Masuk?",2021-03-30,Tuesday
"Awas! Sentimen Kurang Bagus, Siap-siap IHSG Merosot ke 6.100",2021-03-30,Tuesday
"BBNI-BBCA-SMGR Bagi-bagi Dividen, Laba Emiten Prajogo Drop!",2021-03-30,Tuesday
"Alert! IHSG Nyungsep, Asing Malah Borong 10 Saham Blue Chip",2021-03-30,Tuesday
"Saham Bank Raksasa Kolaps, Untung BCA Bisa Tahan Koreksi IHSG",2021-03-30,Tuesday
Red Alert! IHSG Ambruk 2% Lebih,2021-03-31,Wednesday
"Ngeri IHSG Today! Koreksi 1,5%, Asing Kabur Rp 1 T",2021-03-31,Wednesday
"IHSG Ambruk Parah, Ada Margin Call & Forced Sell di Bursa RI?",2021-03-31,Wednesday
"Forced Sell? IHSG Drop 2,8%, Sederet Bluechip Ini Babak Belur",2021-03-31,Wednesday
"Diserbu Tiga Sentimen Buruk, IHSG Tersungkur 1,78% di Sesi 1",2021-03-31,Wednesday
"Obligasi AS Picu Pasar Crash! IHSG-Rupiah Tumbang, SBN Mixed",2021-03-31,Wednesday
"Mayday-mayday IHSG Ambruk 1%, Keluar Dari 6.000!",2021-03-31,Wednesday
"Was-was IHSG di Bawah 6.000, Cek Saham-saham Potensi Cuan Ini",2021-03-31,Wednesday
"Latah Margin Call Menular ke RI, Saham-saham Bank Diobral!",2021-03-31,Wednesday
"IHSG Drop Nyaris 6.000, ",2021-03-31,Wednesday
"BPJS & US Treasury, Bikin Saham Bank Kakap RI Ambles Serentak",2021-03-31,Wednesday
"IHSG Drop di Maret, Direktur BCA Tambah Saham BBCA",2021-04-01,Thursday
"Cair nih! Emiten Lo Kheng Hong Dapat Utang 3 Bank Rp 1,3 T",2021-04-01,Thursday
"BBCA & BBNI Bagi Dividen, Simak Jadwalnya",2021-04-01,Thursday
"Gak Jadi Kena Prank April Mop, IHSG Balik ke Atas 6.000",2021-04-01,Thursday
"Dibuka Hijau, IHSG Terlempar ke Zona Merah di Closing Sesi 1",2021-04-01,Thursday
"IHSG Sedang Tren Koreksi Nih, Kamu Kudu Gimana Menyikapinya?",2021-04-01,Thursday
"Ambruk Berhari-hari, Awas Forced Sell Mengintai IHSG!",2021-04-01,Thursday
"Selamat! Jangan Sampai April Mop, IHSG Sukses Balik 6.000",2021-04-01,Thursday
Besok Libur! Jangan Kelewat Cek Saham-saham Pilihan Hari Ini,2021-04-01,Thursday
"BP Jamsostek Pangkas Investasi, Saham-saham Blue Chip Jeblok!",2021-04-01,Thursday
Welcome April! Ini 10 Saham Favorit ,2021-04-01,Thursday
"Sempat Menopang IHSG ke 6.000, Beri Applause untuk Saham Ini",2021-04-01,Thursday
"Hajar! Asing Borong 10 Saham Ini Sepekan, Tertarik Ikutan?",2021-04-05,Monday
"Industri Otomotif RI Terpukul, Asing Obral Saham Astra Rp 2 T",2021-04-05,Monday
"Saatnya Berburu Cuan, Simak Saham Pilihan Hari Ini",2021-04-05,Monday
"Habis Libur, IHSG Masih Hangover! Jatuh ke Bawah 6.000",2021-04-05,Monday
"IHSG Masih Babak Belur, Asing Obral Saham Setengah Triliun",2021-04-05,Monday
"Sesi I Asing Masih Lepas BBRI-BBCA, Borong ITMG-BMRI",2021-04-05,Monday
"Market Cap BCA-BRI Turun Sepekan, Bank Jago Melesat Rp 13 T",2021-04-05,Monday
Ambles! IHSG di Bawah 6.000 & Asing Keluar Rp 500 M Lebih,2021-04-05,Monday
"IHSG Ambles, Saham BNI Malah Menguat 1,32%",2021-04-05,Monday
"IHSG Sukses Bikin Investor Happy, Balik ke Level 6.000 Lagi",2021-04-06,Tuesday
"Besok Cum Date, 4 Direktur BCA Borong Saham Jelang Dividen",2021-04-06,Tuesday
"Sempat Galau, IHSG Sementara Ditutup Hijau di Sesi 1",2021-04-06,Tuesday
"Wall Street Rekor-pun, Tak Ngefek Buat IHSG Pagi Ini",2021-04-06,Tuesday
"Lepas BBCA-BBRI, ",2021-04-06,Tuesday
"Heroik! Sempat Merah & Galau, IHSG Sukses Hijau Hari ini",2021-04-07,Wednesday
"Jerry Ng & Susanto Suwarto Orang Terkaya RI, Siapa Mereka?",2021-04-07,Wednesday
"Berharta Rp 562,8 T, Duo Djarum Masih Orang Terkaya di RI",2021-04-07,Wednesday
"Hartanya Bejibun, Ini Profil 10 Orang Terkaya di Indonesia",2021-04-07,Wednesday
"Sobat Cuan! IHSG Rentan, Simak Deretan Saham Pilihan Hari Ini",2021-04-07,Wednesday
"Yuk Simak Saham Pilihan Hari Ini, Bersiap Panen Cuan",2021-04-07,Wednesday
"Masih Kurang Percaya Diri, Pembukaan IHSG Sempat Merah",2021-04-07,Wednesday
Resmi! Hary Tanoe Ajukan Izin Bank Digital MNC Bank,2021-04-07,Wednesday
"Masuk 10 Orang Terkaya RI, Ini Sepak Terjang Bankir Jerry Ng",2021-04-07,Wednesday
"Duh....Cadev RI Turun, Untung IHSG Hijau Tipis di Sesi I",2021-04-07,Wednesday
"Lepas Saham BBCA-BBRI, Asing Belanja BMRI-JPFA!",2021-04-07,Wednesday
"Jadi Orang Terkaya RI, Berapa Nilai Saham Duo Hartono di BCA?",2021-04-07,Wednesday
Arah Bisnis & Kompetisi Perbankan di Ekosistem Digital,2021-04-08,Thursday
"Saham Bluechip vs Emas vs Bitcoin, Siapa Paling Cuan?",2021-04-08,Thursday
"Terjun ke Dunia Bank Digital, Begini Pengakuan Bos BCA",2021-04-08,Thursday
Bos BCA Bocorkan Layanan Bank BCA Digital,2021-04-08,Thursday
"Meski Asing Kabur Setengah Triliun, IHSG Kokoh Menghijau!",2021-04-08,Thursday
Nasabah Kena Hack? Tenang BCA Jamin Semua Dana Balik,2021-04-08,Thursday
"Demi Layanan Digital, Ini Belanja Modal Yang Disiapkan Bank",2021-04-08,Thursday
Bos BCA: Segmen Milenial Jadi Fokus Layanan Digital Perbankan,2021-04-08,Thursday
Bos BCA: Capex Bank Digital BCA Rp 2 T,2021-04-08,Thursday
Strategi Tangkal Serangan Siber di Era Bank Digital,2021-04-08,Thursday
"Harta Crazy Rich RI Berlimpah Ruah, Ternyata ini Rahasianya",2021-04-08,Thursday
"Bangun Platform & Ekosistem Digital, BNI Fokus di 3 Hal",2021-04-08,Thursday
"Dipenghujung Pekan, Asing Obral Saham ASII-BBCA-TLKM",2021-04-09,Friday
OJK Buka-bukaan Soal Transformasi Bank Digital di RI,2021-04-09,Friday
"Ngenes! Seharian Hijau, IHSG Ditutup Terkoreksi Tipis",2021-04-09,Friday
"Genjot Tekstil, Asia Pacific Rayon Dapat Kredit Bank Rp 4,5 T",2021-04-09,Friday
"Joss! IHSG Tembus 6.100, Deretan Saham Big Cap Ini Ngamuk...",2021-04-09,Friday
"Sabar Gengs! Meski Hijau, IHSG Belum Mampu Tembus 6.100",2021-04-09,Friday
"Top! IHSG Tembus 6.100, Ternyata Ini Pemicunya",2021-04-09,Friday
"8 Emiten Bagi Dividen Pekan Ini, Yuk Serok Bisa Cuan Double?",2021-04-09,Friday
"Bidik Cuan Jelang Akhir Pekan, Ini Sederet Saham Pilihan",2021-04-09,Friday
"Simak 7 Kabar dari Pasar Ini, Penting Buat Cari Cuan Hari Ini",2021-04-09,Friday
Goks! Bank Digital Kian ,2021-04-09,Friday
"Asing Kabur Nyaris Rp 2 T Sepekan, Top...IHSG Tahan Banting!",2021-04-10,Saturday
Catat! BCA Ganti Dana Nasabah Korban Pembobolan Hacker,2021-04-10,Saturday
"Data Ritel Mengecewakan, 379 Saham Ambruk, IHSG Tumbang 2%!",2021-04-12,Monday
"ASII & BBCA Dilepas Asing Rp 200 M, IHSG Ambruk Nyaris 2%",2021-04-12,Monday
"Ramai-ramai Asing Jual ASII-PWON di Sesi I, Borong ARTO-ERAA",2021-04-12,Monday
"Vaksin China Diakui Kurang Manjur, IHSG Ambruk di Sesi 1",2021-04-12,Monday
Mau Ikutan Borong 15 Saham Ini Sepekan? Simak Daftarnya,2021-04-12,Monday
"Mencolok Sendiri, Market Cap Bank Mandiri Naik Rp 13 T",2021-04-12,Monday
"Sesi I Hari Ini, Asing Lepas BBCA-BBRI, Koleksi TBIG-WSKT",2021-04-13,Tuesday
"Heroik! Sempat Tumbang 1%, IHSG Sukses Pangkas Koreksi",2021-04-13,Tuesday
Satu Lagi Direksi BCA Top Up Kepemilikan Saham Berkode BBCA,2021-04-13,Tuesday
"Pantau Inflasi AS, IHSG Terperosok ke 5.905 di Closing Sesi 1",2021-04-13,Tuesday
"Alamak! Efek Bisik-bisik The Fed, IHSG Ambruk Nyaris 1%",2021-04-13,Tuesday
"Hari Pertama Puasa, Ini Dia Saham Pilihan untuk Cari Cuan",2021-04-13,Tuesday
"Cek Gaes! Begini Kinerja Emiten LQ45 di 2020, Mayoritas Seret",2021-04-13,Tuesday
"Pantas IHSG Babak Belur, Saham Emiten Big Cap Hancur Lebur!",2021-04-13,Tuesday
IHSG Meroket! Asing Borong BBCA-BBRI dan Lepas BMRI-INKP,2021-04-14,Wednesday
"Cek! 10 Saham Biang Kerok IHSG Nyungsep, Ramai Diobral Asing",2021-04-14,Wednesday
"Yes! Asing Masuk, IHSG Langsung Lompat & Nyaris 1%",2021-04-14,Wednesday
"Meski Transaksi Sepi, Investor Angkat Saham Bank Raksasa",2021-04-14,Wednesday
"Ini Alasan Saham-saham Bank Kakap Belum Pulih, Saatnya Serok?",2021-04-14,Wednesday
"Asing Masuk, IHSG Naik Lagi ke Level 6.000 di Closing Sesi 1",2021-04-14,Wednesday
"Asing Borong Saham di Bursa RI Lagi, IHSG Naik 2% Coi!",2021-04-14,Wednesday
"PTPN III Sudah Restrukturisasi Utang Rp 36 T, Ini Rinciannya",2021-04-15,Thursday
"Wow! PTPN Restrukturisasi Utang Jumbo, Nilainya Rp 45 T",2021-04-15,Thursday
"IHSG Seharian Galau, Investor Crossing BBCA & BMRI Rp 672 M",2021-04-15,Thursday
"Hore! Asing Belanja Lagi, Cek Saham-saham Potensi Cuan Ini",2021-04-15,Thursday
"Bergelombang dari Pagi, IHSG Mengakhiri Sesi 1 dengan Koreksi",2021-04-15,Thursday
"Joss! Ditarik Saat Detik-detik Terakhir, IHSG Ditutup Hijau",2021-04-15,Thursday
Jangan Kelewat! Ini Dia 10 Saham Paling Gacor Ditransaksikan,2021-04-15,Thursday
Aksi Jerry-Patrick Walujo hingga Rencana Besar Erick di KRAS,2021-04-16,Friday
"PTPN Restrukturisasi Utang Rp 45 T, BUMN: Saatnya Cari Untung",2021-04-16,Friday
"Kehabisan Bensin Nih, IHSG Bakal di Mogok Jalan pada Sesi 2",2021-04-16,Friday
"Rights Issue Disetujui, Saham Bank Kecil Ini Melesat 109,7!",2021-04-17,Saturday
"Adem Ayem, Bank Buku 2 Ini Dihajar Aksi Jual & Jadi Top Loser",2021-04-17,Saturday
"Asing Ngebet Masuk, Cek Saham-saham Potensi Cuan Hari Ini!",2021-04-19,Monday
"Waduh! Baru Setengah Jalan, IHSG Sudah Ambles 0,5%",2021-04-19,Monday
"Market Cap EMTK Salip HMSP, BCA & BRI Masih Teratas!",2021-04-19,Monday
Intip Saham-saham Incaran Jelang Ramadan,2021-04-19,Monday
"Gojek-Tokopedia Listing di BEI, Ini Bakal Terjadi pada IHSG",2021-04-20,Tuesday
"10 Saham Aktif Banget Kemarin, Emiten CPO Ini Geser BBCA Cs",2021-04-20,Tuesday
"Diobral Investor, Saham Bank BUKU IV Berguguran",2021-04-20,Tuesday
"Berburu Cuan di Hari Kartini, Cek Sederet Saham Pilihan Ini",2021-04-21,Wednesday
Kasus Corona Menggila! IHSG Mencoba Bertahan di Atas 6.000,2021-04-21,Wednesday
"Duh! Saham-saham Bank BUKU IV Rontok Lagi, Ada Apa nih?",2021-04-21,Wednesday
"Asing Kabur Rp 578 M, Transaksi Sepi, IHSG ",2021-04-21,Wednesday
Asing ,2021-04-21,Wednesday
Bos BCA: Paylater Bukan Saingan Kartu Kredit,2021-04-22,Thursday
"Likuiditas Cukup, Bos BCA Yakin Kredit Tumbuh 6% Tahun Ini",2021-04-22,Thursday
Wow! BCA Mau Bikin Mobile Banking jadi Super Apps,2021-04-22,Thursday
"Tumbuh 7%, Laba Bersih BCA Q1-2021 Capai Rp 7,04 Triliun",2021-04-22,Thursday
"IHSG Bangkit, Saham Bank Kakap Diborong Investor",2021-04-22,Thursday
"Diam-diam Asing Borong 10 Non-Bank Sebulan, kok Bukan Bank?",2021-04-22,Thursday
Top! Laba Bersih BCA Melonjak 7% Jadi Rp 7 T di Q1,2021-04-22,Thursday
"Kabar Baik! IHSG Menuju 6.040, Cek Saham-saham Pilihan Ini",2021-04-23,Friday
Ini 10 Kabar Penting untuk Bantu Cari Cuan Jelang Weekend,2021-04-23,Friday
Saham Bank ,2021-04-23,Friday
"Sementara Naik Tipis, IHSG Kembali di Atas 6.000",2021-04-23,Friday
Duet Sri Mulyani-Biden Sukses Bikin IHSG Menghijau,2021-04-23,Friday
"Perhatian! Cek nih, BCA & BNI Buka Lowongan Kerja Gaes",2021-04-25,Sunday
"BCA-BRI Garap Bank Digital, Analis: Ini Persaingan Super Apps",2021-04-26,Monday
"Balas Dendam! HMSP Salip Lagi Emtek, Market Cap Astra Melesat",2021-04-26,Monday
"Terseret Ombak Koreksi dari Asia, IHSG Berakhir di Zona Merah",2021-04-27,Tuesday
"Gagal Maning Tembus Level 6.000, Sanggupkah Sesi II Jebol?",2021-04-27,Tuesday
"Parah! Investor Saham Kena PHP, IHSG Dibuka Hijau Jadi Merah",2021-04-27,Tuesday
Jreeng! Saham-saham Bank BUKU IV Mulai Ngegas Lagi,2021-04-27,Tuesday
"Asing Masih Jual Saham Big Cap, tapi Borong Saham BCA",2021-04-27,Tuesday
"Ramai Emiten Raksasa RI Suntik Startup, Ada Apa?",2021-04-27,Tuesday
"Mumpung Lagi Anyep, Yuk Cek Saham-saham Prospek Cuan Ini!",2021-04-27,Tuesday
"Untung Asing Borong 10 Saham Ini, Kalau Gak Entah Nasib IHSG",2021-04-27,Tuesday
"Asing Masuk Gaes, Ini Sederet Big Cap yang Diborong Hari Ini",2021-04-27,Tuesday
"Dengerin Gaes, Bos BCA Bicara Soal Investasi Kripto Nih",2021-04-28,Wednesday
Duh Transaksi Sepi! 10 Saham Terbanyak Dijual Asing Sebulan,2021-04-28,Wednesday
"Kinerja Bank Raksasa RI di Q1 Membaik, Tanda Ekonomi Pulih?",2021-04-28,Wednesday
"Trio Saham Big Bank Diborong Asing, IHSG Berpesta di Sesi I",2021-04-29,Thursday
"Alhamdulillah Musim THR, Saatnya Borong Saham nih?",2021-04-29,Thursday
"IHSG Tertahan Pola Descending Triangle, Baik atau Buruk?",2021-04-29,Thursday
THR Cair! Saatnya Kejar Peluang Cuan Saham-saham Ini,2021-04-29,Thursday
IHSG Sukses Menjebol Lagi Level Psikologis 6.000,2021-04-29,Thursday
"Gak Cuma LQ45, Indeks Saham Ini Bisa Jadi Acuan Lho",2021-04-29,Thursday
"IHSG Tumbang Lagi, Saham Blue Chip jadi Incaran Investor",2021-04-30,Friday
"Sedang Hype Kripto, Bos BCA: Bisa Jadi Alternatif Investasi",2021-05-01,Saturday
"ANTM Terdepak, Saham Perbankan jadi Penguasa Bursa Saham RI",2021-05-03,Monday
"BBCA-BBRI Masih di Puncak, Kapitalisasi Bang Jago Salip Emtek",2021-05-03,Monday
"Biang Kerok IHSG Anyep di April, Asing Obral 10 Saham Top Ini",2021-05-03,Monday
Waduh! ,2021-05-04,Tuesday
"Asing Masuk Bursa RI, Ini Sederet Saham yang Diborong",2021-05-04,Tuesday
"Gak Nyangka, Asing Kepincut Borong 10 Saham Non-Bank Ini!",2021-05-05,Wednesday
"Cakep nih, Jelang Rilis PDB RI, Saham Emiten Big Cap Ngamuk!",2021-05-05,Wednesday
Wuidih! ,2021-05-05,Wednesday
"IHSG Ditutup Menguat 0,2% Sambut Rilis Pertumbuhan Ekonomi RI",2021-05-05,Wednesday
"IHSG Hijau! Asing Borong BBCA-BBRI, Lepas BMRI-TOWR",2021-05-05,Wednesday
"Asing Borong Saham Big Cap, IHSG Cuma Koreksi Tipis",2021-05-06,Thursday
"Sempat Naik di Awal Sesi Perdagangan, IHSG Ditutup Melemah",2021-05-06,Thursday
Memang Apa Bedanya sih IPO BUMN dan Swasta?,2021-05-06,Thursday
"IHSG Kumat! Sempat Hijau, Sesi I Malah Ditutup di Zona Merah",2021-05-06,Thursday
BCA Dorong UMKM Jadi Global Player,2021-05-07,Friday
"Pekan Depan Lebaran, Yuk Cari Cuan dari Saham Pilihan Ini",2021-05-07,Friday
Tenang! Layanan & Dana Tunai Bank Aman Selama Libur Lebaran,2021-05-07,Friday
"Saat IHSG Lesu & Transaksi Sepi, Asing Borong Saham Ini",2021-05-08,Saturday
"Mumpung Drop, Asing Buru ",2021-05-10,Monday
"Market Cap Unilever Drop Rp 18 T, Ditikung Astra! BCA Teratas",2021-05-10,Monday
"Persiapan Lebaran, Asing Borong Saham! IHSG Hijau Kuat",2021-05-10,Monday
"Jelang Lebaran, Asing Borong BBCA-TBIG & Lepas BBRI-TLKM",2021-05-10,Monday
"Hari Raya Idul Fitri, IHSG Longsor Lagi! Ambruk 0,6%",2021-05-11,Tuesday
Besok Libur! Jangan Kelewat Saham-saham Prospek Cuan Hari Ini,2021-05-11,Tuesday
"Lebaran Sebentar Lagi, Terkuak 10 Saham Paling Ramai Trading!",2021-05-11,Tuesday
"Ledakan Covid Bikin IHSG Drop, Asing Borong BCA & Lepas PGN",2021-05-17,Monday
"Ngegas di Awal, IHSG Rupanya Masih Loyo karena ",2021-05-17,Monday
"Market Cap BCA Naik Rp 10 T, Unilever Bangkit Salip Astra",2021-05-17,Monday
Masih ,2021-05-17,Monday
"Lemas Pascaliburan, Waduh IHSG Bakal Lanjut Merah di Sesi II",2021-05-17,Monday
"Pasar Saham RI Rontok, Asing Jualan & IHSG Ambruk Hampir 2%",2021-05-17,Monday
"Khawatir Covid-19 Meledak di RI, IHSG Akhirnya Tumbang 1,7%",2021-05-17,Monday
"IHSG Heroik! Asing Serok ANTM-UNTR, tapi Jualan BBRI-BBCA",2021-05-18,Tuesday
"Saham Big Cap Diobral, IHSG Tersungkur & Babak Belur",2021-05-18,Tuesday
Heroik! IHSG Ngegas Jelang Penutupan & Endingnya Hijau,2021-05-18,Tuesday
JPMorgan: GoTo Babak Baru Persaingan Raksasa SuperApp,2021-05-18,Tuesday
"Ada Merger GoTo, Saham Bank Jago Diobral Asing & Ambles 3,74%",2021-05-18,Tuesday
"Makasi buat Saham-saham Ini, Bikin IHSG Gak Bonyok Parah!",2021-05-18,Tuesday
"Bursa Saham RI Babak Belur Sendirian, Saat Bursa Asia Terbang",2021-05-18,Tuesday
"Alert! IHSG Diramal Terjun, Cek Saham-saham Potensi Serok",2021-05-18,Tuesday
"Bursa Asia Ijo Royo-Royo, IHSG Bisa Bangkit di Sesi II?",2021-05-18,Tuesday
"Jadi Perusahaan Paling Bernilai, BRI Libas Mandiri & BCA Cs",2021-05-18,Tuesday
"Masih Tak Bertenaga, IHSG Masuk Zona Merah!",2021-05-19,Wednesday
"Diobral Investor Asing, Saham Bank Gede Ambrol",2021-05-19,Wednesday
"JP Morgan Sebut GoTo Bakal di Bawah BCA, Seberapa Pantas?",2021-05-19,Wednesday
"GoTo Dual Listing, Apakah Periode Bakar Uang Sudah Selesai?",2021-05-19,Wednesday
"Ogah Beli IPO GoTo, Lo Kheng Hong Sebut Bank Jago-Tesla Mahal",2021-05-19,Wednesday
IHSG Terbang Pagi Ini Saat Kabar Taper Tantrum Mencuat,2021-05-20,Thursday
"Diborong Asing, Saham Bank Kakap RI Bergerak Naik",2021-05-20,Thursday
"Ogah Beli GoTo, Tesla & Bank Jago, Ini 5 Alasan Lo Kheng Hong",2021-05-20,Thursday
"Neraca Dagang Surplus & Pemerintah Optimis, Wuss IHSG Terbang",2021-05-20,Thursday
"Waspada! Ada GoTo, Dominasi Saham Bank Bakal Disalip Tech?",2021-05-20,Thursday
"Meski Naik 0,64% & Asing Belanja, IHSG Tak Mampu Lewati 5.800",2021-05-20,Thursday
"IHSG Gagal Tembus 5.800! Asing Beli BBCA-TLKM, Jual ANTM-GGRM",2021-05-20,Thursday
"IHSG dalam Tekanan, Jangan Halangi Cari Cuan dari Saham Ini",2021-05-20,Thursday
"Sad Ending! IHSG Ambles ke 5.700-an, Asing Borong Rp 131 M",2021-05-21,Friday
"IHSG Drop 0,4%, Lokal Jualan & Asing Nampung Borong Saham",2021-05-21,Friday
"Duh Kena PHP! Perdagangan Baru 1 Jam, IHSG Sudah Longsor Lagi",2021-05-21,Friday
"Unstoppable! Asing Kabur di 10 Saham Oke Ini, ANTM-GGRM",2021-05-21,Friday
Corona ,2021-05-22,Saturday
"Happy Monday! Siapin Kocek, Ini Dia Saham-saham Potensi Serok",2021-05-24,Monday
"Volatilitas Tinggi, IHSG Bertahan di Jalur Hijau pada Sesi 1",2021-05-24,Monday
"Market Cap BCA Drop Rp 15 T, HM Sampoerna Salip Chandra Asri",2021-05-24,Monday
"Vaksinasi Mandiri, BCA Alokasikan Rp 1 Juta Tiap Karyawan",2021-05-24,Monday
"Nasib...Nasib! IHSG Gak Kuat Nanjak, Mentok di 5.763",2021-05-24,Monday
"IHSG Merah, Asing Jualan BMRI-PGAS & Borong BBRI-BBCA",2021-05-24,Monday
IHSG ,2021-05-25,Tuesday
"Top! IHSG Terbang 1% Lebih, Asing Mulai Borong Saham",2021-05-25,Tuesday
"Asing Belanja, Ini Dia Big Cap yang Diborong & Dilepas",2021-05-25,Tuesday
"Diguyur Jelang Penutupan, IHSG Top! Transaksi Tembus Rp 23 T",2021-05-27,Thursday
"Saham Bank Mini Naik Berjamaah, Investor ",2021-05-27,Thursday
"Injury Time! Asing Lepas PGAS-BMRI, Borong TLKM-ASII",2021-05-27,Thursday
ANTM Kegeser! 10 Saham Ini Paling Favorit Trading Sebulan,2021-05-27,Thursday
Tok! Hary Tanoe Resmi Kantongi Izin Bank Digital MNC Bank,2021-05-27,Thursday
"Sempat Dekati 5.900, IHSG Bertahan di Zona Hijau pada Sesi 1",2021-05-28,Friday
Eks Bos Bursa: Pre-Closing Saham Rawan Jadi Mainan ,2021-05-28,Friday
"IHSG Happy Weekend! Asing Borong BBRI-BMRI, Lepas BBCA-TLKM",2021-05-28,Friday
Selamat! IHSG Berhasil Bertahan dan Ditutup di Zona Hijau,2021-05-28,Friday
Ini Dia Sederet Saham yang Bisa Bawa IHSG ,2021-05-28,Friday
"Live Now! Lagi Ramai Saham Tech, Sayonara Saham Bank?",2021-05-28,Friday
"Suntikan Tenaga dari Barat, IHSG Dibuka Berjaya Akhir Pekan",2021-05-28,Friday
"Ekonomi Paman Sam Pulih, IHSG Dapat Angin Surga?",2021-05-28,Friday
"Kemarin Dibanting di Akhir Sesi, Saham Bank Melesat Lagi",2021-05-28,Friday
Siap-siap IHSG Jajal 5.900! Cek Saham-saham Potensi Serok Ini,2021-05-28,Friday
Transaksi Rekor Rp 23 T! Catat 10 Saham Paling Ramai Trading,2021-05-28,Friday
"Sepekan IHSG Naik 0,9%, Asing Borong 4 Saham Big Cap Ini",2021-05-29,Saturday
"Cek! Ini Jadwal Pemblokiran Kartu ATM BCA, BRI, Mandiri & BNI",2021-05-30,Sunday
"Minat Investor ke Saham Bank Susut, Apa Gegara Kripto?",2021-05-31,Monday
"Live Now! Ritel Dibanting, Bandar Masih Setir Bursa Saham RI?",2021-05-31,Monday
IHSG Melesat! Asing Borong 6 Saham Big Cap Sekaligus,2021-05-31,Monday
"Harpitnas! IHSG Melesat 1% Lebih, Jawara Pasar Saham Asia",2021-05-31,Monday
"Investor Asing Menyerbu, IHSG Konsisten Menguat di Sesi 1",2021-05-31,Monday
Bank Jago Salip HM Sampoerna & Chandra Asri Sekaligus,2021-05-31,Monday
Saham Bank Mini ,2021-05-31,Monday
Kabar Baik! Saham Bank ,2021-05-31,Monday
"Kabar Baik! Sepekan Asing Jorjoran Belanja, 5 Saham Ini Laris",2021-05-31,Monday
"Penuh Sentimen Positif, Saham PTBA Melesat 6,3%",2021-06-02,Wednesday
"IHSG Dapat 4 Jempol! Asing Borong BBCA-ANTM, Jual EXCL-TLKM",2021-06-02,Wednesday
"PMI Moncer & Inflasi Oke! IHSG Terbang 1,4% Tembus 6.000",2021-06-02,Wednesday
"Sentimen Pulih, IHSG Tembus 6.000 di Akhir Trading Sesi 1",2021-06-02,Wednesday
Saham Bank Raksasa RI ,2021-06-02,Wednesday
"Sukses Balik ke 6.000, Ini Deretan Saham Penopang IHSG",2021-06-02,Wednesday
,2021-06-02,Wednesday
Ini 10 Saham Paling Banyak Diborong Asing Selama Mei 2021,2021-06-02,Wednesday
"Pegangan! IHSG Jajal 6.100, Ini Bocoran Saham-saham Pilihan",2021-06-02,Wednesday
"Kabar Baik! PMI Manufaktur RI Rekor Lagi, IHSG Tembus 6.000?",2021-06-02,Wednesday
Sayonara Mei! Ini Deretan 10 Saham Paling Laris Trading,2021-06-02,Wednesday
"Sektor Manufaktur Bikin Gembira, IHSG-Rupiah Siap Berjaya!",2021-06-02,Wednesday
"Asing Borong Saham Bank RI, tapi Saham Infrastruktur Diobral",2021-06-03,Thursday
"Asing Borong BBCA & BBRI Gede-gedean, IHSG Melesat 1%",2021-06-03,Thursday
"BCA Pede Bisnis Kartu Kredit Naik 6% di 2021, Ini Alasannya!",2021-06-03,Thursday
"Sudah Terbang 5 Hari Beruntun, IHSG Dibuka Galau! Asing Cabut",2021-06-03,Thursday
"Sempat Tergelincir pada Pagi, IHSG Berakhir Menguat di Sesi 1",2021-06-03,Thursday
"Cuan Akhir Pekan, Cek Saham-Saham Pilihan Ini",2021-06-04,Friday
Duh IHSG Merah! Asing Curi Kesempatan Borong 5 Saham Ini,2021-06-04,Friday
"Aroma Cuan, Semester II-2021 Saham 2 Sektor Ini Jadi Sasaran",2021-06-04,Friday
"No Happy Weekend IHSG, tapi Asing Borong 4 Saham Big Cap!",2021-06-04,Friday
"IHSG Naik Tipis, Asing Borong Saham Telkom & Serok Cuan BRI",2021-06-07,Monday
Obral-obral! Sepekan Asing Jualan 10 Saham Non-Big Cap Ini,2021-06-07,Monday
"Terkuak! Tak Ada Anthoni Salim di Pemegang Saham BCA, Dijual?",2021-06-07,Monday
"Asing Profit Taking Rp 135 M, IHSG Naik Tipis di Sesi I",2021-06-07,Monday
"Jejak Bisnis Grup Salim di Perbankan RI, BCA-INA hingga MEGA!",2021-06-07,Monday
"Market Cap BRI Tambah Rp 33 T, Saat Chandra Asri Salip Emtek",2021-06-07,Monday
Masih Ngebet Pilih Saham Big Cap? Ini Rekomendasinya,2021-06-08,Tuesday
"Anthoni Salim Tak Ada di Pemegang Saham, Ini Kata Bos BCA!",2021-06-08,Tuesday
"IHSG Jajal 6.100, Ini Bocoran Saham-saham Pilihan Serok!",2021-06-08,Tuesday
"Asing Masih Profit Taking, IHSG Dibuka Galau Tentukan Arah",2021-06-08,Tuesday
"IndiHome Trending Topic Karena Lemot, Saham Telkom Jeblok",2021-06-09,Wednesday
"Asing Masuk, Saham Bank-bank Besar Kompak Naik",2021-06-09,Wednesday
"Heroik! Dibuka Merah, IHSG Sesi I Anteng di Atas Level 6.000",2021-06-09,Wednesday
"Top! 245 Saham Ngamuk, Asing Borong Rp 146 M, IHSG Melesat",2021-06-09,Wednesday
"IHSG Melesat Lagi, Asing Rebutan Borong 5 Saham Big Cap!",2021-06-09,Wednesday
"Standing Applause! IHSG Sukses Meroket 1%, Tembus Lagi 6.100",2021-06-10,Thursday
"Bersiap IHSG ke 6.100, Ini Bocoran Saham-saham Prospek Cuan!",2021-06-10,Thursday
"Duo BBCA-BBRI Diborong Asing, Angkat IHSG Mepet ke 6.100",2021-06-10,Thursday
"IHSG Balik 6.100, Asing Kembali Borong 5 Saham Big Cap",2021-06-10,Thursday
"IHSG Berakhir Merah Akhir Pekan, Asing Borong 4 Saham Big Cap",2021-06-11,Friday
"IHSG Ditutup Keluar dari 6.100, Asing Masuk Nego Rp 2 T",2021-06-11,Friday
Duh! Kejatuhan Sederet Saham Ini Bikin IHSG Ambles Lagi,2021-06-11,Friday
"Meski Koreksi Tipis, IHSG Masih Bertengger di 6,100",2021-06-11,Friday
Happy Weekend! IHSG Naik & Asing Borong 3 Saham Big Cap ini,2021-06-12,Saturday
"Saling Salip, ASII Tinggalkan UNVR & Saat TPIA Tekuk HMSP",2021-06-14,Monday
"IHSG Pede di Zona Hijau, Saat Asing Borong Saham BRI & BCA",2021-06-14,Monday
"Dipimpin Reli BABP, IHSG Aman di Zona Hijau pada Sesi Pertama",2021-06-14,Monday
"Rights Issue Bayar Utang BCA & Shinhan, Saham TIFA kena ARB!",2021-06-14,Monday
"Efek Pembobotan Free Float, 30 Emiten Big Cap Ini Terdampak!",2021-06-15,Tuesday
"IHSG Menguat! Asing Borong 4 Saham Big Cap, BMRI-TLKM",2021-06-15,Tuesday
"Neraca Dagang Selamatkan IHSG, Asing Masuk Rp 214 M!",2021-06-15,Tuesday
"Kemarin Drop, Ini Saham-saham Biang Kerok IHSG Nyungsep!",2021-06-15,Tuesday
"Goks! Naik 11.000%, Saham DCII jadi yang Termahal di Bursa RI",2021-06-15,Tuesday
"Degdegan Tunggu The Fed, Ini Bocoran Saham-saham Prospek Cuan",2021-06-16,Wednesday
"Deretan 5 Fakta Saham DCII, Meroket 11.000% Wajar Gak sih?",2021-06-16,Wednesday
"IHSG Lebil! Sempat Dibuka Merah, tapi Berhasil Pindah Hijau",2021-06-16,Wednesday
"Sempat Berusaha Bangkit, IHSG Menutup Sesi 1 di Zona Merah",2021-06-16,Wednesday
"IHSG Loyo, Asing Beli Saham MDKA-BMRI & Jual PGAS-BBCA",2021-06-17,Thursday
"Saham Bank BUKU IV Diobral, Takut Hasil Rapat BI Hari Ini?",2021-06-17,Thursday
Meroket 14.000% Saham Otto Sugiri Digembok Bursa Lagi,2021-06-17,Thursday
"Duh, IHSG Merah di Sesi 1 Padahal Asing Cetak Net Buy",2021-06-17,Thursday
"Saham Bank Raksasa Ambles, saat IHSG ",2021-06-18,Friday
IHSG Ambruk! Asing Lepas BBRI-MDKA & Buru 4 Saham Big Cap,2021-06-18,Friday
Potensi Cuan Gede Ekonomi Digital & Rencana CT Buat Super App,2021-06-20,Sunday
"Depak HMSP, Saham DCII Milik Salim Resmi Masuk 10 Big Cap!",2021-06-21,Monday
"Nyerah! Sempat di 6.000, IHSG Ikhlas Ditutup Melemah 0,18%",2021-06-21,Monday
,2021-06-21,Monday
"Heroik! Sempat Ambruk 2%, IHSG Pangkas Koreksi di Sesi I",2021-06-21,Monday
IHSG Jeblok! Asing Lepas BBCA-ASII & Borong 5 Saham Big Cap,2021-06-21,Monday
"Live Now! Jangan Kelewat Saham-saham Bank, Ini Bocorannya",2021-06-22,Tuesday
"Mau Delisting, Kinerja Tiphone Moblie Babak Belur",2021-06-22,Tuesday
"IHSG Melesat, Asing Lepas BBRI-BBCA & Koleksi BMRI-BRPT",2021-06-22,Tuesday
"Gak Peduli Covid Tembus 2 Juta, IHSG Terbang 1,5%",2021-06-22,Tuesday
Waswas Covid-19! Intip Dulu Saham Potensi Serok Hari Ini,2021-06-22,Tuesday
,2021-06-23,Wednesday
"Demi Ekspor RI, BCA ",2021-06-23,Wednesday
"Pilih Mana BRI, BCA atau Bank Jago? Simak Rekomendasinya",2021-06-23,Wednesday
IHSG Anyep Lagi! Asing Jualan BBRI-BMRI & Borong TLKM-BBNI,2021-06-23,Wednesday
"Tiphone PKPU & Mau Delisting, BCA Tagih Piutang Rp 636 M",2021-06-24,Thursday
"Cek nih! Bocoran Target Harga Saham BCA, BRI, Mandiri, BNI",2021-06-24,Thursday
"Asing Rebutan 4 Saham Big Cap, tapi Obral Saham TLKM-BFIN",2021-06-24,Thursday
Intip 9 Kabar Bursa Saham: Jadwal IPO Bukalapak-Bank MAS,2021-06-24,Thursday
Bingung Borong Apa? Simak Saham-saham Prospek Cuan Hari Ini,2021-06-24,Thursday
"Bukan Big Cap, 10 Saham Ini Ramai Banget Frekuensinya!",2021-06-25,Friday
Terungkap...Nama Bank Digital BCA nih! Siap-siap,2021-06-25,Friday
"Gak Peduli Corona Rekor, IHSG Terbang hampir 1%!",2021-06-25,Friday
"Happy Weekend! IHSG Hijau Tipis, Asing Borong Rp 160 M",2021-06-25,Friday
"Asing Kepincut Borong TLKM-FREN, tapi Jualan Saham BBCA-BFIN",2021-06-25,Friday
Ssstt.. Nih Nama Bank Digital Milik BCA,2021-06-26,Saturday
"Unilever Salip Bank Jago, Emiten IT Salim Masuk 10 Besar",2021-06-28,Monday
"Asing Lepas BCA-Astra, Borong Saham Bank Mandiri & Unilever",2021-06-28,Monday
"Corona RI Mengkhawatirkan, IHSG Ambruk 1% Lebih di Sesi II",2021-06-28,Monday
"Alert! IHSG Tumbang, Investor Khawatir Rekor Kasus Covid-19",2021-06-28,Monday
"Covid-19 Memburuk, IHSG Jatuh Lewati Level 6.000 di Sesi 1",2021-06-28,Monday
"Covid-19 Tinggi tapi Tetap Harus Cuan, Cek Sederet Saham Ini",2021-06-28,Monday
"Bank Big Cap Waswas, Terancam Digeser Saham Tech Kayak di AS?",2021-06-28,Monday
"Asing Obral 10 Saham Ini Sepekan, EXCL hingga Gudang Garam!",2021-06-28,Monday
"Ini 8 Kabar Heboh dari Pasar, Ada 12 Leasing Gulung Tikar",2021-06-28,Monday
"Ada Kabar 1 Juli PPKM Darurat, IHSG Cuma Menguat Tipis",2021-06-29,Tuesday
"IHSG Sulit Move On karena Covid, Ini Sederet Saham Bisa Cuan",2021-06-29,Tuesday
"IHSG Sekuat Tenaga Coba Balik ke 6.000, Meski Dihantui Corona",2021-06-29,Tuesday
"Covid-19 Meledak, BCA Tutup Sebagian Kacab di Jabodetabek",2021-06-29,Tuesday
"Bertahan di Zona Hijau di Sesi 1, IHSG Gagal ke Level 6.000",2021-06-29,Tuesday
Berhembus Kabar Ada ,2021-06-29,Tuesday
"Asing Mulai Borong Saham Big Cap Murah, Meski Bakal Ada PPKM",2021-06-29,Tuesday
Dear Milenial! Mau Beli Rumah? Ada KPR Bunga Rendah dari BCA,2021-06-30,Wednesday
"Sentimen Berbalik Positif, IHSG Sempat Sentuh 6.000 di Sesi 1",2021-06-30,Wednesday
Kena Prank! Saham Teknologi Rontok Berjamaah & Kena ARB,2021-06-30,Wednesday
Kronologi BCA Tutup Sebagian Kacab karena Covid ,2021-06-30,Wednesday
"Ada Peluang Cuan Hari Ini, Cek Sederet Saham dari Broker",2021-06-30,Wednesday
"Ini Dia 10 Saham Paling Ramai Trading, Ada Duo BBRI-BRIS!",2021-06-30,Wednesday
Ini Dia Daftar ETF Indonesia yang Mendunia,2021-06-30,Wednesday
"Tak Ada Lockdown Hanya PPKM Darurat, Bursa Saham RI Hijau",2021-06-30,Wednesday
"IHSG Tembus 6.000! Asing Jual BBCA-TLKM, Borong Duo Salim",2021-07-01,Thursday
"IHSG Bertahan di 6.000, Meski 3 Juli Mulai PPKM Darurat",2021-07-01,Thursday
"PPKM Darurat Berlaku 3 Juli, Ini Jadwal Cabang Mandiri-BCA",2021-07-01,Thursday
"PPKM Mikro Darurat Berlaku, BCA Ubah Jadwal Operasional Kacab",2021-07-01,Thursday
"Rapor Saham 8 Bank Milik Crazy Rich RI, Siapa Jawara di Juni?",2021-07-01,Thursday
"IHSG Perkasa Balik ke 6.000, Meski Ada PPKM Mikro Darurat",2021-07-01,Thursday
"Bersiap PPKM Darurat, Cek Bocoran Saham Pilihan di Awal Juli!",2021-07-01,Thursday
"Bank BCA Digital Bakal IPO di Bursa, Ini Bocoran Bos BCA",2021-07-01,Thursday
"Bocoran Bank BCA Digital Bakal IPO, Siapkan Kocek Gaes!",2021-07-02,Friday
"Cek 7 Informasi Penting Ini, Ada Rencana BCA Digital Mau IPO",2021-07-02,Friday
Thank God Its Friday! Cek Saham-saham Prospek Cuan Hari Ini,2021-07-02,Friday
"Saham Terkait Pandemi Diburu, IHSG Konsisten HIjau di Sesi 1",2021-07-02,Friday
"Tak Gentar PPKM Darurat, IHSG Menguat Mantap di Atas 6.000",2021-07-02,Friday
Di Akhir Pekan Asing Masih Obral Saham Telkom & Borong Astra,2021-07-02,Friday
"IHSG Melemah 0,3%, tapi Berhasil Bertahan di Level 6.000",2021-07-05,Monday
"Wah! Efek Bukalapak-GoTo, Bobot Sektor Tech ke IHSG Bisa Naik",2021-07-05,Monday
"Alamak! Market Cap TLKM Turun Rp 18 T, DCII Masih 10 Besar",2021-07-05,Monday
Mulai ,2021-07-05,Monday
"PPKM Mikro, Limit Transfer KlikBCA Naik Jadi Rp 500 juta/hari",2021-07-05,Monday
"PPKM Darurat! Ini Jam Buka BRI, BCA, BNI, Mandiri-Bank BTN",2021-07-05,Monday
"IHSG Sulit Gerak, Saham-saham Raksasa Ini Jadi Biang Kerok",2021-07-05,Monday
"Mumpung IHSG Galau, Cek Deretan Saham Prospek Cuan Hari Ini!",2021-07-06,Tuesday
"Diskon PPnBM Diperpanjang, Cek Bunga-Syarat Kredit Mobil BCA",2021-07-06,Tuesday
Corona ,2021-07-06,Tuesday
"Putar Otak, Bos BCA Beberkan Jurus Genjot Kredit Saat Pandemi",2021-07-07,Wednesday
"IHSG Cuma Koreksi Tipis, Asing Obral Saham Bank Raksasa",2021-07-07,Wednesday
Buka-bukaan Bos OJK-Presdir BCA soal Nasib Kredit saat PPKM,2021-07-07,Wednesday
"Kasus Covid Mencekam, Transaksi Meledak & IHSG Koreksi Tipis",2021-07-07,Wednesday
"Covid RI Bikin Waswas, Cek Dulu Saham-saham Prospek Cuan Ini!",2021-07-08,Thursday
IHSG Dibuka Hijau Meski Sentimen Dalam & Luar Negeri Mixed,2021-07-08,Thursday
"The Fed ""Santuy"", IHSG Betah di Zona Hijau Sepanjang Sesi 1",2021-07-08,Thursday
"Penonton Kecewa! IHSG Merah Tipis Lagi, 288 Saham Drop",2021-07-08,Thursday
"Asing Rebutan 3 Saham Bank Big Cap, tapi Lepas BBCA-TLKM",2021-07-08,Thursday
"Global Sell-Off & Covid Rekor Tertinggi, IHSG Bertahan Hijau",2021-07-09,Friday
"Rogoh Rp 325 M, Alam Sutera Rampungkan Tender Offer Obligasi",2021-07-09,Friday
"Ditanya BEI soal IPO Bank BCA Digital, Ini Jawaban BCA",2021-07-12,Monday
Dua Faktor Ini Ikut Dorong IHSG Akhiri Sesi 1 di Jalur Hijau,2021-07-12,Monday
"Diam-diam Bank Jago Pepet Astra, Market Cap BCA-BRI Merosot!",2021-07-12,Monday
"Emiten Lo Kheng Hong Dapat Utang, Gali Lubang Tutup Lubang",2021-07-12,Monday
Awal Pekan Asing Borong Saham ICBP-INCO & Lepas INTP-MNCN,2021-07-12,Monday
Mulai Rotasi Lagi? Asing Mulai Borong Saham ANTM-INCO Cs,2021-07-13,Tuesday
"Bukan PPKM Darurat, tapi Bandar Obral Saham & IHSG Ambles 1%",2021-07-13,Tuesday
"Cek Jadwalnya! 5 Bank BUKU IV Gelar Vaksinasi, Bidik 144.000",2021-07-13,Tuesday
"Investor Cemas PPKM Darurat Diperpanjang, IHSG Tumbang 1%",2021-07-13,Tuesday
"PPKM Bisa Diperpanjang 6 Pekan, IHSG Melemah di Sesi Pertama",2021-07-13,Tuesday
IHSG Terguncang! Dibuka Hijau Pelan-pelan ke Zona Merah,2021-07-13,Tuesday
Simak 10 Kabar Penting Ini untuk Berburu Cuan Hari Ini,2021-07-13,Tuesday
"Covid Harian Tembus 40.000/hari, Siap Serok Saham-saham Ini?",2021-07-13,Tuesday
"IHSG Terguncang & Drop 1%, Investor Ritel Mau Beli Bukalapak?",2021-07-14,Wednesday
"Investor Masih Ketar-Ketir, IHSG Drop 50 Poin di Akhir Sesi 1",2021-07-14,Wednesday
"Kabar Investor Lego Saham demi IPO Unicorn, IHSG Drop Lagi!",2021-07-14,Wednesday
"Asing Mulai Khawatir Kasus Covid RI, Obral Saham Big Cap",2021-07-14,Wednesday
"Duh! Kasus Covid RI Dekati 50.000, IHSG Terpental dari 6.000",2021-07-14,Wednesday
Reshuffle LQ45! Ini Sederet Saham Bakal Ditendang & Dipinang,2021-07-14,Wednesday
"Kasus Covid Rekor 54.000/hari, Cek Saham-saham Pilihan Ini!",2021-07-15,Thursday
"Saham Bank Raksasa RI Hijau Berjamaah, Bawa IHSG to The Moon",2021-07-15,Thursday
"Pandu Sjahrir: Jika GoTo IPO, Market Cap Dekati BCA-BRI-TLKM",2021-07-15,Thursday
Investor Nantikan Kolaborasi 3 BUMN Ultra Mikro Dipimpin BRI,2021-07-15,Thursday
"Kasus Covid Tambah 56.000, Ini Dia Bocoran Saham Prospek Cuan",2021-07-16,Friday
"IHSG Berpotensi Hijau, Cek 8 Kabar Penting Sebelum Cari Cuan",2021-07-16,Friday
IHSG Kembali Tutup Sesi 1 di Zona Hijau Berkat Sentimen Nikel,2021-07-16,Friday
"Terima Nasib! IHSG Drop Nyaris 1%, Kompak dengan Bursa Asia",2021-07-19,Monday
"BCA-BRI Masih Jawara, Market Cap Bank Jago Resmi Salip Astra",2021-07-19,Monday
"Asing Buru Saham TLKM-AGRO, Lepas Saham BBCA-BMRI",2021-07-19,Monday
"Asing Masuk Bursa RI, Simak Saham Pilihan Cuan Hari Ini",2021-07-19,Monday
"Antisipasi PPKM Darurat Lanjutan, IHSG Merah di Akhir Sesi 1",2021-07-19,Monday
"PPKM Darurat Tak Sampai Agustus, IHSG Dibuka Penuh Semangat",2021-07-21,Wednesday
"Dana Asing Masuk Bursa RI, Saham Big Cap Diborong",2021-07-21,Wednesday
"Tembus Rp 200 T, Market Cap ARTO Libas 5 Bank BUKU IV",2021-07-21,Wednesday
"Asing Serok Saham ASII & BMRI, IHSG Berakhir di Zona Hijau",2021-07-21,Wednesday
Cara Berburu Saham Bluechip Cuan di Tengah Ketidakpastian,2021-07-22,Thursday
Bos BCA: IPO BCA Digital Tidak Mau Jual Cerita,2021-07-22,Thursday
Bos BCA Sebut PPKM Darurat Berdampak pada Penyaluran Kredit,2021-07-22,Thursday
"IHSG Terbang! Asing Rebutan BBCA-ADRO, Jualan EMTK-SCMA",2021-07-22,Thursday
"Semester I, Laba BCA Melesat 18% Jadi Rp 14,5 T",2021-07-22,Thursday
"Sakti! BI Tahan Suku Bunga, IHSG Terbang 1,78% ke Atas 6.100",2021-07-22,Thursday
"Kantongi 25.000 Nasabah Platform blu, BCA Digital Bidik IPO!",2021-07-22,Thursday
"Sentimen Global Menguat Lagi, IHSG Akhiri Sesi 1 di 6.107",2021-07-22,Thursday
"Asing Ramai-ramai Masuk, Saham Bank Kelas Kakap Menghijau",2021-07-22,Thursday
"Thanks Para Nakes! Kasus Covid Mulai Turun, IHSG Terbang 1%",2021-07-22,Thursday
Cari Cuan Yuk! Simak Sederet Saham Pilihan Broker Ini,2021-07-22,Thursday
Ini Sederet Kecanggilan Fitur Blu dari Bank Digital BCA,2021-07-22,Thursday
"Bank Mulai Pangkas Jumlah Kantor Cabang-ATM, Cek Faktanya!",2021-07-23,Friday
"Bos BCA Sebut 80% Transaksi Banknya Sudah Digital, ATM Turun",2021-07-23,Friday
"IHSG Loyo Lagi, Asing Koleksi ANTM-INCO & Lepas UNVR-WIKA",2021-07-23,Friday
Bak ,2021-07-23,Friday
BEI Sebut Saham Big Cap Sudah ,2021-07-23,Friday
"Ikuti Tren Bursa Asia, IHSG Ditutup Melemah 0,7% di Sesi 1",2021-07-23,Friday
"Dihantam Pandemi, Ini Ramalan Bos BCA soal Laju Kredit-NPL",2021-07-23,Friday
"Laba Turun 15%, Saham Unilever Diobral Asing & Harga Ambles",2021-07-23,Friday
Jangan Lupa Baca 8 Kabar Pasar Ini Sebelum Berburu Cuan,2021-07-23,Friday
"H1-2021, Laba BCA Melesat 18,1% (yoy)",2021-07-23,Friday
"IHSG Tak Kuat Terbang, Melipir Masuk ke Zona Merah",2021-07-23,Friday
"Cek nih! Target Harga Terbaru BBCA Usai Cetak Laba Rp 14,5 T",2021-07-26,Monday
"PPKM Diperpanjang Tapi Longgar, IHSG Terbang Hari Ini?",2021-07-26,Monday
"Baca 8 Informasi Penting Ini, Biar Bisa Cuan Maksimal",2021-07-26,Monday
"PPKM Level 4 Diperpanjang, Simak Saham Pilihan Cuan Hari Ini",2021-07-26,Monday
"Jokowi Perpanjang PPKM Level 4, IHSG Pede Tembus Level 6.116",2021-07-26,Monday
"Ditopang Komoditas & Digital, IHSG Tutup Sesi 1 di Zona Hijau",2021-07-26,Monday
"Waduh! Market Cap Chandra Asri Anjlok, Disalip EMTK",2021-07-26,Monday
"Meski Terpangkas, IHSG Ditutup Perkasa! Asing Jualan Rp 213 M",2021-07-26,Monday
"IHSG Hijau! Asing Lepas UNVR-DMMX, Borong TLKM-MIKA",2021-07-26,Monday
"Asing Rebutan Saham ARTO-TLKM, tapi Obral ANTM-UNTR!",2021-07-27,Tuesday
"Asing Masuk, IHSG Malah Terlempar dari Level 6.100!",2021-07-27,Tuesday
"Investor Ritel Beralih ke Small Cap, Masih Oke Lirik LQ45?",2021-07-27,Tuesday
Terkuak! Bank-bank RI Masih Kasih Utang ke Batu Bara Rp 89 T,2021-07-27,Tuesday
Berharap Sentimen Positif dari Pertemuan AS-China,2021-07-27,Tuesday
"Update Orang Terkaya RI, Ada yang Hartanya Melesat Rp 4 T!",2021-07-27,Tuesday
"IHSG Lemas! Asing Lepas BFIN-PGAS, Koleksi Saham ARTO-LPPF",2021-07-28,Wednesday
"Tensi AS-China Panas Lagi, IHSG Merah Tipis di Level 6.088",2021-07-28,Wednesday
"Saham Bank Jago All Time High Lagi, Berapa Cuan Jerry Ng dkk?",2021-07-28,Wednesday
"Kasus Covid RI Masih Ngeri, Cek Bocoran Saham-saham Pilihan!",2021-07-28,Wednesday
"Cek Gaes Daftar Terbaru Orang Terkaya RI, Real Time!",2021-07-28,Wednesday
"Degdeg Ser Tunggu Hasil Rapat The Fed, IHSG Balik ke 6.100",2021-07-28,Wednesday
"Update Daftar Orang Terkaya di Indonesia, Hartanya Amazing!",2021-07-29,Thursday
Saham Bank Jago Rekor! Jerry Ng Jadi Orang Terkaya Nomor 5 RI,2021-07-29,Thursday
Gak Peduli RI Kedatangan si ,2021-07-29,Thursday
"IHSG Bangkit Lagi, Asing Buru TLKM-BBRI & Lepas BMRI-ASII",2021-07-29,Thursday
"Data Realtime, Cek Daftar 22 Orang Terkaya di Indonesia!",2021-07-30,Friday
"Angin Segar dari Ekonomi AS, Akankah Menular ke yang Lain?",2021-07-30,Friday
Its Friday! Yuk Cek Bocoran Saham-saham Pilihan Hari Ini,2021-07-30,Friday
Kabar Baik dari Paman Sam Bikin IHSG Hijau di Akhir Juli,2021-07-30,Friday
Cuan! Laba Perusahaan Milik Orang Terkaya RI Tembus Rp 15 T,2021-07-30,Friday
Pengumuman! BCA Putuskan Stock Split dengan Rasio 1:5,2021-07-30,Friday
BBCA Akan Stock Split Dengan Rasio 1:5,2021-07-30,Friday
"Stock Split 1:5, Jadi Berapa Harga Saham BCA?",2021-07-31,Saturday
"Kebutuhan Dana Tunai Melonjak, BCA Naikkan Limit Tarik di ATM",2021-08-02,Monday
Cerita Bos BCA: Tanda Tangan Cek Basah Mulai Ditinggalkan,2021-08-02,Monday
Terjun Bebas! Market Cap UNVR Disalip Emtek-Chandra Asri,2021-08-02,Monday
Hari Ini Asing Borong Saham TLKM-UNVR & Obral BBCA-BBRI,2021-08-02,Monday
"Sempat Tertekan, IHSG Menguat Ditopang Net Buy Asing",2021-08-02,Monday
"Lolos dari Koreksi, IHSG Bertahan di Zona Hijau pada Sesi 1",2021-08-02,Monday
IHSG Gelisah Tunggu Keputusan Pemerintah Soal PPKM,2021-08-02,Monday
"Begini Daya Tarik Saham BBCA, TLKM & UNVR & Target Harganya",2021-08-02,Monday
"Mau Stock Split, Terpantau Saham BCA Mulai Diborong Investor",2021-08-02,Monday
"Dear Investor! FYI, Ini Saham yang Diborong Asing di Juli",2021-08-02,Monday
"Cek 10 Kinerja Emiten di BEI, Laba HMSP & GGRM hingga Maybank",2021-08-02,Monday
Cek! Ini 10 Saham Tawarkan Cuan dengan Modal di Bawah Sejuta,2021-08-02,Monday
"Saham-saham Big Cap Rontok Berjamaah, Saatnya Masuk!",2021-08-03,Tuesday
IHSG Kokoh! Asing Serok Saham BBCA-ASII & Jualan ARTO-BMRI,2021-08-03,Tuesday
"Asing Borong Rp 200 M, IHSG Ditutup Anteng di 6.130",2021-08-03,Tuesday
"Live Now! Bakal Ada Stock Split Saham Bank RI, Sikat Gak?",2021-08-03,Tuesday
"Pasar Tak Lagi ""Parno"", IHSG Akhiri Sesi 1 dengan Reli 0,6%,",2021-08-03,Tuesday
"PPKM Level 4 Diperpanjang, tapi IHSG Sukses Dibuka Hijau",2021-08-03,Tuesday
"PPKM Jokowi Berlanjut, Ini Bocoran Saham-saham Pilihan!",2021-08-03,Tuesday
"Saham BCA Bangkit & Menguat 3% Lebih, Tanda Apa Ini?",2021-08-03,Tuesday
"Data Covid-19 Membaik, Cek Bocoran Saham Potensi Cuan Ini!",2021-08-04,Wednesday
Pertimbangkan Ini Sebelum Borong Saham Yang Mau Stock Split,2021-08-04,Wednesday
"Kasus Covid Terkendali, tapi IHSG Malah Kehilangan Tenaga",2021-08-04,Wednesday
"Dear Investor Ritel, Cek Dulu nih Rekam Jejak Stock Split BCA",2021-08-04,Wednesday
"Pasar Kian Optimistis, IHSG Akhiri Sesi 1 di Zona Hijau Lagi",2021-08-04,Wednesday
"Kasus Baru Covid-19 Mulai Turun, IHSG Sumringah Hari Ini",2021-08-04,Wednesday
Asing Borong 3 Saham Bank Himbara & Lepas BFIN-HRUM,2021-08-04,Wednesday
Simak! Ada Kabar Baik dari JPMorgan Soal Pasar Saham RI,2021-08-05,Thursday
IHSG Melesat! Asing Borong 5 Saham Big Cap & Lepas ADRO-MEDC,2021-08-05,Thursday
"RI Resmi Keluar dari Resesi, IHSG Sukses Finis di 6.200++",2021-08-05,Thursday
Semenarik Apa Saham yang Mau Stock Split Bagi Investor Ritel?,2021-08-05,Thursday
Ini 5 Emiten LQ45 yang sudah ,2021-08-05,Thursday
"Jelang Pengumuman PDB, IHSG Tembus 6.200! Asing Borong Bank",2021-08-05,Thursday
"Belanja Rp 6 T, Simak Deretan 10 Saham Favorit Asing 3 Bulan!",2021-08-05,Thursday
"Stock Split 1:5, Benarkah Saham BCA jadi Lebih Menarik?",2021-08-05,Thursday
"Anjlok! IHSG Keluar dari Level 6.200, Ini Biang Keroknya",2021-08-06,Friday
"Dari Bank Sampai Teknologi, Ini Saham Favorit Fund Manager",2021-08-06,Friday
"Jelang Akhir Pekan, Asing Obral BUKA-BBRI & Borong ASII-BMRI",2021-08-06,Friday
"Cek Jadwal BCA, BRI, BNI, Mandiri Saat Libur 1 Muharram!",2021-08-09,Monday
"Libur Tahun Baru Islam Digeser, Ini Jadwal BRI, Mandiri & BNI",2021-08-09,Monday
"IHSG Ambruk, Asing Lepas BUKA-FREN & Koleksi BBCA-ASII",2021-08-09,Monday
"Tunggu Jokowi, IHSG Ambruk 1% Lebih! Asing Kabur Rp 727 M",2021-08-09,Monday
"Goks! Market Cap BRI Melesat Rp 27 T, Emtek Merosot Jauh",2021-08-09,Monday
"Saham BUKA Tembus ARA Lagi, IHSG Terkoreksi di Closing Sesi 1",2021-08-09,Monday
"Tunggu Pengumuman Jokowi, Cek Dulu Saham-saham Potensi Cuan!",2021-08-09,Monday
Siap-siap! Bakal Ada Investor Kakap AS Lirik Bank Digital RI,2021-08-09,Monday
"Dag Dig Dug Tunggu Pengumuman Jokowi, IHSG Longsor 1,2%",2021-08-09,Monday
IHSG Berantakan! Asing Koleksi ASII-BBCA & Lepas BUKA-BBRI,2021-08-10,Tuesday
Bos BCA Bicara Masa Depan Bank Digital di Indonesia,2021-08-10,Tuesday
"Kalahkan 42 Bank Lain, Bank bjb Juara 1 Bank Go Public",2021-08-10,Tuesday
"BCA Digital Siap IPO di BEI, Ini Persiapannya!",2021-08-10,Tuesday
"Koreksi 1% Lebih & Asing Jualan, Ada Apa dengan IHSG?",2021-08-10,Tuesday
Bos BCA: Stock Split Biar Tak Mahal untuk Milenial,2021-08-10,Tuesday
Buka-bukaan Bos BCA Soal Rencana Stock Split Saham 1:5,2021-08-10,Tuesday
Rupanya Ini Saham-saham Bikin IHSG Sempat Ambles 1% Lebih,2021-08-10,Tuesday
"Meski Pangkas Koreksi, IHSG Tetap Bertahan di Level 6.000",2021-08-10,Tuesday
Hari Ini BRI-Mandiri-BNI Buka? Cek Jadwal Terbarunya,2021-08-11,Wednesday
Prediksi Bos BCA: Hanya Ada 3 Bank Digital Besar di RI,2021-08-11,Wednesday
Jurus BCA Pertahankan Profitabilitas Saat Pandemi,2021-08-11,Wednesday
"Asing Hobi Lepas Saham Bukalapak-HMSP, Borong BBCA-UNTR!",2021-08-12,Thursday
"Saham BBCA Diborong Asing, IHSG Terbang Tinggi Usai Libur!",2021-08-12,Thursday
Catat! Ini Daftar Calon Bank Digital di Indonesia,2021-08-12,Thursday
Cek! Ini Bocoran Bos BCA soal Persiapan IPO Bank Digital BCA,2021-08-12,Thursday
"Duh! IHSG Galau, Dibuka Hijau Sempat Parkir di Zona Merah",2021-08-12,Thursday
"Ada Sinyal IHSG Bangkit, Cek Sederet Saham Pilihan Cuan",2021-08-12,Thursday
Alasan Bos BCA Prediksi Hanya Ada 3 Bank Digital Besar di RI,2021-08-12,Thursday
"Sempat Lewati Palung Koreksi, IHSG Tutup Sesi 1 di Zona Hijau",2021-08-12,Thursday
"Akhir Pekan, Asing Borong Bukalapak-BCA, Jualan BMRI-WIKA",2021-08-13,Friday
Canggih! Begini Tampilan Kantor Cabang BCA di Masa Depan,2021-08-13,Friday
Meski ,2021-08-13,Friday
"Greysia-Apri Dapat Rp 5,5 M, Duit Segitu Bisa Beli Saham Apa?",2021-08-13,Friday
"Duh! IHSG Goyang, Dibuka Hijau tapi Sekarang Merah",2021-08-13,Friday
"Meski IHSG Merah Tipis, Asing Kembali Borong Bluechip",2021-08-13,Friday
Ramalan Bos BCA: Cuman Ada 3 Bank Digital Besar di RI,2021-08-13,Friday
"Kabar Hari Ini: Kongsi Grup Salim-Emtek, IPO Bank Digital BCA",2021-08-13,Friday
"Diterpa Aksi Ambil Untung, IHSG Tergelincir di Closing Sesi 1",2021-08-13,Friday
"Bos BCA Ramal Hanya 3 Bank Digital Besar di RI, Alasannya?",2021-08-14,Saturday
Ramalan Bos BCA Apa Terbukti? Hanya 3 Bank Digital Bertahan,2021-08-14,Saturday
Siapa Crazy Rich Singapura yang Salip Harta Duo Hartono RI?,2021-08-16,Monday
Tantangan Bank Digital & Ramalan ,2021-08-16,Monday
Cek Dulu Gan! Deretan Saham Diborong-Dilepas Asing Sepekan,2021-08-16,Monday
"IHSG Berpeluang Menguat, Cek Saham Pilihan untuk Cari Cuan",2021-08-16,Monday
"IHSG Goyah Saat Pembukaan, Harpitnas Bikin Investor Keder",2021-08-16,Monday
"Market Cap BCA Melesat Rp 30 T, tapi Emtek Menyusut Rp 20 T",2021-08-16,Monday
"Mau Ngikut Pak Ustadz Serok Saham Gocap? Baca Ini Dulu, Gaes!",2021-08-16,Monday
Hari Kejepit! Asing Borong Saham BUKA-BBCA & Lepas INKP-BMRI,2021-08-16,Monday
"HUT RI ke-76, Apa Pasar Saham RI Masih ",2021-08-17,Tuesday
"Alamak! 12 Saham Anjlok Kena ARB 7%, Bukalapak-Emtek",2021-08-18,Wednesday
Hari Ini Asing Borong BBCA-TLKM & Lepas BMRI-ITMG,2021-08-18,Wednesday
"Asing Borong Saham Rp 1 T, IHSG Balik di Atas 6.100",2021-08-18,Wednesday
"Abaikan Koreksi Bursa AS, IHSG Akhiri Sesi 1 di Zona Hijau",2021-08-18,Wednesday
"PPKM Lanjut Hingga 23 Agustus, IHSG Galau Memulai Hari Ini",2021-08-18,Wednesday
"Takut Tapering! IHSG Longsor 2%, Keluar dari Level 6.000",2021-08-19,Thursday
"Saham Bank BUKU IV Rontok, Bikin IHSG Ambles 2% Lebih",2021-08-19,Thursday
"Kengerian Taper Tantrum! IHSG Tumbang 2%, Kembali ke 5.900-an",2021-08-19,Thursday
"Pantes IHSG Jatuh! Asing Lepas BBRI-BMRI, Jualan UNVR-ARTO",2021-08-19,Thursday
"Bukalapak ARB & EMTK Berdarah, Bikin IHSG Nyungsep 1% Lebih",2021-08-19,Thursday
"SOS! IHSG Tumbang 1,5% Ditimpa Isu Tapering",2021-08-19,Thursday
"IHSG Bakal Menguat Lagi, Cek Bocoran Saham Pilihan Hari Ini!",2021-08-19,Thursday
"Separuh Lebih Saham di BEI Merah, IHSG Ambruk di Sesi 1",2021-08-19,Thursday
"Tunggu Rilis Data CAD, IHSG Dibuka ",2021-08-20,Friday
IHSG Sempat Rebound! Asing Ternyata Borong Saham-saham Ini,2021-08-20,Friday
Sayonara Bank BUKU! 4 Bank Ini Bakal Terlempar dari Top Tier,2021-08-20,Friday
"Berkat Reli Bank Digital, IHSG Sesi 1 Bertahan di Zona Hijau",2021-08-20,Friday
Laba ,2021-08-20,Friday
"Asing Borong Saham Rp 293 M, IHSG Sukses Balik ke 6.000-an",2021-08-20,Friday
"Akhir Pekan Asing Buru Saham BBCA-TLKM, Lepas BBRI-ASII",2021-08-20,Friday
IHSG Meroket! Asing Buru BCA-Bukalapak & Lepas EMTK-ASII,2021-08-23,Monday
"Balas Dendam, IHSG Ditutup Melesat 1% Lebih & di Atas 6.100",2021-08-23,Monday
"IHSG Sebulan Drop, Asing Malah Serok Rp 2,5 T, Ini Buruannya!",2021-08-23,Monday
IHSG Hijau Sambil Menanti Keputusan PPKM Lanjut atau Tidak,2021-08-23,Monday
"PPKM Mau Berakhir, Pantengin Saham-saham Prospek Cuan!",2021-08-23,Monday
"Saham DCII Anthoni Salim Keluar dari Big Cap, BCA Kokoh!",2021-08-23,Monday
"Tertimpa Aksi Ambil Untung, IHSG Ditutup Merah di Sesi 1",2021-08-24,Tuesday
Kena ,2021-08-24,Tuesday
"Sempat Jadi Primadona, Bagaimana Kabar Saham-Saham Ini?",2021-08-24,Tuesday
"IHSG Ngedrop Lagi! Asing Borong BBCA-ASII, Jualan ADRO-UNTR",2021-08-24,Tuesday
"Diam-diam Saham BCA Reli Nyaris 10%, Tinggalkan Bank BUMN",2021-08-25,Wednesday
"Asing Masih Memburu BCA-Bukalapak, Lepas ADRO-INKP!",2021-08-25,Wednesday
"Asing Net Buy Setengah Triliun, IHSG Menghijau di Atas 6.100",2021-08-25,Wednesday
"IHSG Perkasa Pagi Ini, Dibuka Hijau & Langsung di Atas 6.100",2021-08-25,Wednesday
"Mari Berburu Cuan Hari Ini, Cek Sejumlah Saham Pilihan Ini",2021-08-25,Wednesday
"Sentimen Positif Merebak, IHSG Akhiri Sesi 1 di Zona Hijau",2021-08-25,Wednesday
IHSG Merah! Asing Obral Bank Jago-INKP & Borong Telkom-BCA,2021-08-26,Thursday
"Pernah Sensasional-Disebut Jokowi, Apa Kabar Saham-saham Ini?",2021-08-26,Thursday
IHSG Goyah! Bikin Investor Bingung Soal Arah Reli,2021-08-26,Thursday
"Korsel Naikkan Suku Bunga Acuan, IHSG Ditutup Merah di Sesi 1",2021-08-26,Thursday
"Tunggu The Fed & Kabul Membara, Cek Saham-saham Potensi Cuan!",2021-08-27,Friday
IHSG Terpuruk ke Zona Merah di Penutupan Sesi Pertama,2021-08-27,Friday
"Andai Tapering Jadi, Ini Saham-saham Potensial Diserok!",2021-08-27,Friday
Akhir Pekan Asing Koleksi BUKA-LPPF & Lepas BMRI-ARTO,2021-08-27,Friday
"Kasus Covid-19 Kian Terkendali, IHSG Menguat Tipis",2021-08-28,Saturday
"Cek 10 Saham Ini, Bisa Cuan karena Pekan Lalu Ramai Diborong",2021-08-30,Monday
Akur! Duet Old & New Economy Bikin IHSG Hijau,2021-08-30,Monday
"Geser HM Sampoerna, Saham DCII Masuk 10 Besar Big Cap",2021-08-30,Monday
"IHSG Otw 6.200, Ini Saham-saham Berpotensi Cuan Hari Ini",2021-08-31,Tuesday
"Heroik! Asing Borong Saham, IHSG Ditutup Putar Balik Hijau",2021-08-31,Tuesday
"IHSG Menguat Tipis, Asing Buru BBCA-TLKM & Lepas INDF-SCMA",2021-08-31,Tuesday
"IHSG Drop Nyaris 1%, Asing Buru BCA-Bukalapak, Jual TOWR-ASII",2021-09-01,Wednesday
Wake Me Up When September Ends! Awal Bulan IHSG Tumbang 1%,2021-09-01,Wednesday
"BCA akan RUPSLB 23 September, Putuskan Soal Stock Split Saham",2021-09-01,Wednesday
"Wow! Asing Borong Rp 5 T, Ini 10 Saham Favorit selama Agustus",2021-09-01,Wednesday
"Masuk Bulan September, Hati-hati Kepleset Nyerok Saham Gan!",2021-09-01,Wednesday
"Belum Kelar Varian Delta Muncul Varian Mu, Nasib Pasar Piye?",2021-09-02,Thursday
"Cek 10 Kabar dari Emiten Ini, Penting untuk Panduan Cuan",2021-09-02,Thursday
"Ada Peluang IHSG Merah, tapi Cek Saham Ini untuk Cari Cuan",2021-09-02,Thursday
"Nah Ini Dia! 10 Saham Paling Ramai Transaksi, ANTM cs Kegeser",2021-09-02,Thursday
IHSG Lesu Lagi! Asing Jualan ARTO-ANTM & Koleksi TLKM-BMRI,2021-09-02,Thursday
Kapan Waktu yang Pas Masuk Saham Bank-bank Digital?,2021-09-03,Friday
"IHSG Rebound, Asing Koleksi TLKM-UNTR & Lepas BSDE-UNVR",2021-09-03,Friday
"OJK Perpanjang Restrukturisasi Kredit, Saham Bank Malah Loyo!",2021-09-03,Friday
"Mobile Banking Melesat, Bos BCA: Dana Capex IT Rp 5 T/tahun!",2021-09-05,Sunday
"Kasus Covid-19 RI Melandai, Cek Dulu Saham-saham Pilihan Ini!",2021-09-06,Monday
"HMSP Masuk, Emiten Anthoni Salim Terdepak dari Big Cap!",2021-09-06,Monday
"Masih Ragu-ragu, IHSG Ditutup Stagnan Hari Ini",2021-09-06,Monday
"IHSG Naik Seuprit! Asing Borong BBCA-TLKM, Lepas TOWR-UNVR",2021-09-06,Monday
"Asing Rebutan Saham BBCA-TLKM-BBNI, Saham UNVR-TBIG Dilego",2021-09-07,Tuesday
"Sepi Katalis, IHSG Dibuka Hijau Tipis & Galau Pagi Ini",2021-09-07,Tuesday
"Asing Net Buy, IHSG Kurangi Laju Koreksi di Closing Sesi 1",2021-09-07,Tuesday
"Transaksi Sepi, Tekanan Jual Landa IHSG & Masuk Zona Merah",2021-09-07,Tuesday
"IHSG Ambruk, Asing Obral Duo Bank Besar & Borong ASII-BMRI",2021-09-08,Wednesday
"Bankir Top Curhat ke Jokowi soal NPL Bank, Ada Alarm Bahaya?",2021-09-08,Wednesday
"IHSG Dibanting! Koreksi 1,4%, Nyaris Keluar dari 6.000",2021-09-08,Wednesday
"IKK Memburuk, IHSG Sesi 1 Drop 0,8% Diterpa Aksi Jual Asing",2021-09-08,Wednesday
"Bank Digital BCA Mau IPO, Ini Bocoran Persiapannya Gaes!",2021-09-08,Wednesday
"IHSG Berada di Zona Keramat, Dibuka Hijau tapi Sulit ke 6.200",2021-09-08,Wednesday
"IHSG Istirahat di Tempat, Cek Saham-saham Potensi Cuan Ini!",2021-09-08,Wednesday
Alert Emiten Kakap! Segini Gedenya Ekosistem GoTo-Sea-Alibaba,2021-09-08,Wednesday
"Update Daftar Crazy Rich RI, Hartono Masuk 100 Besar Dunia!",2021-09-08,Wednesday
"Mau Properti Baru Atau Second, BCA Kasih KPR Berbunga 4,5%",2021-09-08,Wednesday
"Asing Borong Banyak BCA-Telkom-Astra, Jualan UNVR-BMRI",2021-09-09,Thursday
"Saham Bank Raksasa Diborong Asing, tapi Kalah sama Bank Mini?",2021-09-09,Thursday
"Heroik! IHSG Balik Arah di Menit Akhir, Ditutup Hijau Pekat",2021-09-09,Thursday
Bos BNI Ungkap Alasan ,2021-09-09,Thursday
"BMRI Jajaki Bikin Bank Digital, ISAT Jual Data Center Rp2,8 T",2021-09-09,Thursday
"Indeks Penjualan Ritel Memburuk, IHSG Sesi 1 Berakhir Merah",2021-09-09,Thursday
Buka-bukaan Bos BCA soal Target Kredit Bank & KPR,2021-09-10,Friday
"Rawan Profit Taking, Cek Gaes Saham-saham Potensi Cuan!",2021-09-10,Friday
IHSG Macet Gegara Asing Ogah Masuk & Ritel Trading Doang?,2021-09-10,Friday
Asing Koleksi 4 Saham Bank Big Cap & Lepas BMRI-ASII-UNVR,2021-09-10,Friday
"Tersengat Sentimen Negatif Regional, IHSG Dibuka Merah",2021-09-13,Monday
"Market Cap Trio BCA-BRI-Telkom Jawara, TPIA Melesat Rp 19 T",2021-09-13,Monday
"IHSG Drop! Asing Lego BMRI-UNVR, Borong Saham Bukalapak-Astra",2021-09-13,Monday
IHSG Ciamik! Asing Borong Saham BBRI-BBCA & Lepas ANTM-BMRI,2021-09-14,Tuesday
Terima Kasih Pak Luhut! Sentimen PPKM buat IHSG Ditutup Hijau,2021-09-14,Tuesday
"Tradingnya Ramai Banget, Kenapa Saham Bank Malah Nyungsep?",2021-09-14,Tuesday
"Yuk Cek Saham-saham Rekomendasi Broker, untuk Cari Cuan",2021-09-14,Tuesday
"PPKM Sukses Tekan Corona, IHSG Kembali di Atas 6.100",2021-09-14,Tuesday
"Nilai Transaksi Drop, ke Mana Investor Ritel Angkatan Corona?",2021-09-14,Tuesday
"Covid-19 Kian Terkendali, IHSG Akhiri Sesi 1 dengan Reli 0,5%",2021-09-14,Tuesday
"Terseret Sentimen Global, IHSG Akhiri Sesi 1 dengan Koreksi",2021-09-15,Wednesday
"Asing Borong Saham 3 Bank Big Cap, Ramai Jualan UNVR-HMSP",2021-09-16,Thursday
"Apa Iya Saham Blue Chip Mahal, Bikin Ritel Beli Saham Receh?",2021-09-16,Thursday
"Meski Asing Masuk, tapi Tekanan Jual Bikin IHSG Ditutup Merah",2021-09-16,Thursday
"Sempat Melejit di Awal, IHSG Bertahan Tipis di Zona Hijau",2021-09-16,Thursday
"IHSG Bakal Rebound, Cek Saham-saham Ini Untuk Serok Cuan",2021-09-16,Thursday
"Hawa di China Memang Lagi Kurang Enak, tapi IHSG ",2021-09-16,Thursday
Makin Kaya! Deretan Aksi Crazy Rich Hartono di Pasar Modal RI,2021-09-17,Friday
IHSG Gagal Bertahan di Zona Hijau pada Penutupan Sesi 1,2021-09-17,Friday
IHSG Happy Ending! Asing Borong TLKM-AGRO & Lepas UNTR-PGAS,2021-09-17,Friday
Catat! Ini Dia 5 Saham yang Bisa Dipilih untuk Besok,2021-09-19,Sunday
Awal Pekan Asing Borong BBCA-TLKM & Lepas BMRI-ADRO,2021-09-20,Monday
Kehancuran Evergrande Bikin IHSG Nyaris Ambles 1%,2021-09-20,Monday
"Gilak! Market Cap BRI Melonjak Rp 40 T, Ranking UNVR Terdepak",2021-09-20,Monday
"Haduh! Awal Pekan IHSG Dibuka Longsor, Ini Biang Keroknya",2021-09-20,Monday
"Yuk Berburu Cuan Lagi, Cek Saham-saham Pilihan Broker Ini",2021-09-20,Monday
"Jelang RDG BI dan FOMC The Fed, IHSG Terkapar di Zona Merah",2021-09-20,Monday
Ini Dia Sederet Saham yang Bikin IHSG Sempat Rontok 1% Lebih,2021-09-21,Tuesday
"Mau Caplok SUPR, Emiten Menara Grup Djarum Ngutang Rp 14 T",2021-09-21,Tuesday
"Potensi Default Evergrande, Saham Bank Kakap Ambles Berjamaah",2021-09-21,Tuesday
"Belum Puas dengan Koreksi Senin, IHSG Ditutup Merah di Sesi 1",2021-09-21,Tuesday
"Usai BI Tahan Suku Bunga, IHSG Drop Lagi! Asing Lepas Rp429 M",2021-09-21,Tuesday
"IHSG Loyo Lagi, Asing Obral XL-Adaro, Borong Telkom-Bukalapak",2021-09-21,Tuesday
"IHSG Rebound, Asing Borong BBRI-BBCA-TLKM & Lepas BMRI-EXCL",2021-09-22,Wednesday
"2 Emiten Mau Stock Split, Coba Cek Isi Jeroannya",2021-09-22,Wednesday
"Saham BRI & BCA Diborong Asing, Bikin IHSG Nyaris Naik 1%",2021-09-22,Wednesday
IHSG Sukses Balik ke Level Psikologis 6.100 di Closing Sesi 1,2021-09-22,Wednesday
Usai 2 Hari ,2021-09-22,Wednesday
"Efek Evergrande Pudar & Asing Masuk, IHSG Terbang 1%",2021-09-22,Wednesday
"Cek Saham Pilihan Cuan, Meski Ada ",2021-09-22,Wednesday
Sinyal ,2021-09-23,Thursday
Tok! Pemegang Saham BCA Setuju Stock Split Rasio 1:5,2021-09-23,Thursday
Kompak! Duet BBRI & BBCA Bantu IHSG Finis di Zona Hijau,2021-09-23,Thursday
Asing Borong Banyak Saham BRI-BCA & Lepas Bank MNC-Astra,2021-09-23,Thursday
"Pangkas 117 Karyawan & Didemo Pekerja, Kemfood Dicecar Bursa!",2021-09-23,Thursday
"Asing Rebutan Saham BRI-BCA-BUKA, tapi Obral BABP-BMRI",2021-09-24,Friday
"Asing Borong BBRI Ratusan Miliar, IHSG Dibuka di Menguat",2021-09-24,Friday
"Semoga Happy Weekend, Ini Saham Pilihan Cuan untuk Hari Ini",2021-09-24,Friday
"Bukalapak Masuk LQ45 Geser Summarecon, BCA Siap Stock Split!",2021-09-24,Friday
Jangan Kelewat! 10 Saham Ini Teramai Trading di Bursa Sepekan,2021-09-27,Monday
"Sudah Senin Lagi, Cek Saham-saham Prospek Cuan Ini!",2021-09-27,Monday
"IHSG Berayun ke Zona Merah, Tertekan 23 Poin di Akhir Sesi 1",2021-09-27,Monday
"Right Issue Terbesar Sukses, Market Cap BRI Melesat Rp 69 T",2021-09-27,Monday
"Belajar Saham dari Influencer Boleh Saja, tapi Ini Kuncinya!",2021-09-27,Monday
"Evergrande Masih Bikin Pasar Waswas, IHSG Drop! Asing Masuk",2021-09-27,Monday
Asing ,2021-09-27,Monday
Asing ,2021-09-28,Tuesday
"Asing Net Buy, Paling Banyak Borong Saham UNTR-BMRI",2021-09-28,Tuesday
"Volatilitas Tinggi, IHSG Akhiri Sesi 1 dengan Koreksi Tipis",2021-09-28,Tuesday
"Tetap Semangat Berburu Cuan, Ini Sederet Saham Pilihan Broker",2021-09-28,Tuesday
"Dibuka Menguat, IHSG Langsung Balik Arah & Galau!",2021-09-28,Tuesday
"Duh! Bursa Global Ambruk, Cek Saham-saham Pilihan Hari Ini",2021-09-29,Wednesday
"Yield Treasury AS Naik, Saham Kebakaran & IHSG Galau",2021-09-29,Wednesday
"Abaikan Tren Koreksi Asia, IHSG Tutup Sesi 1 di Zona Positif",2021-09-29,Wednesday
"Cucok Meong, Asing Borong BBCA & UNTR, IHSG Melesat!",2021-09-29,Wednesday
"Asing Ramai Rebutan BBCA-UNTR, Jualan Saham ANTM-ITMG",2021-09-29,Wednesday
"Transaksi Tembus Rp 24 T, Asing Beli BRI-BCA, Jual EXCL-TOWR",2021-09-30,Thursday
"Selamat! IHSG Meroket 2% Tembus 6.286, Asing Borong Rp 2 T",2021-09-30,Thursday
"Duh! 19 Bank Dikejar Tenggat OJK, Rights Issue atau Merger?",2021-09-30,Thursday
"Konsisten di Zona Hijau, IHSG Tembus 6.200 di Closing Sesi 1",2021-09-30,Thursday
"Update Taipan RI! 10 Hari, Duit Bos Batu Bara Ini Naik Rp13 T",2021-09-30,Thursday
"Sempat Melesat 1%, IHSG Berjibaku Bertahan di 6.200",2021-09-30,Thursday
"Pecah! IHSG Tembus 6.220, 5 Saham Ini Diborong Asing",2021-09-30,Thursday
"Hore! IHSG Benar-benar Ngegas Pagi Ini, Ini Pemicunya",2021-09-30,Thursday
"Asing Masih Rebutan, Cek Saham-saham Pilihan Hari Ini!",2021-09-30,Thursday
"Saham Bank Raksasa Diborong, IHSG Tembus & Kuat di 6.200",2021-09-30,Thursday
"Kinerja Ciamik IHSG & 7 Indeks Sektoral, Banyak yang Cuan",2021-10-01,Friday
"Transaksi Rekor Lagi Rp 31 T, Asing Beli BBRI-TLKM, Jual EXCL",2021-10-01,Friday
"Tertekan Profit Taking, IHSG Akhir Pekan Melemah Nyaris 1%",2021-10-01,Friday
"Caplok SUPR Rp 17 T, Orang Terkaya RI Beli di Harga Premium!",2021-10-01,Friday
"Caplok 2 Emiten Nyaris Rp 20 T, Duo Hartono Siap Tender Offer",2021-10-01,Friday
"Tak Sekalipun Cicipi Zona Hijau, IHSG Tutup Sesi 1 di 6.236",2021-10-01,Friday
"Fantastis! Ada Nego Misterius Rp17 T Saham SUPR, Grup Djarum?",2021-10-01,Friday
"Diteror Sentimen Negatif, IHSG Babak Belur Kena Profit Taking",2021-10-01,Friday
Awas Ketinggalan! 10 Saham Favorit Asing selama September nih,2021-10-01,Friday
Welcome Oktober! Intip Bocoran Saham Pilihan Hari Ini,2021-10-01,Friday
Semakin Kaya! Harta Taipan RI Ini Naik Rp 13 T hanya 10 Hari,2021-10-01,Friday
"Investor Ambil Untung, 8 Saham Ini Drop & Bikin IHSG Merah",2021-10-01,Friday
"Ada yang Cuan, 11 yang Boncos! Ini Rapor 38 Saham IPO 2021",2021-10-04,Monday
"Cari Cuan Lagi, Cek Saham-saham Pilihan Broker Ini",2021-10-04,Monday
"Market Cap BCA Melonjak, HMSP-DCII Depak Emtek dari 10 Besar",2021-10-04,Monday
"2 Jempol untuk IHSG, Melesat Hampir 2% & Asing Borong Rp 2 T",2021-10-04,Monday
"Wah, Sehari Asing Guyur Rp 1,9 T ke Pasar Saham RI",2021-10-04,Monday
"Asing Borong 3 Bank Big Cap, Obral Saham MDKA-Bank Jago",2021-10-05,Tuesday
"IHGS Mau ke 6.400, Ini Sederet Saham Pilihan Cari Cuan",2021-10-05,Tuesday
"Mumpung IHSG Trengginas, Cek Saham-saham Pilihan Ini!",2021-10-06,Wednesday
"Luar Biasa! IHSG Tembus Lagi 6.300, BBCA-ASII Diborong",2021-10-06,Wednesday
"IHSG Terbang 1% Gegara Paman Sam, Ini Saham Penggeraknya",2021-10-06,Wednesday
"Caplok SUPR Rp17 T, Terkuak Rencana Besar Duo Hartono di TOWR",2021-10-06,Wednesday
"Finally! IHSG Melesat 2% ke 6.400, Asing Borong Nyaris Rp 2 T",2021-10-06,Wednesday
"Gak Banyak Drama, 2 Sektor Ini Cuan Gede Saat IHSG Terbang",2021-10-06,Wednesday
"IHSG Melesat 2%, Akhiri Sesi 1 di Level Psikologis 6.400",2021-10-06,Wednesday
"Numero Uno! Melesat 2% dan Tembus 6.400, IHSG Terbaik di Asia",2021-10-06,Wednesday
"Asing Borong Jumbo Saham BBRI-BBCA, Jualan SMGR-MDKA",2021-10-06,Wednesday
"Yuk Mulai Simak, Ini Jadwal Stock Split BCA",2021-10-07,Thursday
"Asing Masuk Rp 2,2 T, Borong BBRI-BMRI & Lepas ASII-MDKA",2021-10-07,Thursday
"Emiten Cokelat RI Mau Rights Issue, Investor Singapura Masuk!",2021-10-07,Thursday
"Saham Bank Kakap Diborong Investor, Angkat IHSG Balik 6.400",2021-10-07,Thursday
"IHSG Coba ke Level 6.500, Simak Saham Pilihan Cuan Hari Ini",2021-10-07,Thursday
"Asing Borong BBRI Hampir Rp 3 T dalam Sepekan, Ada Apa?",2021-10-07,Thursday
"Asing Borong 5 Saham Big Cap, Jualan SMGR-EXCL",2021-10-08,Friday
"Sri Mulyani Agresif Uber Pajak di 2022, Gimana Respons Pasar?",2021-10-08,Friday
"IHSG Dekati 6.500, Saham Bank Kakap Diborong, BCA-BRI Laris!",2021-10-08,Friday
Asing ,2021-10-08,Friday
"Konsisten Menghijau, IHSG Nyaris Sentuh 6.500 pada Sesi 1",2021-10-08,Friday
Cek! Ini Bocoran Saham Buruan Detik-detik IHSG ke 6.500,2021-10-08,Friday
"Akhir Pekan Ceria, IHSG Naik 1% & Sejengkal Lagi ke 6.500",2021-10-08,Friday
Asing ,2021-10-11,Monday
"Market Cap BCA-BRI Melonjak, Unilever Depak 2 Saham Sekaligus",2021-10-11,Monday
"Bersiap IHSG Menuju 6.500, Ini Dia Sederet Saham Pilihan Cuan",2021-10-11,Monday
Meski Bursa Paman Sam ,2021-10-12,Tuesday
"Diborong Asing Rp 28 M, Saham BBCA Naik Menuju All Time High",2021-10-12,Tuesday
"Tembus Rp 639 T, Market Cap BBRI Tertinggi Sepanjang Sejarah",2021-10-12,Tuesday
"Asing Masih Borong Trio Bank Big Cap, Obral Saham ADRO-ITMG",2021-10-12,Tuesday
"Salip DBS, Bos BCA: Market Cap Kami Terbesar di Asia Tenggara",2021-10-13,Wednesday
Ada yang Sukses & ,2021-10-13,Wednesday
"Limit Transaksi Hingga Infrastruktur,Tantangan QRIS Go Global",2021-10-13,Wednesday
"Harap Tegar! Saham Bukalapak Kian di Bawah IPO, BBCA Melejit",2021-10-13,Wednesday
"Asing Borong 4 Saham Big Cap, Obral Bukalapak-Bank Jago",2021-10-13,Wednesday
"Resmi Stock Split, Saham BBCA Sempat Tembus All Time High",2021-10-13,Wednesday
"Asyik! Mulai Hari Ini, Beli Saham BCA Cuma Modal Rp 732.000",2021-10-13,Wednesday
"Sentuh Rekor Harga Tertinggi, Asing Malah Obral Saham BCA",2021-10-13,Wednesday
"Jajal Tembus 6.500, nih Bocoran Saham Pilihan Hari Ini!",2021-10-13,Wednesday
"Sempat Sentuh 6.600, IHSG Akhiri Sesi 1 di Level 6.500",2021-10-13,Wednesday
"Usai Stock Split, Saham BBCA ",2021-10-13,Wednesday
"BBCA All TIme High Pasca Stock Split, IHSG Tembus 6.500",2021-10-13,Wednesday
Asing ,2021-10-14,Thursday
"Cetak Hat-Trick, IHSG Tembus 6.626 Dekati Level All Time High",2021-10-14,Thursday
"IHSG Tembus 6.605 di Sesi I, 4 Hari Asing Borong Saham!",2021-10-14,Thursday
"Diborong Asing Rp 178 M, Saham BBCA Tembus Rekor Lagi!",2021-10-14,Thursday
"Ajaib: BCA Stock Split, Transaksi Harian Tembus 35 Kali Lipat",2021-10-14,Thursday
"Reli Berlanjut, IHSG Awal Perdagangan Sentuh Level 6.600-an",2021-10-14,Thursday
"Emiten Bentjok Pailit, Bos Smartfren Buka-bukaan soal Alibaba",2021-10-14,Thursday
IHSG Menuju 6.600? Boleh Dicek Saham-saham Pilihan Ini,2021-10-14,Thursday
Window Dressing! Saham Old Economy ,2021-10-14,Thursday
"Investor BCA Nyengir, Investor Saham Bukalapak ",2021-10-14,Thursday
Gokil IHSG Lanjut Menguat 1% & Tembus 6.600,2021-10-14,Thursday
"IHSG Happy Weekend! Asing Borong BRI-Mandiri, Jual UNVR-INDF",2021-10-15,Friday
"Tol Sumo Patungan Jasa Marga-Astra Dapat Utang BCA Rp 3,8 T",2021-10-15,Friday
Saham Tech Banyak ,2021-10-15,Friday
"IHSG Ngedrop Mau Weekend, Ini Dia Saham-saham Biang Keroknya!",2021-10-15,Friday
"Aksi Ambil Untung Menerpa, IHSG Terkoreksi di Closing Sesi 1",2021-10-15,Friday
"IHSG Menuju 6.700, Cek Sederet Saham Pilihan Cuan Hari Ini",2021-10-15,Friday
"Wall Street to The Moon, IHSG Bisa Tahan di Level 6.600?",2021-10-15,Friday
"Mohon Bersabar! IHSG Batal ke 6.700, Mulai Profit Taking",2021-10-15,Friday
"Jangan Kelewat, Pekan Depan Banjir Sentimen Positif, Cek Ini!",2021-10-17,Sunday
"Berembus Makin Kencang, Ada Rumor BNI Bakal Akuisisi Bank",2021-10-17,Sunday
"Saham 2 Bank BUMN Diborong Asing, BBCA & UNVR Dilepas",2021-10-18,Monday
"Tipis-tipis ke All Time High, IHSG Ditutup di Level 6.658,77",2021-10-18,Monday
"BCA & BRI Kokoh Dipuncak Big Cap, BNI Masuk Jajaran 10 Besar",2021-10-18,Monday
IHSG Akhiri Sesi 1 dengan Penguatan ke Angka Cantik 6.666,2021-10-18,Monday
"Diborong Asing, Saham Bank Raksasa Melesat kecuali BBCA",2021-10-18,Monday
"Simak 8 Kabar Penting Ini, Ada Rencana BNI Mau Caplok Bank",2021-10-18,Monday
"Gak Tanggung-tanggung, 10 Bank Global Pangkas Ekonomi China!",2021-10-18,Monday
"Ramai-ramai Aksi Korporasi, BNI Bakal Akuisisi Bank Nih?",2021-10-18,Monday
"Ramai Ditransaksikan, BBCA & BUKA Cuma Bisa di Zona Merah",2021-10-18,Monday
"Besok Libur Maulid, Cek Jadwal Operasional BCA-BRI dkk",2021-10-19,Tuesday
Live Now! Pantengin...Saham Big Cap Rekomendasi JPMorgan,2021-10-19,Tuesday
"IHSG Turun Tipis, Asing Borong BBRI-ASII & Lepas BUKA-TOWR",2021-10-19,Tuesday
"Selow IHSG Merah Tipis, Asing Masih Borong Rp 654 M",2021-10-19,Tuesday
"Kena Profit Taking, IHSG Tunda Pecah Rekor! Merah Tipis nih",2021-10-19,Tuesday
IHSG Drop Gagal Pecah Rekor! Ini Saham-saham Pemicunya,2021-10-19,Tuesday
Awas Profit Taking! Simak Rekomendasi Saham-saham Hari Ini,2021-10-19,Tuesday
"Ekonomi China Lagi Slow, IHSG Kuat Nanjak ke All Time High?",2021-10-19,Tuesday
"Jelang Libur Nasional, IHSG Berayun ke Zona Merah di Sesi 1",2021-10-19,Tuesday
"Kredit BCA Tembus Rp 605,9 T di September, Ini 2 Penopangnya!",2021-10-21,Thursday
"Bos BCA: Transaksi Digital buat Kripto Melesat, Nyalip Saham",2021-10-21,Thursday
Mau Tahu? Ini Sederet Saham yang Diborong Asing Hari Ini,2021-10-21,Thursday
"Q3-2021, Laba Bersih BCA Tumbuh 15,8% (yoy) Jadi Rp 23,2 T",2021-10-21,Thursday
"Bersiap IPO, Modal Bank Digital BCA Tembus Rp 4 T",2021-10-21,Thursday
"Tak Kuasa Tahan Tekanan Jual, IHSG Ditutup Babak Belur",2021-10-21,Thursday
"BCA Cetak Laba Rp 23,2 T di September, Aset Tembus Rp 1.169 T",2021-10-21,Thursday
IHSG Kembali Berakhir di Zona Merah pada Penutupan Sesi 1,2021-10-21,Thursday
"Mepet ATH, IHSG Langsung Tancap Gas ke Zona Hijau",2021-10-21,Thursday
"Banyak Kabar Baik, IHSG Mau Rekor Hari Ini?",2021-10-21,Thursday
Asing Borong Empat Saham Bank Big Cap & Lepas EXCL-BUKA,2021-10-22,Friday
"JPMorgan Ramal IHSG ke 6.800, Cek Bocoran Saham Pilihannya!",2021-10-22,Friday
"Asing Borong Saham Rp 1,1 T, IHSG Suskes Hijau Jelang Weekend",2021-10-22,Friday
"Varian Covid Delta Plus Mengintai, Bikin IHSG Kebakaran",2021-10-22,Friday
"Menguat Tipis, IHSG Berayun ke Zona Hijau di Closing Sesi 1",2021-10-22,Friday
"Ambil Untung di Saham Konstruksi, Sempat Kena ARB Berjamaah",2021-10-22,Friday
"Jelang Detik-detik IHSG ke 6.700, Baca Dulu 7 Informasi Ini",2021-10-22,Friday
"Dua Hari Agak Lemas Komandan, IHSG Happy Weekend Hari Ini?",2021-10-22,Friday
"IHSG Kuat Nanjak ke 6.700, Cek Saham Pilihan Cuan Ini",2021-10-22,Friday
"Market Cap BNI Membubung, Unilever-Bank Jago Melorot!",2021-10-25,Monday
"Asing Rebutan Saham 3 Bank Big Cap, Obral UNVR-ASII",2021-10-25,Monday
"Sempat Pede, IHSG Jatuh di Zona Hijau, Asing Masuk Rp 3 T",2021-10-25,Monday
IHSG Berayun ke Zona Hijau di Penutupan Sesi 1,2021-10-25,Monday
"BCA hingga Bank Jago, Cek 5 Saham Paling Aktif Pekan Lalu!",2021-10-25,Monday
"Alo-alon IHSG Lanjut Menguat, Asing Profit Taking Rp 64 M!",2021-10-25,Monday
"Awas Mulai Profit Taking, Cek Rekomendasi Saham-saham Ini!",2021-10-25,Monday
"Melesat 79%, Laba Bersih BNI Q3-2021 Tembus Rp 7,75T",2021-10-25,Monday
"Asing Belanja Rp 746 M, IHSG Sukses Bertahan di Zona Hijau",2021-10-26,Tuesday
"IHSG Mau Rebound, Jangan Kelewat Rekomendasi Saham-saham Ini",2021-10-26,Tuesday
"Dibuka Hijau Kuat, Apakah IHSG Pecah Rekor Hari Ini ?",2021-10-26,Tuesday
"IHSG Kembali Akhiri Sesi 1 di Teritori Positif, Naik 0,57%",2021-10-26,Tuesday
"Update Taipan RI! Ada yang Hartanya Bertambah Rp 3,7 T Sehari",2021-10-26,Tuesday
"IHSG Menguat Lagi, Asing Koleksi BCA-BRI & Jualan Emtek-EXCL",2021-10-26,Tuesday
Saham-saham Tech Mulai ,2021-10-27,Wednesday
"IHSG Terseret Koreksi di Sesi 1, Berakhir pada 6.605,441",2021-10-27,Wednesday
"IHSG Nyungsep! Asing Borong Mandiri-BNI, Jual Saham ASII-ITMG",2021-10-27,Wednesday
IHSG Rekor nih? Pantengin Rekomendasi Saham-saham Ini!,2021-10-27,Wednesday
"Cuma Butuh Waktu Sehari, Harta Taipan RI Ini Naik Rp 3,7 T",2021-10-27,Wednesday
"Sejenak Menguat, IHSG Dibuka Merah Malu-malu",2021-10-27,Wednesday
"CPO-Timah Nyusruk, Cek Saham-saham Rekomendasi Hari Ini!",2021-10-28,Thursday
"Astaga! IHSG Keluar dari Zona Psikologis 6.600, Asing Cabut",2021-10-28,Thursday
"Laba BCA-BRI-BNI Melejit, Sinyal Ekonomi RI Mulai Bangkit?",2021-10-28,Thursday
"Berdarah-darah, IHSG Akhiri Sesi 1 dengan Koreksi 1%",2021-10-28,Thursday
Terungkap! Deretan Kabar Buruk Biang Kerok IHSG Nyungsep,2021-10-28,Thursday
"IHSG Ambruk, Asing Lepas UNTR-ASII & Koleksi BBNI-INDY",2021-10-28,Thursday
"IHSG Cerah, Asing Koleksi BMRI-BBRI & Lepas ASII-UNVR",2021-10-29,Friday
"Laba 5 Bank Kakap Q3 Melesat, duh Angka NPL Bikin Waswas nih?",2021-10-29,Friday
Alamak! Harta 2 Bos Djarum Menguap Rp 5 T dalam Sehari,2021-10-29,Friday
"Sehari Harta Jerry Ng Melesat Rp 3 T, Duit Bos Djarum Susut!",2021-10-29,Friday
"Gak Habis-habis, Duit Taipan RI Ini Nambah Rp 3 T Sehari",2021-11-01,Monday
"IHSG Siap Balik ke 6.600, Simak Saham Pilihan untuk Cuan",2021-11-01,Monday
Top! Dalam Sebulan Asing Belanja Lebih Rp 1 T di 5 Saham Ini,2021-11-01,Monday
"15 Miliar Unit Berpindah Sepekan, Saham Ini Paling Aktif",2021-11-01,Monday
"Ekonomi RI Mulai Bangkit, IHSG Hijau Kembali ke 6.600-an",2021-11-01,Monday
"IHSG Anyep! Asing Jualan CPIN-Astra, Borong Duo Saham BRI-BNI",2021-11-02,Tuesday
"Depo Bangunan Milik Konglomerat Surabaya IPO, Bidik Rp 538 M",2021-11-02,Tuesday
Awal November ,2021-11-02,Tuesday
Kabar dari China Bikin IHSG Berani Gerak dari Zona Hijau,2021-11-02,Tuesday
Fantastis! Sebulan Asing Borong Saham BRI Rp 7 T,2021-11-02,Tuesday
"Khawatirkan Prospek China, IHSG Melemah di Penutupan Sesi 1",2021-11-02,Tuesday
"Jangan Salah Pilih, Cek Sederet Saham Ini untuk Cari Cuan",2021-11-03,Wednesday
"IHSG Akhiri Perdagangan Sesi 1 dengan Reli 0,5% ke 6.524,64",2021-11-03,Wednesday
Tapering Tanpa Tantrum Dimulai! IHSG Berani di Jalur Hijau,2021-11-04,Thursday
"Geger Tapering, Apakah Investor Saham Harus Cemas?",2021-11-04,Thursday
"Asing Borong Saham KLBF-BMRI, Ambil Untung di BBRI-ADRO",2021-11-04,Thursday
"IHSG Mengecewakan, tapi Saham KLBF & BBCA Diborong Asing",2021-11-05,Friday
"Ekonomi RI di Bawah Ekspektasi, IHSG Gak Jadi Happy Weekend!",2021-11-05,Friday
IHSG Terpelanting ke Zona Merah di Penutupan Sesi 1,2021-11-05,Friday
"Menanti Angka Pertumbuhan Ekonomi RI, IHSG DIbuka Hijau",2021-11-05,Friday
"IHSG Masih Rentan, Saham-saham Pilihan Ini Patut Dicoba!",2021-11-05,Friday
"Diserbu Fintech & Bank Digital, Bagaimana NIM Bank Besar RI?",2021-11-05,Friday
"Bocoran Saham-saham Pilihan Awal Pekan, Jangan Ketinggalan!",2021-11-08,Monday
"BCA Bagi Dividen Interim Rp 25/Saham, Simak Jadwalnya",2021-11-08,Monday
"Awal Pekan Ceria, IHSG Tembus Lagi 6.600! BCA-BRI Diborong",2021-11-08,Monday
Digocek ,2021-11-08,Monday
"Market Cap Unilever Gak Gerak, Chandra Asri Menguap Rp 9 T",2021-11-08,Monday
"Ikut Kabar Baik China, IHSG Melesat 45 Poin di Closing Sesi 1",2021-11-08,Monday
"IHSG Hijau, tapi Belum Berhasil Sentuh All Time High",2021-11-08,Monday
"Kalap! Asing Borong Saham BCA-Telkom, Jualan Mandiri-Indofood",2021-11-08,Monday
"IHSG Pepet 6.700! Asing Borong BCA-BRI, Lepas Saham ASII-ADRO",2021-11-09,Tuesday
"Belum Sukses ke All Time High, tapi IHSG Bisa Bikin Sumringah",2021-11-09,Tuesday
"IKK Menguat, IHSG Naik 18 Poin ke 6.650 di Penutupan Sesi 1",2021-11-09,Tuesday
"Intip Rekor Tertinggi IHSG, Ini Sederet Saham Potensi Cuan",2021-11-09,Tuesday
"Baca 9 Kabar Penting Ini, Jadi Acuan Buat Cari Cuan",2021-11-09,Tuesday
"Deg-degan! IHSG Hijau, Sempat Pepet Rekor Tertinggi",2021-11-09,Tuesday
Siap-siap IHSG All Time High! Ini Deretan Saham-saham Pilihan,2021-11-10,Wednesday
"Bareng Singapura, Orang Terkaya RI Suntik Lagi Startup Rp65 M",2021-11-10,Wednesday
"Asing Serok Habis 4 Saham Big Cap, Lepas UNTR-INDF!",2021-11-10,Wednesday
Asing Borong 4 Saham Big Cap & Lepas JPFA-UNTR,2021-11-11,Thursday
"Cicipi Level Psikologi Baru, IHSG berakhir Melemah di Sesi 1",2021-11-11,Thursday
"Laut Merah Bank Digital, Begini Terobosan Bank Raksasa RI",2021-11-11,Thursday
"Perhatian! IHSG Mau ATH Nih, Cek Sederet Saham Cuan Ini",2021-11-11,Thursday
"Sempat Sentuh 6.700, Ini Saham yang Bantu IHSG Rekor ATH",2021-11-11,Thursday
"IHSG Bakal Rekor Lagi, Buruan Cek Saham-saham Pilihan Ini!",2021-11-12,Friday
"Duh! Saham Big Cap Rontok, IHSG Menjauh dari Rekor Tertinggi",2021-11-12,Friday
"Ngos-ngosan Pascacetak Rekor, IHSG Rawan Longsor di Sesi 2",2021-11-12,Friday
"Reli 4 Hari hingga Rekor, IHSG Ditutup ",2021-11-12,Friday
"IHSG Loyo! Asing Jualan ARTO-ITMG, Koleksi Astra-Mandiri",2021-11-12,Friday
"Live Now! Saham-saham Tercuan 10 Tahun, Beli Gak nih?",2021-11-12,Friday
"Kapitalisasi Pasar BCA-Astra Melonjak Rp 9 T, Emtek Terdepak!",2021-11-15,Monday
"Bursa Asia Variatif, IHSG Berayun ke Zona Merah",2021-11-15,Monday
"Asing Keluar, Ini 5 Saham yang Paling Banyak di Obral",2021-11-15,Monday
"IHSG Tampak Sulit Capai Rekor, Meski Dibuka dari Zona Hijau",2021-11-15,Monday
"Bisa Jadi Nomor 3 Setelah BCA & BRI, MI Bakal Borong IPO GoTo",2021-11-15,Monday
"Cek Sederet Saham yang Bisa Cuan Ini, tapi Waspada IHSG Merah",2021-11-16,Tuesday
"Asing Tarik Dana, IHSG Dibuka Merah Galau",2021-11-16,Tuesday
Ini Dia Saham-saham Paling Cuan 5 Tahun Terakhir!,2021-11-16,Tuesday
IHSG Berbalik ke Jalur Hijau di Penutupan Sesi 1,2021-11-16,Tuesday
"IHSG Sukses Happy Ending, Sempat Dibanting ke Zona Merah",2021-11-16,Tuesday
"IHSG Hijau, 5 Saham Big Cap Ini Dilego Asing",2021-11-16,Tuesday
"Dana Asing Masuk Lagi, IHSG Kembali Pepet Rekor ATH",2021-11-17,Wednesday
"Ini Dia Saham-saham yang Diobral Asing, Ada ISAT & SMGR Juga",2021-11-18,Thursday
"Diobral Asing Habis-habisan, Saham Bank Kakap Ambles",2021-11-18,Thursday
"Tertekan Sepanjang Hari, IHSG Berakhir di Zona Merah",2021-11-18,Thursday
"Waspada Profit Taking, Cek Saham-saham yang Bisa Cetak Cuan",2021-11-18,Thursday
Tunggu Petunjuk dari ,2021-11-18,Thursday
"Pagi-pagi Asing Sudah Borong Saham, IHSG Dibuka HIjau",2021-11-19,Friday
"Intip Rekor Baru IHSG Lagi, Cek Ini Saham yang Bisa Cuan",2021-11-22,Monday
"Bangkit dari Tidur, Saham Tambak Udang ",2021-11-22,Monday
"Sempat Tembus Rekor Tertinggi, IHSG Turun 0,4% di Sesi 1",2021-11-22,Monday
Kapitalisasi TLKM Terbang & EMTK Masuk 10 Besar Lagi,2021-11-22,Monday
"IHSG Tak Bertenaga, Banyak yang Ambil Untung Setelah ATH",2021-11-23,Tuesday
"Yuk Bisa Yuk! Dibuka Hijau, IHSG Pepet Level 6.700 Lagi",2021-11-24,Wednesday
"IHSG di Bawah 6.700, Cek Saham Cuan Pilihan Broker",2021-11-24,Wednesday
"IHSG Cerah, Asing Borong TLKM-BMRI & Lego BUKA-EXCL",2021-11-25,Thursday
Urgensi Cyber Security Dalam Ekosistem Super App Perbankan,2021-11-25,Thursday
"Asing Getol Belanja, IHSG Sempat Terbang 1% Dekati Rekor ATH",2021-11-25,Thursday
"Deretan Saham Potensi Cuan Hari Ini, Siap Borong?",2021-11-25,Thursday
"IHSG Anjlok 2% Lebih, Ini Dia Biang Keladinya!",2021-11-26,Friday
Black Friday! IHSG Longsor 2% Kena Varian Corona Baru,2021-11-26,Friday
"IHSG Anjlok 2% Lebih, Ini Saham-Saham Biang Keroknya!",2021-11-26,Friday
"Duh! Panik Jual, IHSG Drop 2%",2021-11-26,Friday
"IHSG Ambruk 2%, Asing Lego Saham Bank-bank Besar",2021-11-26,Friday
"Saham Bank Gede Ambles, Bikin IHSG Nyungsep",2021-11-26,Friday
"Minim Katalis, IHSG Dibuka dari Zona Merah",2021-11-26,Friday
"IHSG Bakal Ngacir Nih, Yok Pilih Saham-saham Cuan",2021-11-26,Friday
"Covid Terbaru Mengancam, IHSG Terlempar ke 6.600 di Closing 1",2021-11-26,Friday
"Ekonomi Pulih, Kredit Bank Siap-siap Bangkit",2021-11-27,Saturday
"Gegara Omicron, Reli IHSG Sepanjang November Terhapus Sudah!",2021-11-27,Saturday
"Tangkal Serangan Siber, BCA Investasikan Rp 500 M per Tahun",2021-11-28,Sunday
Omicron Bikin IHSG Kocar-Kacir! Pagi-pagi Sudah Ambruk 1%,2021-11-29,Monday
"IHSG Ambles, Kapitalisasi Big Cap Susut kecuali Telkom",2021-11-29,Monday
"IHSG Selamat dari Omicron, tapi Asing Kabur dari Bursa RI",2021-11-29,Monday
"IHSG Bertahan dari Badai Omicron, Saham Astra Diobral Asing",2021-11-29,Monday
"IHSG Ambles 1% Lebih, Asing Lepas Lagi Saham Bank Gede",2021-11-30,Tuesday
"Waspada Profit Taking, Ini Saham Cuan Pilihan Broker",2021-11-30,Tuesday
"IHSG Rontok, Asing Kabur & Obral Saham-saham Big Cap",2021-12-01,Wednesday
Investor Serbu Saham-saham Bank Raksasa,2021-12-01,Wednesday
"Masih DIliputi Kecemasan, IHSG Turun 21 Poin di Akhir Sesi 1",2021-12-01,Wednesday
"Bursa Saham RI Agak Horor, Yuk Simak Saham Pilihan Broker",2021-12-02,Thursday
"Kacau! Omicron Bikin Investor Panik, IHSG Langsung Merah",2021-12-02,Thursday
Gak Takut Omicron Lagi! IHSG Terbang 1% Sukses Balas Dendam,2021-12-02,Thursday
"IHSG Cuekin Omicron, Asing Borong Saham Telkom & BCA",2021-12-02,Thursday
"Wall Street Kompak Rebound Tajam, IHSG Happy Weekend?",2021-12-03,Friday
"Nasib Malang IHSG, Kena Profit Taking di Akhir Pekan",2021-12-03,Friday
"Akhir Pekan IHSG Loyo Lagi, Asing Lego Astra & Koleksi Telkom",2021-12-03,Friday
"Cakep! IHSG Hijau, Saham Bank Gede Kompak Naik",2021-12-06,Monday
"Kode Broker Dihapus, Cek Saham Cuan Rekomendasi Broker",2021-12-06,Monday
IHSG Menguat 35 Poin di Penutupan Sesi 1,2021-12-06,Monday
"Market Cap BBCA Balik ke Rp 900 T Lagi, ASII & UNVR Merosot",2021-12-06,Monday
"IHSG Berakhir Menguat, Tapi Asing Lego ASII-KLBF",2021-12-06,Monday
"Sempat Sentuh 6.600, IHSG Akhiri Sesi 1 di Zona Hijau",2021-12-07,Tuesday
IHSG Bergairah! Asing Buru Saham Bank Gede & Lego BUKA-SMGR,2021-12-07,Tuesday
"Tembus 6.600, IHSG Berakhir Menguat di Jalur Hijau di Sesi 1",2021-12-08,Wednesday
"Kecewa! Meski Banjir Sentimen Positif, IHSG Hanya Ijo Tipis",2021-12-08,Wednesday
"IHSG Bakal Hijau Nih, Cek Saham-saham Potensi Cuan Hari Ini",2021-12-08,Wednesday
"Sambut Kabar Omicron Tak Ganas, IHSG Langsung Tancap Gas",2021-12-08,Wednesday
"IHSG Sempat Goyang, Asing Lego AVIA-UNTR & Borong BBCA-EMTK",2021-12-08,Wednesday
"Dikerek Jelang Penutupan, IHSG Mantap Finish di Zona Hijau",2021-12-09,Thursday
"IHSG Hijau, tapi Asing Obral Saham-saham Big Cap",2021-12-09,Thursday
"Kabar Baik Pandemi Masih Melanda, IHSG Bertahan di Zona Hijau",2021-12-09,Thursday
"Wall Street Masih Menggebu-Gebu, IHSG Siap Lanjutkan Reli?",2021-12-09,Thursday
Duet BioNTech & Pfizer Sukses Hijaukan IHSG Pagi Ini,2021-12-09,Thursday
"Permudah Transaksi Pelanggan, UVCR Luncurkan Fitur Baru",2021-12-09,Thursday
"Amerika Bikin Ketar-ketir, IHSG Bisa Happy Weekend?",2021-12-10,Friday
"Jelang Akhir Pekan, Yok Cari Cuan dari Saham-saham Ini",2021-12-10,Friday
"IHSG Bisa ke 7.600, Simak Sederet Saham yang Bisa Cuan Gokil",2021-12-10,Friday
Saham Bank ,2021-12-10,Friday
"Ikuti Tren Asia, IHSG Berakhir Melemah di Sesi Pertama",2021-12-10,Friday
"Diangkat di Akhir Perdagangan, IHSG Ditutup di Zona Hijau",2021-12-10,Friday
"IHSG Hijau di Detik Terakhir, Asing Lego Lima Big Cap",2021-12-10,Friday
"IHSG Selamat, tapi Asing Masih Jual Saham di Bursa RI",2021-12-13,Monday
"Berkat Sentimen Positif Global, IHSG Sukses Menghijau Lagi",2021-12-13,Monday
BCA Buka Suara Soal Rumor Bikin Bursa Kripto Bareng Binance,2021-12-13,Monday
"Market Cap EMTK-ARTO Melonjak, BBCA Bertahan di Rp 900 T",2021-12-13,Monday
Jahja Setiaatmadja ,2021-12-14,Tuesday
"IHSG Rawan Longsor, Cek Saham Cuan Pilihan Broker",2021-12-14,Tuesday
"Pasar Khawatirkan Omicron, IHSG Ditutup Anjlok di Sesi 1",2021-12-14,Tuesday
"IHSG Rontok, SMGR-BBRI dan Saham Bukalapak Dilego Asing!",2021-12-14,Tuesday
Bos BCA Sigap Hadapi Disrupsi,2021-12-14,Tuesday
Bos BCA Raih The Most Inspiring Leader in Banking Transition,2021-12-14,Tuesday
IHSG Lagi Happy! Asing Borong 5 Saham Big Cap,2021-12-15,Wednesday
"Jahja Setiaatmadja, Pemimpin Adaptif Era Bank Digital",2021-12-15,Wednesday
CPO Jadi Penambah Pundi-pundi Crazy Rich RI,2021-12-15,Wednesday
"Ini Sederet Saham Pilihan Broker, Mungkin Bisa Cuan",2021-12-16,Thursday
"Halo Nasabah, BCA Siapkan Rp 33,2 T Uang Tunai Selama Nataru",2021-12-16,Thursday
"Asing Cemas Omicron Masuk RI, 5 Saham Big Cap Diobral",2021-12-16,Thursday
"Biar Cuan, Baca Dulu 7 Informasi Penting Sebelum Transaksi",2021-12-17,Friday
"Omicron Masih Bikin Jiper, IHSG Merah!",2021-12-17,Friday
"IHSG Sesi 1 DItutup Merah, Terseret Sentimen Negatif Inggris",2021-12-17,Friday
"Selamat dari Zona Merah di Menit Akhir, IHSG Happy Weekend!",2021-12-17,Friday
"IHSG Rebound di Detik Terakhir, tapi Asing Tarik Dana Keluar",2021-12-17,Friday
"Jelang Akhir 2021, Yuk Pilih Saham-saham yang Bisa Cuan",2021-12-20,Monday
"Digempur Habis-habisan, IHSG Nyerah di Zona Merah",2021-12-20,Monday
Ini 10 Saham yang Bikin IHSG Rontok,2021-12-20,Monday
"Market Cap TPIA-BBCA Melonjak, UNVR Merosot Lagi",2021-12-20,Monday
"Inggris Mau Lockdown Lagi, IHSG Ambles Nyaris 1%",2021-12-20,Monday
IHSG Tersungkur Lagi! Asing Lego 4 Saham Big Cap,2021-12-20,Monday
"Naik 0,01% di Sesi 1, IHSG Bergerak Volatil & Volume Menipis",2021-12-21,Tuesday
"IHSG Ijo Tipis, Asing Lego ASII-UNVR & Koleksi TLKM-EMTK",2021-12-21,Tuesday
"Mantap! Mengekor Bursa Benua Kuning, IHSG Dibuka Hijau",2021-12-21,Tuesday
Simak Rekomendasi Saham Potensi Cuan Jelang Santa Rally,2021-12-22,Wednesday
"Kemarin Malu-malu, Hari Ini IHSG Dibuka Langsung Ngegas",2021-12-22,Wednesday
"Omicron Tiba, Window Dressing Telat atau Batal Nih?",2021-12-22,Wednesday
"IHSG Diprediksi Masih Melemah, Intip Saham Calon Cuan",2021-12-23,Thursday
"Sentimen Sedang Oke, Pagi-pagi IHSG Dibuka Sudah Ngegas",2021-12-23,Thursday
"Terbawa Angin Positif AS, IHSG Akhiri Sesi 1 di Zona Hijau",2021-12-23,Thursday
"Asing Borong Rp 132 M, IHSG Finis di Zona Hijau",2021-12-23,Thursday
IHSG Cerah Lagi! Asing Borong BBRI-ICBP & Lego ASII-BUKA,2021-12-23,Thursday
"Ikuti Tren Wall Street, IHSG Bertahan di Zona Hijau",2021-12-24,Friday
Simak! Saham-saham Ini Berpotensi Cuan Jelang Libur Natal,2021-12-24,Friday
,2021-12-24,Friday
"Simak! Saham-saham Potensi Cuan di 2022, Ini Rekomendasinya",2021-12-24,Friday
"IHSG Naik Tipis, Asing Lego ASII-SMGR & Buru BMRI-EMTK",2021-12-24,Friday
Gimana Cara Transfer Antarbank dengan Biaya Rp 2.500 di BCA?,2021-12-24,Friday
"Pekan Terakhir 2021, Deretan Saham Ini Berpeluang Beri Cuan!",2021-12-27,Monday
"Cara Transfer Antarbank dengan Biaya Rp 2,500 di BCA",2021-12-27,Monday
"Bursa RI Ngegas, Asing Borong Saham Big Cap",2021-12-28,Tuesday
Window Dressing Tahun Ini Ada Ga Sih? Bursa RI Kok Loyo,2021-12-28,Tuesday
"Topang Transaksi Digital, BCA Bangun 3 Data Center Sekaligus",2021-12-28,Tuesday
Cek! Ini Sederer Saham Cuan yang Bisa Jadi Pilihan,2021-12-28,Tuesday
"Countdown 3 Hari Tutup Tahun, IHSG Dibuka Hijau Gaes",2021-12-28,Tuesday
"Cari Cuan di Akhir Tahun Yok, Ini Saham Pilihannya",2021-12-28,Tuesday
BCA Siapkan Rp 5 Triliun Untuk Pengembangan IT di 2022,2021-12-28,Tuesday
,2021-12-29,Wednesday
"IHSG Dibuka Menguat Pagi Ini, Bakal Hijau 5 Hari Gengs?",2021-12-29,Wednesday
"Ambil Untung Menerpa, IHSG Berbalik Merah di Penutupan Sesi 1",2021-12-29,Wednesday
"Tak Jadi Melemah, IHSG Akhirnya Cuan Tipis",2021-12-29,Wednesday
"IHSG Naik Tipis, Asing Lepas SMGR-UNTR & Koleksi BMRI-ICBP",2021-12-29,Wednesday
"Hari Terakhir Perdagangan 2021, Asing Lego TLKM & Buru EMTK",2021-12-30,Thursday
"Profit Taking Mendera Lagi, IHSG Akhiri Sesi 1 di Zona Merah",2021-12-30,Thursday
"Hari Terakhir Perdagangan 2021, Ini Saham Pilihan Cuan",2021-12-30,Thursday
"IHSG Jangan Sampe Merah, Ini Hari Terakhir Perdagangan 2021",2021-12-30,Thursday
"Market Cap BBCA Masih Bertengger di Atas, BBRI Melonjak",2022-01-03,Monday
"Tak Terbendung, IHSG Melejit 1,27% di Trading Perdana 2022",2022-01-03,Monday
5 Saham Big Cap Ini Jadi Favorit Investor Asing di Awal 2022,2022-01-03,Monday
IHSG Gagal Sentuh Level Tertinggi Dalam Sejarah,2022-01-04,Tuesday
Cuan...cuan...cuan! Cek Saham-saham Pilihan Broker Ini,2022-01-04,Tuesday
"Mantul! Hari ke-2 di 2022, IHSG Masih Perkasa di Zona Hijau",2022-01-04,Tuesday
"Pasar Masih Optimis, IHSG Masih Menguat di Sesi I",2022-01-04,Tuesday
"Hari ke-2 di 2022, IHSG Masih Kokoh Bertahan di Zona Hijau",2022-01-04,Tuesday
"IHSG Cerah Lagi, Asing Borong 4 Saham Bank Big Cap",2022-01-04,Tuesday
"IHSG Loyo, Tapi Asing Borong 5 Saham Bank Big Cap",2022-01-05,Wednesday
Bank Tidak Bisa Ujug-ujug Stop Biayai Batu Bara,2022-01-05,Wednesday
"Ikuti Bursa Asia, IHSG Ditutup Loyo Hari Ini",2022-01-05,Wednesday
"AS Kian Hawkish, IHSG Berayun ke Zona Merah di Closing Sesi 1",2022-01-05,Wednesday
"Dibuka Menguat, IHSG Siap Hattrick Awal Tahun?",2022-01-05,Wednesday
"Alih-alih Dekati All Time High, IHSG Rawan Profit Taking",2022-01-05,Wednesday
"Cek Sederet Saham Pilihan Broker Hari Ini, Semoga Cuan Gokil",2022-01-06,Thursday
"IHSG Galau Bukan Main, Investor Perlu Cermati Ini!",2022-01-06,Thursday
"Bertahan di 6.600, IHSG Kehilangan 52 Poin di Closing Sesi 1",2022-01-06,Thursday
"AKRA Mau Pecah Saham, Begini Lho Nasib 4 Saham Stock Split!",2022-01-06,Thursday
"IHSG Kurangi Laju Koreksi, Ditutup Turun Hanya 8 Poin",2022-01-06,Thursday
"IHSG Terkoreksi Lagi, Asing Buru ARTO-BBCA & Lepas ITMG-PTBA",2022-01-06,Thursday
"Asing Borong BBCA & ARTO, IHSG Kembali Dekati All Time High",2022-01-07,Friday
"Reli Tak Terbendung, IHSG Ditutup Menembus Level 6.700",2022-01-07,Friday
"IHSG Menguat di Penutupan Sesi 1, Setelah Sempat Sentuh 6.700",2022-01-07,Friday
"Dibayangi Berbagai Sentimen, IHSG Kembali Dibuka Galau",2022-01-07,Friday
"IHSG Siap Cetak Rekor, Simak Saham Potensi Cuan",2022-01-10,Monday
Jreng! Kenaikan Angka Covid-19 Bikin IHSG Loyo Saat Pembukaan,2022-01-10,Monday
"Perhatian! IHSG Balik ke 6.700, tapi Ada Saham Big Cap Ambles",2022-01-10,Monday
"Market Cap Dua Saham Bank Ini Melesat, Ada ARTO!",2022-01-10,Monday
"IHSG Galau, Sempat Menguat, Tapi Melemah di Akhir Perdagangan",2022-01-10,Monday
"IHSG Loyo Lagi, Asing Buru ARTO-BBCA & Lego BUKA-ANTM",2022-01-10,Monday
"IHSG Lesu Lagi, Asing Borong BBCA-TLKM & Lepas BUKA-ISAT",2022-01-11,Tuesday
IHSG Tersengat Varian Deltacron,2022-01-11,Tuesday
"Deltacron Merebak, IHSG Berayun ke Zona Merah di Sesi 1",2022-01-11,Tuesday
Giliran IHSG yang Meninggalkan Bursa Regional,2022-01-11,Tuesday
Simak! Saham-saham Pilihan Potensi Cuan Hari Ini,2022-01-11,Tuesday
"IHSG Bakal Rebound, Cek Saham-saham Potensi Cuan Ini",2022-01-12,Wednesday
"Disuntik Vaksin Booster Gratis, IHSG Dibuka Melesat",2022-01-12,Wednesday
Kabar Vaksin Booster Kurang ,2022-01-12,Wednesday
"Asing Borong BCA-BRI, Bukalapak Masih Dijual!",2022-01-12,Wednesday
"IHSG Masih Tertekan, Saham-saham Ini Potensi Cuan",2022-01-13,Thursday
"Sempat Bikin Was-Was, IHSG Akhirnya Menguat Meski Tipis",2022-01-13,Thursday
"Dana Asing Tak terbendung, BBCA dan BBRI Masih Favorit",2022-01-13,Thursday
"Enggak Jadi Sideways dong, IHSG Solid di Sesi Kedua",2022-01-14,Friday
"Asing Terus Borong Saham RI, IHSG Sukses Happy Weekend",2022-01-14,Friday
Hawa Tak Sedap dari Barat Buat IHSG Dibuka Merah,2022-01-14,Friday
IHSG Rebound! Cek Saham-saham Potensi Cuan Ini,2022-01-14,Friday
"Cuma Kurang 7 Poin, Kayaknya Psikologis IHSG Bakal Tembus",2022-01-17,Monday
"Ada ERAA, Simak Saham Calon Cuan di Awal Pekan Ini",2022-01-17,Monday
"Market Cap BCA Rekor Lagi, Tapi Emtek Malah Ambles",2022-01-17,Monday
"PDB China Tak Meyakinkan, IHSG Berakhir Merah di Sesi 1",2022-01-17,Monday
"IHSG Pangkas Koreksi, Asing Buru TLKM-BBRI & Lepas ANTM-ASII",2022-01-18,Tuesday
"Sempat Ambruk Parah, IHSG Berikan Perlawanan di Sesi 2",2022-01-18,Tuesday
"Investor Asing Rajin Net Buy, Tapi IHSG Gugur",2022-01-18,Tuesday
"Gokil! Market Cap Bank Jago Geser Astra, Masuk 5 Besar",2022-01-18,Tuesday
"Saham Big Cap Membuat IHSG Terjungkal, EMTK Paling Jadi Beban",2022-01-18,Tuesday
"DKI Jajaki PPKM Level 3, IHSG Terpukul hingga 1,4% di Sesi 1",2022-01-18,Tuesday
"IHSG Anjlok Nyaris 1,5%, Saham-saham Big Cap Rontok",2022-01-18,Tuesday
"Bursa Asia Hijau, IHSG Dibuka Bersemangat",2022-01-18,Tuesday
Bingung Pilihan Saham Hari Ini? Saham Ini Berpotensi Cuan...,2022-01-18,Tuesday
"Sesuai Perkiraan, IHSG Dibuka Kurang Bergairah!",2022-01-19,Wednesday
"IHSG Kembali Loyo, Asing Koleksi TLKM-EMTK & Lepas BMRI-KLBF",2022-01-19,Wednesday
Cek Gan! Ini 5 Saham Idola Asing selama Awal 2022,2022-01-20,Thursday
"Jelang RDG BI, Simak Saham-Saham Potensi Cuan Ini",2022-01-20,Thursday
"IHSG Menghijau, Asing Lepas ASII-INCO & Koleksi TLKM-BBCA",2022-01-20,Thursday
"IHSG Berbau Marking The Close, Apa Kabar Random Closing?",2022-01-21,Friday
"Saham Big Cap Diborong Asing, IHSG Sentuh All Time High Baru",2022-01-21,Friday
"Sentimen Membaik, IHSG Berayun ke Zona Hijau di Sesi 1",2022-01-21,Friday
"Belok Enggak Pake Sen, IHSG Mendadak Cetak Rekor Sejarah!",2022-01-21,Friday
"IHSG Masih Ada Harapan Naik, Ini Saham-saham Potensi Cuan",2022-01-24,Monday
"Nyusul Bursa Asia, IHSG Pagi-pagi Sudah Dibuka Nyusruk",2022-01-24,Monday
"IHSG Anjlok 1%, Saham-Saham Ini Jadi Biang Kerok!",2022-01-24,Monday
"Pertahanan Jebol Juga, IHSG Ambles 1% di Awal Pekan",2022-01-24,Monday
"IHSG Akhiri Ronde Kena Knock Out, Sempat Ambruk 2%!",2022-01-25,Tuesday
IHSG Anjlok 1% Lebih di Penutupan Sesi 1,2022-01-25,Tuesday
"IHSG Anjlok 1,7%, Ternyata Asing Jualan 5 Saham Big Cap Ini!",2022-01-25,Tuesday
"Bursa Asia Merah Membara, IHSG Ikut Terlempar ke Zona Merah",2022-01-25,Tuesday
IHSG Tren ,2022-01-26,Wednesday
Bursa Asia & Dua Saham Ini Membantu IHSG Balik ke 6.600,2022-01-26,Wednesday
"Kredit BCA Tumbuh 8,2% YoY Pada 2021",2022-01-27,Thursday
"Laba Bersih BCA Naik 15,8% jadi Rp 31,4 T Pada 2021",2022-01-27,Thursday
BCA (BBCA) Suntik Dana Rp 400 M ke Bisnis Modal Ventura,2022-01-27,Thursday
"Seharian Dikocok-kocok, IHSG Berhasil Finis Hijau",2022-01-27,Thursday
"Nasib! IHSG Dihantam Badai Lagi, Dibuka dari Zona Merah",2022-01-27,Thursday
"Laba Bersih BCA Naik 15,8% Jadi Rp 31,4 T Pada 2021",2022-01-27,Thursday
"XL Caplok Link Net Rp 8,7 T Hingga Kinerja BMRI-BBCA",2022-01-28,Friday
IHSG Tren ,2022-01-28,Friday
Kinerja Bank Big Cap RI Bakal Dongkrak Laju IHSG,2022-01-28,Friday
"Bank Kakap RI Panen Laba Jumbo, IHSG Dibuka Cerah",2022-01-28,Friday
"Laba Bersih BCA 2021 Melesat 15% YOY, Menjadi Rp 31,4 Triliun",2022-01-28,Friday
"Gasss Terusss! IHSG Ditutup Menguat 0,52%",2022-01-28,Friday
Perhatian! Manufaktur Hingga Omicron akan Tentukan Nasib IHSG,2022-01-30,Sunday
"January Effect Tipis-tipis, Berharap Februari Bakal Cuan Gede",2022-01-31,Monday
"Mohon Maaf, IHSG Enggak Kasih Angpao Dulu",2022-01-31,Monday
"Tahun Macan Air, Saham-Saham Ini Potensi Bakal Cuan!",2022-02-01,Tuesday
"Habis Imlek, IHSG Bagi-bagi Rejeki! Dibuka HIjau Nih",2022-02-02,Wednesday
"Awal Februari IHSG Menguat 1% Lebih, Kembali Tembus 6.700",2022-02-02,Wednesday
"Wall Street Bangkit dari Januari Kelabu, IHSG Siap Rebound?",2022-02-02,Wednesday
"IHSG Berpeluang Rebound, Simak Saham-saham Pilihan Ini",2022-02-02,Wednesday
"Semesta Mendukung, IHSG Bisa Happy Ending Hari Ini?",2022-02-03,Thursday
"Sempat Hijau, BBYB & MPPA Biang Kerok Penurunan IHSG",2022-02-03,Thursday
BBCA Kalah nih... Laba Bersihnya Disalip Oleh BBRI,2022-02-03,Thursday
"IHSG Berbalik Melemah, Tertekan 0,4% di Penutupan Sesi 1",2022-02-03,Thursday
"Cek Ombak, Ini Saham Pilihan Cuan Saat IHSG Tak Bertenaga",2022-02-04,Friday
Ini Cara Main Forex yang Benar Agar Tak Kena Tipu Sekampung,2022-02-04,Friday
"ARTO Terbang 5.900%, Jerry Ng Masuk Daftar WNI Paling Tajir",2022-02-04,Friday
Bagaimana Ceritanya Jerry Ng Memiliki Kekayaan Rp 45 T?,2022-02-04,Friday
"Jerry Ng Masuk Daftar WNI Paling Tajir, Kekayaan Rp45 T!",2022-02-05,Saturday
"IHSG Cetak Rekor, Saham-saham Ini Diprediksi Bakal Cuan",2022-02-08,Tuesday
"IHSG Cetak Rekor, Saham ",2022-02-08,Tuesday
"Investor Ngiler, Begini Dividend Yield Bank Kakap RI!",2022-02-09,Wednesday
Raja Rokok RI: Hartono Bersaudara Kini Kaya Raya dari BCA!,2022-02-09,Wednesday
"Ga Salah Berburu Saham Bank, Dividennya Aduhai!",2022-02-09,Wednesday
"Ikuti Tren Asia, IHSG Berakhir Menguat di Penutupan Sesi 1",2022-02-09,Wednesday
Mau Tajir? Kerja di Perusahaan Ini,2022-02-09,Wednesday
"Gak Ada Matinya, IHSG Dibuka Hijau Balik ke 6.800",2022-02-09,Wednesday
"Fundamental Sehat dan Kuat, Prospek BBTN Dinilai Menggiurkan",2022-02-09,Wednesday
"Gokil! Keluarga Hartono Bisa Raup Rp 8,6 T Dari BCA",2022-02-09,Wednesday
"Haus Rekor, IHSG Kembali Catat Level Tertinggi Dalam Sejarah!",2022-02-09,Wednesday
Jreng! Ini 3 Wanita Paling Kaya se-Indonesia Raya,2022-02-09,Wednesday
Cuan Triliunan Duo Hartono Sampai Larangan Penjualan Unitlink,2022-02-09,Wednesday
Pilih Deposito Atau Dividen Bank? Coba Baca Ini Dulu,2022-02-10,Thursday
"Yok Cari di Saham Pilihan Ini, Saat IHSG Cetak Rekor ATH",2022-02-10,Thursday
Raja Bank di RI: Ada Tangan Dingin Liem Sioe Liong di BCA,2022-02-10,Thursday
IHSG Tutup Sesi 1 di Zona Merah Menyusul Lonjakan Inflasi AS,2022-02-11,Friday
Simak! Saham-saham Ini Potensi Cuan Jelang Akhir Pekan,2022-02-11,Friday
"IHSG Butuh Rehat, Setelah Pecah Rekor ATH tapi Asing Masuk",2022-02-11,Friday
"IHSG Bakal Tembus 7.000 di Februari, Ini Saham Pendulang Cuan",2022-02-11,Friday
"Ikuti Koreksi Berjamaah di Asia, IHSG Anjlok 1% di Penutupan",2022-02-14,Monday
"IHSG Ambles 1%, Ini Deretan Saham Biang Keroknya!",2022-02-14,Monday
"IHSG Siap Rebound Awal Pekan, Saham-saham Ini Potensi Cuan",2022-02-14,Monday
"Ada Harapan! IHSG Rentan Tertekan, Ini Saham Potensi Cuan",2022-02-15,Tuesday
"Isu Ukraina Diharap Reda, IHSG Awali Hari di Teritori Positif",2022-02-15,Tuesday
"Diserbu 3 Kabar Positif dari Dalam Negeri, IHSG Melompat 1%",2022-02-15,Tuesday
"Tensi Perang Dunia III Mereda, Ini Saham-saham Potensi Cuan",2022-02-16,Wednesday
"RI Tak Bergantung Dolar AS, Bos BCA & Mandiri Beri Buktinya!",2022-02-16,Wednesday
"Asia Kompak Menguat, IHSG Berakhir di Teritori Positif",2022-02-16,Wednesday
"Diborong Asing, Saham BBNI Melesat & BBCA Sentuh ATH!",2022-02-16,Wednesday
"Dagang Tanpa Dolar AS, Ini Untung Buat Pengusaha!",2022-02-16,Wednesday
"Minim Katalis Baru, IHSG Sesi 1 Merosot ke Zona Merah",2022-02-17,Thursday
"Mau RUPST, BCA Bongkar Pasang Susunan Direksi",2022-02-17,Thursday
"Situasi Masih Tak Menentu, IHSG Dibuka Berayun ke Zona Merah",2022-02-17,Thursday
"Menu Cuan Pagi Ini, Silahkan Disantap!",2022-02-17,Thursday
"4 Saham Bank Raksasa RI Diborong Asing, Ini Peyebabnya",2022-02-17,Thursday
"CT Mau Tambah Modal Garuda, 29 Emiten Disuspen Bursa",2022-02-18,Friday
"Menu Saham Gurih Pagi Ini, Boleh Dicicipi...",2022-02-18,Friday
"Gelar RUPST, Bank-bank Kakap RI Mau Rombak Direksi",2022-02-18,Friday
Semangat Senin! Simak Menu Saham Potensi Cuan Hari Ini,2022-02-21,Monday
"BBCA Tak Tergoyahkan, BBHI Bertahan di 10 Besar Big Caps",2022-02-21,Monday
"Terimbas Krisis Ukraina, IHSG Berakhir dengan Koreksi 40 Poin",2022-02-22,Tuesday
"Tersulut Panasnya Ukraina, IHSG Sesi 1  Ditutup Merah",2022-02-22,Tuesday
"LCS Banyak Keunggulan,Tapi Masih Kurang Sosialialisasi",2022-02-22,Tuesday
"IHSG Cetak Rekor, Ini Saham-saham Yang Siap Beri Cuan",2022-02-22,Tuesday
"Konflik Ukraina Kian Terbuka, IHSG Dibuka Melemah",2022-02-22,Tuesday
"Didukung Hal Ini, Tak Mustahil Transaksi LCS Bisa Tumbuh 10%",2022-02-22,Tuesday
"IHSG Siap Rebound! Simak Menu Saham Hari Ini, Semoga Cuan",2022-02-23,Wednesday
"Barat Proporsional Sikapi Rusia di Ukraina, IHSG Dibuka Hijau",2022-02-23,Wednesday
IHSG Berakhir Hijau di Sesi 1 Biarpun Rusia-Ukraina Memanas,2022-02-23,Wednesday
"Perang Ukraina Diyakini Bisa Dihindari, IHSG Ditutup di ATH",2022-02-23,Wednesday
"Yes! Saham BBCA Balik ke Rp 8.000, BBNI & BMRI Nyusul Nih?",2022-02-23,Wednesday
"Saat Ukraina Diserang Rusia, Asing Malah Borong Saham RI",2022-02-24,Thursday
Lagi Cari Rumah? Coba Cek Promo KPR Dari BCA,2022-02-24,Thursday
"IHSG DItutup Drop 1,4% tapi Asing Borong Saham Rp 821 Miliar",2022-02-24,Thursday
"Rusia Biang Kerok, Bikin 10 Saham Big Cap Ini Rontok",2022-02-24,Thursday
"Ikuti Tren ""Kebakaran"" di Bursa AS & Asia, IHSG Dibuka Merah",2022-02-24,Thursday
"IHSG Cetak Rekor Lagi, Simak Menu Saham Rekomendasi Broker",2022-02-24,Thursday
"Ukraina Pecah Perang, IHSG Anjlok 1% Lebih di Sesi 1",2022-02-24,Thursday
Ini Deretan Saham Diborong Asing Saat Rusia-Ukraina Perang,2022-02-25,Friday
"IHSG Akhiri Perdagangan Sepekan dengan Reli 1% ke 6.888,171",2022-02-25,Friday
"Bank Mega Bisa Kasih Return 20%, Yakin Ga Kepincut?",2022-02-25,Friday
Kinerja Ciamik Abis! 4 Raksasa Bank RI jadi Idola Investor,2022-02-25,Friday
"Ukraina Masih Panas, IHSG Menghijau di Sesi 1 Ikuti Tren Asia",2022-02-25,Friday
"Ciamik! Cetak Rp 4,01 T, Laba Bank Mega Nomor 5 Se-Indonesia",2022-02-25,Friday
"Konflik Ukraina Diyakini Tak Membesar, IHSG DIbuka Menguat",2022-02-25,Friday
"Perang Ukraina Pecah, MEDC Sampai INDY Jadi Pilihan Broker",2022-02-25,Friday
Ini Bukti Asing Bawa Kabur Duitnya Ke RI Saat Perang Dunia 3,2022-02-25,Friday
"Pengelolaan Aset Bank Mega Cakep, Ini Buktinya!",2022-02-25,Friday
"Layanan Digitalisasi Diperkuat, Bank Kurangi Kantor Cabang?",2022-03-01,Tuesday
"Andai Tidak Perang, IHSG Mungkin Ada di Peringkat Satu Asia",2022-03-01,Tuesday
"Menu Cuan di Awal Bulan, Silakan Dinikmati",2022-03-01,Tuesday
Langkah & Nilai Tambah Perbankan Tanah Air Dalam Digitalisasi,2022-03-01,Tuesday
Peran Digitalisasi Perbankan Kembangkan Bisnis UMKM Go Global,2022-03-01,Tuesday
IHSG Berakhir Lompat Nyaris 1% di Sesi 1 Iringi Rilis Inflasi,2022-03-01,Tuesday
"Dana Asing Masuk Terus, sih... IHSG Hijau Lagi, kan...",2022-03-02,Wednesday
"IHSG Berayun ke Zona Merah, Terkoreksi 0,6% di Closing Sesi 1",2022-03-02,Wednesday
"Ada Menu Saham Calon Cuan Pagi Ini, nih...",2022-03-02,Wednesday
"Minggir! Yang Lain Merah, IHSG Solo Run Hijau Sendirian",2022-03-04,Friday
"Asing Borong Saham Rp 1 Triliun, IHSG Ditutup Hijau di Sesi 1",2022-03-04,Friday
"Tergelincir, Market Cap Saham BCA Batal Balik ke Rp 1.000 T",2022-03-04,Friday
"Aliran Dana Asing Deras, IHSG Dekati Level 7.000",2022-03-04,Friday
"Rusia-Ukraina Makin Panas, Bukan Cuma Emas yang Bisa Diborong",2022-03-06,Sunday
"Asing Mulai Keluar, IHSG Longsor Kena Profit Taking",2022-03-07,Monday
"Saham Bank Besar Profit Taking, Sinyal Asing Mulai Kabur?",2022-03-07,Monday
"Asing Profit Taking, IHSG Terperosok ke Zona Merah di Sesi 1",2022-03-07,Monday
"Market Cap BBRI Melesat, UNVR Terdepak Dari 10 Besar",2022-03-07,Monday
"Ikuti Koreksi Bursa Asia dan AS, IHSG Gagal Sentuh 7.000",2022-03-07,Monday
Manuver Bisnis BCA di Masa Lonjakan Harga Komoditas,2022-03-08,Tuesday
Jurus Bank Hadapi Lonjakan Inflasi & Kenaikan Bunga Acuan,2022-03-08,Tuesday
"Target Penyaluran Kredit 8%, Bos BCA Ungkap Sektor Potensial",2022-03-08,Tuesday
Harga Komoditas Melambung Jadi Buah Simalakama Perbankan,2022-03-08,Tuesday
"Kena PHP! IHSG Dibuka Hijau, Longsor Saat Penutupan",2022-03-08,Tuesday
Ini Kata Bos BCA Soal Tantangan Suku Bunga,2022-03-08,Tuesday
"BCA Tawarkan Bunga KPR 2,65%! Yakin Ga Tertarik?",2022-03-08,Tuesday
Live Now! Strategi Jitu Perbankan Hadapi Turbulensi,2022-03-08,Tuesday
"Harga Batu Bara Naik, Bos BCA Bilang Waktunya Lunasi Pinjaman",2022-03-08,Tuesday
Intip Rahasia Perbankan Hadapi Turbulensi dan Normalisasi,2022-03-08,Tuesday
Simak 7 Kabar Emiten Sebelum Transaksi Saham Hari Ini,2022-03-09,Wednesday
Bos BCA Sarankan Beli Rumah Sekarang Sebelum Suku Bunga Naik,2022-03-10,Thursday
"Baru 2 Minggu, Pengajuan Kredit BCA Expoversary Rp 7,9 T",2022-03-10,Thursday
"BCA Sediakan 39 Merek Kendaraan buat KKB, Tinggal Pilih!",2022-03-10,Thursday
Mending Expoversary Online atau Offline? Ini Kata Bos BCA,2022-03-10,Thursday
"Sempat Kebakaran & Longsor 1%, IHSG Berakhir Merah Tipis",2022-03-11,Friday
"Inflasi AS Melonjak, IHSG Tertekan pada Penutupan Sesi 1",2022-03-11,Friday
Lagi Cari Rumah? Cek Nih BTN & BCA Lagi Ada Promo KPR,2022-03-12,Saturday
"Duet BCA Mobile & MyBCA, Andalan Transaksi Digital Nasabah",2022-03-13,Sunday
"Napas Cuan Bakrie Panjang, Indra Kenz Masih Bungkam",2022-03-14,Monday
Dapat ,2022-03-14,Monday
"IHSG Bertahan di Jalur Hijau, Ditutup Naik 0,28% di Sesi 1",2022-03-14,Monday
"Banyak yang Melesat, Tapi Cap Bank Mandiri Jalan di Tempat",2022-03-14,Monday
"Asing Kembali Borong Saham, IHSG Hijau Dikit Lagi 7.000 Gaes!",2022-03-14,Monday
Pepet Terusss... IHSG Terus Dekati Level 7.000,2022-03-15,Tuesday
Cetak Sejarah Baru! IHSG Sukses Tembus Level 7.000,2022-03-15,Tuesday
"IHSG Berayun ke Zona Merah, Ditutup Turun 0,21% di Sesi 1",2022-03-15,Tuesday
"IHSG Konsisten Melaju di Zona HIjau, Akhiri Sesi 1 di 6.950",2022-03-16,Wednesday
"Kejar Cuan Dividen, Investor Borong Saham Bank Kakap RI",2022-03-16,Wednesday
"IHSG Melesat, Tinggal Sedikit Lagi Sentuh 7.000!",2022-03-16,Wednesday
"Wow! Saham BBCA Rekor Tertinggi, Market Cap Tembus Rp 1.004 T",2022-03-16,Wednesday
"Didukung Asing, IHSG Kembali Hijau! Mencoba Pepet 7.000",2022-03-16,Wednesday
Mau Transaksi? Simak Kabar Pasar Ini Terlebih Dahulu,2022-03-17,Thursday
Jurus Bank Siapkan Investasi Terpercaya Anti-Bodong,2022-03-17,Thursday
"IHSG Tembus 7.000, Berburu Saham Apa Nih? Simak Kata Broker",2022-03-17,Thursday
"BCA Bagikan Dividen Rp 145/saham atau 56,9% dari Laba 2021",2022-03-17,Thursday
"BCA Tunjuk 1 Wapresdir dan 1 Direktur Baru, Siapa Saja?",2022-03-17,Thursday
"BI Tahan Suku Bunga! Sempat Rekor 7.032, IHSG Ditutup Merah",2022-03-17,Thursday
"GoTo, Pemegang Saham Publik yang Turut Menjadi ",2022-03-18,Friday
Ingin Cuan? Simak Kabar Pasar Berikut Ini Terlebih Dahulu,2022-03-18,Friday
"IHSG Masih Galau Nih, Belum Anteng di Level 7.000 Lagi",2022-03-18,Friday
"Sempat Senggol 7.000, IHSG Kembali Berakhir Melemah di Sesi 1",2022-03-18,Friday
Market Bites: Harga Minyak Rebound Hingga BCA Tebar Dividen,2022-03-18,Friday
4 Tips Terhindari Investasi Ilegal Ala Wealth Management,2022-03-19,Saturday
"Meski Menguat, IHSG Sepekan ini Gagal Ditutup di Level 7.000",2022-03-19,Saturday
Yuk Simak Menu Saham Potensi Cuan Sebelum Transaksi Hari Ini,2022-03-21,Monday
"IHSG Masih Sungkan ke 7.000, Cuma Bisa Galau & Merah",2022-03-21,Monday
"Asing Pilih Jualan, IHSG Turun 14 Poin di Penutupan Sesi 1",2022-03-21,Monday
"Pekan Lalu Market Cap BRI Naik Tinggi, BCA Turun Sedikit",2022-03-21,Monday
"IHSG Ditutup Flat, Asing ",2022-03-21,Monday
"BCA Tebar Dividen Rp 120/saham, Simak Jadwalnya",2022-03-21,Monday
"Target, Strategi & Tantangan Penyaluran Kredit Perbankan 2022",2022-03-22,Tuesday
Optimisme Perbankan Akan Pemulihan Ekonomi 2022,2022-03-22,Tuesday
Bos BCA Ungkap Tak Semua Nasabah Canggih Soal Digital Banking,2022-03-22,Tuesday
BCA Optimistis Kredit Konsumen Gerakkan Dunia Usaha,2022-03-22,Tuesday
Bos BCA: Salurkan KPR & KKB Masing-masing Rp 30 T Setahun,2022-03-22,Tuesday
Bongkar Rencana 4 CEO Bank Besar RI di Tahun Pemulihan 2022,2022-03-22,Tuesday
"Ekonomi RI Pulih, BRI Patok Target Tinggi",2022-03-22,Tuesday
"Targetkan Pertumbuhan Kredit 9-10%, Ini Sektor Incaran BMRI",2022-03-22,Tuesday
"Perluas Kredit ke BUMN, BCA Jalin Sindikasi Dengan Himbara",2022-03-22,Tuesday
"BNI Ikut Bikin Bank Digital, Ini Alasannya",2022-03-22,Tuesday
Bos BCA Ungkap Alasan Ikut Main di Layanan Digital Banking,2022-03-22,Tuesday
Bos BCA & BNI Beberkan Sederet Tantangan Perbankan RI di 2022,2022-03-22,Tuesday
"Transformasi Telkom, Rekor Market Cap Hingga Digitalisasi RI",2022-03-23,Wednesday
Jahja Setiaatmadja Borong Saham BCA Jelang Bagi Dividen,2022-03-23,Wednesday
"Wow! Bos-bos BCA Borong Saham BBCA, Incar Dividen Nih?",2022-03-24,Thursday
Rekor Lagi! Aliran Dana Asing Bawa IHSG ke Level Tertinggi,2022-03-24,Thursday
"Dibuka Merah, Sentuh Rekor Tertinggi, IHSG Hijau di Sesi Satu",2022-03-24,Thursday
"Ekonomi Diperlonggar, IHSG Berayun ke Zona Hijau di Pembukaan",2022-03-24,Thursday
Jajaran Elit! Market Cap GoTo Masuk 4 Besar di Bawah TLKM,2022-03-24,Thursday
Simak 8 Kabar Pasar Sebelum Cari Cuan di Jumat Happy,2022-03-25,Friday
Ingin Jadi Crazy Rich Tanpa Tipu-tipu? Punya Saham BBCA!,2022-03-25,Friday
Intip Nih Besarnya Penerimaan Dividen Bos BCA,2022-03-25,Friday
"IHSG Cerah di Awal Pekan, Stabil ke Level 7.049",2022-03-28,Monday
IHSG Nangkring di Level 7.000 pada Penutupan Sesi 1,2022-03-28,Monday
"Sempat Masuk Kisaran 6.900, IHSG Pertahankan Level 7.000",2022-03-28,Monday
Terungkap Ini Alasan Asing Serbu Saham Bank Raksasa RI,2022-03-28,Monday
Cari Cuan di Awal Pekan? Simak Kabar Pasar Ini Dahulu,2022-03-28,Monday
"China Lockdown hingga Rusia Mau Damai, IHSG Gamang?",2022-03-29,Tuesday
IHSG Berbalik ke Zona Merah di Penutupan Sesi 1,2022-03-29,Tuesday
"Ikuti Sentimen AS & Rusia, IHSG Bertahan di Zona Positif",2022-03-30,Wednesday
"IHSG Dibuka Menguat, Kian Dekati Level Psikologis 7.100",2022-03-31,Thursday
Intip Gaji Para Bos 6 Bank Kakap RI,2022-03-31,Thursday
"Tutup Kuartal Pertama, IHSG Menghijau Cetak Rekor Baru!",2022-03-31,Thursday
Ini Dia Indeks Sektoral yang Jadi Jawara Kuartal I-2022,2022-04-01,Friday
"Terdorong Inflasi, IHSG Masuk Zona Merah di Penutupan Sesi 1",2022-04-01,Friday
"Sambil Pantau IPO GoTo, Simak 10 Kabar Pasar di Akhir Pekan",2022-04-01,Friday
"Dear Investor Se-Indonesia Raya, Awas Kena April Fools!",2022-04-01,Friday
"Awal Kuartal Kedua, IHSG Dibuka Hijau Tipis Masih di 7.000-an",2022-04-01,Friday
"Perdagangan Tipis, IHSG Ditutup Melemah 11 Poin di Sesi 1",2022-04-04,Monday
"Baru Hari Kedua Puasa, IHSG Ikutan ",2022-04-04,Monday
"Jual Bank Royal, Lislie Soemedi Bikin Kos-kosan & Saham Naik",2022-04-04,Monday
"Bukan Rokok, Ini yang Bikin Hartono Bersaudara Jadi ",2022-04-04,Monday
Ini Dia 19 Naga & Dewa di Balik IPO GoTo,2022-04-05,Tuesday
"Saham-saham Big Cap Terbang, Tapi Masih Ada yang Murah",2022-04-05,Tuesday
"Bukan Cuma Indomie, Ini Gurita Bisnis ""Sultan"" Anthoni Salim",2022-04-05,Tuesday
"IHSG Dibuka Cetak Rekor (Lagi), Tapi Hati-Hati Rawan Koreksi",2022-04-05,Tuesday
"Pasca Rekor Terus, Hari Ini IHSG Kehabisan Gas Dibuka Merah",2022-04-06,Wednesday
Ini 4 Saham Murah Saat Big Caps Diborong Asing,2022-04-06,Wednesday
"Ikuti Bursa AS, IHSG Balik ke Level Psikologi 7.000 di Sesi 1",2022-04-06,Wednesday
"Reli 5 Hari Melambung Tinggi, IHSG Akhirnya Nyerah Hari Ini",2022-04-06,Wednesday
"BBRI dan TLKM Diborong Asing, IHSG Dibuka Menguat!",2022-04-07,Thursday
"Dari ELSA Hingga BBCA, Ini Asupan Saham Pilihan Hari Ini",2022-04-07,Thursday
Ini Dia Saham Raksasa yang Bikin IHSG Akhirnya Drop,2022-04-07,Thursday
Modal Belasan Ribu Borong Saham? Bisa!,2022-04-07,Thursday
"The Fed Makin Galak karena Inflasi, Saatnya Defensif Guys!",2022-04-07,Thursday
"IHSG Gak Ada Matinya, Dibuka Menghijau Lagi",2022-04-08,Friday
Intip Saham-Saham Koleksi Orang-orang Terkaya RI,2022-04-08,Friday
"IHSG Menguat di Closing Sesi 1, Trading Saham GOTO Teratas",2022-04-11,Monday
"Investor GoTo dari 23 Negara, Ada dari Rusia hingga Palestina",2022-04-11,Monday
"IHSG Rawan Koreksi, Kesaktian Bobot GOTO Dinanti",2022-04-12,Tuesday
"Paytren Butuh Rp 200 T per Bulan, 5 Bulan Bisa Akuisisi BCA!",2022-04-12,Tuesday
"Detik Terakhir IHSG Terangkat, Berhasil Ditutup Menghijau",2022-04-12,Tuesday
"Sukses IPO, Harga Saham GoTo Diramal Bakal ke Rp 500?",2022-04-13,Wednesday
"Rabu Jangan Kelabu, Ini Menu Saham Cuan dari ASII Hingga MDKA",2022-04-13,Wednesday
Mantap! Bank Nasional Mendominasi Jajaran Bank Terbaik Dunia,2022-04-14,Thursday
"IHSG Lelah! Ngegas Pecah Rekor Terus, Akhirnya Koreksi",2022-04-14,Thursday
"Dicekam Inflasi, IHSG Berayun ke Zona Merah di Closing Sesi 1",2022-04-14,Thursday
"IHSG Kehabisan Gas, Dibuka Hijau Tipis Nih",2022-04-14,Thursday
"Bulan Berkah, Siap-Siap Dapat THR Dividen dari 22 Emiten Ini",2022-04-14,Thursday
"Sambil Tunggu Data Ekonomi, Simak Menu Saham Potensi Cuan",2022-04-18,Monday
"Sakti! Di Tengah Lautan Merah Bursa Asia, IHSG Hijau Sendiri!",2022-04-18,Monday
"Awali Pekan, IHSG Berakhir Menguat 0,4% di Penutupan Sesi 1",2022-04-18,Monday
"Berkat Data Neraca Dagang RI, IHSG Sukses Cetak Rekor Baru",2022-04-18,Monday
"Balas Dendam! Kemarin Drop 1%, Hari Ini IHSG Dibuka Ngegas!",2022-04-20,Wednesday
"Banjir Dana Asing, IHSG Unjuk Gigi Balik di Atas 7.200",2022-04-20,Wednesday
"Digitalisasi Terjadi, Bukan Berarti Ekspansi Cabang Terhenti",2022-04-21,Thursday
Top! Dana Masyarakat di BCA Hampir Rp 1.000 T,2022-04-21,Thursday
"Kuartal I-2022, Kredit BCA Tumbuh 8,6% Jadi Rp 637,1 T",2022-04-21,Thursday
"Banjir Dana Asing Rp 1,88 T, IHSG Melesat Hari Ini",2022-04-21,Thursday
"Saham Bank Diburu, IHSG Awet Menghijau Hingga Closing Sesi 1",2022-04-21,Thursday
"Dibuka Hijau Lagi, Beneran IHSG Gak Ada Matinya",2022-04-21,Thursday
Dividen Jumbo Astra Hingga Stock Split Harum Energy,2022-04-21,Thursday
"BCA Cetak Laba Rp 8,1 T di Kuartal I-2022, Tumbuh 14,6%",2022-04-21,Thursday
Jangan Ketinggalan! Ini Sederet Saham Calon Cuan Hari Ini,2022-04-22,Friday
BCA Fokus Garap Penyaluran Kredit di Sektor Ini,2022-04-22,Friday
"Big Bank Diobral Lokal, Asing dengan Senang Hati Tampung!",2022-04-22,Friday
"BCA Expoversary Diperpanjang Sampai 30 April, Cek Promonya!",2022-04-24,Sunday
"Ada Larangan Ekspor CPO, IHSG Turun Tipis Berkat Inflow Asing",2022-04-25,Monday
"Harga Saham Bangkit, Market Cap BNI Lewati Bank Jago & EMTK",2022-04-25,Monday
"Ekspor CPO Disetop, Mayoritas Investor Pilih Jualan di Sesi 1",2022-04-25,Monday
"IHSG Sempat Ambruk, Asing Curi Kesempatan Serok Saham Ini!",2022-04-25,Monday
"Tak Terhentikan, Saham BBNI Bakal ke Rp 10.000?",2022-04-25,Monday
"Dari Hartono Hingga Hermanto, Taipan RI Kipas-Kipas Dividen",2022-04-26,Tuesday
"Mengintip THR Dividen Konglomerat, Ada yang Sampai Triliunan!",2022-04-26,Tuesday
"IHSG Masih Galau, BBRI dan BBCA ",2022-04-26,Tuesday
"Sempat Galau, IHSG Sesi I Kembali Ditutup di Zona Merah!",2022-04-26,Tuesday
"Sempat Suram, IHSG Balik Arah Saat Penutupan",2022-04-26,Tuesday
"Net Buy Tipis, IHSG Resmi Keluar Dari Psikologis 7.200",2022-04-27,Wednesday
"Kantor Cabang BCA Buka Pas Libur Lebaran, Cek Tanggalnya!",2022-04-27,Wednesday
Kondisi Pasar ,2022-04-27,Wednesday
"IHSG Boleh Berfluktuasi, Tapi Saham Pilihan Ini Jangan Lolos",2022-04-27,Wednesday
Kabar Pasar Nih! Ada Soal Luhut yang Ketemu Elon Musk Juga,2022-04-27,Wednesday
Daftar Lokasi Penukaran Uang Lebaran Bank BCA di Jabodetabek,2022-04-27,Wednesday
Laba Bank Mandiri Hingga Elon Musk Mau Ketemu Jokowi,2022-04-28,Thursday
Simak Menu Saham buat Hari Terakhir Sebelum Bursa Libur,2022-04-28,Thursday
Last Day Sebelum Libur Nih! IHSG Dibuka Meriah Sambut Lebaran,2022-04-28,Thursday
"Adu Kuat 4 Bank Kakap RI di Q1-2022, Siapa Jawaranya?",2022-04-29,Friday
Gokil! Rekor Dana Asing Bawa IHSG Juara I di Asia,2022-05-03,Tuesday
THR Lewat! Saham Ini Bikin Kaya Raya Pas Libur Lebaran...,2022-05-07,Saturday
"Parah! Asing Bawa Kabur Rp 2,6 T, IHSG Tumbang 4,42%",2022-05-09,Monday
"Biang Kerok IHSG Jeblok, Saham Big Cap Dilego Asing",2022-05-09,Monday
"Bak Zaman Corona, Saham Bank Raksasa RI Ambles Nyaris Mentok!",2022-05-09,Monday
"Konglomerat Diprank IHSG, Kekayaan Menguap Kurang Dari Sehari",2022-05-09,Monday
"Jadi Biang Kerok IHSG Jeblok, Bank Raksasa Ambruk Berjamaah",2022-05-09,Monday
"Jebol ke Bawah 7.000, Ini Biang Kerok IHSG Koreksi Nyaris 4%",2022-05-09,Monday
"Usai Libur Lebaran, IHSG Terkapar di Penutupan Sesi Pertama",2022-05-09,Monday
"Kena Prank IHSG, Harta Duo Hartono Lenyap Rp 37 Triliun",2022-05-10,Tuesday
Ambyar! Ini Biang Kerok yang Bikin IHSG Ambruk 4% Lebih,2022-05-10,Tuesday
"Harta Konglomerat Menguap Kurang dari Sehari, Siapa Terparah?",2022-05-10,Tuesday
Gara-gara Asing Buang Big Cap Lagi IHSG Kembali Jebol,2022-05-10,Tuesday
"Biang Keladi IHSG Rontok, Big Cap!",2022-05-10,Tuesday
"Koreksi Berlanjut, Kinerja IHSG Sesi 1 Masih Buruk di 2022",2022-05-10,Tuesday
"Sempat Ambruk 3%, IHSG Pangkas Koreksi Balik ke 6.800an!",2022-05-10,Tuesday
"Usai koreksi Beruntun, IHSG Menguat di Penutupan Sesi Pertama",2022-05-11,Wednesday
"Lemes Bestie! Sempat Terbang 1%, IHSG Akhiri Hari Terkoreksi",2022-05-11,Wednesday
Saham Calon Cuan di Tengah Jebloknya IHSG,2022-05-11,Wednesday
"Dua Hari Babak Belur, Napas IHSG Masih Tersengal",2022-05-11,Wednesday
"IHSG Ambles 3,17% ke Bawah Level 6.600, Merah 4 Hari Beruntun",2022-05-12,Thursday
"IHSG Masih Galau Nih, Waspada Merah 4 Hari Beruntun!",2022-05-12,Thursday
"IHSG Masih Galau, Tapi Saham Ini Jadi Obat Karena Calon Cuan",2022-05-12,Thursday
Kabar Pasar Nih! Ada Bocoran IPO Freeport & Anak Pertamina,2022-05-12,Thursday
"Tinggalkan Level 6.700, IHSG Sesi Pertama Ditutup Ambles 2%",2022-05-12,Thursday
"Saham BBNI Lagi Menarik Nih, Ini Dia Target Harganya",2022-05-12,Thursday
"Tertekan Sejak Pagi, IHSG Ditutup Menguat Tipis di Sesi 1",2022-05-13,Friday
"IHSG Rontok Lagi 1%, Tembus Level 6.500!",2022-05-13,Friday
"Sadis! Asing Obral Saham RI Rp 2,3 T Sehari",2022-05-13,Friday
"Sabar Sob... Merah 5 Hari Beruntun, IHSG Ngenes Minggu Ini",2022-05-13,Friday
"Bukan Asing, Ini Biang Kerok yang Bikin IHSG Ambrol",2022-05-13,Friday
"Kabar Pasar Sebelum Long Weekend, Simak Ya!",2022-05-13,Friday
"Cari Cuan Sebelum Long Weekend, Saham Ini Boleh Dilirik",2022-05-13,Friday
"Pasar Modal Karam, Harta Taipan RI Ikut Tenggelam",2022-05-13,Friday
"Big Caps dan Investor Asing, Kombinasi Sempurna Jatuhkan IHSG",2022-05-13,Friday
"Asing Kabur dan Tarik Cuan, IHSG Anjlok 8,73% Sepekan",2022-05-14,Saturday
"Lonjakan Inflasi Mengancam Global, Indonesia Masih Aman?",2022-05-16,Monday
"Redam Lonjakan Inflasi, Kapan BI Bakal Naikkan Suku Bunga?",2022-05-16,Monday
Setelah ,2022-05-17,Tuesday
"Gak Pake Jet Lag, IHSG Dibuka Terbang 1% Pasca Long Weekend",2022-05-17,Tuesday
"Usai Anjlok Pekan Lalu, IHSG Sesi I Ditutup Menguat 0,75%",2022-05-17,Tuesday
"Balas Dendam! IHSG Sukses Hijau, tapi Belum ke 7.000",2022-05-17,Tuesday
"Wallstreet Mulai Bangkit, Akankah IHSG Bernasib Sama?",2022-05-18,Wednesday
38 Perusahaan Bakal IPO Hingga Saran Sandi Uno Soal Kripto,2022-05-18,Wednesday
"Tenang Gaes! Bursa Global Pada Kebakaran, IHSG Ditutup Cerah",2022-05-19,Thursday
"Kalis dari Zona Merah, IHSG Sesi I Ditutup Menguat 0,35%",2022-05-19,Thursday
"Launching Besok, BBHI Sempat Jadi Bank Digital Terbesar di RI",2022-05-19,Thursday
"Simak Menu Saham Hari Ini, Beli BBCA-GOTO dan Jual AALI-ARTO",2022-05-19,Thursday
5 Saham Korban Profit Taking Investor Asing,2022-05-19,Thursday
"IHSG Ditutup Menguat, Tapi Masih Capai Level Psikologis 7.000",2022-05-20,Friday
"Ditopang Hal Ini, Rupiah Diyakini Bisa ke Bawah Rp 14.500/USD",2022-05-20,Friday
"Ekspor CPO Dibuka Lagi, IHSG Sesi I Ditutup Melesat 1,75%",2022-05-20,Friday
"IHSG di Persimpangan, Masih Adakah Peluang untuk Reli?",2022-05-20,Friday
Sritex Terancam Delisting Hingga Launching Allo Bank Hari Ini,2022-05-20,Friday
"Mengekor Bursa Asia, IHSG Dibuka Menghijau",2022-05-20,Friday
"Perang Hingga Normalisasi Moneter, RI Masih Menarik Asing?",2022-05-22,Sunday
Kabar Pasar: Portofolio Northstar Hingga Strategi Allo Bank,2022-05-23,Monday
Mau Cari Cuan? Simak Saham-saham Pilihan Ini,2022-05-23,Monday
"IHSG Galau, Hijau Sesaat Kemudian Turun Nyaris 0,5%",2022-05-23,Monday
"Sempat Galau, IHSG Sesi I Ditutup Anjlok 1,1%",2022-05-23,Monday
"Menu Saham Calon Cuan Hari Ini, Ayo Dipilih!",2022-05-24,Tuesday
"Tunggu Penetapan BI Repo Rate, IHSG Sesi I Ditutup Loncat 1%",2022-05-24,Tuesday
"Nggak Kaget BI Tahan Suku Bunga Acuan, IHSG Lompat 1%",2022-05-24,Tuesday
"Ekonomi Kian Pulih, BRI Rebut Lagi Tahta Tertinggi Perbankan!",2022-05-24,Tuesday
"Detik-detik Pengumuman Bunga Acuan, IHSG Dibuka Naik 1%",2022-05-24,Tuesday
"Wall Street Longsor, IHSG Masih Kuat Nanjak Hari Ini?",2022-05-25,Wednesday
"Saham Calon Cuan di Hari Kejepit, Silakan Dipilih...",2022-05-27,Friday
"Mengekor Wall Street dan Asia, IHSG Dibuka Melejit 1%",2022-05-27,Friday
"Wall Street Hijau 2 Hari Beruntun, IHSG Sesi I Ditutup Naik",2022-05-27,Friday
Profit Taking Investor Asing Sulitkan IHSG Balik ke 7.000,2022-05-30,Monday
"Digeber di Akhir Perdagangan, IHSG Finish di Zona Hijau",2022-05-30,Monday
"Tak Seindah Akhir Pekan, IHSG Sesi I Berakhir Melemah 0,51%",2022-05-30,Monday
"IHSG Sudah Kembali ke 7.000, Simak Menu Saham di Awal Pekan",2022-05-30,Monday
"IHSG Menguat Tipis Pagi Ini, Bisa Sampai Sore Gak?",2022-05-30,Monday
"Trading Hari Terakhir Mei, Beli TINS-ANTM dan Jual BFIN-LPPF",2022-05-31,Tuesday
Top! Saham BBCA Pimpin IHSG ke Jalur Hijau,2022-05-31,Tuesday
"Asing Belanja Rp 4 T, Saham ADMR Diborong Hingga Rp 1,4 T",2022-05-31,Tuesday
,2022-06-01,Wednesday
"Tenang Bestie! Sempat Galau, Awal Juni IHSG Dibuka Hijau",2022-06-02,Thursday
"IHSG Tak Jadi Nyungsep Bareng LQ 45, Kenapa Ya?",2022-06-02,Thursday
"Trading Perdana di Juni, Beli TBIG-TOWR Hingga ADRO-ITMG",2022-06-02,Thursday
"Menu Saham Akhir Pekan, Beli ANTM-ACES dan Jual ASSA-RALS",2022-06-03,Friday
"Akhir Pekan, IHSG Masih di Jalur Hijau Menuju 7.200",2022-06-03,Friday
"Diam-diam Asing Borong BBRI Sepekan Ini, Ada Apa?",2022-06-03,Friday
"Apresiasi Terpangkas, IHSG Batal Finis di Atas 7.200",2022-06-03,Friday
Simak! Ini Saham-saham yang Rutin Bagi Dividen Besar,2022-06-03,Friday
"Langkahi BMRI, GOTO Kembali Jadi Emiten Terbesar ke-4 di BEI",2022-06-06,Monday
"Asing Borong Saham Ini Pekan Lalu, Ada yang Mau Ikutan?",2022-06-06,Monday
"Menu Saham Pilihan Hari Ini, Dari TKIM Hingga GOTO",2022-06-06,Monday
"Salip Telkom, GOTO Jadi Perusahaan Publik RI Terbesar Ke-3",2022-06-07,Tuesday
"IHSG Dibuka Sumringah Hari Ini, Siap Balas Dendam?",2022-06-07,Tuesday
"Bunga 6%-7%, Begini Cara Dapat KUR dari BRI Hingga BCA",2022-06-07,Tuesday
"Meski IHSG Mampu Balik ke 7.100, Asing Bawa Kabur Dana Jumbo",2022-06-07,Tuesday
"Simak, Sepuluh Emiten Ini Tebar Dividen Jumbo!",2022-06-07,Tuesday
"Bangkit Pasca-koreksi Lebih dari 1%, IHSG Sesi I Ditutup Naik",2022-06-07,Tuesday
"Menu Saham Potensi Cuan Hari Ini, Yuk Dipilih!",2022-06-07,Tuesday
"Asing Masih Kurangi Posisi di Sejumlah Big Caps, IHSG Melemah",2022-06-08,Wednesday
"Sempat Galau, IHSG Sesi I Berakhir Menguat 0,4%",2022-06-08,Wednesday
"Ditutup Hijau, IHSG Kembali Pepet Level 7.200",2022-06-08,Wednesday
"Dari Ekspansi Hingga Delisting, Berikut Kabar Pasar Hari Ini",2022-06-09,Thursday
"Mumpung IHSG Lagi Naik, Pilih Saham Calon Cuan Yuk!",2022-06-09,Thursday
"Yeay! Dibuka Hijau, IHSG Sudah Berada di Level 7.200",2022-06-09,Thursday
"BCA Hanya Surati Kandidat Prioritas, Selain Ini Penipuan!",2022-06-09,Thursday
Pantau! Ini Saham-saham yang Siap Antarkan IHSG ke Zona 7.200,2022-06-10,Friday
"Sentuh All Time High, Harga Saham GOTO Bisa ke Level Ini",2022-06-10,Friday
"Batal Lagi Jebol 7.200, IHSG Sempat Dibuka Longsor 1%",2022-06-10,Friday
"IHSG Nyerah, Drop 1,34% karena Tekanan Jual Investor Asing",2022-06-10,Friday
Nemu Akun Palsu BCA di Media Sosial? Laporkan Segera!,2022-06-13,Monday
"Waspada, 99% Kejahatan Perbankan dari Rekayasa Sosial",2022-06-13,Monday
"Perkuat Sistem Keamanan Digital, BCA  Siapkan Rp 500 M",2022-06-13,Monday
IHSG Memang Kebakaran Tapi Asing Masih Borong Saham,2022-06-13,Monday
"Intip Gerak Saham BBNI, Bisa Jadi Pilihan Trading Bulan Juni",2022-06-13,Monday
"Simak! PMN Garuda, Dividen CMRY-ACES Hingga Delisting POOL",2022-06-13,Monday
"Gara-Gara Inflasi AS, IHSG Sesi I Longsor Nyaris 2%!",2022-06-13,Monday
Aturan Soal Komisaris BUMN Hingga Bisnis Anyar Boy Thohir,2022-06-14,Tuesday
"Menu Saham Pasca IHSG Ambruk, dari BBCA Hingga PWON",2022-06-14,Tuesday
"Wall Street Boleh Tumbang, IHSG Ikut Merah Tapi Sedikit",2022-06-14,Tuesday
"Sempat Volatil, IHSG Sesi I Ditutup Menguat Tipis 0,01%",2022-06-14,Tuesday
"Asia Bersatu! IHSG Bangkit Menghijau, Gak Takut Inflasi AS",2022-06-14,Tuesday
"Big Caps Lewat, Investor Asing Borong BRMS Hingga Rp 191 M",2022-06-14,Tuesday
"Merah Sih, Tapi IHSG Masih Bertahan di Atas 7.000 Kok",2022-06-15,Wednesday
"Sambut Rilis Inflasi Produsen AS, IHSG Sesi I Ditutup Ambles",2022-06-15,Wednesday
"IHSG Berpeluang Menguat, Berikut Menu Saham Pilihan Hari Ini",2022-06-15,Wednesday
Neraca Dagang Bisa Jadi ,2022-06-15,Wednesday
Gara-gara Ini IHSG Tersandung di Pembukaan Sesi Pertama,2022-06-15,Wednesday
"Angin Segar dari Wall Street, IHSG Bisa Rebound?",2022-06-16,Thursday
"Yuk Baca Kabar Pasar, Dividen Unilever Hingga IPO HILLCON",2022-06-16,Thursday
"Menu Saham Pasca Suku Bunga Fed Naik, dari AKRA Hingga SMGR",2022-06-16,Thursday
"The Fed Agresif Naikkan Suku Bunga, IHSG Sesi I Melesat 1,6%!",2022-06-16,Thursday
"Penguatan Terpangkas, IHSG Gak Jadi Finish di 7.100 Deh",2022-06-16,Thursday
Pangkas Koreksi! Syukur IHSG Gak Jadi Jebol 6.900 Nih,2022-06-17,Friday
"Menuju Akhir Pekan, IHSG Sesi I Ditutup Ambles 1,94%!",2022-06-17,Friday
"Ketika IHSG Anjlok, Investor Asing Justru Melakukan Ini",2022-06-17,Friday
"Jam Perdagangan Bursa Jelang Endemi, PMN ADHI Hingga Perumnas",2022-06-17,Friday
"Menu Saham Akhir Pekan, BBCA-BBNI Hingga PGAS-SMGR",2022-06-17,Friday
"IHSG Sulit Keluar Dari Zona Merah, Ini Saham Pilihan Hari Ini",2022-06-20,Monday
"Pasar Khawatirkan Resesi, IHSG Sesi I Ditutup Minus 0,69%!",2022-06-20,Monday
"Sempat Ambruk 1% Lebih, IHSG Bangkit & Finish di Zona Hijau",2022-06-20,Monday
"Menanti Petunjuk BI, Investor Memilih Hati-hati, IHSG Sepi?",2022-06-21,Tuesday
Mau Cuan? Coba Cermati Saham Pilihan Berikut Ini,2022-06-21,Tuesday
BCA Kucurkan Rp 472 Miliar Untuk Eco Paper Indonesia,2022-06-21,Tuesday
"Menu Saham Pilihan Hari Ini, Mulai Dari PTBA Hingga CTRA",2022-06-22,Wednesday
"Dag Dig Dug Tunggu Keputusan BI, IHSG Dibuka Galau",2022-06-23,Thursday
"Saham BBCA Menguat 2,74%, Analis Sarankan ",2022-06-24,Friday
"Akhir Pekan Ceria, IHSG Sukses Balik ke Level 7.000",2022-06-24,Friday
Cek Menu Saham di Hari Perdana Kode Domisili Investor Ditutup,2022-06-27,Monday
"Simak 10 Kabar Pasar, dari Komisaris BIRD Hingga Dividen PNBN",2022-06-27,Monday
Segini Ongkos Gaji Karyawan 10 Emiten Terbesar di Indonesia!,2022-06-27,Monday
Wah! Emiten Konglomerat Ini Bagi Dividen Lebih Besar dari BCA,2022-06-27,Monday
"Beda Sendiri, IHSG Merah Saat Bursa Asia Berhasil Hijau",2022-06-27,Monday
"Menu Saham Hari Ini, Beli ICBP-JSMR dan Jual CLEO-INCO",2022-06-28,Tuesday
"Wajib Baca! PKPU Garuda, Dividen BIRD Hingga Soal Holywings",2022-06-28,Tuesday
"Menyambut Direksi Baru BEI, Simak Menu Saham Hari Ini",2022-06-29,Wednesday
Saham Pilihan Ketika IHSG Masih Sulit Menghijau,2022-06-30,Thursday
"Tetap Ada Risiko, Ini Tantangan Pembiayaan di Sektor Hijau",2022-07-01,Friday
Live Now! Kupas Strategi Bangun Ekosistem Pembiayaan Hijau,2022-07-01,Friday
Komitmen Sektor Keuangan Bangun Ekosistem Green Financing,2022-07-01,Friday
Skema Kreatif PT PII Biayai Sektor Hijau Hingga Rp 470 T,2022-07-01,Friday
Agresif! BCA Targetkan Pembiayaan Hijau Tumbuh 10% Tahun Ini,2022-07-01,Friday
Jurus Bank DBS Antisipasi Risiko Pembiayaan Proyek Hijau,2022-07-01,Friday
"Gak Latah Rilis Green Bond, Pembiayaan Hijau BCA Pakai Ini",2022-07-01,Friday
Begini Standarisasi Penyaluran Kredit Sektor Hijau BCA,2022-07-01,Friday
"Sampah Operasional Bank BCA Berton-ton, Jadi Apaan?",2022-07-01,Friday
"Salurkan Kredit Proyek Hijau, Bank Andalkan Green Bond?",2022-07-01,Friday
Kolaborasi Sektor Keuangan Dorong Ekosistem Green Financing,2022-07-01,Friday
"Gencar Salurkan Kredit Hijau, BCA Incar Sektor Ini",2022-07-01,Friday
"Ekonomi Memburuk, IHSG Sesi I Ditutup Longsor 2,5%!",2022-07-04,Monday
"Investor Khawatir Dengan Kondisi Global, IHSG Ambruk 2,28%",2022-07-04,Monday
Rupanya Ini yang Jadi Pemicu IHSG Longsor 3%,2022-07-04,Monday
"Kacau! IHSG Jeblok 3,5%, Rupiah Nyaris Rp 15.000/US$",2022-07-04,Monday
"Inflasi Terus Meningkat, BUMI Pede Jadi Saham Pilihan",2022-07-04,Monday
"Mumpung IHSG Balik Arah, Simak Saham Calon Cuan Ini Ya!",2022-07-06,Wednesday
"Rajin Ekspansi, Ini Sederet Manuver Bisnis Grup Salim",2022-07-06,Wednesday
"IHSG Masih Melemah, Tapi Saham Pilihan Ini Jadi Pilihan",2022-07-07,Thursday
Saham Pilihan di Saat IHSG Diprediksi Menguji Support,2022-07-08,Friday
"Panduan Cuan Awal Pekan, Perhatikan TBIG Hingga ADRO",2022-07-11,Monday
Daftar Saham Blue Chip yang Punya Prospek Bagus & Harga Murah,2022-07-12,Tuesday
"Daftar Saham Terfavorit Hari ini, Borong?",2022-07-12,Tuesday
"Ini 10 Saham Blue Chip Berfundamental Oke, Berani Serok?",2022-07-12,Tuesday
Perhatikan BBCA Hingga ADRO Saat IHSG Masih Volatil,2022-07-13,Wednesday
"IHSG Merah 3 Hari Beruntun, Tetap Semangat! Coba TBIG-PTBA",2022-07-14,Thursday
IHSG Runtuh Dari 7.000! Ini Deretan Big Cap yang Jadi Korban,2022-07-14,Thursday
Menu Saham Akhir Pekan Sambil Tunggu Data Neraca Dagang,2022-07-15,Friday
Protelindo Terbitkan Obligasi Rp 1 T Buat Bayar Utang ke BCA,2022-07-15,Friday
"Resesi Dunia Mengancam, Saham ",2022-07-16,Saturday
"Isu Resesi Sangat Kuat, Simak Saham Pilihan Biar Nggak Boncos",2022-07-18,Monday
"Abis Naik-Turun Bak Roller Coaster, IHSG Menguat Tipis",2022-07-18,Monday
Top! BRI Tetap Jawara di RI,2022-07-18,Monday
Deretan Anak Taipan RI yang Jadi Direktur dan Komisaris,2022-07-19,Tuesday
"Sambil Ngopi, Pilih-pilih Saham Calon Cuan Ini Dulu Ya!",2022-07-19,Tuesday
"IHSG Lompat, Saham Pilihan Ini Jangan Sampai Lolos",2022-07-20,Wednesday
"Asing Belum Move On, Net Buy Banyak Mengalir ke Saham Bank",2022-07-21,Thursday
Menu Saham Pilihan di Tengah Optimisme IHSG Kembali ke 7.000,2022-07-21,Thursday
"Imbas Suku Bunga BI Tetap, Saham Bank Besar Mandek",2022-07-22,Friday
"Panduan Cuan Menu Saham Awal Pekan, PGAS Hingga PWON",2022-07-25,Monday
"Deg-degan Tunggu Keputusan Fed, IHSG Menghijau Pepet 6.900",2022-07-26,Tuesday
"Top! Jelang Rilis Data Ekonomi AS, IHSG Sesi I Berakhir Hijau",2022-07-26,Tuesday
Intip Gerak Saham BBCA Dkk Jelang Rilis Laporan Keuangan,2022-07-26,Tuesday
"IHSG Rawan Koreksi, Simak Menu Saham dari PWON Hingga BBCA",2022-07-26,Tuesday
"Dibuka Hijau, IHSG Kembali Pepet 6.900",2022-07-26,Tuesday
"NPL Turun ke 2,2%, BCA Sebut Kembali ke Level Sebelum Pandemi",2022-07-27,Wednesday
"Soal Jaminan Kredit Kekayaan Intelektual, BCA Kasih Opsi Ini",2022-07-27,Wednesday
"Restrukturisasi Kredit BCA Nihil, Bukti RI Kalahkan Pandemi",2022-07-27,Wednesday
Wuih! BCA Catat Rekor Kenaikan Kredit Tertinggi,2022-07-27,Wednesday
"H1-2022, BCA Cetak Laba Rp 18 Triliun",2022-07-27,Wednesday
"Laba Bersih BCA Tembus Rp 18 T Pada Semester I Naik 24,9%",2022-07-27,Wednesday
IHSG Hijau di Sesi I Jelang Pengumuman Bunga Acuan The Fed,2022-07-27,Wednesday
"Yang Lain Boleh Kebakaran, IHSG Tetap Perkasa Tembus 6.900",2022-07-27,Wednesday
Rilis Kinerja BBRI & BBCA Siap Jadi Obat Kuat IHSG Hari Ini,2022-07-27,Wednesday
"Ditutup Hijau, IHSG Sejengkal Lagi Balik ke 6.900",2022-07-27,Wednesday
"Jelang Penutupan IHSG Melesat 1% Lebih, Pepet Level 7.000",2022-07-28,Thursday
"Tok! The Fed Naikkan Suku Bunga 75 bps, Apa Dampaknya ke RI?",2022-07-28,Thursday
"Kinerja BRI & BCA Ciamik, Giliran Mandiri Jadi Obat Kuat IHSG",2022-07-28,Thursday
Kinerja BRI-BCA-CIMB Niaga Hingga Bentoel Delisting dari BEI,2022-07-28,Thursday
"Simak Menu Saham Pasca Suku Bunga Fed Naik, Ada BBNI dan ADRO",2022-07-28,Thursday
Dapat ,2022-07-28,Thursday
"Kebal Resesi AS, IHSG Sesi I Berakhir Menguat 0,47%!",2022-07-29,Friday
"Gak Takut AS Resesi, IHSG Jebol 7.000 Dengan Pasti",2022-07-29,Friday
"Sempat Terbang Hampir 1%, IHSG Ditutup Koreksi Tipis",2022-07-29,Friday
"Bank Kakap RI Sudah Rilis Laporan Keuangan, Siapa Jagoannya?",2022-07-29,Friday
AS Beneran Resesi? Bursa Saham RI Apa Kabar Nih Bestie?,2022-07-29,Friday
"Simak Menu Saham di Akhir Bulan, Ada ITMG, GGRM Hingga CPIN",2022-07-29,Friday
Kinerja Emiten Selamatkan IHSG dari Isu Suku Bunga & Resesi,2022-07-30,Saturday
Sudah Awal Agustus Nih... Cek Saham Calon Cuan Dulu Yuk!,2022-08-01,Monday
"Laba 4 Bank Besar Terbang, Tapi Gaji Petingginya Dipangkas",2022-08-01,Monday
Ini Penjelasan BCA Terkait Internet Banking Error,2022-08-01,Monday
"Efek Sentimen Inflasi, IHSG Hijau Tapi Sulit Tembus 7.000",2022-08-01,Monday
Suku Bunga & Harga Rumah Naik Jadi Tantangan Bisnis KPR Bank,2022-08-02,Tuesday
"Ada yang Tarik BBCA Cs Jelang Akhir Perdagangan, IHSG Selamat",2022-08-02,Tuesday
"Gak Cuma Inflasi, Berikut Kabar Pasar Untuk Hari Ini",2022-08-02,Tuesday
Saham Calon Cuan di Tengah Bayang-bayang Inflasi,2022-08-02,Tuesday
"Bisnis KPR Bank Tumbuh Kala Ekonomi ""Sulit"", Ini Penopangnya",2022-08-02,Tuesday
"BAPA-BMTR Tercuan, Saham Baru RCCC Malah Ambles",2022-08-03,Wednesday
"Pergerakan IHSG Terbatas, Simak Saham Pilihan Hari Ini",2022-08-03,Wednesday
"Orang Terkaya RI Tender Offer TOWR, Bisa Balik Modal Cepat?",2022-08-04,Thursday
"Sah! 4 Hari IHSG Bertahan di Zona Hijau, Bertahan di 7.000",2022-08-04,Thursday
Kinerja Moncer Saham Big Bank Pendorong IHSG Balik ke 7.000,2022-08-04,Thursday
"Cuan Jumbo Saham Bank Pasca Rilis Kinerja, Nyesel Ga Beli?",2022-08-04,Thursday
"Dibuka Hijau Lagi, IHSG Siap Nanjak 4 Hari Beruntun!",2022-08-04,Thursday
"Dua Minggu IPO Terbang 32.000%, Perusahaan Ini Kalahkan BBCA",2022-08-04,Thursday
"Deretan Saham Calon Cuan Nih, Kamu Pilih Apa Aja?",2022-08-04,Thursday
"4 Hari Beruntun Hijau, IHSG Sekarang Kokoh di Level 7.000",2022-08-04,Thursday
"Terbang 32.000% Pasca IPO, Bos AMTD Digital Terungkap",2022-08-05,Friday
"Menanti IHSG Menguat Sepekan Penuh, Ini Saham Calon Cuannya",2022-08-05,Friday
"BBCA Lewat, 2 Minggu IPO Perusahaan Ini Terbang 32.000%",2022-08-05,Friday
Intip Daftar Saham Koleksi Orang-Orang Terkaya di Indonesia,2022-08-05,Friday
"IHSG Terbang 5 Hari, Ini Sektor yang Menarik Dipantau",2022-08-05,Friday
Seminggu Hijau! Ini 3 Alasan yang Bikin IHSG Super Strong,2022-08-05,Friday
Ekonomi RI To The Moon! IHSG Hijau Seminggu Full Nih Bestie!,2022-08-05,Friday
Seperti Pakai ,2022-08-06,Saturday
"Daftar 10 Bank Terbesar di Dunia, Ada dari Indonesia?",2022-08-08,Monday
"Gak Jadi Tembus Level Kritis, IHSG Justru Menguat Meski Tipis",2022-08-08,Monday
"Tak Seindah Pekan Lalu, IHSG Sesi I Berakhir Terkoreksi!",2022-08-08,Monday
"Suku Bunga Naik? Jangan Takut, Saham Ini Justru Seksi",2022-08-08,Monday
"Ada Tekanan dari Segala Sisi, IHSG Kudu Waspada!",2022-08-08,Monday
"Simak! Menu Saham Calon Cuan di Awal Pekan, INCO Hingga BBNI",2022-08-08,Monday
"Sudah Hijau Sepekan, Sepertinya IHSG Masih Belum Puas Nih",2022-08-08,Monday
"Investor Mulai Ambil Untung, IHSG Dibuka Galau Nih",2022-08-08,Monday
Daftar Saham Blue Chip dengan Harga Murah & Prospek Bagus,2022-08-09,Tuesday
"Global Masih Bergejolak, Likuiditas Valas Perbankan Aman?",2022-08-09,Tuesday
Perbankan Proyeksi BI7DRR Naik 50 Bps Hingga Akhir 2022,2022-08-10,Wednesday
"Rekomendasi Saham Hari Ini: Beli ADMR-MDKA, Jual LPPF-UNTR",2022-08-12,Friday
"Awal Pekan, IHSG Berakhir Melemah Terlempar dari 7.100",2022-08-15,Monday
"Dari PNIN Hingga BBCA, Silakan Pilih Saham Calon Cuan Ini",2022-08-16,Tuesday
Sanggupkah Jokowi Bangkitkan IHSG Hari Ini?,2022-08-16,Tuesday
"Ogah Ikutin Bursa Asia, IHSG Sesi I Ditutup Menguat!",2022-08-18,Thursday
Ini Saham Pahlawan yang Bikin IHSG Pepet Psikologis 7.200,2022-08-19,Friday
Begini Cara Dapat Saham Sultan Dengan Modal Cekak,2022-08-19,Friday
"Akhir Pekan Gak Happy, IHSG ",2022-08-19,Friday
Penasaran? Intip Daftar Saham Milik Orang Terkaya Indonesia,2022-08-21,Sunday
"Investor Mulai Profit Taking, IHSG Ditutup Merosot Nyaris 1%",2022-08-22,Monday
Simak! Cara Dapat Saham Sultan Dengan Modal Cekak,2022-08-22,Monday
"Dari GOTO Hingga ARTO, Saham Ini Memicu Penurunan IHSG",2022-08-22,Monday
"Rekomendasi Saham Hari Ini: Beli PGAS-BRIS, Jual BRPT-SMGR",2022-08-22,Monday
"Ini Lho Saham-Saham yang Jadi Incaran Asing, Minat Beli?",2022-08-22,Monday
"Sambil Tunggu BI, Simak Menu Saham Calon Cuan Hari Ini",2022-08-23,Tuesday
"Kalau Dijual ke Induk Danamon, Bank Panin Pepet BCA Cs?",2022-08-23,Tuesday
"BI Rate Naik, Mayoritas Saham Bank Besar Kompak Kasih Cuan",2022-08-23,Tuesday
"Masih Dalam Suasana Kejutan BI, IHSG Sesi I Menguat Tipis",2022-08-24,Wednesday
"Telkom Kejar Market Cap Rp 700 T, Bakal Salip BRI Nih!",2022-08-24,Wednesday
"Efek Jamu Pahit BI, IHSG Sejengkal Lagi Sentuh 7.200",2022-08-24,Wednesday
"Nggak Kalah Dengan BUMN, Bank Swasta Ini Juga Terbesar di RI",2022-08-24,Wednesday
"Kawal Terus IHSG Tembus 7.200, Bagusnya Beli Saham Apa?",2022-08-25,Thursday
"Sempat Tembus 7.200, IHSG Putar Balik Berakhir di Zona Merah",2022-08-25,Thursday
"Belanja Saham di Tanggal Tua, Mending Beli BBCA atau BUMI?",2022-08-26,Friday
Cek Portofolio Kamu! Sudah Punya Saham Calon Cuan Ini Belum?,2022-08-29,Monday
"Sempat Anjlok 1,31%, IHSG Pangkas Penurunan Hingga Sisa 0,69%",2022-08-29,Monday
Cek Portofolio Kamu! Ini Saham Tercuan & Terboncos di Sesi I,2022-08-29,Monday
"Pidato 8 Menit Tak Lagi Sakti, Penurunan IHSG Hanya 0,04%",2022-08-29,Monday
"IHSG Nggak Takut Powell Lagi, Menguat 1% di Sesi Pertama",2022-08-30,Tuesday
Cek! Sederet Saham Ini Bikin Anda Cuan Jumbo Hari Ini,2022-08-30,Tuesday
"Pertalite Mau Naik, IHSG Sesi I Drop Nyaris 1%",2022-08-31,Wednesday
IHSG Berhasil Menguat di Detik-detik Akhir Perdagangan,2022-08-31,Wednesday
"Gak Kaget RI Deflasi, IHSG Sesi I Ditutup Menguat Tipis!",2022-09-01,Thursday
"Akhir Pekan Happy! IHSG Ditutup Cerah, Sempat Sentuh 7.200",2022-09-02,Friday
"Asing Borong Saham Rp 1,9 T Pekan Lalu, Gegara Ini?",2022-09-05,Monday
"Pertalite Beneran Naik Nih, Bagusnya Belanja Saham Apa?",2022-09-05,Monday
"Tren Investasi Meningkat, BCA Gelar Wealth Summit 2022",2022-09-05,Monday
Transaksi Aplikasi WELMA BCA Tembus Rp 50 T Sejak 2019,2022-09-05,Monday
Terbaru! Ini 10 Saham Dengan Market Cap Terbesar di RI,2022-09-06,Tuesday
"Tak Ada Sentimen Positif, IHSG Sesi I Ditutup Terkoreksi!",2022-09-07,Wednesday
"IHSG Masih Rawan Koreksi, Enaknya Belanja Saham Apa Ya?",2022-09-08,Thursday
"Thanks Wall Street! IHSG Sesi I Naik 1,04%, Pepet 7.300 Lagi",2022-09-08,Thursday
BCA Sebut Pasokan Chip Jadi Tantangan Kredit Mobil Listrik,2022-09-09,Friday
"Pertumbuhan 6% Lewat, BCA Revisi Target Kredit Lompat 10%",2022-09-09,Friday
"Cari Cuan di Akhir Pekan, Mendingan Beli Saham Ini Nih",2022-09-09,Friday
"Gak Jadi Happy, IHSG Sesi I Melemah Tipis 0,07%!",2022-09-09,Friday
"Tok! ECB Naikan Suku Bunga, Era Suku Bunga Rendah ",2022-09-09,Friday
"Bukan Emiten Batu Bara, Cek 6 Saham Paling Cuan Pekan Ini!",2022-09-10,Saturday
Dari Proyek INCO Ratusan Triliun Hingga Larangan Stock Split,2022-09-12,Monday
"Nyaris Lompat 1%, IHSG Akhirnya Tembus Level 7.300",2022-09-13,Tuesday
"Teramai Hari Ini, Nilai Transaksi BUMI Rp 1,44 T, Kenapa Ya?",2022-09-13,Tuesday
"Bank Digital Milik BCA Belum Akan IPO, Ini Alasannya",2022-09-14,Wednesday
Inflasi AS Masih ,2022-09-14,Wednesday
Transaksi BI-Fast di BCA Capai Rp 271 Triliun,2022-09-14,Wednesday
Cek Deretan Saham Ini Ya! Nada-nadanya Bisa Cuan Besar,2022-09-14,Wednesday
Deretan Saham Ini Sukses Ngprank IHSG Hingga Anjlok 1%,2022-09-14,Wednesday
"Sejarah Baru BCA, Harga Sahamnya Tertinggi Sepanjang Masa",2022-09-15,Thursday
Luar Biasa! Market Cap BBCA Nyaris Tembus Rp 1.100 Triliun,2022-09-15,Thursday
"Rekor Baru! IHSG Sesi I Lompat 1,17%, Bertahan di 7.300-an",2022-09-15,Thursday
"IHSG Cetak Rekor ATH, Ini Dia 10 Emiten Terbesar di Bursa RI",2022-09-15,Thursday
"Hiks! IHSG Sesi I Ambruk.. Bruk.. Terjun Bebas 1,68%",2022-09-16,Friday
Ini Sederet Saham yang Bikin IHSG Drop Nyaris 2%,2022-09-16,Friday
"IHSG Ambruk Nyaris 2%, Rupanya Ini Penyebabnya",2022-09-16,Friday
"Capai Rp 5,4 T, BCA Catat Rekor Penjualan SBN Ritel",2022-09-16,Friday
"Saham BCA Pecah Rekor, Harta Hartono Makin Unlimited!",2022-09-16,Friday
Tau Nggak? Laba Terbesar Bukan Dari Emiten Batu Bara Cs Loh!,2022-09-16,Friday
"Teruntuk IHSG, Kok Kamu PHP Sih?",2022-09-16,Friday
"Berharap Ditutup All Time High, IHSG Butuh ",2022-09-16,Friday
"Bos BCA Jual Saham Senilai Rp 4,36 M Buat Renovasi Rumah",2022-09-19,Monday
"Sambil Nunggu IHSG ATH Lagi, Enaknya Belanja Saham Apa Ya?",2022-09-19,Monday
Intip Gerak Saham Bank Jelang Putusan BI dan The Fed,2022-09-19,Monday
"Sempat Merah di Pagi Hari, IHSG Menguat Tipis di Sesi Pertama",2022-09-19,Monday
Menguat Sih... Tapi IHSG Gagal Bertahan di Level 7.200,2022-09-19,Monday
"Galau Tentukan Arah, IHSG Sesi I Ditutup Naik Tipis Banget",2022-09-20,Tuesday
"Sambil Nunggu Putusan The Fed & BI, Bagusnya Beli Saham Apa?",2022-09-20,Tuesday
"Wall Street Ditutup Cerah, IHSG Tancap Gas Hari Ini?",2022-09-20,Tuesday
Say Thank You! Ini Saham-saham Penyelamat IHSG Kemarin,2022-09-20,Tuesday
"Aura Negatif di Mana-Mana, IHSG Rawan Terkoreksi Hari Ini",2022-09-21,Wednesday
"Harap-harap Cemas Nungguin The Fed, Mendingan Beli Saham Apa?",2022-09-21,Wednesday
"IHSG Sesi I Tersengat Sentimen BI, Turun 0,59%!",2022-09-21,Wednesday
"Bersiaplah IHSG, Suku Bunga AS ",2022-09-22,Thursday
"Ada Surprise dari BI, IHSG Justru Ditutup Menguat 0,43%",2022-09-22,Thursday
"Suku Bunga BI Sudah Naik, Bagusnya Beli Saham Apa Ya?",2022-09-23,Friday
"Tenang! BI Naikkan Suku Bunga, Saham Ini Masih Bisa Dilirik",2022-09-23,Friday
"Ini Penyebab IHSG Jeblok 1,22% di Sesi I Hari Ini",2022-09-26,Monday
Unstoppable! Saham Grup Panin Kompak Melesat Saat IHSG Jeblok,2022-09-26,Monday
"Masih Syok Suku Bunga Naik, Bagaimana Daya Tahan IHSG?",2022-09-26,Monday
"Cek Portofolio Kamu, Saham Calon Cuan Ini Sudah Masuk Daftar?",2022-09-27,Tuesday
Market Focus: Rekor Dolar Indeks Hingga BBCA Dilego Asing,2022-09-27,Tuesday
,2022-09-27,Tuesday
"Wall Street Ditutup Mix, Pasar Keuangan RI Bisa Bangkit?",2022-09-28,Wednesday
"Ogah Mengekor Bursa Asia, IHSG Kembali Masuk Psikologis 7.100",2022-09-28,Wednesday
"Wall Street Akhirnya Rebound, Mampukah IHSG Ikut Bangkit?",2022-09-29,Thursday
"Tips Cuan Tetap Tebal Meski IHSG Rawan Longsor, Cek Saham Ini",2022-09-29,Thursday
"Hijau IHSG Cuma Sebentar, Turun 0,1% di Sesi I Siang Ini",2022-09-29,Thursday
"Wall Street Berguguran Lagi, Semoga IHSG Kuat Hadapi Tekanan",2022-09-30,Friday
"Masih Merah Sih, Tapi IHSG Sesi I Sudah Kembali ke 7.000-an",2022-09-30,Friday
"Inflasi Nyaris Sentuh 6%, IHSG Merana Lagi",2022-10-03,Monday
"Inflasi Indonesia Nyaris 6%, IHSG Merah di sesi I",2022-10-03,Monday
Wall Street Bangkit dari ,2022-10-04,Tuesday
Deretan Saham Ini Bawa IHSG Melesat 1% Lebih!,2022-10-04,Tuesday
"Mengekor Wall Street, IHSG Sesi I Akhirnya Ditutup Menguat!",2022-10-04,Tuesday
"Net Buy Asing Capai Rp4 T, Tapi Minat Beli Rendah. Ada Apa?",2022-10-07,Friday
"OPEC+ Bikin Ulah, IHSG Sesi I Berakhir Ambrol Lagi",2022-10-07,Friday
"Awal Pekan Suram, IHSG Sesi I Ambles, Bye Level 7.000!",2022-10-10,Monday
"Tekanannya Terlalu Berat, IHSG Belum Sanggup Bangkit",2022-10-11,Tuesday
Ini Penyebab IHSG Menguat Meski Prospek Ekonomi Gelap,2022-10-13,Thursday
"Setelah ""Keajaiban"" di Wall Street, Sanggupkah IHSG Bangkit?",2022-10-14,Friday
"Pilihan Saham Akhir Pekan Yang ""Siap"" Bikin Cuan",2022-10-14,Friday
"Sedih... Kinerja IHSG Mengecewakan, Jatuh 3% lebih!",2022-10-15,Saturday
"Cek Portofolio Kamu, Saham Calon Cuan Ini Sudah Ada Belum?",2022-10-17,Monday
"Blibli Milik Grup Djarum IPO, Seberapa Besar Ekosistemnya?",2022-10-17,Monday
Dua Saham Ini Jadi Pemadam Kebakaran IHSG,2022-10-17,Monday
"Ini Penyebab IHSG Hanya Menguat Tipis 0,05% di Sesi I",2022-10-18,Tuesday
"Usai Blibli IPO, Grup Djarum Akan Hengkang ?",2022-10-18,Tuesday
"IHSG Boleh Naik Tipis, Tapi Saham Ini Berpotensi Cuan Tebal",2022-10-19,Wednesday
Bos BCA Ungkap 4 Sektor Yang Bakal Cuan di 2023,2022-10-20,Thursday
"Analisis Bos BCA Tentang Resesi Global, Indonesia Gimana?",2022-10-20,Thursday
"Bos BCA Setuju BI Rate Naik, Ini Ramalannya Tentang Rupiah",2022-10-20,Thursday
"Surprise, Kredit Macet BCA Turun Drastis!",2022-10-20,Thursday
"Laba Bersih BCA Tembus Rp 29 Triliun, Naik 24,8%",2022-10-20,Thursday
"Jelang Keputusan BI, IHSG Sesi I Ditutup Melesat 1,52%!",2022-10-20,Thursday
"IHSG Boleh Melesat, Tapi Saham Calon Cuan Ini Jangan Terlewat",2022-10-21,Friday
Siap-siap Gengs! BCA Kasih Isyarat Kenaikan Suku Bunga Kredit,2022-10-21,Friday
Laba BCA Melesat 24% Hingga Rupiah Dekati RP 15.600/USD,2022-10-21,Friday
"Tak Hanya Suku Bunga, IHSG Sesi I Juga Gaspol",2022-10-21,Friday
Masih Kenceng! IHSG Bisa Dekati 7.100 di Sesi 2?,2022-10-21,Friday
Akhir Pekan Happy! IHSG Ditutup Hijau & Tembus Lagi 7.000,2022-10-21,Friday
"Awal Pekan IHSG Cerah, Sempat Tembus 7.090",2022-10-24,Monday
"Kuat Hadapi Gejolak 2023, Bank Harus Punya CAR Segini",2022-10-24,Monday
"IHSG Sesi I Menghijau, Ternyata Gara-Gara Ini!",2022-10-24,Monday
Mau Lirik Deretan Saham Ini Nggak? Calon Cuan Loh!,2022-10-24,Monday
Dari Keuntungan Garuda Hingga Maktour Enggan IPO,2022-10-24,Monday
"WhatsApp Down, IHSG Ikutan Longsor!",2022-10-25,Tuesday
"Demi Negara, BCA Hentikan Fitur QRku",2022-10-25,Tuesday
"Sempat Sentuh Zona 7.100, IHSG Sesi I Ditarik Ke Zona Merah!",2022-10-25,Tuesday
5 Sektor Anti Resesi Versi Bos BNI,2022-10-25,Tuesday
"Pengumuman! BCA Hentikan Layanan QRku, Kenapa Ini?",2022-10-25,Tuesday
"Sakti! Sudah Hijau 6 Hari Beruntun, IHSG Masih Ngegas",2022-10-25,Tuesday
Jangan Sampai Saham Calon Cuan Ini Lolos!,2022-10-25,Tuesday
"5 Saham Ini Paling Diburu Asing, Ada Punya Kamu?",2022-10-25,Tuesday
Amerika Serikat OTW Double Dip Recession!,2022-10-26,Wednesday
"Sempat Galau Berat, IHSG Sesi I Ditutup Melemah Tipis 0,08%!",2022-10-26,Wednesday
"Musim Laporan Keuangan Mulai,, Semoga Imbasnya Sampai ke IHSG",2022-10-27,Thursday
"Sudah Dua Hari Galau, IHSG Kapan Ceria?",2022-10-27,Thursday
"Menanti Rilis PDB AS, IHSG Sesi I Optimis Berakhir Menguat!",2022-10-27,Thursday
"Abaikan PDB AS, IHSG Sesi I Berakhir Di Zona Merah!",2022-10-28,Friday
"Menu Saham Calon Cuan di Akhir Pekan, Silakan Dipilih!",2022-10-28,Friday
"IHSG Masuk Konsolidasi, Ini Menu Pilihan Saham Awal Pekan",2022-10-31,Monday
"Awal Pekan Bakal Happy, IHSG Sesi I Berakhir Di Zona Hijau!",2022-10-31,Monday
"Asing Mulai Buy Lagi, Gimana Nasib Pasar Keuangan Hari Ini?",2022-10-31,Monday
"Asing Mulai Buy Lagi, Gimana Nasib Pasar Keuangan Pekan Ini?",2022-10-31,Monday
"Jangan Kelewat, Simak Rekomendasi Saham Cuan Hari Ini",2022-11-01,Tuesday
"Ini Penyebab IHSG Mendadak Berbalik Arah Hingga Turun 0,65%",2022-11-01,Tuesday
"Deretan Saham Calon Cuan Hari Ini, Kamu Sudah Punya?",2022-11-02,Wednesday
,2022-11-04,Friday
"Kacau! IHSG Sesi I Berakhir Longsor, Tinggalkan Level 7.000an",2022-11-04,Friday
"Menu Saham Calon Cuan di Awal Pekan, Silakan DIpilih!",2022-11-07,Monday
"Pasca Rilis PDB, IHSG Sesi I Langsung Melesat 0,23%!",2022-11-07,Monday
IHSG Ditutup Cerah & Berhasil Sentuh Kembali Level 7.100-an,2022-11-07,Monday
IHSG Berakhir Loyo & Gagal Bertahan di Level 7.100-an,2022-11-08,Tuesday
Catat! BCA Tidak Pernah Buat Tarif Transaksi Rp 150.000/Bulan,2022-11-08,Tuesday
Cek Portofolio! Sudah Ada Saham Calon Cuan Ini Belum?,2022-11-08,Tuesday
"Jelang Window Dressing, Ini Saham yang Bisa Kasih Cuan",2022-11-08,Tuesday
Memilah Saham Calon Cuan Hari Ini,2022-11-09,Wednesday
Ramalan JPMorgan: Saham-Saham Indonesia Ini Favorit Asing,2022-11-09,Wednesday
"Sempat Dag Dig Dug, Alhamdulilah IHSG Akhirnya Menghijau",2022-11-09,Wednesday
"Nasib IHSG Hari Ini Bergantung pada AS, Awas Bisa Rontok",2022-11-10,Thursday
"Saham Ini Diprediksi Cuan Hari Ini, Sudah Punya Belum?",2022-11-10,Thursday
"IHSG Ambruk 1,4% di Sesi I, Keluar dari Level 7.000-an",2022-11-10,Thursday
24 Emiten Ini Masuk IDX LQ45 Low Carbon Leaders,2022-11-11,Friday
"IHSG Mendadak Balik Arah, Ternyata Karena Ini",2022-11-15,Tuesday
"Banyak Sentimen Positif, Tapi Kok IHSG Tetap Tergelincir?",2022-11-16,Wednesday
Info A1 Saham Yang Bakal ,2022-11-16,Wednesday
"Blackrock Rajin Masuk ke Saham RI, Karena Motif Ini?",2022-11-17,Thursday
Saham BBRI & BBCA Paling Sumringah Sambut BI Rate,2022-11-17,Thursday
IHSG Harap-harap Cemas Nantikan Keputusan Suku Bunga BI,2022-11-17,Thursday
"Nantikan Suku Bunga BI, IHSG Sesi I Berakhir Menguat Tipis",2022-11-17,Thursday
"5 Bank Dengan Aset Terbesar, Ini Juaranya",2022-11-18,Friday
"Bukan Bisikan Gaib, Ini Saham Yang Bakal ",2022-11-18,Friday
"Jelang Akhir Pekan, IHSG Ditarik Ke Zona Hijau! Menguat 0,54%",2022-11-18,Friday
"Bunga Acuan Naik, Emiten Ini Berpotensi Paling ",2022-11-20,Sunday
Bukti Sektor Perbankan RI Sangat Seksi,2022-11-21,Monday
"Saham Bank Raksasa Ambruk, IHSG Tumbang",2022-11-21,Monday
"Kehabisan Stamina, Akankah IHSG Tumbang Hari Ini?",2022-11-21,Monday
"Bukan Bisikan Gaib, Tapi Ini Info A1 Soal Saham Calon Cuan",2022-11-21,Monday
"Ini Saham-saham Langganan Window Dressing, Tertarik Beli?",2022-11-22,Tuesday
Ini Penyebab IHSG Batal Masuk Zona Merah di Sesi I,2022-11-22,Tuesday
Dibayangi ,2022-11-23,Wednesday
"Menu Saham Calon Cuan Hari Ini, Silakan Dipilih!",2022-11-23,Wednesday
"Siap-Siap, BCA Mau Bagi Dividen! Segini Nilainya",2022-11-23,Wednesday
"Mengekor Wall Street, IHSG Sesi I Ditutup Melesat 0,51%",2022-11-23,Wednesday
"IHSG Perkasa, 3 Sektor Ini Jadi Obat Kuatnya",2022-11-24,Thursday
"Sabda The Fed Giring IHSG Lompat 0,56% di Sesi I",2022-11-24,Thursday
Tajir! Ini Penampakan Laba Jumbo Bank-bank Kakap di RI,2022-11-24,Thursday
"Ada ""Kejutan"" dari The Fed Bikin Wall Street Happy, IHSG?",2022-11-24,Thursday
"Wall Street Libur, ",2022-11-25,Friday
"Cek Deretan Saham Ini, Bisa Jadi Kasih Cuan Gede Akhir Pekan",2022-11-25,Friday
"Kehabisan Bensin, IHSG Sesi I Ditutup Ambrol 0,65%",2022-11-25,Friday
"IHSG Gak Kuat Ngegas, Sektor Ini Jadi Beban",2022-11-25,Friday
Awal Pekan IHSG Senyam-Senyum Nih,2022-11-28,Monday
"Siap-Siap, Ini Rekomendasi Saham Cuan Hari Ini",2022-11-29,Tuesday
Ini Penyebab IHSG Gagal Menguat di Akhir Perdagangan,2022-11-29,Tuesday
"Dear BI, Ekonomi Global Makin Suram! Rupiah Tolong Diamankan",2022-11-30,Wednesday
Cuan di Market Makin Susah? Baca Info A1 Terbaru Ini,2022-11-30,Wednesday
"Follow The Money, 5 Saham Ini Diborong Asing Sepanjang Tahun",2022-11-30,Wednesday
Window Dressing Tiba! Ini 5 Saham Langganan Pembawa Cuan,2022-11-30,Wednesday
"Sedang Moncer, Emiten Perbankan Berisiko Mendadak Turun Nih",2022-11-30,Wednesday
"Tak Kalah Dengan Bank Digital, Saham Bank Jumbo Naik Kencang",2022-11-30,Wednesday
"IHSG Ambruk, Ini Penyebabnya!",2022-12-01,Thursday
"IHSG Ambles, Dua Saham Ini Jadi Pemberatnya",2022-12-01,Thursday
"Saham Bank Gede Hancur, IHSG Remuk",2022-12-01,Thursday
"Investor Profit Taking, Saham BBCA Ambles 2% Lebih",2022-12-01,Thursday
"IHSG Ambles, Saham Ini Ngebantuin Jadi Gak Makin Dalam",2022-12-01,Thursday
"Sentimen Sedang Bagus, Saham Raksasa Perbankan Malah Rontok!",2022-12-01,Thursday
"IHSG Melemah, Pasar Abaikan Kabar Baik The Fed?",2022-12-01,Thursday
"Info A1, Deretan Saham Ini Berpotensi Cuan Gede",2022-12-01,Thursday
"Gerak IHSG Diprediksi Mendatar, Sulit Lampaui Level 7.100",2022-12-01,Thursday
"Saham Perbankan Ambrol, IHSG Merana",2022-12-01,Thursday
"Berita Baik di Amerika, Kabar Buruk Bagi Dunia! RI Siap?",2022-12-02,Friday
"IHSG Longsor, Saham Ini Jadi Pemberatnya",2022-12-02,Friday
Ini Penyebab Langkah IHSG Sesi I Begitu Berat!,2022-12-02,Friday
IHSG Kembali Longsor ke Bawah 7.000,2022-12-05,Monday
"Gagal Pertahankan Penguatan, IHSG Balik Jeblok di Sesi 2?",2022-12-05,Monday
"Beneran Nggak Awet, IHSG Sesi I Drop Say!",2022-12-05,Monday
"Jadi Bank Idola Investor Asing, Ini Bocoran Target Harga BMRI",2022-12-05,Monday
"Cuan 319,4%, Saham Emiten Crazy Rich RI Ini Gak Ada Lawan",2022-12-05,Monday
"Dihujani Sentimen Negatif, IHSG Bersiap Hadapi Badai Hari Ini",2022-12-06,Tuesday
"Info A1, Ini Saham Yang Bakal ",2022-12-06,Tuesday
"Raksasa Perbankan & Teknologi Rontok, IHSG Jadi Jeblok 1%",2022-12-06,Tuesday
"IHSG Ambles, Saham Big Cap ",2022-12-06,Tuesday
Ini Saham-Saham Pemberat IHSG Hari Ini,2022-12-06,Tuesday
"Cuan IPO, Blibli Bayar Utang ke BCA Rp 2,9 T",2022-12-07,Wednesday
"IHSG Makin Longsor, Bye-Bye 6.800",2022-12-07,Wednesday
Ini Penyebab IHSG Jebol 1% di Sesi I Hari Ini,2022-12-07,Wednesday
"Gawat, Longsor IHSG Makin Dalam!",2022-12-07,Wednesday
"IHSG Ambles 1% Lagi, 8 Saham Ini Jadi Pemberatnya",2022-12-07,Wednesday
"Tekanan Makin Bertubi-tubi, Sanggupkah  IHSG Rebound?",2022-12-07,Wednesday
"IHSG Ambrol, Saham Langganan Asing Jebol",2022-12-07,Wednesday
Amerika Resesi - China Nyungsep! 2023 Bakal Penuh Gejolak,2022-12-08,Thursday
"Sepekan Melesat 60%, BYAN Sukses Jadi Juara 3 Market Cap",2022-12-08,Thursday
"IHSG Rawan Longsor! Tenang, Saham-Saham Ini Potensi ",2022-12-08,Thursday
"Ada yang Serok Saham BBCA, Masih Bisa Ikutan Nggak Ya?",2022-12-08,Thursday
"GOTO ARB Hingga ke Bawah Rp 100, Reksa Dana IDX30 Aman?",2022-12-09,Friday
Baca Info Saham A1 Ini Dulu Kalau Mau Cuan di Akhir Pekan,2022-12-09,Friday
"Ini Arah IHSG Hingga Akhir Tahun, Kesempatan Serok?",2022-12-09,Friday
GOTO Terdepak Dari Big Cap Setelah Rp 281 T Menguap,2022-12-09,Friday
"Video: BCA Sabet Penghargaan""Most Valuable Bank""",2022-12-12,Monday
Informasi A1! Deretan Saham Ini Bisa Bikin Cuan,2022-12-12,Monday
"Jelas Aja IHSG Masuk Jurang, 5 Saham ",2022-12-12,Monday
"Pengumuman! 5 Emiten Tebar Dividen Bulan Ini, BCA Rp 4 T",2022-12-12,Monday
"IHSG Balik Ngelawan dan Menguat, Ini Juru Selamatnya",2022-12-12,Monday
"Kinerja Solid, Bank BCA Dinobatkan Jadi Most Valuable Bank",2022-12-12,Monday
Inovasi dan Kolaborasi BCA Untuk Pertumbuhan Berkelanjutan,2022-12-13,Tuesday
"Diam-Diam Asing Banyak Borong Saham Energi, Ini Buktinya",2022-12-13,Tuesday
"IHSG Rawan Longsor, Pilah-Pilih Saham Ini Kalau Mau ",2022-12-13,Tuesday
"Inovasi & Kolaborasi, Kunci Pertumbuhan Berkelanjutan BCA",2022-12-13,Tuesday
"GOTO Anjlok ARB, Big Cap Melemah, IHSG Balik Arah",2022-12-14,Wednesday
"IHSG Tak Mampu Finish di Zona Hijau, Karena Apa Nih?",2022-12-14,Wednesday
"Kena Profit Taking, Saham BBCA Ambles",2022-12-14,Wednesday
"IHSG Tiba-tiba Balik Arah Jadi Merah, Kenapa Nih?",2022-12-14,Wednesday
"Saham BRI Diborong Asing, Tanda Window Dressing Akan Datang?",2022-12-14,Wednesday
"Perhatian! Asing Borong Deretan Saham Ini, BBRI Paling Laris",2022-12-14,Wednesday
"IHSG Mulai Menghijau, Panen ",2022-12-14,Wednesday
"IHSG Rawan Crash, Perhatikan Rekomendasi Saham ",2022-12-15,Thursday
"Pindah ke Obligasi, Ini Deretan Saham Yangg Dibuang Asing",2022-12-15,Thursday
Langkah IHSG Sesi I Begitu Berat Dibebani Faktor Ini,2022-12-15,Thursday
Menebak Arah BBRI Setelah Diam-diam Sentuh Rekor Tertinggi,2022-12-15,Thursday
"Bursa Asia Ditutup Beragam, IHSG Juaranya",2022-12-16,Friday
,2022-12-16,Friday
Ini Saham Penahan IHSG Sehingga Gak Jebol Makin Dalam,2022-12-16,Friday
Info A1 Saham Calon Cuan di Akhir Pekan,2022-12-16,Friday
Investor Asing ,2022-12-16,Friday
"Beruntungnya Pemilik Saham Batu Bara, Dapat ",2022-12-16,Friday
"ANTM Hingga PTBA, Info A1 Saham Calon Cuan Ini Bisa Dicoba",2022-12-19,Monday
"IHSG Ambrol Lagi, 10 Saham Ini Jadi Beban",2022-12-19,Monday
Perhatian! Blue Chip Kasih Sinyal Window Dressing Dimulai,2022-12-19,Monday
"Gerak IHSG Liar & Sulit Diprediksi, Ada Apa Ya?",2022-12-20,Tuesday
"IHSG Ambruk, Saham-Saham Jagoan Bertumbangan",2022-12-20,Tuesday
"GOTO Tersingkir, Ini Jajaran 10 Emiten Terbesar Indonesia",2022-12-20,Tuesday
"IHSG Rontok Lagi, Ini Saham Pemberatnya",2022-12-20,Tuesday
"Saham Big Bank Loyo, Ga Jadi Ada Window Dressing?",2022-12-20,Tuesday
Jangan Nyerah Cari Cuan! Simak Info A1 Saham Pilihan Ini,2022-12-20,Tuesday
IHSG Ijo Royo-Royo Karena Andil 6 Saham Ini,2022-12-21,Wednesday
"IHSG Menguat Sih, Tapi Kok Malu-Malu Ya",2022-12-21,Wednesday
Saham ,2022-12-21,Wednesday
"Besok Cum Date, Saham BBTN Ditutup Menguat",2022-12-21,Wednesday
"Asing Kabur Lagi, GOTO Cs Diobral Lagi",2022-12-21,Wednesday
"Ada Negosiasi Saham Anthoni Salim & Hartono Cs Rp 5,6 T!",2022-12-21,Wednesday
"Perhatian! Saham Orang Terkaya RI Jadi Penopang, IHSG Hijau",2022-12-21,Wednesday
"Diminta OJK Berhemat, Berikut 4 Bank Dengan Dividen Jumbo",2022-12-22,Thursday
Terungkap! Window Dressing Pudar Akibat Ulah Investor Asing,2022-12-22,Thursday
Simak! Info A1 Saham Ini Berpotensi Berikan Cuan,2022-12-22,Thursday
"Jelang Pengumuman BI Rate, IHSG Lesu! Ada Apa?",2022-12-22,Thursday
"Bunga BI Terus Naik, Bank ""Pede"" Kredit Konsumer Terus Laju",2022-12-22,Thursday
"Perkuat Bisnis KPR 2023, BCA Incar Nasabah ""Upper Mass""",2022-12-22,Thursday
Seru Nih! Saling Salip Harta Orang Terkaya RI Dimulai,2022-12-23,Friday
"Libur Telah Tiba, IHSG Tapi ",2022-12-23,Friday
"4 Skenario Gelap Ekonomi Tahun Depan, Nomor 3 Paling Ngeri!",2022-12-23,Friday
"Big Caps Berguguran, IHSG Suram",2022-12-23,Friday
"Benar Kata Menkeu, Investor Asing Lebih Panik Dari Emak-emak",2022-12-23,Friday
"Pantes Window Dressing Pudar, Sekali Jual Big Cap Bisa Rp 4 T",2022-12-23,Friday
"Rights Issue di Rp 1.200, Segini Harga Teoritis BBTN",2022-12-23,Friday
"10 IPO Terbesar Sepanjang 2022, Ada Nadiem Hingga Haji Isam",2022-12-26,Monday
Batu Bara & Rahasia Low Tuck Kwong Lewati Harta Duo Hartono,2022-12-26,Monday
"Bersiap Intip Kabar Pasar Tercuan 2022, Berani Baca?",2022-12-26,Monday
"Ramalan IHSG Pekan Terakhir 2022, Yuk Pilih Emiten Cuan Ini",2022-12-26,Monday
"Jelang Tutup Tahun IHSG Ngacir, Ini Penyebabnya",2022-12-26,Monday
"Bener Kan! Kenaikan IHSG PHP, Kehabisan Tenaga di Sesi I",2022-12-26,Monday
"IHSG Jelang Pesta Akhir Tahun, Rally Dimulai?",2022-12-26,Monday
"Jerry Ng, Jadi Taipan Lalu Hartanya Lenyap Rp 39 T Tahun Ini",2022-12-27,Tuesday
Mau Cuan Buat Tahun Baruan? Simak Info A1 Ini Nih,2022-12-27,Tuesday
"Jelang Perdagangan Ditutup, IHSG Ngegas! Kejar Setoran?",2022-12-27,Tuesday
"Nilai Saham Orang Terkaya RI Tembus Rp 800 T, Salip BBRI!",2022-12-27,Tuesday
"Kayak Mimpi, Ini Yang Bikin Harta Jerry Ng Raib Rp 39 T",2022-12-27,Tuesday
Cuan 41%! 10 Reksa Dana Saham Dengan Imbal Hasil Tertinggi,2022-12-28,Wednesday
Ssstt... Pemerintah Eksekusi Saham BBTN Hari Ini?,2022-12-28,Wednesday
Ini Penyebab IHSG Jeblok Nyaris 1%,2022-12-28,Wednesday
"Asing Jualan 3 Bank Jagoan RI Ini, Nasib IHSG Gimana?",2022-12-28,Wednesday
Mau Tebus Rights Issue BBTN? Gini Caranya,2022-12-28,Wednesday
"BYAN Topang Kejatuhan IHSG, Orang Terkaya RI Bisa Makin Kaya",2022-12-28,Wednesday
IHSG Mau ke 7.000? Jangan Ketinggalan Serok Saham-Saham Ini,2022-12-28,Wednesday
"Hari Terakhir Cari Cuan, Jangan Lewatkan Saham-Saham Ini",2022-12-29,Thursday
Terbaru! 10 Saham Dengan Market Cap Terbesar Akhir Tahun,2022-12-29,Thursday
"Fix Nggak Ada Window Dressing, IHSG Jebol Jelang Akhir Tahun",2022-12-29,Thursday
Ini Nih Biang Kerok yang Bikin IHSG Jebol,2022-12-29,Thursday
Lagi! Saham Orang Terkaya RI Perberat Langkah IHSG,2022-12-29,Thursday
Gak Ada ,2022-12-30,Friday
Gini Respon Investor Asing di Rights Issue BBTN,2022-12-30,Friday
"Perdagangan Perdana 2023, Saham ",2023-01-02,Monday
"Tahun Kelinci Air, Sektor Finansial RI Bakal Masih Seksi?",2023-01-02,Monday
"Jreng! Investor Asing Buang BBCA, Masuk ke Saham Sandiaga Uno",2023-01-04,Wednesday
"6 Saham Ini Beratkan Langkah IHSG, Saatnya Serok?",2023-01-04,Wednesday
Jreng! Ini Deretan Saham ,2023-01-05,Thursday
"Transaksi Sepi, IHSG Masih Akan Naik Turun Seperti Lato-lato",2023-01-05,Thursday
"Ngeri Ramalan IMF, Asing Bawa Kabur Rp 21 Triliun dari RI",2023-01-05,Thursday
4 Saham Bank ,2023-01-05,Thursday
"Ngenes! Window Dressing Tak Jadi, January Effect Cuma Angan?",2023-01-05,Thursday
"IHSG Rebound, Tapi Kok 4 Saham ",2023-01-06,Friday
Saham ,2023-01-06,Friday
Saham Bank Raksasa Grup Djarum Menuju Rp 8.000! Serok?,2023-01-06,Friday
,2023-01-06,Friday
"Ngeri! IHSG Rawan Longsor, Cek Saham Ini Deh Jika Mau Aman",2023-01-06,Friday
"Gokil! Dari BCA Harta Duo Hartono Naik Rp 6,72 T Setahun",2023-01-06,Friday
"Kemarin Kena Sell-Off, Gimana Nasib IHSG Hari Ini ?",2023-01-06,Friday
"3 Saham Bank Raksasa Diobral Asing, IHSG Tak Tertolong!",2023-01-06,Friday
Menjemput Rezeki! Pilih Dua Saham Cuan Kamu,2023-01-09,Monday
Diobral Asing! Begini Nasib Empat Saham Raksasa Perbankan,2023-01-09,Monday
"Hari Berdarah Buat IHSG, 4 Saham Ini Taburkan Luka",2023-01-10,Tuesday
"Saham BCA Anjlok Terus, Pasang Harga Segini Kalau Mau Serok",2023-01-10,Tuesday
Sudah Stop! IHSG Gak Lanjut Longsor Lagi Kok di Sesi 2,2023-01-10,Tuesday
"Duh, Saham 4 Bank Raksasa Ini Ambles Terus! Layak Serok?",2023-01-10,Tuesday
"Info A1 Deretan Saham Calon Cuan, Kamu Sudah Punya?",2023-01-10,Tuesday
"Amerika Sebentar Lagi Resesi, Suku Bunga The Fed Apa Kabar?",2023-01-10,Tuesday
"Terkuak, Ini 11 Saham Yang Bikin IHSG Jebol Hampir 2%",2023-01-10,Tuesday
Cerita Lengkap Efek Mengerikan Bank yang Picu Big Four Gugur,2023-01-11,Wednesday
,2023-01-11,Wednesday
"Bos BCA & BRI Borong Saham Saat Murah, Gimana Cara Hitungnya?",2023-01-11,Wednesday
"10 Saham Terbesar di BEI, 5 Punya Orang Terkaya RI",2023-01-11,Wednesday
Duh! 4 Saham Bank Penguasa IHSG Udah Turun Segini,2023-01-11,Wednesday
"Sesi 2 Gak Aman! Sor Ndolosor, IHSG Bakal Longsor!",2023-01-11,Wednesday
"Saham Big Four Berguguran, Ada Apa Nih?",2023-01-11,Wednesday
"Big Cap Korban Kengerian Rencana The Fed, IHSG Terjegal",2023-01-11,Wednesday
"Mumpung Murah! John Kosasih Borong Saham BCA, Ikutan Gak Ya?",2023-01-11,Wednesday
"Asing Bawa Kabur Rp 578 M, Cabut Dari 3 Saham Ini",2023-01-11,Wednesday
"IHSG Emang Menakutkan, Tapi Masih Bisa Cuan Kok! Nih Caranya",2023-01-11,Wednesday
"Efek Mengerikan Perbankan Nyata, IHSG Kritis",2023-01-11,Wednesday
"Kabar Baik Jadi Berita Buruk: China Dibuka, IHSG yang Merana!",2023-01-12,Thursday
"IHSG Susah Keluar Dari Jurang, Cek Saham Ini Kalau Mau Cuan",2023-01-12,Thursday
"IHSG Mencekam, Baca Kabar Ini Kalau Mau Selamat",2023-01-12,Thursday
Lega! IHSG Bailk Menguat Setelah Anjlok Berjilid,2023-01-12,Thursday
"BBRI Naik Lagi, Begini Prospek ke Depannya",2023-01-12,Thursday
"Big Cap Melemah, Saham ",2023-01-13,Friday
Lagi! Big Four Membuat Langkah IHSG Begitu Berat,2023-01-13,Friday
"Kabar Gembira dari Amerika, Sudah Saatnya Berpesta?",2023-01-13,Friday
"IHSG Akhir Pekan Katanya Cerah, Ambil Cuan Saham Ini Yuk",2023-01-13,Friday
Potensi Cuan Besar di Balik Obral Big Cap Investor Asing,2023-01-16,Monday
"""Big Fish"" Ngumpulin Saham ESG, Terendus di 7 Emiten Ini",2023-01-16,Monday
"IHSG Bergairah, Saham Bank ",2023-01-16,Monday
"Gerak IHSG Tipis, Info A1 Saham Ini Bisa Bikin Cuan Tebal!",2023-01-17,Tuesday
Saham Bank ,2023-01-17,Tuesday
Big Cap Terimbas ,2023-01-17,Tuesday
"Mau Ditendang Bursa Akibat Utang, Bos Trikomensel Buka-Bukaan",2023-01-17,Tuesday
"Jelang BI Rate, Big Four Sulit Terangkat, IHSG Tersendat",2023-01-18,Wednesday
"Celaka, IHSG Mulai Loyo! 6 Saham Ini Jadi Beban",2023-01-18,Wednesday
"Dapat Duit Rp 5 T, Eh XL Axiata Langsung Bayar Utang",2023-01-18,Wednesday
"Aduh, 10 Saham Ini Dibuang-Buangin Asing",2023-01-19,Thursday
"Jelang Pengumuman Suku Bunga BI, Saham Bank Raksasa ",2023-01-19,Thursday
"Duh! Microsoft PHK 10 Ribu Karyawan, BI Mau Tahan Suku Bunga?",2023-01-19,Thursday
"Biarkan IHSG Tertahan, Info A1 Saham Ini Bisa Cetak Cuan",2023-01-19,Thursday
"Suku Bunga Naik, 4 Saham Bank Jumbo Layak Diburu",2023-01-20,Friday
"Sikap Bos BCA, Tukang Becak Bobol Tabungan Nasabah Rp345 Juta",2023-01-20,Friday
Begini Modus Tukang Becak Bisa Bobol BCA Rp 345 Juta,2023-01-20,Friday
"Jelang Musim Laporan Keuangan, Ini Emiten Yang Mulai Diborong",2023-01-20,Friday
"Imbas Bunga Acuan, IHSG Ngegas Pepet Level 7.000 Lagi",2023-01-20,Friday
"BCA Dibobol Tukang Becak Rp 345 Juta, Nasib Nasabah Gimana?",2023-01-22,Sunday
Sikap Bos BCA Setelah Bank Dibobol Tukang Becak Rp 345 Juta,2023-01-22,Sunday
"Geger Tukang Becak, Gimana Cara Tarik Uang di Teller  BCA?",2023-01-24,Tuesday
Bos BCA Soal Kasus Tukang Becak: Satu Dari Sejuta Kejadian!,2023-01-24,Tuesday
"Investor Siap-siap Musim Laporan Keuangan, Big Cap Diobral",2023-01-24,Tuesday
"Rekening Dibobol Tukang Becak, Nasabah Ancam Polisikan BCA!",2023-01-24,Tuesday
Bos Besar BCA: Kasus Tukang Becak Murni Kelalaian Nasabah!,2023-01-24,Tuesday
Gerak IHSG Terimbas Gaya Tarik Menarik Big Four,2023-01-24,Tuesday
3 Tips Jaga Rekening Biar Nggak ,2023-01-25,Wednesday
Sstt...Asing Lagi Jual-Jualin Big Bank Nih!,2023-01-25,Wednesday
"Kasus Tukang Becak, Bos Besar BCA: KTP & ATM Itu Nyawa Kedua",2023-01-26,Thursday
Simak! Ini Penyebab Laba BCA Naik 29% Jadi Rp 40 T di 2022,2023-01-26,Thursday
Korban Tukang Becak Ancam Polisikan & Ragukan Keamanan BCA,2023-01-26,Thursday
"Nyali Big Four Memang Besar, Nggak Takut Kabar Buruk Serbu RI",2023-01-26,Thursday
"Alert, IHSG Masih Rawan Longsor! Main Aman Aja di Saham Ini",2023-01-26,Thursday
Kepo Sekelas BCA Bisa Dibobol Tukang Becak? Ini yang Terjadi!,2023-01-26,Thursday
"Riuh Tukang Becak Bobol BCA, OJK Turun Gunung Ingatkan Publik",2023-01-27,Friday
"Pemasukan Transaksi Tak Besar, Kapan Bank Digital BCA Untung?",2023-01-27,Friday
"Dolar Eksportir Wajib Disimpan di RI, Ini Kata Bos BCA",2023-01-27,Friday
Fakta Persidangan Ungkap Kronologi Tukang Becak Bobol BCA,2023-01-27,Friday
8 Saham Yang Bikin IHSG Melesat Nyaris 1%,2023-01-27,Friday
"Kecuali UNVR, 10 Saham Big Cap Bantu IHSG Menguat!",2023-01-27,Friday
Jangan Ketinggalan! Asing Mulai Incar Saham Bank Raksasa Lagi,2023-01-27,Friday
"Hati-Hati, IHSG Rawan Koreksi ! Cek-Cek Saham Ini Yuk",2023-01-27,Friday
"Ekonomi Amerika Masih Melaju Kencang, Berkah Apa Musibah?",2023-01-27,Friday
"Hati-Hati, Habis Ngegas IHSG Bakal Istirahat! Ini Tandanya",2023-01-27,Friday
"Sekelas Bank BCA Dibobol Tukang Becak, Begini Kronologinya",2023-01-28,Saturday
Loyo! BBCA dkk Tidak Kuat Dorong IHSG ke 6.900 Pekan Ini,2023-01-28,Saturday
"BCA Untung Gede, Duit Duo Hartono Tambah Berapa?",2023-01-29,Sunday
"Duh, 4 Saham Bank Raksasa Rontok! Bank Tertua Paling Parah",2023-01-30,Monday
"Dapat Julukan Bank Cari Aman, BBCA Gak Produktif",2023-01-30,Monday
"7 Saham Ini Jadi Beban IHSG, Bank Paling ",2023-01-30,Monday
"Dua Big Bank Cuan Luber, Nasib Bank Digital & Daerah Gimana?",2023-01-31,Tuesday
Duh! 7 Saham Ini Jadi Beban dan Bikin IHSG Merana,2023-01-31,Tuesday
"Inflasi Jinak, IHSG Lanjut Panen Cuan",2023-02-01,Wednesday
"Hakim Mau Rp 320 Juta Balik, Pembobol BCA Janji 4 Tahun Lagi",2023-02-01,Wednesday
"Ajak Tukang Becak Bobol BCA, Thoha Minta Belas Kasih Hakim",2023-02-01,Wednesday
"Tunggu Data Inflasi, Awas IHSG Melemah 3 Hari Beruntun!",2023-02-01,Wednesday
"NIM Perbankan RI Tertinggi di Dunia dan Akhirat, Ini Faktanya",2023-02-01,Wednesday
Simak! Dosa Ini Bikin Pembobol Rekening BCA Dituntut 4 Tahun,2023-02-02,Thursday
Gimana Nasib Tukang Becak yang Diajak Bobol BCA Rp 320 Juta?,2023-02-02,Thursday
"Pembobol BCA: Saya Tukang Becak, Kenapa Dihukum?",2023-02-02,Thursday
"Update Tukang Becak Bobol BCA, Thoha Minta Belas Kasih Hakim",2023-02-02,Thursday
Kronologi Tukang Becak Diajak Bobol BCA Hingga Dihukum,2023-02-02,Thursday
"Diajak Bobol BCA, Rp 320 Juta, Tukang Becak Dibayar Rp 5 Juta",2023-02-02,Thursday
"Diupah Rp 5 Juta Bobol BCA, Tukang Becak Pakai Buat Bayar Kos",2023-02-02,Thursday
"Smartfren (FREN) Ngutang Rp 7,2 T, Tapi Sahamnya Stagnan",2023-02-02,Thursday
"Bak Erling Haaland, IHSG Berpeluang Cetak Hattrick",2023-02-03,Friday
Dominasi 4 Bank Bikin NIM RI Tertinggi di Dunia dan Akhirat?,2023-02-03,Friday
Good Friday! Saham BBRI-BBCA Cs Bawa IHSG Jebol Level 6.900,2023-02-03,Friday
"Bukannya Menakuti, Awal Pekan Besok Bakal Berat!",2023-02-05,Sunday
"Bank dan Tekno Bikin Pede, IHSG Bakal Nyaman di Zona Hijau",2023-02-06,Monday
"Tunggu Rilis PDB, IHSG Kayaknya ",2023-02-06,Monday
"Batu Bara Rontok, Harta Low Tuck Kwong Turun Rp40 T Tahun Ini",2023-02-06,Monday
"Cadangan Devisa Menggembirakan, IHSG Lanjut Berjaya Nih",2023-02-07,Tuesday
"Pak Jokowi, Bos BCA Curhat Soal Susahnya Biayai Smelter Nih",2023-02-07,Tuesday
"Disinggung Presiden Jokowi, Ini Ciri-ciri Saham Gorengan",2023-02-07,Tuesday
"Tunggu Data Cadangan Devisa, IHSG Bisa Rebound Nih Today",2023-02-07,Tuesday
Naga-naganya IHSG Bakal Lanjut Ijo Hari Ini NIh,2023-02-08,Wednesday
"Margin Bunga Turun 33%, Kok Bisa Laba BRI Tertinggi di RI?",2023-02-08,Wednesday
"IHSG Bergerak Liar, Bakal Rehat di Sesi II",2023-02-08,Wednesday
Seng Ada Lawan! Ini 5 Bank Dengan Laba Terbesar di Indonesia,2023-02-08,Wednesday
4 Big Cap Tarik IHSG di Detik Terakhir,2023-02-08,Wednesday
"Kalau Pegang BCA Sejak IPO, Sekarang Cuan 40 Kali, Kok Bisa?",2023-02-09,Thursday
"IHSG Boleh Rontok, Asing Tetap Borong 4 Saham Big Bank Nih",2023-02-10,Friday
"Anjlok 1,3%, Tiga Gagak Hitam Ini Bikin Mood IHSG Gak Enak",2023-02-10,Friday
"Simak, Ini Dia Penyebab IHSG Longsor 1%",2023-02-10,Friday
"Banyak Kabar Baik, IHSG Malah Loyo Sepekan",2023-02-11,Saturday
"Mengejutkan, Sektor Ini Bikin IHSG Berjaya",2023-02-14,Tuesday
"Hati-Hati, 4 Saham Penguasa IHSG Longsor",2023-02-15,Wednesday
9 Saham Big Cap Ini Buat IHSG Loyo Pagi Hari Ini,2023-02-15,Wednesday
"Tunggu Pengumuman BI, 4 Saham Bank Jumbo Loyo",2023-02-16,Thursday
Duhh... Kabar ,2023-02-17,Friday
"BI Tahan Suku Bunga, Siap-Siap IHSG Bakal Rebound Nih",2023-02-17,Friday
"Tambah Dana di GOTO, Cuan RD Batavia Dana Saham Kalahkan IHSG",2023-02-17,Friday
"Kelamaan Galau, IHSG Sudah Saatnya ke Utara ?",2023-02-21,Tuesday
Low Tuck Kwong Geser Hartono Jadi Orang Kaya No.1 RI,2023-02-24,Friday
5 ,2023-02-24,Friday
Kabar Baik dari Amerika Jadi Berita Buruk Lagi Bagi Dunia,2023-02-24,Friday
Ini Dia 10 Bank Paling Cuan Sepanjang 2022,2023-02-24,Friday
"Punya Warisan Rp385 T, Sosok Ini Tetap ",2023-02-24,Friday
"Tetap Membumi, Orang RI Ini Punya Warisan Rp385 Triliun",2023-02-26,Sunday
"Kenalin, Pewaris Rp 385 Triliun Yang Tetap Membumi",2023-02-27,Monday
"Laba Bank Segunung, Tapi Sahamnya Jeblok! Ini Biang Keroknya",2023-02-27,Monday
"Mbanking BCA Error, Ini Penjelasan Resmi BCA",2023-02-27,Monday
"Disebut-sebut Bos BNI, Apa Itu Green Financing?",2023-03-01,Wednesday
"Ada Tanda Balik Arah, IHSG Masih Bisa Ditutup Hijau",2023-03-02,Thursday
"Resesi Menjauh, Bos BCA Ramal Konsumsi Hingga Kredit Melesat!",2023-03-02,Thursday
"Good News! China Bangkit, PMI Manufaktur Tertinggi di Dekade",2023-03-02,Thursday
"Rugi Rp5 Juta, Sosok Ini Gugat BCA, BEI, Hingga OJK",2023-03-02,Thursday
"IHSG Sesi I Turun Setengah Persen Lebih, Sesi II Lebih Parah?",2023-03-03,Friday
BCA Ubah Batas Minumum Transaksi Antar Rekening Jadi 1 Rupiah,2023-03-03,Friday
"Sosok Pewaris Kerajaan Bisnis Djarum, Ternyata Sederhana",2023-03-04,Saturday
"Bos BCA Ajak Bank Tak Buru-buru Naikkan Bunga Kredit, Kenapa?",2023-03-04,Saturday
"Longsor Jamaah, 3 Saham Raksasa Batu Bara RI Bebani IHSG",2023-03-06,Monday
"Sama-Sama Punya Orang Terkaya RI, Harga Sewa BCA ke GI Segini",2023-03-06,Monday
"IHSG Bergairah, 6 Saham Big Cap Ini Jadi Pendorongnya",2023-03-06,Monday
"Sempat Nanjak, IHSG Malah Rawan Longsor di Sesi 2",2023-03-06,Monday
"Kedepan Bank Boleh Miliki Aset Kripto, BCA Tertarik Masuk?",2023-03-07,Tuesday
"5 Perusahaan Batu Bara RI Tercuan, Labanya Bikin Gak Kedip",2023-03-07,Tuesday
"10 Saham Ini Paling Banyak Dijual Asing, BBCA Paling Gede",2023-03-07,Tuesday
"10 Saham Ini Paling Banyak Dijual Asing, BCA Terboncos Lagi",2023-03-08,Wednesday
4 Saham Big Cap Ini Jadi Penahan Koreksi IHSG,2023-03-08,Wednesday
"Kekayaan Duo Hartono Naik Rp3,8 T Hanya Dalam Semalam",2023-03-08,Wednesday
"Asing Borong Big Cap, IHSG Mendadak Hijau di Detik Terakhir",2023-03-08,Wednesday
"IHSG Bergairah, 9 Saham Big Cap Ini Jadi Pendorongnya",2023-03-09,Thursday
"Intip 10 Saham Yang Banyak Diborong Asing, Ada Punya Kamu?",2023-03-09,Thursday
"Kekayaan Duo Hartono Melesat Rp 16,36 T Dalam Sehari",2023-03-09,Thursday
"IHSG Minim Gairah, 4 Saham Bank Big Cap Ikut Loyo",2023-03-09,Thursday
Ini Dia Top 10 Bank Dengan Aset Terbesar di RI,2023-03-10,Friday
"IHSG Jeblok, 6 Saham Big Cap Ini Jadi Biang Keroknya",2023-03-10,Friday
"Kekayaan Hartono Bersaudara Naik Lagi, Saham BBCA Kok Turun?",2023-03-10,Friday
"Transaksi Rp 300 T! Hartono Lewat, Pegawai Pajak Lebih Tajir",2023-03-10,Friday
"Big Bank US Nyungsep, Big Bank Indonesia Ikutan Juga",2023-03-10,Friday
Ini Dia 10 Bank dengan Aset Jumbo di Indonesia,2023-03-11,Saturday
"Top 10 Bank dengan Aset Jumbo di RI, Penasaran Nomor 1?",2023-03-12,Sunday
"Saham Bank Loyo, Efek Silicon Valley Bank Bangkrut?",2023-03-13,Monday
"10 Saham Ini Diborong Asing, Ada Emiten Orang Terkaya RI",2023-03-13,Monday
Gokil! Dua Saham Ini Selamatkan IHSG Hari Ini,2023-03-13,Monday
"Tertular Bank AS, Saham Bank Kakap Jepang Rontok 8 Persen!",2023-03-14,Tuesday
"Breaking! Dana Asing Rp 1,3 T Keluar dari Pasar Saham RI",2023-03-14,Tuesday
"Analisis Kejatuhan IHSG Sampai 2% Lebih, Ini Sebabnya",2023-03-14,Tuesday
Ini Penyebab IHSG Anjlok Lebih Dari 2%,2023-03-14,Tuesday
"Sektor Perbankan Ambles, Investor Perlu Khawatir?",2023-03-14,Tuesday
"IHSG Makin Suram, Jeblok 1,64%! 7 Saham Ini Jadi Beban Besar",2023-03-14,Tuesday
"IHSG Ambruk 1,34%, Saham Bank Berguguran! Efek SVB?",2023-03-14,Tuesday
Simak! Ini 10 Saham yang Paling Banyak Diserok Investor Asing,2023-03-14,Tuesday
"Cek, Ini Daftar 10 Saham yang Paling Banyak Dilego Asing",2023-03-14,Tuesday
"Badai di Amerika Reda, Semoga Tak Ada ",2023-03-15,Wednesday
IHSG Berdarah Seiring Terpuruknya SVB? Ini Tanggapan APEI,2023-03-15,Wednesday
"Kemarin IHSG Rontok 2%, Awas Bisa Jatuh Lagi ke Level Ini!",2023-03-15,Wednesday
"Dana Asing Kabur dari Bursa, Saham Ini Paling Banyak Dilego",2023-03-15,Wednesday
"Kabar Baik, Saham Bank Besar di RI Mulai Bangkit Lagi",2023-03-15,Wednesday
"IHSG Bangkit, 5 Saham Big Cap Ini Jadi Pendorongnya",2023-03-15,Wednesday
"4 Orang Terkaya RI Hartanya Turun, Ada yang Lenyap Rp 8 T",2023-03-15,Wednesday
Video: Tok! BCA Bagi Dividen Rp 205 per Saham,2023-03-16,Thursday
Ini Penyebab dan Analisis IHSG Anjlok 1% Lebih,2023-03-16,Thursday
Tok! BCA Bagi Dividen Rp 205 per Saham,2023-03-16,Thursday
"IHSG Kembali Merah, 10 Saham Ini Dilego Investor Asing",2023-03-16,Thursday
"Main Saham Lagi Suram, Lebih Baik ",2023-03-16,Thursday
"Kemarin Bergairah, 11 Saham Bank RI Malah Loyo Lagi",2023-03-16,Thursday
"10 Saham Ini Banyak Dijualin Asing, Ada 4 Bank Jumbo",2023-03-16,Thursday
BEI Sarankan Investor Rasional Kala Krisis SVB-Signature,2023-03-17,Friday
"Fundamental Kokoh, Bank di RI Tak Akan Kolaps Seperti SVB!",2023-03-17,Friday
"IHSG Melonjak, Sektor & Saham Ini Jadi Motor Penggeraknya",2023-03-17,Friday
"Perbankan Indonesia Lebih Kuat dari SVB Dkk, Ini Buktinya!",2023-03-17,Friday
"22-23 Maret Libur & Cuti Bersama, Cek Layanan BCA & BNI",2023-03-17,Friday
"IHSG Melesat, 6 Saham Ini Jadi Pendorongnya",2023-03-17,Friday
"Saham Bank RI Kembali Bergairah, Ini Dia Penyebabnya",2023-03-17,Friday
Breaking! IHSG Menguat Lebih dari 1%,2023-03-17,Friday
"IHSG Jatuh, 10 Saham Ini Dibuangin Asing",2023-03-17,Friday
Beli Emas 10 Tahun Lalu Bikin Lebih Kaya Ketimbang Saham?,2023-03-17,Friday
"Pemiliknya Sama, BCA Bayar Sewa Segini ke Grand Indonesia",2023-03-19,Sunday
"Geger M-BCA Error, Manajemen BCA Buka Suara",2023-03-20,Monday
Duh! Asing Bawa Kabur Dana Rp 583 M dari Bursa RI,2023-03-20,Monday
"Dear Nasabah BCA, Jaringan M-Banking Sudah Pulih",2023-03-20,Monday
"IHSG Alami Pekan Terburuk, 10 Saham Ini Banyak Dijual Asing",2023-03-20,Monday
"Investor Tunggu Sikap The Fed, 8 Saham Bank RI Jeblok",2023-03-20,Monday
"Kamis Cuti Bersama, Cek Jadwal Operasional BCA, BNI, Mandiri",2023-03-20,Monday
10 Emiten RI yang Masuk Pantauan ,2023-03-21,Tuesday
Yakin Krisis SVB Ga Ngaruh ke Bank-Bank RI?Cek Faktanya!,2023-03-21,Tuesday
Ada Duit Lebih? Beli Saham Ini Bisa Cuan Ratusan Juta Setahun,2023-03-21,Tuesday
"Besok Libur! Catat Jadwal Operasional Mandiri, BCA, BNI",2023-03-21,Tuesday
"10 Saham Ini Diborong Asing Saat IHSG Hancur, Nomor 8 Kejutan",2023-03-21,Tuesday
"Mau Bagi Dividen, Bos BCA Ini Diam-Diam Borong Saham!",2023-03-21,Tuesday
"Saham Bank RI Bangkit Lagi, Krisis Perbankan Sudah Berakhir?",2023-03-21,Tuesday
"IHSG Cerah, 7 Saham Ini Jadi Pemicunya",2023-03-21,Tuesday
"Gokil, Dompet Low Tuck Kwong Nambah Tebal Rp 301,3 T Setahun",2023-03-24,Friday
"The Fed ""Woles"" Saat Bank AS Berguguran, Apa Kata Bankir?",2023-03-24,Friday
"IHSG Melesat 1% Lebih, Ternyata Gara-Gara Ini",2023-03-24,Friday
"IHSG Menguat, 10 Saham Ini Rajin Diborong Asing",2023-03-24,Friday
"13 Saham Bank Raksasa RI Bergairah, Ada Yang Melesat 2% Lebih",2023-03-24,Friday
Breaking! IHSG Lompat 1% Lebih,2023-03-24,Friday
"Pasar Masih Bergejolak, LDR Bank di Level 70% Sudah Ideal?",2023-03-25,Saturday
"Krisis Global Minggir Dulu, IHSG Mulai Nanjak",2023-03-25,Saturday
"Aturan DHE Meluncur, Likuiditas & Tren Kredit Valas Melesat?",2023-03-26,Sunday
5 Saham Big Cap Ini Jadi Biang Kerok IHSG Loyo,2023-03-27,Monday
"Bank Eropa Ambruk Kena Efek SVB, Begini Respons Bos BCA",2023-03-27,Monday
"Ternyata Ini Biang Kerok IHSG Turun Sampai 0,55%",2023-03-27,Monday
"Pekan Lalu IHSG Cerah, Berikut 10 Saham Yang Diborong Asing",2023-03-27,Monday
Cerita Anak Bos BCA Bikin Marketplace ZabetMart,2023-03-27,Monday
"Asing Borong Saham RI, IHSG Kok Malah Merah?",2023-03-28,Tuesday
Ini 10 Saham Favorit Asing Kala IHSG Ambruk Nyaris 1%,2023-03-28,Tuesday
"Saham Perbankan di AS Terbang, IHSG Anti Tumbang?",2023-03-28,Tuesday
"Gerak 13 Saham Bank Besar RI Gak Kompak Nih, Ada Apa?",2023-03-28,Tuesday
"Bos BCA Borong Sejuta Saham Perusahaan, Rogoh Kocek Rp8,67 M",2023-03-28,Tuesday
"Efek SVB Sampai ke Eropa, Big Bank RI Buka Suara",2023-03-28,Tuesday
"Saham Perbankan Terbang, Tanda Krisis Sudah Berakhir?",2023-03-28,Tuesday
Breaking! IHSG Loncat 1% Lebih Setelah Pengumuman THR,2023-03-29,Wednesday
7 Saham Jadi Penyebab IHSG Melesat 1% Lebih,2023-03-29,Wednesday
"IHSG Melesat Nyaris 1%, 8 Saham Big Cap Ini Jadi Pemicunya",2023-03-29,Wednesday
"Pantes IHSG Ngegas, 10 Saham Ini Diborong Asing",2023-03-29,Wednesday
Top 3 Saham yang Banyak Dibeli & Dijual Asing,2023-03-29,Wednesday
Sstt...Diam-Diam Asing Ngumpulin 10 Saham RI Ini,2023-03-30,Thursday
"Top 10 Saham Tercuan Maret 2023, Nomor 4 Punya Crazy Rich RI",2023-03-30,Thursday
"Berkat 4 Saham Big Cap Ini, Koreksi IHSG Tidak Parah",2023-03-30,Thursday
"Pasar Modal Dibanjiri Dana Asing, Kemarin Rp1,2 T Masuk RI",2023-03-31,Friday
Ini Alasan Kenapa Saham Bank Kakap RI Lagi Malas Gerak,2023-03-31,Friday
4 Saham Big Cap Ini Buat IHSG Gagal Hepi di Akhir Pekan,2023-03-31,Friday
"Ada Kabar Baik Dari AS & China, Saham Bank Besar RI Cerah",2023-04-03,Monday
"Asing Masuk Rp 2,6 T, Deretan Saham RI Ini Dikoleksi",2023-04-03,Monday
"Senyap, Investor Asing Ngumpulin 10 Saham Gacoan Ini",2023-04-03,Monday
"5 Emiten Orang Terkaya RI Ini Bagi Dividen Jumbo, Udah Punya?",2023-04-03,Monday
"Bank Mandiri (BMRI) Pecah Saham, Harganya Bakal Melesat?",2023-04-04,Tuesday
"Transaksi Bursa Sepi, Asing Terciduk Borong 10 Saham Ini",2023-04-04,Tuesday
"IHSG Gagal Menguat, 5 Saham Ini Jadi Biang Keroknya",2023-04-04,Tuesday
"Lebaran, BCA Siapin Duit Rp 69,48 T! Bisa Tukar Uang Kecil?",2023-04-04,Tuesday
IHSG Keknya Lanjut Melemah Nih di Sesi II,2023-04-04,Tuesday
BCA Ungkap Harga Sewa Kantor di Grand Indonesia,2023-04-04,Tuesday
"Usai Stock Split, Analis Proyeksi Saham BMRI To The Moon",2023-04-05,Wednesday
Stock Split BMRI Bikin Wong Cilik Makin Senang,2023-04-05,Wednesday
"10 Emiten RI Dengan Laba Paling Besar 2022, Ada Punya Kamu?",2023-04-05,Wednesday
"Saham Bank Mulai Bergairah Lagi, Bakal Bertahan Lama?",2023-04-05,Wednesday
"Ini Lokasi Tukar Uang THR Lebaran Mandiri, BRI, BNI, BSI, BCA",2023-04-05,Wednesday
"10 Saham Ini Dikumpulin Investor Asing, Nomor 8 Gak Nyangka",2023-04-05,Wednesday
"IHSG Merah, Investor Asing Terciduk Serok 10 Saham Ini",2023-04-06,Thursday
"Usai Stock Split, 5 Analis Ini Sepakat Rekomendasi Saham BMRI",2023-04-06,Thursday
"Dua Pekan Ngegas, IHSG Akhirnya Turun Tipis",2023-04-08,Saturday
"Mau Lebaran, Bersiap Cari THR dari 4 Saham Bank Gede Ini",2023-04-10,Monday
"IHSG Loyo, 5 Saham Ini Jadi Biang Keroknya",2023-04-10,Monday
"Investor Asing Tanam Rp2,5 T Pekan Lalu, Borong 10 Saham Ini",2023-04-10,Monday
THR Cair! Ini Jadwal Pembayaran Dividen Jumbo 5 Bank Besar RI,2023-04-10,Monday
"ARTO Drop 85%, Jerry Ng Terdepak dari Daftar Orang Terkaya RI",2023-04-11,Tuesday
"10 Saham Favorit Asing, Nomor 1 Punya Orang Terkaya RI",2023-04-11,Tuesday
"Puluhan Triliun Lenyap, Jerry Ng Tak Lagi Taipan Terkaya RI",2023-04-12,Wednesday
"10 Saham Yang Diborong Asing Saat IHSG Menguat, BBRI Nomor 1",2023-04-12,Wednesday
Siap-siap! Bank Swasta Besar RI Mau Bagi Dividen,2023-04-12,Wednesday
"5 Saham Bank Bikin Senyum, Efek Apa?",2023-04-13,Thursday
"Beli Bersih Rp 1,82 T, 10 Saham Ini Malah Dibuang Asing",2023-04-13,Thursday
"THR Dividen Cair, Saham BCA Langsung Tembus Rp 9.000",2023-04-14,Friday
"IHSG Happy, 7 Saham Ini Jadi Obat Kuatnya",2023-04-14,Friday
Diam-diam Investor Asing Serok 10 Saham Ini Kala IHSG Merah,2023-04-14,Friday
"THR Dividen BCA Cair, Segini Nilainya",2023-04-14,Friday
"Puluhan Triliun Ludes, Taipan Ini Tak Lagi Orang Terkaya RI",2023-04-16,Sunday
"Borong Rp 3,1 T Pekan Lalu, Ini 10 Saham Favorit Asing",2023-04-17,Monday
"IHSG Terkoreksi, 7 Saham Ini Jadi Pemberatnya",2023-04-17,Monday
"Cek Jam Operasional Lebaran BCA, BNI, BRI, Mandiri, BTN, BSI",2023-04-17,Monday
"Jam Buka BCA Selama Libur Lebaran, Cek Jadwalnya",2023-04-17,Monday
10 Saham Ini Jadi Favorit Investor Asing Kala IHSG Merah,2023-04-18,Tuesday
7 Saham Ini Bikin IHSG Terbang Jelang Libur Lebaran,2023-04-18,Tuesday
"Ludes Triliunan, Taipan Ini Terpental dari Orang Terkaya RI",2023-04-20,Thursday
Daftar 5 Pangeran Penerus Bisnis Konglomerat Terkaya RI,2023-04-20,Thursday
"Jam Buka Libur Lebaran Bank BCA, BNI, BRI, Mandiri, BTN,  BSI",2023-04-21,Friday
"Muda & Kaya Raya, Ini Sosok 5 Pangeran Konglomerat RI",2023-04-23,Sunday
"IHSG Terbang, Intip Bocoran 10 Saham yang Diborong Asing",2023-04-27,Thursday
"Gagal Lanjut Pesta, IHSG Dibuka di Zona Merah",2023-04-27,Thursday
5 Saham Big Cap Ini Bantu IHSG Keluar Dari Zona Merah,2023-04-27,Thursday
"IHSG Lompat 0,77% Menuju 7.000, Ini Dia Penyebabnya",2023-04-27,Thursday
"Saham BYAN Naik 10,54%, Kapitalisasi Pasarnya No.2 Salip BRI",2023-04-27,Thursday
"IHSG Tatap Level Psikologis 7.000 di Sesi II, Sanggup?",2023-04-27,Thursday
"Laba BCA Naik 43% Jadi Rp 11,5 T di Kuartal-I 2023",2023-04-27,Thursday
"Sengit, Kapitalisasi Pasar BRI Kembali Salip Bayan Resources",2023-04-27,Thursday
"Laba Kompak Naik Tinggi, Gerak Saham Bank Raksasa Malah Loyo",2023-04-28,Friday
"Pasca Lebaran, 10 Saham Ini Ternyata Banyak Diburu Asing",2023-04-28,Friday
"Kredit BCA Naik 12% di Kuartal-I 2023, Ini Sektor Andalannya",2023-04-28,Friday
"4 Bank RI Dengan Laba Terbesar, Nomor 1 Juara Bertahan",2023-04-28,Friday
"Efek Ganjar & Anies, IHSG Jebol 7.000? Yuk Bisa Yuk...",2023-04-28,Friday
"IHSG ke Level 7.000 Makin Kuat, Deretan Indikatornya Terlihat",2023-05-02,Tuesday
"10 Saham Jadi Buruan Asing, 4 Bank Jumbo Target Utama",2023-05-02,Tuesday
"Anjlok 1,22%, IHSG Bakal Kebakaran di Sesi II",2023-05-02,Tuesday
"Sempat Anjlok Dalam, Ini Alasan IHSG Mampu Pangkas Koreksi",2023-05-02,Tuesday
"Krisis Perbankan AS Makin Ngeri, Bos-Bos Bank RI Buka Suara",2023-05-02,Tuesday
"IHSG Longsor, Hati-Hati 10 Saham Ini Banyak Dijual Asing",2023-05-03,Wednesday
"IHSG Ambles Lagi, 8 Saham Ini Jadi Biang Keroknya",2023-05-03,Wednesday
"Kemarin Babak Belur, Siap-Siap Hari Ini Mau Rebound Kencang",2023-05-03,Wednesday
Bank Orang Terkaya RI Ini Jadi yang Terbesar di Asia Tenggara,2023-05-03,Wednesday
"Krisis Perbankan AS Makin Ngeri, Bankir Senior RI Komen Gini",2023-05-04,Thursday
Diam-diam Asing Buang 10 Saham Ini Kala IHSG Melemah,2023-05-04,Thursday
"10 Saham Favorit Asing, Emiten Otomotif Hingga Jamu",2023-05-05,Friday
Bankir-Bankir Senior Yakin RI Selamat dari Krisis Perbankan,2023-05-05,Friday
"Horor Krisis Perbankan AS, Bos-Bos Bank RI Angkat Bicara",2023-05-06,Saturday
"4 Saham Ini Bantu Tahan Koreksi IHSG, Ada Bank BCA & GOTO",2023-05-08,Monday
"10 Saham Ini Dijualin Asing, 4 Emiten BUMN",2023-05-09,Tuesday
Diam-diam Asing Buang 10 Saham Ini Kala IHSG HIjau,2023-05-10,Wednesday
"IHSG Akhirnya Bergairah Lagi, 8 Saham Ini Jadi Pendorongnya",2023-05-10,Wednesday
Awas! IHSG Rawan Anjlok ke Bawah 6.700 di Sesi II,2023-05-11,Thursday
"IHSG Makin Ambles, Sesi I Jeblok 1,18%",2023-05-11,Thursday
"Breaking! IHSG Ambles 1%, 7 Saham Big Cap Ini Biang Keroknya",2023-05-11,Thursday
"Duh, 10 Saham Ini Kok Malah Dilego Asing Saat IHSG Nanjak",2023-05-11,Thursday
"Waspada, Asing Lagi Jualin 10 Saham Ini Nih",2023-05-12,Friday
"Ada BBCA & NCKL, Ini 10 Besar Saham yang Banyak Dibuang Asing",2023-05-15,Monday
"20 Saham Terbesar di RI, Nomor 1 Punya Orang Terkaya",2023-05-15,Monday
"Gegara Ini IHSG Dibuka Hijau Tapi Ditutup Ambles 0,66%",2023-05-15,Monday
20 Saham Ini Jadi Penggerak Utama IHSG Sepanjang April 2023,2023-05-15,Monday
"IHSG Tidak Ada Tenaga, Terancam Ditutup Merah",2023-05-15,Monday
"Ada BBCA & ADRO, 10 Saham Ini Lagi Banyak Dilepas Asing",2023-05-16,Tuesday
"Rapor Bank Konglomerasi RI, Siapa Paling Jago Cari Cuan?",2023-05-16,Tuesday
"Saham BBCA Melesat 1,44%, Gegara ",2023-05-17,Wednesday
"Alert, 10 Saham Ini Dijualin Asing! Ada 3 Bank ""Penguasa RI""",2023-05-17,Wednesday
"3 Pakar Buka Suara Soal Saham Bank Jeblok, Ini Penyebabnya",2023-05-19,Friday
"Duh! Sebelum Liburan, 10 Saham Ini Ditinggalkan Asing",2023-05-19,Friday
"IHSG Bergairah di Hari Kejepit, 7 Saham Ini Jadi Penopang",2023-05-19,Friday
"Saham Bank Besar Ngamuk, IHSG Sesi I Ditutup Menguat 0,53%",2023-05-19,Friday
"Meyakinkan di Sesi I, IHSG Bakal Happy Weekend?",2023-05-19,Friday
"BBCA Melesat 2,28%, Efek Coldplay Masih Berlanjut?",2023-05-19,Friday
"Lagi-lagi Rupiah Melemah & Dekati Rp 15.000/USD, Ada Apa?",2023-05-19,Friday
Coldplay-KPOP Effect! Deretan Saham Cuan Berkat Konser Besar,2023-05-20,Saturday
Siap-Siap! Banyak Sentimen Siap Goyang Pasar Pekan Depan,2023-05-21,Sunday
"Rupiah Melemah, BI Masih Akan Tahan Suku Bunga",2023-05-21,Sunday
"Gagal War Tiket Coldplay, Uangnya Buat Beli Saham Aja?",2023-05-21,Sunday
"Era Bunga Rendah Berakhir, Persaingan Kredit Konsumsi Ketat",2023-05-21,Sunday
"Video: Green Financing, Bank Beri Kredit ke Bisnis Model Ini",2023-05-22,Monday
BCA Sulap Sampah Kartu ATM jadi Paving Block,2023-05-22,Monday
Target Tercapai! Pembiayaan Hijau Bank DBS Tembus SGD 50 M,2023-05-22,Monday
Video: Top! Pembiayaan Hijau BCA Tembus Rp 76 T di Q1-2023,2023-05-22,Monday
"Kredit Mobil Listrik BCA Nyetrum, Naik 20 kali Lipat!",2023-05-22,Monday
Jalan Panjang Perbankan Dukung Sustainable & Green Financing,2023-05-22,Monday
Pembiayaan Hijau Bank BCA Tembus Rp 72 T di Kuartal I-2023,2023-05-22,Monday
8 Perusahaan Green Business Terbaik Green Economic Forum 2023,2023-05-22,Monday
Saham Emiten Bank Turun Jelang Rapat Dewan Gubernur BI,2023-05-22,Monday
Diam-diam Asing Lego 10 Saham Ini Pekan Lalu,2023-05-22,Monday
"IHSG Punya Kans Menghijau, Syaratnya Ini Nih!",2023-05-22,Monday
BCA Buka-bukaan Portofolio Kredit Hijau hingga Q1,2023-05-22,Monday
"Di sesi II, IHSG Potensi Hattrick Kenaikan",2023-05-23,Tuesday
Ini 10 Saham yang Diam-diam Diborong Asing Kala IHSG Menguat,2023-05-23,Tuesday
"Saham Bank Raksasa Bergairah, Jadi Obat Kuat IHSG Hari Ini",2023-05-23,Tuesday
"IHSG Masih Bersemangat, Cek 6 Saham Ini",2023-05-23,Tuesday
"Ditopang Sektor Perbankan, IHSG Menguat 0,37% di Sesi I",2023-05-23,Tuesday
"IHSG Sesi I, Tidak Semua Saham Bank Jumbo Ditutup Hijau",2023-05-23,Tuesday
"Video: Siap Geber Pembiayaan Ekonomi Hijau, Ini Strategi BCA!",2023-05-24,Wednesday
"IHSG Mager Naik, 6 Saham Ini Biang Keroknya",2023-05-24,Wednesday
Asing Diam-diam Serok 10 Saham Ini Kala IHSG Menguat Tipis,2023-05-24,Wednesday
Asing Diam-diam Borong 10 Saham RI Ini Saat IHSG Galau,2023-05-25,Thursday
"Dana Asing Rp19 T Masuk Bursa RI, 10 Saham Ini Paling Disukai",2023-05-25,Thursday
"Saham BBRI Cetak Rekor Terus, Mau Pepet BBCA Nih?",2023-05-25,Thursday
Strategi Kolestrol Ala Cipta OVO Ekuitas Raih Cuan di 2023,2023-05-25,Thursday
Intip 10 Saham yang Rajin Diborong Asing Saat IHSG Terkapar,2023-05-26,Friday
Video: BCA Raih Green Ratings 2023,2023-05-26,Friday
"IHSG Sesi I Kebakaran, Emiten Batu Bara Jadi Beban",2023-05-29,Monday
"Breaking! IHSG Ambruk 1% Lebih, Ini Dia Penyebabnya",2023-05-29,Monday
"IHSG Ambruk, Saham BBRI Cs Gimana?",2023-05-29,Monday
Asing Borong 10 Saham Ini Saat IHSG Anjlok Pekan Lalu,2023-05-29,Monday
Video: Sederet Alasan OJK Segera Cabut Moratorium Izin Pinjol,2023-05-29,Monday
"Ada Kabar Gembira Dari Amerika, Sudah Waktunya Berpesta?",2023-05-30,Tuesday
Asing Ramai-Ramai ,2023-05-30,Tuesday
"Kemarin Lesu, Saham Perbankan Bergairah Lagi",2023-05-30,Tuesday
"Gak Main-Main Soal Kredit Hijau, Begini Capaian BBCA dan BMRI",2023-05-31,Wednesday
Asing Ramai-Ramai Beli BBCA hingga GOTO Kemarin,2023-05-31,Wednesday
"Sempat Menghijau di Awal Perdagangan, Saham Bank RI Loyo Juga",2023-05-31,Wednesday
"4 Saham Big Cap Ini Topang IHSG, Batasi Koreksi Lebih Dalam",2023-05-31,Wednesday
"Breaking! IHSG Ambruk 1% Lebih, Ini Penyebabnya",2023-05-31,Wednesday
"Izin Pinjol Baru Segera Dibuka, Langkah OJK Sudah Tepat?",2023-06-01,Thursday
Makin Cepat Mulai Investasi Bikin Cepat Kaya,2023-06-02,Friday
"Moratorium Dicabut, Lebih Bermanfaat Bagi Bisnis Pinjol?",2023-06-02,Friday
10 Saham Ini Diam-diam Dilepas Asing Kala IHSG Merah,2023-06-05,Monday
5 Saham Ini Jadi Penopang IHSG Gak Merah,2023-06-05,Monday
Simak! 10 Saham Ini Diborong Asing Saat IHSG Lesu,2023-06-06,Tuesday
"Deal Plafon Utang AS Guncang Perbankan, Saham Bank RI Merah",2023-06-06,Tuesday
10 Saham Ini Diam-diam Dilepas Asing Kala IHSG Merah,2023-06-07,Wednesday
"Masuk Indeks MSCI, Harga Saham Pasti Naik?",2023-06-07,Wednesday
"Bunga KPR BCA hingga Mandiri per Juni, Siapa Paling Murah?",2023-06-07,Wednesday
Cek! 10 Saham Ini Dilepas Asing Saat IHSG Menguat Tipis,2023-06-08,Thursday
"IHSG Mulai Bergairah Lagi, 6 Saham Ini Pendorongnya",2023-06-08,Thursday
Saham Ini Malah Dibuang Asing Saat IHSG Menguat,2023-06-09,Friday
"5 Emiten BUMN Masuk Daftar Bergengsi Dunia, Siapa Saja?",2023-06-12,Monday
"Asing Asyik Borong 10 Saham Ini Pekan Lalu, Cek Daftarnya",2023-06-12,Monday
"Saat Fixed Rate Habis, Floating Rate KPR BCA-Mandiri Segini",2023-06-12,Monday
Asing Diam-diam Buang 10 Saham Ini Kala IHSG Menguat,2023-06-13,Tuesday
"Belum Sanggup Jebol 6.740, Waktunya IHSG Rehat Sejenak?",2023-06-13,Tuesday
"14 Emiten LQ45 Labanya Jeblok, Ada SCMA, MDKA Hingga TINS",2023-06-14,Wednesday
"IHSG Kemarin Merah, Ini 10 Saham Kuncian Asing",2023-06-14,Wednesday
Kelelahan! IHSG Minta Jatah Istirahat Hari Ini,2023-06-14,Wednesday
"IHSG Loyo, 8 Saham Ini Jadi Pemberatnya",2023-06-14,Wednesday
"7 Saham Bank Rontok, Ternyata Ini Penyebabnya",2023-06-14,Wednesday
"Saham Bank Banyak Dibuang Asing Kemarin, Ini Datanya",2023-06-15,Thursday
"The Fed Masih Galak, Ekonomi Dunia Bakal Penuh Huru-Hara",2023-06-15,Thursday
"IHSG Menguat, 10 Saham Ini Malah Dilepas Asing",2023-06-16,Friday
"Duh! Saham Perbankan Loyo Lagi Nih, Bikin IHSG Tertekan",2023-06-16,Friday
"BCA & BRI Saingan Jadi Raja KPR RI, Ini Kinerja Kreditnya",2023-06-16,Friday
"Terciduk, Asing Lepas 10 Saham Ini Kala IHSG Menguat",2023-06-19,Monday
"Saham Bank Keok, BI Diproyeksi Tahan Suku Bunga",2023-06-19,Monday
"Transaksi Sepi, 10 Saham Ini Ramai-Ramai Dilepas Asing",2023-06-21,Wednesday
Transfer Online Blu ke BCA Kena Biaya per 29 Juni 2023,2023-06-21,Wednesday
"Duit Masih Banyak, Bank Ini Santai Aja BI Tahan Suku Bunga",2023-06-23,Friday
Daftar Kantor BCA Buka Weekend Saat Libur 5 hari Idul Adha,2023-06-26,Monday
"IHSG Pekan Lalu Masih Merah, Asing Buang Saham Ini",2023-06-26,Monday
"Jadwal BCA, BRI, Bank Mandiri, BNI Saat Cuti Bersama Iduladha",2023-06-27,Tuesday
Siap-Siap Floating Rate KPR BCA hingga Bank Mandiri Segini,2023-07-02,Sunday
"MyRepublic Utang Rp 2 Triliun dari Bank dan SMI, Buat Apa?",2023-07-04,Tuesday
"Saham Bank Jumbo Ambles, Ada Apa?",2023-07-04,Tuesday
Top! BBCA Sabet Dua Penghargaan dari The Asian Banker,2023-07-04,Tuesday
Budi Hartono Kembali Rebut Gelar Orang Terkaya dari Low Tuck,2023-07-05,Wednesday
"Premi LPS Naik Mulai 2025, Begini Respons Bos Bank BCA",2023-07-05,Wednesday
"Investasi Saham, Properti, Emas, Mana yang Lebih Cuan?",2023-07-05,Wednesday
"Terbaru, Ini 5 Bank Terbesar di RI",2023-07-05,Wednesday
"IHSG Pesta Pora, Asing Terciduk Borong 10 Saham Ini",2023-07-06,Thursday
"IHSG Gagal Happy Weekend, 8 Saham Big Cap Ini Biang Keladinya",2023-07-07,Friday
Cara Bayar Tiket MRT Jakarta Pakai Blu by BCA,2023-07-07,Friday
BCA & Batavia Prosperindo Luncurkan Reksa Dana Syariah & ESG,2023-07-07,Friday
10 Saham Ini Diam-diam Dilepas Asing Kala IHSG Menguat,2023-07-07,Friday
IHSG Sepekan ,2023-07-09,Sunday
IHSG Loyo? Indeks MSCI & Sri Kehati Mengudara Loh,2023-07-10,Monday
"IHSG Cerah di Awal Pekan, 7 Saham Ini Jadi Pendorongnya",2023-07-10,Monday
"AS & China Ramai-Ramai Tenggelamkan Rupiah, Perlukah Panik?",2023-07-11,Tuesday
"Ekonomi China Lesu, Apa Kabar Pergerakan IHSG Hari Ini?",2023-07-11,Tuesday
"Asing Belanja Rp169,66 M, Dua Saham Bank Diborong",2023-07-11,Tuesday
Asing Banyak Lepas Saham Big Bank,2023-07-12,Wednesday
IHSG Berhasil ,2023-07-12,Wednesday
"Rekening Nasabah Tajir BCA Naik 7%, Kontribusi ke DPK Rp469 T",2023-07-13,Thursday
"Usai Hattrick, IHSG Tarik Napas Dulu Hari Ini",2023-07-13,Thursday
"Kabar dari Amerika Disambut Gembira Dunia, Ayo Pesta Lagi!",2023-07-13,Thursday
"IHSG Hattrick, Saham BBCA & BBRI Paling Diincar Asing",2023-07-13,Thursday
"Net Buy Rp 100,7 M, BBCA Paling Laris Diborong Asing",2023-07-14,Friday
Daftar Terbaru Biaya Kartu Debit BCA dan Limit Transaksinya,2023-07-14,Friday
10 saham Big Cap ini Bikin IHSG Happy Weekend,2023-07-14,Friday
Asing Terciduk Borong 10 Saham Ini Kala IHSG Naik Tajam,2023-07-17,Monday
"Libur Tahun Baru Islam, Simak Jadwal Bank Mandiri, BNI & BCA",2023-07-18,Tuesday
"Asing Net Buy Jumbo, Serok Bank Raksasa RI Kala IHSG Loyo",2023-07-18,Tuesday
"Meski Diizinkan, Bank Konvensional Enggan Balik Lagi ke Aceh",2023-07-18,Tuesday
"Saham Bank Raksasa Menghijau, Rosan Effect?",2023-07-18,Tuesday
"Semester I, Pendapatan Premi Asuransi BCA Life Tembus Rp890 M",2023-07-18,Tuesday
"Bukan Cuan Receh, Ini 10 Saham LQ45 Paling Tokcer",2023-07-20,Thursday
"IHSG Cerah, Ternyata 6 Saham Ini yang Bantuin",2023-07-20,Thursday
"IHSG Loyo, Cek Rekomendasi Saham Potensi Cuan Ini",2023-07-21,Friday
"Net Buy Asing Rp 2,73 T, Bank Jadi Incaran",2023-07-24,Monday
Jangan Percaya! Informasi Transfer Gratis BCA Hoax,2023-07-24,Monday
"Adu Laba Bank Jumbo 2023, Tiga Besar Bersaing Ketat",2023-07-24,Monday
"Laba Bank BCA Naik 34% Jadi Rp 24,2 T di Semester I-2023",2023-07-24,Monday
"Ada Peringatan Virus di BCA Mobile, Bos BCA Bilang Gini",2023-07-24,Monday
Asing Lepas Saham Bank Jelang Pengumuman Suku Bunga Acuan,2023-07-25,Tuesday
"Musim Laporan Kinerja, Saham Bank Raksasa Kompak Naik",2023-07-25,Tuesday
"6,4 Juta Data Kartu Kredit BCA Dijual, Benarkah?",2023-07-25,Tuesday
"Berkat 4 Saham Big Cap Ini, IHSG Balik Lagi ke Level 6.900-an",2023-07-25,Tuesday
IHSG Berpotensi Finnish di Atas Level 6.900 di Sesi II,2023-07-25,Tuesday
"Top! IHSG Menguat Lagi, 5 Saham Ini Jadi Penopangnya",2023-07-25,Tuesday
7 Saham Big Cap Ini Topang IHSG yang Menguat 5 Hari Beruntun,2023-07-26,Wednesday
"IHSG Masih Sumringah, 7 Saham Big Cap Ini yang Bantuin",2023-07-26,Wednesday
"Daftar Saham LQ45 Terbaru, GGRM & MAPI Jadi Penghuni Baru",2023-07-26,Wednesday
"IHSG Bisa Hijau Lagi Nih, Ini Syaratnya",2023-07-26,Wednesday
"Musim Laporan Kinerja, Saham Bank Jumbo Diserok Asing",2023-07-26,Wednesday
Genting! The Fed Akan Tentukan Nasib Dunia Hari Ini,2023-07-26,Wednesday
"Sukses Tembus Level 6.900, IHSG Emban Misi Penting Hari Ini",2023-07-26,Wednesday
"Duh! Pertumbuhan Kredit Bank di Bawah Target, Ini Penyebabnya",2023-07-27,Thursday
"Heboh Hacker Jual Jasa Bobol Rekening MyBCA, Apa Iya Bisa?",2023-07-27,Thursday
"Net Buy Asing Rp 750 M, 4 Saham Bank Ini Jadi Favorit",2023-07-27,Thursday
Hati-Hati! Modus Begal Digital Rekening Bank Makin Ngeri,2023-07-27,Thursday
"Lagi Kencang, Mampukah IHSG Cetak Double Hattrick?",2023-07-27,Thursday
"IHSG Gagal Double Hattrick, Asing Lepas Saham Ini Berjamaah",2023-07-28,Friday
Terungkap! Ini Penyebab IHSG Batal Double Hattrick Kemarin,2023-07-28,Friday
Pemilik Rekening BCA! Cek Ini Biar Bebas Penipuan Digital,2023-07-28,Friday
"IHSG Lesu Lagi, 7 Saham Ini yang Membebaninya",2023-07-28,Friday
"STAR AM Bidik Dana Kelolaan Rp100 M, Bank Jadi Andalan",2023-07-31,Monday
"10 Emiten Terbesar RI, Nomor 7 Ada Tambang Raksasa Salim",2023-08-01,Tuesday
Asing Ramai-Ramai Serbu Pasar Modal RI,2023-08-01,Tuesday
"Asing Net Sell Jumbo Rp 1,48 T, Diam-diam Lepas 10 Saham Ini",2023-08-01,Tuesday
Asing Diam-diam Lepas Saham Blue Chip Kala IHSG Terkapar,2023-08-02,Wednesday
"IHSG Berhasil Menghijau, 6 Saham Big Cap Ini Jadi Pendorong",2023-08-03,Thursday
IHSG Kembali Tatap Level Psikologis 6.900 Hari Ini,2023-08-04,Friday
Asing Terciduk Borong 10 Saham Ini Kala IHSG Menguat,2023-08-04,Friday
"IHSG Gagal Happy Weekend, 7 Saham Ini Biang Keroknya",2023-08-04,Friday
"Maaf Batu Bara, Minat Bank Jumbo Salurkan Kredit Turun",2023-08-04,Friday
"Khawatir Hacker, Alasan OJK Mau ""Atur"" Dividen Jumbo Bank",2023-08-07,Monday
Ini Kata Bos BCA Syariah Soal POJK Spin Off Unit Syariah,2023-08-07,Monday
"IHSG Sumringah Lagi, 6 Saham Big Cap Ini Jadi Penopangnya",2023-08-07,Monday
"IHSG Cerah Jelang Rilis PDB, 5 Saham Ini Bantuin Menguat",2023-08-07,Monday
"Bunga Kredit Bank Tinggi, OJK Mau Atur Lewat Ini",2023-08-07,Monday
"IHSG Ditutup Merah, Asing Kompak Lepas Saham Ini",2023-08-07,Monday
"Krisis Buat Bank-Bank AS Jadi Beda Kasta, di RI Sama Saja?",2023-08-07,Monday
"Pantas OJK Turun Gunung, NIM Bank RI Dua Terbesar di Asean",2023-08-08,Tuesday
"OJK Mau Atur Dividen Jumbo Perbankan, Big Bank RI Buka Suara",2023-08-08,Tuesday
"IHSG Balik Arah Ke Zona Merah, 5 Saham Ini Biang Keladinya",2023-08-08,Tuesday
Saham Big Bank Diserbu Asing Saat IHSG Hijau,2023-08-08,Tuesday
"Ekonomi RI Bikin Kaget Sampai Dipuji Dunia, Pesta Lagi Nih?",2023-08-08,Tuesday
Pasang Safety Belt! IHSG Siap Kembali Uji Level 6.900,2023-08-08,Tuesday
"Kabar Buruk! Petaka Hantam Perbankan AS, China Juga Terpuruk",2023-08-09,Wednesday
"Asing Net Buy Rp 266 M, Dua Saham Bank Jadi Favorit",2023-08-09,Wednesday
"Perhatian, IHSG Dalan Posisi Rawan Hari Ini",2023-08-09,Wednesday
6 Saham Big Cap Ini Bikin IHSG Perkasa,2023-08-09,Wednesday
"OJK Mau ""Atur"" Dividen Bank, Begini Detailnya",2023-08-09,Wednesday
"OJK Mau Atur Dividen, Bank Mana dengan Rasio Dividen Jumbo?",2023-08-09,Wednesday
Berkat 6 Saham Ini IHSG Gak Jadi Berakhir di Zona Merah,2023-08-09,Wednesday
"Kemarin Naik Tipis, IHSG Hari Ini Tunggu Katalis Positif",2023-08-10,Thursday
Asing Serbu Saham Big Bank,2023-08-10,Thursday
"Daftar Bank Umum Syariah di RI, Ada yang Mau Dicaplok BTN?",2023-08-11,Friday
"Estafet Bisnis Perbankan Taipan RI Dimulai, Ini Penerusnya",2023-08-11,Friday
"Taipan Terkaya RI Ramai-ramai Punya Bank Digital, Siapa Saja?",2023-08-11,Friday
Asing Kembali Incar Saham Big Bank Saat IHSG Menguat,2023-08-11,Friday
"Asing Diam-Diam Serok 5 Saham Ini, Nilainya Bikin Kaget",2023-08-11,Friday
IHSG Naik Tipis Ditolong Kinerja Laba Bank Raksasa,2023-08-12,Saturday
Asing Diam-diam Serbu Saham Big Banks RI Sepanjang Pekan Lalu,2023-08-14,Monday
"Pagi-pagi IHSG Sudah Loyo, 6 Saham Ini Jadi Biang Kerok",2023-08-14,Monday
"Saham Bank Raksasa Loyo Cuma BBNI yang Bergairah, Ada Apa?",2023-08-14,Monday
"Emiten Bus Listrik Bakrie Diguyur BCA Rp250 M, Buat Apa?",2023-08-14,Monday
Asing Diam-diam Koleksi 10 Saham Ini Kala IHSG Menguat,2023-08-16,Wednesday
Merdeka! Ini Deretan 10 Emiten Penguasa Pasar Modal RI,2023-08-17,Thursday
Bos BCA Kasih Hadiah Saham Rp 37 M ke Anaknya,2023-08-21,Monday
"Asing Kompak Jual Saham Ini, Net Sell Capai Rp 3,42 triliun",2023-08-21,Monday
"Belajar dari Bos BCA, Ini Manfaat Hibah Harta ke Anak",2023-08-22,Tuesday
Bos BCA Kasih Saham Rp 74 M Kepada Dua Anaknya,2023-08-22,Tuesday
"Asing Net Sell Rp 2,31 T, Dua Saham Big Bank Banyak Dilepas",2023-08-22,Tuesday
"BCA Guyur Champ Resto (ENAK) Rp 375,07 M, Buat Apa?",2023-08-22,Tuesday
"Gak Cuma Bos BCA, Konglomerat Ini Juga Hibahkan Saham",2023-08-23,Wednesday
Bank Besar RI Buka-bukaan Soal Net Zero & Perdagangan Emisi,2023-08-23,Wednesday
"""Twin Deficit"" Yang Ditakutkan Jokowi Terjadi, Rupiah Goyah?",2023-08-23,Wednesday
"Dikepung Sentimen Negatif, Rupiah Kuat Balik ke Rp15.000/USD?",2023-08-23,Wednesday
7 Saham Big Cap Ini Bikin IHSG Gagal Bertahan Di Zona Hijau,2023-08-24,Thursday
IHSG ,2023-08-24,Thursday
"Sudah Rugi Rp17 T Karena Polusi, RI Bisa Boncos Lagi Oleh Fed",2023-08-25,Friday
"IHSG Gagal Bertahan, Asing Pilih Lepas Saham Ini",2023-08-25,Friday
Waspada! IHSG Masih Rawan Dilanda Aksi Profit Taking,2023-08-25,Friday
"Profil Bos BCA Jahja Setiaatmadja, Heboh Hibah Saham Rp 74 M",2023-08-25,Friday
"Sebelum Hibah Saham Rp 74 M, Bos BCA Pernah Bisnis Sewa DVD",2023-08-25,Friday
Investor Asing Lepas 10 Saham Ini Kala IHSG Melemah,2023-08-28,Monday
Asing Diam-diam Malah Lego 10 Saham Ini Kala IHSG Menguat,2023-08-29,Tuesday
"IHSG Berjaya Dua Hari Beruntun, Asing Serok 10 Saham Ini",2023-08-30,Wednesday
"Korporasi Galang Dana Rp 172 T di Bursa, Banyak dari IPO",2023-08-31,Thursday
Asing Terciduk Lepas 10 Saham Ini Kala IHSG Pesta Pora,2023-08-31,Thursday
Sakti! IHSG Jadi Raja Asia di Agustus! Hong Kong Pecundang,2023-08-31,Thursday
"Adu Cuan Puluhan Triliun, Siapa  Bank Paling Sakti di RI?",2023-09-01,Friday
Investor Asing Ramai-ramai Lego 10 Saham Ini Kala IHSG Loyo,2023-09-01,Friday
"IHSG Bangkit Lagi, 5 Saham Ini Jadi Penopangnya",2023-09-01,Friday
"Daftar 5 Bank Terbesar Di Indonesia, Nilai Asetnya Fantastis",2023-09-03,Sunday
"Bank Berbondong-Bondong Masuk Paylater, Terbaru CIMB Niaga",2023-09-04,Monday
Tahun Politik Jadi Peluang Investasi?,2023-09-04,Monday
Deretan Saham Ini Diborong Asing Sepanjang Pekan Lalu,2023-09-04,Monday
"Kaum Paylater Makin Banyak, Bank Jumbo Gak Mau Ketinggalan",2023-09-05,Tuesday
Asing Terciduk Lepas Saham Ini Saat IHSG Mau Tembus 7.000,2023-09-05,Tuesday
"Daftar 5 Perusahaan Terbesar di Asia Tenggara, BCA Juara",2023-09-05,Tuesday
"IHSG 7.000, Asing Lepas Saham Bank Jumbo Ini",2023-09-07,Thursday
Bank Asal RI Pimpin Pertumbuhan Sektor Keuangan ASEAN,2023-09-07,Thursday
Alarm Bahaya China AS & China Menyala! RI Bisa Jadi Tumbal,2023-09-08,Friday
"Asing Net Sell Rp 1,1 T, Saham Bank Ini Paling Banyak Dijual",2023-09-08,Friday
"IHSG Masih Coba Tembus 7.000, Waspada Level Ini!",2023-09-08,Friday
Anak Usaha TPMA Dapat Kredit Rp 1 T dari BCA Untuk Ini,2023-09-08,Friday
"Daftar 7 Emiten Terbesar di RI, Posisi 5 Ada Anak Baru",2023-09-08,Friday
Deretan Saham Ini Jadi Biang Kerok IHSG Gagal ke 7.000,2023-09-11,Monday
Bersiaplah! RI Bisa Kena Hantam Kabar Buruk dari China & AS,2023-09-11,Monday
"Asing Lepas Saham Perbankan & Blue Chip, IHSG Gagal ke 7.000",2023-09-11,Monday
"Dividen Bank akan Diatur OJK, Ini Bocorannya",2023-09-11,Monday
"Window Dressing Segera Tiba, Awas Kena jebakan Make Up MI",2023-09-11,Monday
"8 Saham Ini Bikin IHSG Berakhir Merana, Termasuk Bank Raksasa",2023-09-12,Tuesday
"IHSG Balik Arah Merana, 8 Saham Big Cap Ini Biang Keroknya",2023-09-12,Tuesday
BCA akan Tutup Rekening Rp 0 dan Tidak Aktif,2023-09-12,Tuesday
10 Saham Ini Ramai-ramai Dilepas Asing Meski IHSG Hijau,2023-09-12,Tuesday
"Mayoritas Saham Bank Loyo, Gegara OJK Mau Atur Dividen?",2023-09-12,Tuesday
"BTN Cari Bank Syariah, Ini Kata BCA",2023-09-13,Wednesday
"IHSG Gak Bergairah, 7 Saham Ini yang Jadi Bebannya",2023-09-13,Wednesday
"Amerika Umumkan Kabar Genting Hari Ini, RI Ikut Deg-Degan",2023-09-13,Wednesday
"Net Sell Rp881 M, Asing Lagi-lagi Lepas Saham Big Bank RI",2023-09-13,Wednesday
"OJK Mau Atur Dividen Bank, Siapa yang Paling Terdampak?",2023-09-14,Thursday
"Emiten TP Rachmat ASSA Dapat Kredit Rp1,45 T dari 3 Bank",2023-09-14,Thursday
Orang Dekat LKH Pilih Investasi Saham Karena Bisa Cuan 20%,2023-09-14,Thursday
Asing Diam-diam Lepas 10 Saham Ini Kala IHSG Menguat,2023-09-15,Friday
Asing Buang Saham Big Bank Sepanjang Perdagangan Pekan Lalu,2023-09-18,Monday
Asing Ketahuan Borong 10 Saham Ini Saat IHSG Merah,2023-09-19,Tuesday
Lengkap! Ini Tips Cari Cuan Jombo dari Saham di Tahun Politik,2023-09-19,Tuesday
"Anomali! IHSG Justru Lari Kencang Bulan Ini, Kutukan Hilang?",2023-09-19,Tuesday
Asing Banyak Borong Saham BUMN Saat IHSG Tembus 7.000,2023-09-21,Thursday
10 Saham Ini Diam-diam Diborong Asing Kala IHSG Merah,2023-09-22,Friday
"Dividen Bank akan Dibatasi, Investor Untung Atau Buntung?",2023-09-22,Friday
"ATM & Mbanking Eror, Ini Kata BCA",2023-09-25,Monday
"IHSG Tinggalkan 7.000, 4 Saham Ini Biang Keroknya",2023-09-25,Monday
10 Saham Ini Ramai-ramai Diborong Asing Kala IHSG Menguat,2023-09-25,Monday
"Potensi Cuan Akhir Tahun dari Dividen Interim, Cek Emiten Ini",2023-09-25,Monday
Anda Pasti Sudah Kaya Kalau Tahu 5 Hal Ini 10 Tahun yang Lalu,2023-09-26,Tuesday
M-Banking dan ATM BCA Error Lagi,2023-09-26,Tuesday
"IHSG Terdepak Lagi dari Level 7.000, Asing Lego 10 Saham Ini",2023-09-26,Tuesday
"Netizen Heboh, M-Banking BCA Error Lagi",2023-09-26,Tuesday
"Musim Dividen Sebentar Lagi,  Siap-Siap Dapat Uang Kaget",2023-09-27,Wednesday
"Erick Thohir Blak-Blakan Soal Bursa Karbon, Ini Tanggapannya",2023-09-27,Wednesday
"BCA akan Tutup Rekening Saldo Nol Rupiah, Catat Tanggalnya",2023-09-27,Wednesday
"Bank Ramai Beli Unit Karbon, CIMB Niaga Jadi yang Pertama",2023-09-27,Wednesday
"IHSG Merah Membara, Asing Kompak Lego Saham Blue Chip RI",2023-09-27,Wednesday
Ini Alasan Bank Kompak Jadi Pembeli Perdana di Bursa Karbon,2023-09-27,Wednesday
"IHSG Menguat, Asing Terciduk Lepas Saham BBCA Hingga GOTO",2023-09-29,Friday
Ini Alasan BCA Tutup Rekening Tak Aktif Saldo Nol Rupiah,2023-10-02,Monday
"IHSG Ambruk 1,1% Pekan Lalu, Asing Berjamaah Buang Saham Ini",2023-10-02,Monday
"IHSG Bergairah, 6 Saham Big Cap Jadi Penopangnya",2023-10-02,Monday
"BCA Kini Punya Paylater, Ini Cara Daftar & Penggunaannya",2023-10-03,Tuesday
Bank BCA (BBCA) Resmi Luncurkan Layanan Paylater,2023-10-03,Tuesday
"IHSG Menguat, Asing Berburu Saham Bank",2023-10-03,Tuesday
"Erajaya Swasembada (ERAA) Dapat Kredit Rp 8,35 T dari BCA",2023-10-03,Tuesday
Asing Terciduk Borong Saham Big Bank hingga Grup Salim,2023-10-04,Wednesday
"Penyaluran KUR Rendah, BCA Ikut Revisi Target",2023-10-04,Wednesday
"IHSG Ambruk 1%, Saham Ini Paling Banyak Diburu Investor",2023-10-04,Wednesday
"Bunga Paylater BCA VS Rata-rata Industri, Mana Lebih Murah?",2023-10-04,Wednesday
"Menguat Sepanjang Hari, 7 Saham Ini Seret IHSG ke Zona Merah",2023-10-05,Thursday
Asing Borong Saham Bank & Tambang Ini Saat IHSG Anjlok,2023-10-05,Thursday
"Catat! Ini Biaya, Limit, dan Syarat Paylater BCA",2023-10-05,Thursday
Bank Mandiri (BMRI) Bakal Luncurkan Livin,2023-10-06,Friday
"IHSG Melemah, Asing Ketahuan Lepas Saham Blue Chip",2023-10-06,Friday
"Terbaru, Ini Daftar 5 Orang Terkaya di Indonesia",2023-10-06,Friday
"Tak Ada Sosok Baru, 5 Orang Ini ",2023-10-07,Saturday
Asing Diam-diam Borong 10 Saham Ini Sepanjang Pekan Lalu,2023-10-09,Monday
Asing Terciduk Diam-diam Lego 10 Saham Ini Kala IHSG Menguat,2023-10-10,Tuesday
Asing Ramai-ramai Lepas 10 Saham Ini Kala IHSG Menguat,2023-10-11,Wednesday
10 Saham Ini Diam-diam Dilepas Asing Kala IHSG Perkasa,2023-10-12,Thursday
"Asing Serbu 10 Saham Ini Kala IHSG Menguat, Bank BRI No. 1",2023-10-13,Friday
Prajogo Pangestu dan Salim Jadi Juru Selamat IHSG,2023-10-13,Friday
"Net Sell Rp 100,74 M, Saham Ini Ramai Dilepas Asing",2023-10-16,Monday
OJK Denda Berlian Aset Manajemen dan BCA Rp625 Juta,2023-10-16,Monday
"IHSG Terpuruk, Asing Ketahuan Borong 10 Saham Ini",2023-10-17,Tuesday
Terbaru! Daftar 5 Bank Terbesar di Indonesia Sepanjang 2023,2023-10-17,Tuesday
"Asing Net Sell Rp 323,31 M, Saham Big Bank Banyak Dilego",2023-10-18,Wednesday
"BCA Himpun DPK Rp 1.088 T, Didorong Deposito",2023-10-19,Thursday
Bos BCA Buka-bukaan Soal Suku Bunga BI Naik Hingga Aturan DHE,2023-10-19,Thursday
Bos Bank BCA Buka-bukaan Soal Tahun Politik dan Ekonomi,2023-10-19,Thursday
"Kredit BCA Naik 12,3% per September 2023",2023-10-19,Thursday
Bos BCA: Kita Sangat Hati-hati Beri Pinjaman Dolar,2023-10-19,Thursday
"Gawat! Pailit RI Meningkat, Ada 17 Saham Bisa Gulung Tikar",2023-10-19,Thursday
"Rupiah Rontok Karena Perang, AS-Suhu Politik, Kemana Arah BI?",2023-10-19,Thursday
"Laba BCA Naik 25,8% Jadi Rp 36,4 T Hingga Kuartal III-2023",2023-10-19,Thursday
"Didenda OJK Rp100 Juta, Ini Tanggapan Resmi BCA",2023-10-19,Thursday
"Asing Net Sell Jumbo, Ini Saham yang Dilepas",2023-10-19,Thursday
BCA Bidik Tutup 2023 Dengan Pertumbuhan Kredit 10%,2023-10-20,Friday
"Suku Bunga Naik di Tahun Politik, RI Menarik Buat Investor?",2023-10-20,Friday
"Sahamnya Terbang 300%, Benarkah Harga BREN Tak Masuk Akal?",2023-10-20,Friday
"Asing Net Sell Jumbo Lagi, Ini Saham yang Dilepas",2023-10-20,Friday
"BI Rate Naik, BCA Belum Ada Rencana Kerek Bunga Kredit",2023-10-20,Friday
"BI Rate Naik, Cek Suku Bunga KPR Terbaru BCA hingga BTN",2023-10-20,Friday
"Suku Bunga BI Naik, Cek Bunga Deposito BCA-BRI-BNI-Mandiri",2023-10-20,Friday
"10 Saham LQ45 Terboncos Sepekan, Ada GOTO dan Emiten Prajogo",2023-10-22,Sunday
"Terbang 417% Sejak Listing, Masih Amankah Koleksi BREN?",2023-10-22,Sunday
"Suku Bunga BI Naik, Ini Bunga KPR Terbaru BCA hingga BTN",2023-10-22,Sunday
"Dipukul Kanan Kiri, IHSG Ambles Lebih dari 1% Sepekan",2023-10-22,Sunday
"Suku Bunga Naik & IHSG Ambruk, Asing Net Sell BBCA Rp 1,1 T",2023-10-23,Monday
"Simak, Segini Kurs Jual Beli Dolar di Big Bank RI",2023-10-24,Tuesday
"Kebakaran! Bursa Asia Jadi Lautan Merah, Ulah Amerika?",2023-10-24,Tuesday
"BI7DRR Kini 6%, Cek Bunga Deposito Bank BCA-Mandiri-BNI-BRI",2023-10-24,Tuesday
"IHSG Ambruk, Asing Diam-diam Lepas Saham Big Bank RI",2023-10-24,Tuesday
"Bank Kakap Mulai Buka-Bukaan Laba, Siapa Paling Cuan?",2023-10-25,Wednesday
Suku Bunga BI Naik! Ini Bocoran Kinerja Kredit Bank Kakap RI,2023-10-25,Wednesday
"IHSG Rebound, Asing Ramai-ramai Lepas 10 Saham Ini",2023-10-25,Wednesday
"Awan Mendung Selimuti Ekonomi Global, IHSG Rawan Tergelincir",2023-10-26,Thursday
10 Saham Ini Diborong Asing Kala IHSG Menguat,2023-10-26,Thursday
"Asing Makin Gemar Obral Saham Raksasa RI, Rp4 Triliun Terbang",2023-10-26,Thursday
Saham Perbankan Raksasa RI Lagi ,2023-10-26,Thursday
"IHSG Sempat Karam, Ini Penyebabnya Menurut 5 Analis",2023-10-27,Friday
"Ekonomi AS Tumbuh Solid, IHSG Bisa Tersenyum Hari Ini",2023-10-27,Friday
"Terburuk 7 Bulan, Ini Penjelasan Mengapa IHSG Hancur Lebur",2023-10-27,Friday
"Asing Tarik Dana Rp1,39 T, Ini 10 Saham yang Ramai Dilepas",2023-10-27,Friday
"Saham Raksasa Babak Belur, Saham Mid Cap Bisa Jadi Pilihan",2023-10-27,Friday
"IHSG Terkapar, Asing Ramai-Ramai Tinggalkan Indonesia",2023-10-29,Sunday
Diam-Diam Asing Sudah Bawa Kabur Rp 6 Triliun dari RI,2023-10-30,Monday
"Asing Jual Saham Rp 17,24 T! Ini yang Paling Banyak Dilepas",2023-10-30,Monday
"IHSG 6.700, Asing Ramai-Ramai Borong Saham Ini",2023-10-31,Tuesday
Berlaku Besok! Cek Aturan Terbaru Penutupan Rekening BCA,2023-10-31,Tuesday
"3 Bank RI Dengan Laba Terbesar, Cek Sahamnya",2023-10-31,Tuesday
"4 Bank Raksasa RI Raup Laba Puluhan Triliun, Ini Juaranya",2023-11-01,Wednesday
Asing Net Sell Jumbo Lagi! Saham Big Cap Banyak Dijual,2023-11-01,Wednesday
"IHSG Ambles 1,25%, 6 Saham Big Cap Ini Jadi Penyebabnya",2023-11-01,Wednesday
"IHSG Ambruk Lagi, BREN Hingga ADRO Jadi Biang Kerok",2023-11-01,Wednesday
"Berkat Bank Raksasa RI, IHSG Ditutup Nyaris Naik 2%",2023-11-02,Thursday
"Breaking: The Fed Tahan Suku Bunga, IHSG Lompat 1,3%",2023-11-02,Thursday
"6 Saham yang Bikin IHSG Terbang 1,41%, Salah Satunya GOTO",2023-11-02,Thursday
"IHSG Ambruk, Asing ""Jauhi"" Saham ini",2023-11-02,Thursday
"Saham Raksasa RI ini Sudah Murah Banget, Saatnya Serok?",2023-11-02,Thursday
Aneh! Laba Raksasa RI Ngacir Tapi IHSG Malah Ambles,2023-11-02,Thursday
"Fed Buat RI Pesta, Sri Mulyani Cs Beri Kabar Penting Hari Ini",2023-11-03,Friday
"IHSG Rebound, Asing Ramai-Ramai Serbu Saham Ini",2023-11-03,Friday
Ramai-Ramai Asing Borong Saham Bank Raksasa RI,2023-11-03,Friday
"Adu Kinerja 5 Bank Swasta Terbesar RI, Siapa Paling Jagoan?",2023-11-03,Friday
"Saham Bank Jumbo Bergairah Lagi, Ikut Topang IHSG",2023-11-03,Friday
"Jadi Terkaya No-4 di Ri, Ini Kinerja Saham Prajogo Pangestu!",2023-11-04,Saturday
Asing Diam-diam Lepas 10 Saham Ini Kala IHSG Menguat,2023-11-06,Monday
"Saham Bank Jumbo Bergairah Lagi, BBNI Juaranya",2023-11-06,Monday
"OJK Dukung Bank Masuk Bisnis Paylater, Tapi Ada Syaratnya",2023-11-06,Monday
Asing Diam-diam Borong 10 Saham Ini Kala IHSG Terbang,2023-11-07,Tuesday
Breaking! IHSG Ambles 1% Lebih Usai Reli 3 Hari Beruntun,2023-11-07,Tuesday
"IHSG Makin Ambles, 7 Saham Ini Biang Keroknya",2023-11-07,Tuesday
"IHSG Terkapar Lagi, 7 Saham Big Cap Ini Jadi Biang Keladinya",2023-11-08,Wednesday
"Gurita Bisnis Salim, Kuasai Ritel Hingga Tambang Emas RI",2023-11-09,Thursday
"IHSG Loyo Menjelang Akhir Pekan, 5 Saham Ini Biang Keroknya",2023-11-10,Friday
"IHSG Bangkit, Asing Ramai-Ramai Belanja Saham Ini",2023-11-10,Friday
"Heboh Nasabah BCA Kebobolan Rp68,5 Juta, Begini Kronologinya",2023-11-13,Monday
"Prajogo Pangestu Jadi Orang Terkaya RI, Sahamnya Kemahalan?",2023-11-13,Monday
"IHSG Hijau Dua Pekan Beruntun, Asing Borong 10 Saham Ini",2023-11-13,Monday
"Daftar 10 Emiten Market Cap Terbesar, Nyaris 50% Valuasi IHSG",2023-11-13,Monday
"AS Beri Kabar Penting, Alarm Bahaya Ekonomi RI Mulai Menyala",2023-11-14,Tuesday
Ini Saham Pilihan Asing Saat IHSG Menguat Kemarin,2023-11-14,Tuesday
"Berkat 7 Saham Big Cap Ini, IHSG Lanjut Bergairah",2023-11-14,Tuesday
"BCA Buka Suara Soal Nasabah Kebobolan Rp68,5 Juta Lewat QRIS",2023-11-14,Tuesday
Cara Tarik Tunai Tanpa Kartu atau Cardless via BCA Mobile,2023-11-14,Tuesday
"Jelang Window Dressing, Ini Saham yang Bisa Kasih Cuan",2023-11-14,Tuesday
Simak Perubahan Masa Berlaku Kode Transaksi Tanpa Kartu BCA,2023-11-14,Tuesday
"Intip Harta Orang Terkaya RI Dari Dividen, Sosok Ini Terbesar",2023-11-15,Wednesday
"IHSG Terbang 1% Lebih, BRI Cs Jadi Obat Kuat",2023-11-15,Wednesday
"Prajogo Jadi Orang Terkaya RI, Benarkah Cuma dari BREN?",2023-11-15,Wednesday
"Akhirnya Ada Kabar Gembira dari AS, RI Bisa Banjir Dana Asing",2023-11-15,Wednesday
"IHSG Naik 0,35%, BRI Banyak Diborong Asing",2023-11-15,Wednesday
"Aliran Dana Asing Masuk Lagi, Saham Ini Banyak Diborong",2023-11-16,Thursday
"Minggir! Ini 5 Raja Saham RI di November, Ada BREN",2023-11-16,Thursday
"Reli Wall Street, Obat Kuat Buat Saham Raksasa RI",2023-11-16,Thursday
"Soal Nasabah BCA Kebobolan Rp68 Juta, Pakar Siber Bilang Ini",2023-11-16,Thursday
BCA Sebut Kasus Nasabah Kebobolan Rp68 Juta Sedang Diproses,2023-11-16,Thursday
"IHSG Jalan di Tempat, Saham Bank Laris Diborong Asing",2023-11-17,Friday
"Dugaan Peretasan BCA-BPD Bali, RI Darurat Keamanan Siber",2023-11-17,Friday
OJK Angkat Suara Soal Heboh Kebobolan QRIS Bank BCA Rp68 Juta,2023-11-17,Friday
"Ini Emiten yang Royal Bagi Dividen, Batu Bara Mendominasi",2023-11-19,Sunday
"Heboh Nasabah BCA Kehilangan Rp68 Juta, Ahli Siber Ungkap Ini",2023-11-19,Sunday
Asing Terciduk Diam-diam Borong 10 Saham Ini Kala IHSG Lompat,2023-11-20,Monday
"Valuasi BREN Dekati Bank BCA, Sejak IPO Sudah Meroket 772%",2023-11-20,Monday
"MPXL Peroleh Pinjaman Rp 40,9 Miliar dari BCA, Buat Apa?",2023-11-20,Monday
"Terbaru! Segini Limit Transfer dari BCA, Mandiri, BRI, & BNI",2023-11-20,Monday
"Ramai Serangan Siber, Simpan Duit Amannya Di Mana Ya?",2023-11-20,Monday
Kegelisahan Jokowi Akan Terjawab Hari Ini....,2023-11-21,Tuesday
Asing Lego 10 Saham Ini di Kala IHSG Menguat di Awal Pekan,2023-11-21,Tuesday
"Saham BREN Terbang 772% dan Pepet BBCA, Bos BEI Buka Suara",2023-11-21,Tuesday
"Ramai-Ramai Bank Asing Hengkang dari RI, Ini Daftarnya",2023-11-21,Tuesday
"Harta Prajogo Lewati Hartono, Apa Iya BREN Seberharga BBCA?",2023-11-22,Wednesday
"Kredit BCA Tumbuh 12,3% Jadi Rp 766 T Hingga September 2023",2023-11-22,Wednesday
"Ada Kabar Baru Soal Suku Bunga AS, RI Bisa Kena Getahnya!",2023-11-22,Wednesday
"IHSG Gagal Tembus Level 7.000, Asing Buang 10 Saham Ini",2023-11-22,Wednesday
"10 Emiten Terbesar di RI Terbaru, BBCA Juara, BREN Mengancam",2023-11-22,Wednesday
"Gerak Rupiah Bak Rollercoaster, Semua Mata Kini Tertuju ke BI",2023-11-23,Thursday
"Ada BREN & AMMN, Ini 10 Saham Penggerak IHSG Sepanjang 2023",2023-11-23,Thursday
"BCA Bakal Tebar Dividen Interim Rp 5,23 T, Simak Jadwalnya",2023-11-23,Thursday
"Harta Prajogo Lewati Hartono, Bukti Saham BREN Kelewat Mahal",2023-11-24,Friday
"Saat IHSG Pesta Pora, Asing Borong 10 Saham Ini Jor-Joran",2023-11-24,Friday
Kabar Terbaru Soal Heboh Raibnya Rp68 Juta Saldo Nasabah BCA,2023-11-24,Friday
"Bank Asing Kompak Tinggalkan RI, Cek Daftarnya",2023-11-25,Saturday
"IHSG Bertahan di 7.000, Saham Ini Banyak Dilepas Asing",2023-11-27,Monday
"IHSG Bertahan 7.000, Cek Saham yang ""DIjauhi"" Asing",2023-11-28,Tuesday
Asing Lepas Deretan Saham Ini Saat IHSG Menguat Lagi,2023-11-29,Wednesday
BCA Bilang Gini Soal Isu Serangan Siber,2023-11-29,Wednesday
Bos BCA Ungkap Strategi Himpun Tabungan & Penyebab DPK Lesu,2023-11-29,Wednesday
"IHSG Kurang Tenaga, Saham Ini Dibuang Asing",2023-11-30,Thursday
"Korporasi Tahan Diri Jelang Pemilu, BCA Bidik Kredit Naik 11%",2023-11-30,Thursday
OK Bank Raih Kredit Rp 400 M dari BCA,2023-11-30,Thursday
"Bank AS & Eropa Cabut dari RI, Bank di Asia Kok Makin Agresif",2023-11-30,Thursday
"Warga RI Makan Tabungan, Simpanan di Bank Tumbuh Seret",2023-12-01,Friday
"Likuiditas Mengetat, Bankir Teriak Soal Belanja Pemerintah",2023-12-01,Friday
10 Saham Ini Kompak Diborong Asing Kala IHSG Melonjak,2023-12-01,Friday
"Bukti Baru Warga RI Makin Susah, Siang Malam Makan Tabungan",2023-12-02,Saturday
"Bank Asing Ramai-Ramai Tinggalkan RI, Ini Daftarnya",2023-12-02,Saturday
IHSG Menguat Sepekan Ditopang Oleh Saham Konglomerat Ini,2023-12-03,Sunday
Sambut Window Dressing! Data Penting Ini Pengaruhi Laju IHSG,2023-12-03,Sunday
10 Emiten Ini Siap Tebar Dividen!  Desember Bisa Banjir Cuan,2023-12-04,Monday
"10 Saham Market Cap Terbesar RI, Adu Kuat Hartono vs Prajogo",2023-12-04,Monday
"Jokowi Ngamuk Soal Likuiditas, OJK Paparkan Kondisi Perbankan",2023-12-04,Monday
Breaking! IHSG Lompat 1% Lebih Sentuh Level 7.100,2023-12-04,Monday
"11 Emiten Bagi Dividen di Desember 2023, Cek Daftarnya",2023-12-04,Monday
"Deretan Saham Murah, Bekal Investor Saat Window Dressing",2023-12-05,Tuesday
"Asing Borong 10 Saham Ini Kala IHSG Menguat, BBRI No.1",2023-12-05,Tuesday
Asing Lepas 10 Saham Ini Kala IHSG Kembali Tembus Level 7.100,2023-12-06,Wednesday
Diam-diam Asing Lepas 10 Saham Ini Kala IHSG Merah,2023-12-07,Thursday
Ini Alasan Bank Asia Kian Agresif Tendang Bank Barat di RI,2023-12-07,Thursday
"Satu per Satu Bank Asing Kabur dari RI, Ini Daftar Terbarunya",2023-12-07,Thursday
"Biaya Administrasi & Limit Transaksi BCA Naik, Cek Detailnya",2023-12-07,Thursday
BCA Bicara Soal Literasi Keuangan & Bisnis Perbankan RI,2023-12-07,Thursday
Window Dressing Meriah! Simak Tips & Emiten yang Bawa Cuan!,2023-12-08,Friday
"BCA Punya Paylater, Begini Cara Daftar dan Pakainya",2023-12-08,Friday
Kisah Kelam Prajogo Sebelum Masuk Daftar Orang Terkaya Dunia,2023-12-08,Friday
"Deretan Saham Langganan Window Dreasing, Tertarik Beli?",2023-12-08,Friday
Asing Terciduk Lepas Saham Blue Chip RI Kala IHSG Menguat,2023-12-08,Friday
"Market Cap BREN Tembus RP 1.000 T, Harga Sahamnya Kemahalan?",2023-12-08,Friday
"Gokil! Kapitalisasi Pasar BREN Salip BBCA, Tembus Rp1.083 T",2023-12-08,Friday
Auto Kaya! Deretan Saham Konsisten Kasih Dividen 20 Tahun,2023-12-09,Saturday
Mantan Supir Angkot Ini Punya Kekayaan Rp 901 Triliun,2023-12-10,Sunday
"Breaking! IHSG Ambles 1% Lebih, Saham Ini Biang Keroknya",2023-12-11,Monday
Waspada! Ada Pengumuman Genting dari AS Usai Debat Capres,2023-12-11,Monday
"IHSG Lagi Kuat-Kuatnya, Ini Saham yang Malah Dibuang Asing",2023-12-11,Monday
IHSG Lompat Balik ke Level 7.100 Ditopang Rebound Saham GOTO,2023-12-12,Tuesday
"IHSG Ambruk Nyaris 1%, Cek Rekomendasi Saham Ini",2023-12-12,Tuesday
Debat Capres: IHSG-Rupiah Menunggu Efek Ganjar-Anies-Prabowo,2023-12-12,Tuesday
"IHSG Kebakaran, Asing Kompak Buang Saham Ini",2023-12-12,Tuesday
"IHSG Naik Lagi, Ini Saham yang Banyak Dijual Asing",2023-12-13,Wednesday
"RISE Dapat Kucuran dari BCA Rp 400 Miliar, Buat Apa?",2023-12-13,Wednesday
"BCA dan Bank Mandiri Kini Punya Paylater, Cek Perbandingannya",2023-12-14,Thursday
"Kabar Gembira! The Fed Siap Pangkas Suku Bunga, Saatnya Pesta",2023-12-14,Thursday
"IHSG Merah Membara, Asing Jual Deretan Saham ini",2023-12-14,Thursday
"IHSG Tancap Gas 1% Lebih, 7 Saham Big Cap Ini yang Bantuin",2023-12-14,Thursday
SImak! Ini Saldo Mininum BCA Biar Rekening Gak Ditutup Paksa,2023-12-14,Thursday
"IHSG Finish Cerah, Sedikit Lagi Sentuh 7.200-an",2023-12-15,Friday
"Kode Bank Besar RI Bagi Dividen Jumbo, Investor Panen Cuan!",2023-12-15,Friday
"IHSG Masih Cerah, 5 Saham Ini Jadi Penopangnya",2023-12-15,Friday
"CUAN Dapat Kredit Rp 3,5 T dari BCA, Bank Mandiri, & BNI",2023-12-15,Friday
"Sinyal Dovish The Fed, Asing Serbu Saham BBRI Cs",2023-12-15,Friday
"Penuhi Aturan Free Float, SMBC Divestasi 200 Juta Saham BTPN",2023-12-15,Friday
Happy Weekend! IHSG Semakin Dekati Level 7.200,2023-12-16,Saturday
"Satu per Satu Bank Asing Angkat Kaki dari RI, Ini Daftarnya..",2023-12-17,Sunday
"BCA Siapkan Tunai Rp 41,1 T Untuk Transaksi Nataru",2023-12-18,Monday
"BCA, BRI, Mandiri & BNI Suplai Rp111 T Buat Natal-Tahun Baru",2023-12-18,Monday
"Dear Raja Cuan, Pekan Ini BI-China-Cawapres Kunci!",2023-12-18,Monday
Asing Kompak Borong Saham Big Bank RI Kala IHSG Menguat,2023-12-18,Monday
"IHSG Pepet Lagi Level 7.200-an, 8 Saham Ini Jadi Penopangnya",2023-12-19,Tuesday
Intip 10 Saham yang Ramai Diborong Asing Kala IHSG Terkapar,2023-12-19,Tuesday
Intip Saham Berpotensi Cuan di Tengah Window Dressing 2023,2023-12-19,Tuesday
Investor Hati-Hati! Cermati Data Penentu ,2023-12-20,Wednesday
"IHSG Bangkit, Asing Malah Terciduk Buang 10 Saham Ini",2023-12-20,Wednesday
"Rekening Bank Buat Judi Online, Siap-Siap Diblokir!",2023-12-20,Wednesday
"Dear BI, Warga RI Menunggu Kapan Suku Bunga Turun",2023-12-21,Thursday
"IHSG Lanjut Menguat, 10 Saham Ini Laris Manis Diborong Asing",2023-12-21,Thursday
Nekat Main Judi Online? Siap-Siap Rekening Bank Diblokir,2023-12-21,Thursday
Jadwal Operasional BCA Selama Libur Natal dan Tahun Baru,2023-12-21,Thursday
Saatnya Cak Imin-Mahfud-Gibran Bertarung Gagasan & Adu Pesona,2023-12-22,Friday
"IHSG Bertahan 7.200, Asing Ramai-Ramai Beli Saham Ini",2023-12-22,Friday
Wamen BUMN: Transisi Energi Butuh Bunga Kredit Murah,2023-12-22,Friday
BCA Sukses Jualan SBN Ritel Hingga Rp40 Triliun,2023-12-22,Friday
Gokil! 5 Emiten Ini Langsung Jadi Raja Bursa Usai IPO,2023-12-25,Monday
"Jadi Raja IPO 2023, Begini Sederet Capaian BREN",2023-12-26,Tuesday
"Jelang Tutup Tahun, Asing Borong Saham Bank Ini",2023-12-27,Wednesday
"Singkirkan Bos Djarum, Prajogo Pangestu Jadi Orang Terkaya RI",2023-12-27,Wednesday
"Dulu Sopir Angkot, Sosok Ini Kini Hartanya Pepet Elon Musk Cs",2023-12-28,Thursday
"Deretan Perusahaan Raksasa Tebar Dividen Jumbo, BRI-BCA-ADRO",2023-12-28,Thursday
"Bukti Nyata Window Dressing, Ini Saham Idaman Investor",2023-12-28,Thursday
"Amerika Sudah Berpesta, Saatnya IHSG-Rupiah Bersorak Gembira",2023-12-28,Thursday
"Siapkan Amunisi, Asing Koleksi Saham Ini Jelang Ganti Tahun",2023-12-28,Thursday
"IHSG Cetak Rekor 2023, Asing Borong Saham Ini",2023-12-29,Friday
IPO di 2023 Jadi Rekor Baru dalam Sejarah RI Tapi....,2023-12-29,Friday
"Uang Beredar Naik 104% di Natal & Tahun Baru, Capai Rp126 T",2023-12-29,Friday
Gelembung Perusahaan Prajogo dari Kaca Mata Emiten BUMN Top 4,2023-12-29,Friday
"IHSG 2023 Tak Terbendung, Catat Rekor Baru Hingga Sentuh 7300",2023-12-30,Saturday
10 Saham Ini Kompak Diborong Asing di Akhir Tahun 2023,2024-01-02,Tuesday
"IHSG Cetak Rekor ATH, Asing Diam-diam Borong 10 Saham Ini",2024-01-03,Wednesday
"Biaya Admin BCA Naik Mulai Januari, Cek Rincian Lengkapnya!",2024-01-03,Wednesday
Asing Terciduk Borong 10 Saham Ini Kala IHSG Melemah,2024-01-04,Thursday
"IHSG Balik Bergairah Lagi, 7 Saham Ini Jadi Penggeraknya",2024-01-04,Thursday
"Saham Bank Jumbo Kompak Cetak Rekor, Ada BMRI dan BBNI",2024-01-04,Thursday
"IHSG Cetak Rekor Baru Lagi! Ditutup Melesat 1,11%",2024-01-04,Thursday
Simak Perubahan Limit Transaksi Harian BCA Per 19 Januari 2024,2024-01-05,Friday
Cek! Adu Rekor Saham Bank Raksasa di Indonesia,2024-01-05,Friday
Lengkap! Ini Daftar Penguasa 11 Sektor Bursa Saham RI,2024-01-05,Friday
Asing Terciduk Borong Saham Big Bank RI Kala IHSG Cetak Rekor,2024-01-05,Friday
"Ekonomi & Politik Panas di Akhir Pekan: Awas, Pasar RI Rawan Guncangan",2024-01-05,Friday
"Diam-Diam Asing Saling Sikut Untuk Beli 10 Saham Raksasa Ini, Ada BMRI",2024-01-05,Friday
IHSG Gagal Happy Weekend Setelah Cetak Rekor Baru,2024-01-05,Friday
Anies-Cak Imin Mau Jagokan Teknologi Buat Dorong Markep Cap Bursa,2024-01-08,Monday
"BMRI ATH Lagi di Rp 6.600, Saham Bank Jumbo Lain Ngikut?",2024-01-08,Monday
"Asing Net Buy Rp 2,35 T Pekan Lalu, Ini Saham yang Diborong",2024-01-08,Monday
"IHSG Ambles Nyaris 1%, Intip Saham yang Diincar Asing",2024-01-09,Tuesday
"Terkapar, Saham BREN Prajogo Pangestu Sentuh ARB",2024-01-09,Tuesday
"BEI Masih Periksa Saham CUAN, 3 Emiten Prajogo Lain Karam",2024-01-09,Tuesday
"IHSG Ambruk 1,14%, Asing Malah Borong Saham-Saham Ini",2024-01-10,Wednesday
Saham Bank Raksasa Bergairah Lagi,2024-01-11,Thursday
"Simak Bunga KPR BTN, BRI, BNI, Bank Mandiri, dan BCA per Januari",2024-01-11,Thursday
"Limit Rp 20 Juta, Ini Cara Daftar & Pakai BCA Paylater",2024-01-12,Friday
"Langkahi BREN, BYAN Balik Jadi Emiten Paling Berharga ke-3 di BEI",2024-01-12,Friday
"IHSG Happy Weekend, Duet BMRI dan BBRI Jadi Penopang Utama",2024-01-12,Friday
10 Saham Ini Jadi Incaran Asing Kala IHSG Gagal Menguat,2024-01-12,Friday
"IHSG Hijau Meski AS Kasih Kabar Buruk, Saham Bank Pesta Pora",2024-01-12,Friday
"Perkenalkan BCA Paylater Limit Rp20 Juta, Ini Cara Daftarnya",2024-01-13,Saturday
"RI Ramai-Ramai Ditinggal Bank Asing, Cek Daftar Terbaru",2024-01-14,Sunday
Politik-Ekonomi Memanas! Ada Kabar Cuan Dagang-BI Rate-Debat Cawapres,2024-01-15,Monday
"Investasi Saham, Emas dan Properti, Lebih Untung Mana?",2024-01-15,Monday
"Asing Net Buy Rp2,08 T Pekan Lalu, Saham Bank Paling Laris",2024-01-15,Monday
"Cek, Biaya Admin Bulanan Rekening BCA Ini Bakal Naik 19 Januari",2024-01-15,Monday
"Saham BREN Ambruk Lagi, BMRI Jadi Emiten Paling Berharga ke-4 di BEI",2024-01-15,Monday
Asing Terciduk Ramai Borong Saham Bank Meski IHSG Terkoreksi,2024-01-16,Tuesday
OJK: 2024 Perbankan Cerah! 10 Saham Bank Royal Dividen Auto Cuan,2024-01-17,Wednesday
"Saham Bank Jumbo Bergairah Sepanjang Tahun Ini, BMRI Juaranya",2024-01-17,Wednesday
"Siaga Satu! Hari Ini Ada Kabar Genting dari BI, China, Sampai The Fed",2024-01-17,Wednesday
"Net Buy Rp1,63 T, Asing Terciduk Kompak Borong 10 Saham Ini",2024-01-17,Wednesday
10 Saham Ini Diam-diam Laris Diborong Asing Kala IHSG Lesu,2024-01-18,Thursday
Investor Asing Kompak Borong 10 Saham Ini Kala IHSG Hijau,2024-01-19,Friday
Biaya Admin Tabungan Xpresi BCA Hari Ini Resmi Naik Jadi Segini,2024-01-19,Friday
Investor Wajib Bersiap! Pekan Depan Ada Data Genting dari China,2024-01-21,Sunday
"Debat Cawapres Bahas EBT, Ini Lanskap Pembiayaan Hijau Big Bank RI",2024-01-22,Monday
"Asing Borong Saham Rp 1,77 T! BBRI, BMRI, & BRIS Jadi Incaran",2024-01-22,Monday
"Debat Cawapres Singgung EBT, Ini Deretan Konglomerat Raja Energi Hijau",2024-01-22,Monday
IHSG Mendadak Lompat dan Berakhir Hijau Diangkat Saham-saham Ini,2024-01-22,Monday
"Pasar Pesimis Fed Segera Pangkas Suku Bunga, Begini Proyeksi Arah IHSG",2024-01-23,Tuesday
"IHSG Bertahan di 7.200, Asing Ramai-Ramai Koleksi Saham Ini",2024-01-23,Tuesday
"2 Hari Beruntun IHSG Tiba-tiba Menguat & Ditutup Hijau, Ada Apa?",2024-01-23,Tuesday
"Investor Berdebar Menanti Rapat The Fed, IHSG Rawan Terkoreksi",2024-01-24,Wednesday
Siap-Siap! Sebentar Lagi 4 Bank Raksasa RI Bakal Adu Laba Tertinggi,2024-01-24,Wednesday
"IHSG Terkoreksi 0,39%, 5 Saham Big Cap Ini Jadi Biang Kerok",2024-01-24,Wednesday
"Video: Rapor Saham Bank Big Cap 2023, Siapa Juara?",2024-01-25,Thursday
"Video: Laba BBCA Tumbuh 19,4% Jadi Rp48,6 T di 2023",2024-01-25,Thursday
Bos BCA Ungkap Alasan Pertumbuhan Tabungan Seret,2024-01-25,Thursday
"BCA Salurkan Kredit Rp 810,4 T per Desember 2023, Naik 13,9%",2024-01-25,Thursday
"Laba Bank BCA (BBCA) Tumbuh 19,4% Jadi Rp 48,6 T di 2023",2024-01-25,Thursday
"Ditopang Dana Murah (CASA), BCA Himpun Rp 1.102 T Dana Pihak Ketiga",2024-01-25,Thursday
"IHSG Merah Membara, Ternyata Ini Penyebabnya",2024-01-26,Friday
"Masuk Indeks LQ45, 4 Saham Ini Kompak Menguat",2024-01-26,Friday
"BCA Cetak Laba Rp 48 T, Sahamnya Malah Ambles 1,84%",2024-01-26,Friday
"Daftar Baru Saham LQ45, PGEO Masuk TPIA Keluar",2024-01-26,Friday
Bank Jumbo & Saham Prajogo Bikin IHSG Sesi I Terkapar,2024-01-26,Friday
Siap-Siap! Suku Bunga Kredit BCA Mau Naik,2024-01-26,Friday
"IHSG Masih Loyo, Saham Ini Laris Diborong Asing",2024-01-26,Friday
"Wall Street Tembus ATH & Ekonomi AS Tumbuh 3,3%, Ke Mana Arah IHSG?",2024-01-26,Friday
"IHSG Tinggalkan Level 7.200, Cek Rekomendasi Saham Hari Ini",2024-01-26,Friday
Deretan Bank Asing yang Kompak Tinggalkan Indonesia,2024-01-27,Saturday
Pekan Super Panas! Ada Pengumuman Inflasi-The Fed & Final Debat Capres,2024-01-29,Monday
BCA Gandeng Jamkrindo Dalam Penyaluran dan Penjaminan KUR,2024-01-29,Monday
Asing Terciduk Diam-diam Borong 10 Saham Ini Kala IHSG Terpuruk,2024-01-29,Monday
"Kasih Limit Rp20 Juta, Ini Cara Registrasi Online Paylater BCA",2024-01-29,Monday
IHSG Rebound! BBRI & BMRI Jadi Penggerak Utama,2024-01-29,Monday
"IHSG Sumringah Lagi, GOTO & 4 Saham Bank Jumbo Jadi Pendorong",2024-01-30,Tuesday
"Waspada, Beredar Pengumuman HOAX Skema Biaya Transfer BCA",2024-01-30,Tuesday
Bukan Rokok! Ternyata Ini Sumber Utama Duit Duo Hartono,2024-01-30,Tuesday
"Ada Rapat The Fed, Sri Mulyani Cs Bakal Beri Info Penting Hari Ini",2024-01-30,Tuesday
"IHSG Rebound Usai 3 Hari Terkapar, Asing Borong 10 Saham Ini",2024-01-30,Tuesday
Asing Terciduk Diam-diam Borong Saham Bank RI Kala IHSG Hijau,2024-01-31,Wednesday
"The Fed Makin Ragu Cut Rate, IHSG-Rupiah Bakal Terguncang Atau Aman?",2024-02-01,Thursday
"IHSG Hattrick, Asing Serbu Saham Bank",2024-02-01,Thursday
"Bank Raksasa RI Pamer Rekor Laba, Mana yang Sahamnya Paling Moncer?",2024-02-01,Thursday
"Adu Cuan Bank Jumbo! BCA, BRI, BNI, Mandiri, Ini Juaranya",2024-02-01,Thursday
"Bukan Hanya dari Djarum, Ini Sumber Aliran Duit Duo Hartono",2024-02-01,Thursday
"Laba Pecah Rekor, Intip Bocoran Dividen BRI, Mandiri, BCA & BNI",2024-02-01,Thursday
"Bank Raksasa RI Pamer Rekor Laba, Ini yang Sahamnya Paling Moncer",2024-02-02,Friday
Catat! Ini Deretan Saham yang Diborong & Dibuang Asing di Januari,2024-02-02,Friday
Asing Diam-Diam Borong 10 Saham Ini Kala IHSG Merah,2024-02-02,Friday
"Adu Kinerja Bank Raksasa RI, BCA Vs BRI Vs Mandiri Vs BNI",2024-02-02,Friday
"Jadi Orang Terkaya RI, Ini Sumber Harta Keluarga Hartono",2024-02-04,Sunday
"IHSG Full Senyum Pekan Lalu, Saham Bank Laris Diborong Asing",2024-02-05,Monday
Waspada Hoaks Terbaru Perubahan Tarif Transaksi BCA,2024-02-05,Monday
Asing Diam-diam Lego 10 Saham RI Ini Kala IHSG Melemah,2024-02-06,Tuesday
"IHSG Tetap Ngegas, Saham Bank Jumbo Jadi Penggeraknya",2024-02-06,Tuesday
Apakah Paylater BCA Bisa Dicairkan? Ini Penjelasan dan Aturannya,2024-02-06,Tuesday
"IHSG Menguat, BBRI Cs Jadi Incaran Asing",2024-02-07,Wednesday
"Kampanye Akbar Capres-Perayaan Imlek, Mari Sambut Berkah Libur Panjang",2024-02-07,Wednesday
"Hari Terakhir Sebelum Libur Panjang, Cek Rekomendasi Saham Ini",2024-02-07,Wednesday
"Tambang Salim Lewat, BMRI Jadi Penggerak IHSG Nomor 1 di 2024",2024-02-08,Thursday
"BCA Setop Layanan m-BCA SIM Card, Ada Apa?",2024-02-09,Friday
"BCA Setop Layanan M-BCA SIM Card, Nasabah Diminta Lakukan Ini",2024-02-11,Sunday
"Jelang Imlek, Asing Borong BBRI & BMRI",2024-02-12,Monday
"BCA Hentikan Layanan M-BCA Menu Sim Card, Ini Gantinya",2024-02-12,Monday
"IHSG Nyaris Sentuh 7.300-an, Digendong BBRI & BMRI",2024-02-12,Monday
"AS Akan Beri Info Penting Sebelum Pemilu RI, Pilpres 1 Atau 2 Putaran?",2024-02-13,Tuesday
"Asing Net Buy Rp 2,07 T, Saham BBRI & BMRI Jadi Incaran Utama",2024-02-13,Tuesday
"Fantastic Four BBRI, BMRI, BBCA, BBNI Kalahkan Cuan IHSG",2024-02-13,Tuesday
"Besok Pilpres, IHSG Tenggelam Dibebani Kinerja Emiten Prajogo",2024-02-13,Tuesday
"Beda Nasib! Kinerja Laba Bank AS Mengecewakan, Bank RI Pesta Pora",2024-02-13,Tuesday
"Pelaku Pasar Tunggu Hasil Pilpres, Saham Bank Big Four Kompak Merah",2024-02-13,Tuesday
"Maret, BCA, Mandiri, BRI, BNI, BTN Umumkan Dividen, Siapa Paling Gede?",2024-02-15,Thursday
"Mirip Lo Kheng Hong, Ini Strategi Investasi Saham Ala Bos BCA",2024-02-15,Thursday
"Efek Kejut Pilpres! BBNI Terbang 5%, Sahamnya Cetak Rekor Lagi",2024-02-15,Thursday
"Prabowo Menang Telak Quick Count, IHSG Diramal Terbang ke 7465",2024-02-15,Thursday
"Menang di Quick Count, Mampukah Prabowo Buat IHSG-Rupiah Berpesta?",2024-02-15,Thursday
"Asing Net Buy Rp1,23 T Sebelum Pemilu, Saham Big Bank Paling Laris",2024-02-15,Thursday
Pesta Prabowo Effect Dibayangi Sentimen dari Amerika,2024-02-16,Friday
"Prabowo Menang Quick Count, IHSG Lompat-Asing Borong Rp2,73 T Saham RI",2024-02-16,Friday
"Cegah Rupiah Terus Melemah, Triple Intervention BI Masih Efektif?",2024-02-19,Monday
"Bank Digital BCA Blu Balik Rugi Jadi Laba Rp 46 M, Ini Penyebabnya",2024-02-19,Monday
"Video: Belum Ada Sinyal Pemangkasan Suku Bunga, Nasib Rupiah Terancam?",2024-02-19,Monday
"Ini Dia Kisi-Kisi Dividen BRI, BNI, Mandiri, BTN, Hingga BCA",2024-02-19,Monday
"Net Buy Asing Tembus Rp 8 T, BBRI hingga BMRI Jadi Incaran",2024-02-19,Monday
"Rincian Biaya Admin Rekening BCA Terbaru 2024, Ada yang Sudah Naik",2024-02-19,Monday
"IHSG Loyo, Saham Bank Tetap Dominasi Keranjang Belanja Asing",2024-02-20,Tuesday
Ini Daftar Lengkap Promo Ulang Tahun BCA 21-22 Februari,2024-02-20,Tuesday
"Belajar dari Vincent, Sekolahin Anak di Binus Butuh 105 Lot BBCA?",2024-02-21,Wednesday
"Asing Borong Saham Ini, IHSG Lanjut Ngegas",2024-02-21,Wednesday
"Saat IHSG Kebakaran, Asing Jual-Jualin 10 Saham Ini",2024-02-22,Thursday
"BTPN Bakal Rights Issue Rp6,73 T, BCA Ambil 26,68 Juta Saham",2024-02-22,Thursday
"Terdorong Kinerja Fundamental Apik, Saham BRIS Bisa Tembus Rp 2.700",2024-02-22,Thursday
"Mau Luncurkan Bank Digital, Krom Bank (BBSI) Angkat Presdir Baru",2024-02-22,Thursday
"Macam-Macam Sekolah di Indonesia, Soal Biaya Terserah Anda",2024-02-23,Friday
"Investor Asing Kepincut Bank-Bank RI, Bos OJK Buka Faktanya",2024-02-23,Friday
"Asing Kompak Jual Saham Ini, IHSG Merah Dua Hari Beruntun",2024-02-23,Friday
"Daftar Terbaru 6 Bank Terbesar di Indonesia, BSI Geser CIMB Niaga",2024-02-23,Friday
Asing Diam-diam Tambah Muatan di 10 Saham Ini Kala IHSG Merah,2024-02-26,Monday
Kisah Bos BCA Hibahkan Saham Senilai Rp 74 Miliar ke Anak,2024-02-26,Monday
"IHSG Merah 4 Hari Beruntun, Asing Kompak Lepas Saham Blue Chip RI",2024-02-27,Tuesday
"IHSG Hijau di Akhir Sesi, 5 Saham Ini Pendongkraknya!",2024-02-27,Tuesday
10 Saham Ini Diam-Diam Dilepas Asing Saat IHSG Menguat,2024-02-28,Wednesday
Ini Kata Bos BBCA Soal Potensi Stock Split Usai Saham Tembus Rp 10.000,2024-02-28,Wednesday
"IHSG Naik 0,59%, BREN & BBRI Jadi Penopang",2024-02-28,Wednesday
"IHSG Lesu Lagi, Turun 0,17% Hari Ini",2024-02-29,Thursday
Ini Kata Bos Bank Mandiri (BMRI) Soal Potensi Akuisisi Bank Digital,2024-02-29,Thursday
"Saham BBCA Sentuh Rp 10.000 & Dekati ATH, Bakal Stock Split Lagi?",2024-02-29,Thursday
"IHSG Tancap Gas, 10 Saham Ini Ramai-Ramai Diborong Asing",2024-02-29,Thursday
Deretan 10 Saham RI yang Kompak Dilepas Asing Kala IHSG Melemah,2024-03-01,Friday
"Top! Market Cap BRI Melesat 66,4 Kali Sejak IPO, Jadi Rp 867 T",2024-03-01,Friday
"IHSG Loyo, Asing Sibuk Jual Saham-Saham Ini",2024-03-04,Monday
"Pekan Lalu IHSG Masih Loyo, Cek Rekomendasi Saham Bikin Cuan Hari Ini",2024-03-04,Monday
"Cek! Emiten Ini Tebar Dividen Saat Ramadhan, Bisa Buar THR Lebaran",2024-03-04,Monday
"Bos LPS Sebut Bank di RI Oligopolis, Ini Datanya",2024-03-05,Tuesday
"Siap-siap Tebar Dividen Jumbo Big Banks, Segini Jumlahnya!",2024-03-05,Tuesday
"Sejumlah Emiten Tebar Dividen Jumbo, Apakah Ampuh Jadi Booster IHSG?",2024-03-05,Tuesday
"IHSG Lemah Lesu, Asing Kompakan Lepas Saham Ini",2024-03-05,Tuesday
"IHSG Ambruk Empat Hari Beruntun, Asing Buang 10 Saham Ini",2024-03-06,Wednesday
"IHSG Berhasil Bangkit, 8 Saham Big Cap Ini Jadi Penopangnya",2024-03-06,Wednesday
"IHSG Terbang 1% Lebih, GOTO & TPIA Jadi Penyelamat",2024-03-06,Wednesday
"IHSG Bangkit Setelah 4 Hari Merah, Asing Borong BBRI & BBCA",2024-03-07,Thursday
IHSG Cetak Rekor! Asing Ramai-Ramai Serbu Saham Ini,2024-03-08,Friday
"Dividen di Depan Mata, Saham BCA, BRI, BRIS Hingga Mandiri Ngegas",2024-03-08,Friday
"Saham BBCA Cetak Rekor Lagi di Rp10.200, Investor Tunggu Dividen",2024-03-08,Friday
"IHSG Pecah Rekor, NICE hingga TPIA Pesta Pora Sepekan",2024-03-09,Saturday
"Pekan Depan Sudah Ramadan, Simak Sentimen Pasarnya",2024-03-10,Sunday
10 Saham Ini Ramai Diburu Asing Sebelum Libur Long Weekend,2024-03-13,Wednesday
"Simak, Ini Jam Operasional BCA, BNI, BRI, BTN Selama Ramadan 2024",2024-03-13,Wednesday
"Selamat Datang Ramadan, Pembagian Dividen Bank Raksasa Dimulai!",2024-03-13,Wednesday
Video: BCA Tebar Dividen Rp 270 Per Saham,2024-03-14,Thursday
"IHSG Cetak Rekor, Asing Malah Terciduk Lego 10 Saham Ini",2024-03-14,Thursday
"IHSG Belum Bosan Cetak Rekor, Tembus 7.436! 7 Saham Ini Pahlawannya",2024-03-14,Thursday
"Jelang RUPS Hari Ini, Saham BBCA Cetak Rekor Lagi",2024-03-14,Thursday
"Diumumkan Hari Ini, Simak Kisi-Kisi Dividen BBCA",2024-03-14,Thursday
Tok! BCA Tebar Dividen Rp 33 Triliun ke Investor atau Rp 270/Saham,2024-03-14,Thursday
"7 Emiten Bagi-Bagi THR Lebaran Lewat Dividen, Simak Jadwalnya!",2024-03-14,Thursday
"Berburu THR Dividen Saham Big Banks, Siapa Paling Royal?",2024-03-14,Thursday
"Top! IHSG Cetak Rekor 3 Hari Beruntun, Saham Ini Jadi Penopang",2024-03-14,Thursday
"Single Stock Futures Meluncur, Cek Daftar Saham, Kelebihan dan Caranya",2024-03-15,Friday
"IHSG Balik Ambles Nyaris 1%, Investor Profit Taking 6 Saham Ini?",2024-03-15,Friday
"Bursa Luncurkan Single Stock Futures April-Mei, Bisa Cari Cuan di Sini",2024-03-15,Friday
"IHSG-Rupiah Hari Ini Dibayangi Inflasi AS, Rekor Jokowi, Kabar THR",2024-03-15,Friday
"IHSG Cetak Rekor 3 Hari Beruntun, Asing Terciduk Borong 10 Saham Ini",2024-03-15,Friday
"NPL KPR Lebih Tinggi Dibanding Era Pandemi, Ternyata karena Ini",2024-03-15,Friday
"Adu Laba Bank Raksasa ASEAN, BRI Rangking Berapa?",2024-03-18,Monday
"Asing Terciduk Belanja Saham Rp 10,7 T, Saham Ini Paling Laris",2024-03-18,Monday
"Diborong Asing Pekan Lalu, Begini Kondisi BCA-BRI-Astra Hari Ini",2024-03-18,Monday
Video: Alasan Ini Bikin The Fed & BI Diramal Tahan Level Suku Bunga,2024-03-18,Monday
"BCA Siapkan Duit Rp 68,80 T Buat Ramadan dan Lebaran 2024",2024-03-19,Tuesday
"BCA Mau Bagi THR Dividen Rp 33,28 T, Catat Tanggal Cum Datenya",2024-03-19,Tuesday
"Video: Bunga Acuan Belum Dipangkas, Posisi Rupiah & Ekonomi RI Aman?",2024-03-19,Tuesday
"IHSG Lesu, Asing Borong 10 Saham Ini",2024-03-19,Tuesday
Asing Malah Buang Saham Ini Saat IHSG Rebound,2024-03-20,Wednesday
"Punya Harta Triliunan, Ini 5 Konglomerat Penguasa Bank di RI",2024-03-20,Wednesday
Asing Kompak Jual Saham Ini Jelang Pengumuman Kemenangan Prabowo,2024-03-21,Thursday
"IHSG Loyo, Saham-Saham Ini Diborong & Dibuang Asing",2024-03-21,Thursday
"Yuk Intip! 9 Emiten Ini Akan Bagi THR Dividen, Ada BRI-BCA- Bank Mega",2024-03-21,Thursday
"Pilpres 2024 Satu Putaran, Saham Bank Besar Kompak Bergairah",2024-03-21,Thursday
"Peruri Ungkap Pemungut Meterai Elektronik Terbesar, BCA Juara",2024-03-21,Thursday
"Direksi-Komisaris BCA Barengan Borong Saham Rp 14,5 M Jelang Cum Date",2024-03-22,Friday
"ABMM Dapat Fasilitas Kredit Rp 1 Triliun dari BCA, Buat Apa?",2024-03-22,Friday
BCA Tambah Fasilitas Kredit ke Arto Jadi Rp 109 M,2024-03-22,Friday
Sstt...Diam-Diam Asing Jual 10 Saham Ini Pasca Pengumuman Pilpres,2024-03-22,Friday
"IHSG Balik Loyo, 6 Saham Ini Jadi Beban",2024-03-22,Friday
Asing Terciduk Lepas 10 Saham Ini Kala IHSG Menguat Pekan Lalu,2024-03-25,Monday
"Pekan Lalu Diborong Direksi-Komisaris, Tapi Kok Saham BBCA Loyo?",2024-03-25,Monday
"THR Dividen Mulai Cair Pekan Ini, Pemilik Saham BRI-Jaya Ancol Pesta",2024-03-25,Monday
Video: Teknologi BCA Jamin Keamanan Data & Transaksi Perbankan,2024-03-25,Monday
Direksi dan Komisaris BCA Kompak Borong Saham Jelang Cum Dividen,2024-03-25,Monday
"Video: Jika The Fed Urung Pangkas Suku Bunga, Ini Efek Buruknya Ke RI",2024-03-25,Monday
"Pasca Bagi Dividen, Valuasi Saham BBNI Masih Menarik! Ini Alasannya",2024-03-25,Monday
"Manfaatkan THR Buat Investasi Saham, Ini Tips Bagi Para Pemula",2024-03-26,Tuesday
"Direksi dan Komisaris BCA Borong Saham Lagi, Kali Ini 1,67 Juta Lembar",2024-03-26,Tuesday
Asing Terciduk Diam-Diam Lego 10 Saham Ini Kala IHSG Menguat,2024-03-26,Tuesday
"5 Kabar ""Panas"" Saham, Ada yang Terbang Karena Proyek Strategis Jokowi",2024-03-26,Tuesday
5 Kabar Penting Bursa RI: Indofood Diobral Asing - Rekor Saham Rp 1,2024-03-27,Wednesday
"Musim Dividen! 100 Lot Saham BRI, Mandiri, BCA, Kamu Dapat Berapa?",2024-03-27,Wednesday
"3 Kali Beruntun, Bos-bos BCA Kembali Borong Saham",2024-03-27,Wednesday
"Mau Dapat Dividen Rp5 Juta/Bulan dari Big Bank, Harus Modal Berapa?",2024-03-27,Wednesday
5 Kabar Penting Bursa: 221 Saham Masuk Pemantauan Khusus - Asing Obral,2024-03-28,Thursday
Asing Terciduk Borong 10 Saham Ini Kala IHSG Ambles,2024-03-28,Thursday
"Wow, Ada Raksasa Setara 4 Bank KBMI IV di Belakang KB Bank",2024-03-28,Thursday
Bukan Saham Bukan Obligasi! Investasi Ini Cuan 15% dalam  3 Bulan,2024-03-31,Sunday
"IHSG Turun 0,68%, Asing Jual Saham Ini hingga Rp 1,6 T",2024-04-01,Monday
"Saham Bank Jumbo Merah, Akibat Sengketa Pemilu atau Restrukturisasi?",2024-04-01,Monday
"Saham LQ45 Masih Pada Murah, Mana yang Layak Dikoleksi?",2024-04-02,Tuesday
Catat! Jadwal Lengkap Operasional BCA Saat Lebaran 2024,2024-04-02,Tuesday
"IHSG Tiba-Tiba Balik Arah ke Zona Hijau, 4 Saham Ini Jadi Penopangnya",2024-04-02,Tuesday
5 Fakta Soal Rontoknya IHSG:  Ambruknya Saham Bank - Asing Kabur,2024-04-02,Tuesday
"IHSG Sempat Terjun ke 7.100, Asing Terciduk Jual Saham Ini",2024-04-02,Tuesday
"OJK Setop Restrukturisasi Kredit Covid-19, Ini Kata Bankir",2024-04-02,Tuesday
IHSG Ambrol Nyaris 1% ke Level 7100! Ini Penyebabnya,2024-04-03,Wednesday
Gak Usah Bingung! Ini Penyebab Saham Perbankan Raksasa RI Rontok,2024-04-03,Wednesday
"Asing Net Sell Rp 1,77 T, Terciduk Jual Saham Ini",2024-04-03,Wednesday
"5 Saham Bank Raksasa Ini Diskon Gede-Gedean, Saatnya Serok?",2024-04-03,Wednesday
"Net Sell Asing Rp 2,13 T, Saham Ini Jadi Sasaran",2024-04-04,Thursday
5 Kabar Panas Saat IHSG Rontok: Asing Masih Kabur-Saham Timah Perkasa,2024-04-04,Thursday
5 Saham Bank Raksasa ,2024-04-04,Thursday
"Sempat Melesat 1% Lebih, IHSG Tutup Sesi I Dengan Penuh Gairah",2024-04-04,Thursday
Ini Penyebab IHSG Berhasil Rebound & Sempat Melesat 1%,2024-04-04,Thursday
IHSG Berhasil Rebound Balik ke Level 7.200-an Ditopang 5 Saham Ini,2024-04-04,Thursday
"10 Perusahaan Paling Berharga di ASEAN, Bank BCA - BRI Jadi Juara!",2024-04-05,Friday
"Jadwal Operasional BCA, Mandiri, BNI, dan BSI Selama Libur Lebaran",2024-04-05,Friday
Hati-Hati! Asing Suka Kabur Berjamaah Sebelum Lebaran,2024-04-05,Friday
"IHSG Selalu Kebakaran Sebelum Libur Lebaran, Apa Iya?",2024-04-05,Friday
"Punya Banyak Saham, Lebih Baik Dihibahkan ke Anak atau Diwariskan?",2024-04-05,Friday
"IHSG Bangkit, Asing Serbu Saham Ini",2024-04-05,Friday
"Saham Bank Banyak DIlego, Asing Kabur Rp6 T Jelang Lebaran!",2024-04-06,Saturday
"Perbandingan Cuan Investasi, Emas atau Bitcoin Siapa Juara?",2024-04-07,Sunday
Video: 2 Program Andalan BCA Perkuat Keamanan Siber & Layanan Digital,2024-04-08,Monday
"Cek Jadwal Operasional BCA, Bank Mandiri, BNI, BRI, BSI Selama Lebaran",2024-04-08,Monday
BRI hingga BCA Pasok Uang Tunai Rp 245 T Buat Kebutuhan Lebaran,2024-04-08,Monday
"Tarik Lebih Banyak Investor Asing Pasca Pemilu, RI Butuh ""Booster"" Ini",2024-04-08,Monday
"BCA, Mandiri, BRI, BSI Tetap Buka Saat Lebaran, Cek Jadwal di Sini",2024-04-09,Tuesday
"Saham Bank RI Ambruk Karena Konflik Iran-Israel, Kinerjanya Masih OK?",2024-04-16,Tuesday
"Terbaru! Ini Daftar 20 Bank Raksasa di Asia, Ada BRI dan BCA!",2024-04-16,Tuesday
"Saham Blue Chip Berjatuhan, Saatnya Serok?",2024-04-16,Tuesday
"Saham Perbankan RI Ambruk Berjamaah, Ada Apa?",2024-04-16,Tuesday
Asing Terciduk Lego 10 Saham Ini Sebelum Libur Panjang Lebaran,2024-04-16,Tuesday
"IHSG Ambruk 2% Lebih, 5 Saham Ini Jadi Pemberatnya",2024-04-16,Tuesday
"IHSG Ambruk 1,68%, Asing Net Sell Rp 2,48 Triliun",2024-04-17,Wednesday
5 Fakta Saat IHSG Ambruk: Asing Bawa Kabur Rp 2 T - Saham Bank Rontok,2024-04-17,Wednesday
"Rupiah Kembali Ambruk, Segini Kurs Dolar di BCA, Mandiri Hingga UOB",2024-04-17,Wednesday
"Kapitalisasi Pasar BREN Balik Ke Rp 1.000 T, Bisa Salip BCA Lagi?",2024-04-17,Wednesday
"Rupiah Menguat, Cek Kurs Dolar AS di BCA, BNI, Hingga UOB!",2024-04-18,Thursday
Borong! Ini 4 Saham Mercy Harga Bajaj: Ada BCA,2024-04-18,Thursday
"IHSG Dua Hari Terkapar, Asing Belanja Saham Energi, Tambang, dan Bank",2024-04-18,Thursday
5 Peristiwa Penting Saat IHSG Rontok: Diam-Diam Ada yang Mau Salip BCA,2024-04-18,Thursday
"Net Sell Asing Rp 723,75 M, Deretan Saham Ini Masuk Keranjang Jual",2024-04-19,Friday
5 Isu di Balik Kebangkitan IHSG: BRIS Dicaplok Dubai-INAF Nunggak Gaji,2024-04-19,Friday
Bankir Senior Ini Mengundurkan Diri dari Komisaris KB Bank (BBKP),2024-04-19,Friday
Mau Serok Saham Bank yang Lagi Turun? Baca Ini Dulu...,2024-04-19,Friday
"Rupiah Ambruk Lagi, Ada Bank Siap Beli Dolar Rp16.275",2024-04-19,Friday
"Ngeri! Net Sell Sepanjang April, Asing Bawa Kabur Rp13 T dari Bursa RI",2024-04-19,Friday
"Kinerja Saham LQ45: BRIS Terbang Tinggi, CPIN Paling Apes",2024-04-22,Monday
"BCA Salurkan Kredit Rp 835,7 T, Korporasi Jadi Penopang",2024-04-22,Monday
"Breaking! BCA Raup Laba Rp 12,9 T di Kuartal I-2024, Tumbuh 11,7%",2024-04-22,Monday
"Kapitalisasi Pasar Bursa RI Rp11.461 T, 35% Perusahaan Keuangan",2024-04-22,Monday
"Net Sell Rp 7,9 T, Asing Ketahuan Ramai-Ramai Jual Saham Ini",2024-04-22,Monday
"Asing Ramai-Ramai Kabur Sepanjang April, Net Sell Tembus Rp 14 T",2024-04-22,Monday
"IHSG Gonjang-ganjing, Asing Pegangan ke Saham Energi & Tambang",2024-04-22,Monday
"Rupiah Dibuka Menguat, Cek Kurs Dolar AS di BCA Hingga Mandiri",2024-04-22,Monday
"Pekan Panas: Ada Putusan Sengketa Pilpres MK, Nasib Suku Bunga-Perang",2024-04-22,Monday
"IHSG Cerah, 5 Saham Ini Jadi Penggeraknya",2024-04-23,Tuesday
"Diobral Asing, Prospek Saham Big Banks Masih Cerah?",2024-04-23,Tuesday
Bos BCA Sebut Banyak Warga RI Libur ke Luar Negeri Bikin Rupiah Ambruk,2024-04-23,Tuesday
"Video: Q1-2024, BCA Raup Laba Bersih Rp 12,9 Triliun, Naik 11,7% (YoY)",2024-04-23,Tuesday
"Video: Rupiah Terus Loyo, CEO Bank di RI Bilang Ini",2024-04-23,Tuesday
"10 Saham Raksasa LQ45 Paling Apes Tahun Ini, Ada GOTO - Bukalapak",2024-04-23,Tuesday
"Harta 5 Orang Terkaya RI Kompak Anjlok, Ada yang Lenyap Rp36 T Sehari",2024-04-23,Tuesday
"IHSG Melemah di Awal Pekan, Asing Kembali Buang Saham Blue Chip",2024-04-23,Tuesday
"IHSG Ngegas 1,2%, 5 Saham Big Cap Ini Jadi Pendorongnya",2024-04-23,Tuesday
5 Fakta Kebangkitan IHSG: Ada Pesta BCA Hingga Terbangnya Saham Bakrie,2024-04-24,Wednesday
Asing Terciduk Borong 10 Saham Ini Kala IHSG Bangkit,2024-04-24,Wednesday
Cek Rekomendasi 3 Saham yang Berpotensi Cuan Hari Ini,2024-04-24,Wednesday
Cara Menaikkan Limit Kartu Kredit BCA Dengan Cepat,2024-04-24,Wednesday
Ini Saham yang Bikin IHSG Naik Nyaris 1% Hari Ini,2024-04-24,Wednesday
"Setelah Kabur 11 Hari, Asing Mulai Balik ke RI",2024-04-25,Thursday
"IHSG Ditutup Merah H+1 BI Rate Naik, Ini Penyebabnya",2024-04-25,Thursday
"BI Rate 6,25%, Sektor Perbankan Cukup Tangguh?",2024-04-25,Thursday
Jenis dan Limit Kartu Kredit BCA,2024-04-25,Thursday
5 Kabar IHSG: BREN Perkasa - Beda Nasib Emiten Karena BI Rate Naik,2024-04-25,Thursday
"Laba BRI Kalahkan BCA, Ini Data Terbarunya",2024-04-25,Thursday
Asing Kompak Borong 10 Saham Ini Kala IHSG Bergairah,2024-04-25,Thursday
"IHSG Balik Lesu, Saham Bank Jumbo Jadi Biang Kerok",2024-04-25,Thursday
Suku Bunga BI Kembali Naik: Berkah Atau Ancaman Buat Ekonomi RI?,2024-04-25,Thursday
"Koalisi Prabowo Makin Kuat, Sanggup Lawan Tekanan AS di Pasar RI?",2024-04-26,Friday
Saham Blue Chip RI Kompak Dibuang Asing Kala IHSG Merah,2024-04-26,Friday
"BBCA Tumbang, BREN Jadi Emiten Kapitalisasi Pasar Nomor 1 di RI",2024-04-26,Friday
Ini Saham Incaran Asing Saat IHSG Kebakaran,2024-04-29,Monday
"Pekan Bergejolak: ""Tsunami"" Sentimen AS & Fed, Kabar Inflasi-Investasi",2024-04-29,Monday
"IHSG Balik Arah Menguat, Asing Ketahuan Berburu Saham Ini",2024-04-30,Tuesday
"Sebulan Aksi Jual, Asing Tiba-Tiba Ngegas Borong Saham Ini Rp 1 T",2024-05-01,Wednesday
"IHSG Ngegas Sebelum Libur, Asing Borong 10 Saham Ini",2024-05-02,Thursday
"The Fed Batal Turunkan Suku Bunga, Saham Bank Raksasa RI Berjatuhan",2024-05-02,Thursday
"Sell in May and Go Away, IHSG Ambruk 1,63%",2024-05-02,Thursday
"Banyak Saham Blue Chip Berjatuhan, Beli Pakai Cara Ini Biar Modal Aman",2024-05-02,Thursday
"IHSG Jadi Happy Weekend, 5 Saham Big Cap Ini yang Bantuin Menguat",2024-05-03,Friday
"IHSG Malah Galau, Tapi 5 Saham Big Cap Ini yang Nahan",2024-05-03,Friday
"Sempat Sentuh Zona Merah, IHSG Bangkit Lagi di Akhir Sesi I",2024-05-03,Friday
"Saat IHSG Ambruk, Asing Diam-Diam Serok Saham Ini",2024-05-03,Friday
"Hari Ini OJK-BI-Sri Mulyani Buka Suara Soal Ekonomi RI, Ada Soal IHSG?",2024-05-03,Friday
"Daftar 10 Bank dengan Laba Terbesar di Indonesia, BRI Kalahkan BCA",2024-05-04,Saturday
"The Fed Bikin IHSG Merana, Duit Asing Keluar Rp20 Triliun Sebulan!",2024-05-05,Sunday
10 Saham Ini Diam-Diam Diborong Asing Kala IHSG Menguat,2024-05-06,Monday
"IHSG Balik Menghijau Lagi, 5 Saham Big Cap Ini Jadi Penopangnya",2024-05-06,Monday
"Saham Bank Raksasa RI Kompak Bangkit, BCA Masih di Zona Merah",2024-05-06,Monday
"Suspensi Dibuka, Saham BREN Malah Ambles",2024-05-06,Monday
"IHSG Merana Jelang Libur Panjang, 5 Saham Big Cap Ini yang Bebanin",2024-05-08,Wednesday
"IHSG Balik Arah Ke Zona Merah, 5 Saham Big Cap Ini Biang Keroknya",2024-05-08,Wednesday
"5 Isu Penentu IHSG, Baca Biar Gak Boncos Sebelum Liburan!",2024-05-08,Wednesday
"IHSG Belum Ada Tenaga, Asing Banyak Keluar dari Saham Ini",2024-05-08,Wednesday
"BI Beri Kabar Penting & Ada Ancaman Profit Taking, Long Weekend Aman?",2024-05-08,Wednesday
"Tahu 5 Hal ini di 5 Tahun yang Lalu, Kamu Mungkin Sudah Jadi Sultan!",2024-05-09,Thursday
"Sudah Terkoreksi Dalam, Saham Big Bank Makin Menarik untuk Investasi?",2024-05-10,Friday
Panas Usai Libur Panjang: Awas! Badai Sentimen dari AS Ancam RI,2024-05-13,Monday
"IHSG Bak Roller Coaster, Cek Rekomendasi Saham Hari Ini",2024-05-13,Monday
Asing Terciduk Getol Belanja Saham-Saham Ini Saat IHSG Merah,2024-05-13,Monday
"Jadi Orang Terkaya di Serie A, ini Sumber Harta Keluarga Hartono",2024-05-13,Monday
"Begini Gerak Saham Perbankan Raksasa, Sudah Ada Tanda-Tanda Rebound?",2024-05-13,Monday
"Saham Emiten Bank Raksasa RI Mulai Rebound, Ini Juaranya",2024-05-14,Tuesday
"Harga Saham BSI (BRIS) Lagi ""Diskon"", Saatnya Beli?",2024-05-14,Tuesday
"Asing Tarik Rp 2 Triliun dari RI, Ini 10 Saham yang Ramai Dijual",2024-05-14,Tuesday
"Tunggu Aba-Aba dari Amerika, Investor Memilih Wait and See?",2024-05-14,Tuesday
"IHSG Masih Lesu, Asing Pelan-Pelan Mulai Masuk ke Saham Ini",2024-05-15,Wednesday
"IHSG Dibuka Naik 0,6%, Saham BBRI dan BMRI Jadi Penopang",2024-05-15,Wednesday
"Saham Bank Raksasa Balik Ngacir, BRIS Juaranya",2024-05-15,Wednesday
"IHSG Rebound, Asing Masih Banyak ""Jauhi"" Saham Ini",2024-05-16,Thursday
4 Bank Terbaik Penopang Ekonomi RI 2023,2024-05-16,Thursday
"5 Isu Panas IHSG: Emiten Prajogo Tertawa, Salim Menangis",2024-05-16,Thursday
"Peta Market Cap Berubah, Perusahaan Raksasa Terpental!",2024-05-17,Friday
"IHSG Kembali ke 7.200, Asing Kompak Borong Saham Ini",2024-05-17,Friday
Ini 10 Saham Untuk Warisan Anak Cucu: BBCA Hingga ROTI,2024-05-17,Friday
Grup Djarum Beli Saham Perusahaan Pengembang Subang Smartpolitan,2024-05-17,Friday
10 Saham Terbaik Untuk Diwariskan ke Anak Cucu,2024-05-17,Friday
Investor Asing Terciduk Lepas 10 Saham Ini Kala IHSG Pesta Pora,2024-05-20,Monday
"Mau Pensiun dari Duit Dividen Bank, Berapa Modalnya?",2024-05-20,Monday
10 Saham Ini Diam-Diam Dilepas Asing Kala IHSG Merah,2024-05-21,Tuesday
5 Isu Bursa RI: Kabar Presiden Iran & Prajogo Jadi Penggerak IHSG,2024-05-21,Tuesday
"Saham Bank Raksasa Balik Merana Lagi, Saatnya Serok?",2024-05-21,Tuesday
"Kuasai 20% Market Cap, Ini Dia Sosok Penguasa IHSG",2024-05-22,Wednesday
"IHSG Kebakaran Lagi, Asing Kompakan Jual Saham Ini",2024-05-22,Wednesday
"Harga Saham Melonjak 14 Kali Lipat, BREN Salip BCA Jadi Penguasa IHSG",2024-05-22,Wednesday
Berita Hot IHSG Pekan Ini: Saham Prajogo Jadi Penggerak Utama,2024-05-25,Saturday
"Tekanan Net Sell Berkurang, Saham Ini Masih Banyak Dilepas Asing",2024-05-27,Monday
"Masuk Pantauan Bandar Kakap, BREN Tercatat di Indeks Global",2024-05-27,Monday
"Harga Saham Terbang 48% Ytd, Bursa Gembok Saham BREN Prajogo",2024-05-27,Monday
Cara Tarik Tunai Tanpa Kartu di ATM BCA,2024-05-27,Monday
"Sritex Karam Ditelan Utang, Defisit Modal Rp 15 T & Pangkas Karyawan",2024-05-27,Monday
"Bank RI Tiba-Tiba Kebanjiran Uang Usai Jokowi Ngamuk, Siapa Juaranya?",2024-05-27,Monday
"Asing Nett Sell Jumbo Rp 1,31 T, Bank Paling Banyak Dilepas",2024-05-28,Tuesday
"Saham BREN Naik 154% Dalam Empat Bulan, Emiten Prajogo Dicecar Bursa",2024-05-28,Tuesday
"Saham BREN Digembok, Harta Prajogo Turun Rp 13,4 Triliun Dalam Semalam",2024-05-28,Tuesday
"Sosok Ini Mendadak Jadi Orang Terkaya, Punya Tambang Emas Raksasa",2024-05-28,Tuesday
"BREN Jadi Beban Usai Masuk Full Call Auction, IHSG Terkoreksi 1,56%!",2024-05-29,Wednesday
"IHSG Melonjak 1,08%, Asing Ketahuan Malah Lepas Saham Ini",2024-05-29,Wednesday
"Net Sell Asing Tak Terbendung, Tembus Rp 1,6 Triliun Sehari",2024-05-30,Thursday
"Breaking: BREN ARB 2 Hari Beruntun, IHSG Longsor ke Bawah 7.000",2024-05-30,Thursday
"Valuasi Saham Perbankan Big Caps Setelah Harganya Ambruk, Makin Murah?",2024-05-30,Thursday
"4 Fakta Saham Prajogo Pangestu BREN: ""Di Luar Nurul & Gak Habis Fikri""",2024-05-30,Thursday
"Tak Jadi Jeblok, Saham Big Bank Kompak Rebound!",2024-05-30,Thursday
"Asing Net Sell Rp 1,18 T, Terciduk Banyak Jual Saham Ini",2024-05-31,Friday
Harta Prajogo Pangestu Lenyap Rp 151 T Semalam,2024-05-31,Friday
"Tiga Hari ARB, Saham BREN Bikin IHSG Merana!",2024-06-01,Saturday
Duit Rp 400 Triliun Menguap dalam Sepekan Gara-Gara Ini,2024-06-02,Sunday
"Saham Bank Jumbo BRI BCA Mandiri Rebound, Lanjut Naik Nggak Nih?",2024-06-03,Monday
Harga Lagi ,2024-06-03,Monday
"IHSG Babak Belur oleh Asing, Dana Kabur dari RI Tembus Rp 36 T",2024-06-03,Monday
"Net Sell Tembus Rp 5,3 Triliun, Asing Kompak Lego 10 Saham Ini",2024-06-03,Monday
"5 Saham Bank Raksasa Bangkit, Bantu IHSG Balik ke 7.000",2024-06-03,Monday
Asing Terciduk Diam-Diam Lego 10 Saham Ini Kala IHSG Menguat,2024-06-04,Tuesday
5 Petaka Ancam RI Akibat Dolar Rp 16.000 & Bunga Tinggi: HP Mahal-PHK,2024-06-05,Wednesday
"IHSG Lanjut Bergairah, Saham-Saham Bluechip Laku Diborong Asing",2024-06-05,Wednesday
Cerita Bos BCA Kasih Saham Rp74 M Untuk 2 Putrinya,2024-06-05,Wednesday
"Perhatian, Tarik Tunai Lewat EDC BCA Bakal Kena Tarif Rp4.000",2024-06-05,Wednesday
"Analisis dan Alasan IHSG Hancur Lebur, Valuasi Lenyap Rp256 T Sehari",2024-06-05,Wednesday
"Saham Prajogo Pangestu & Salim Kuasai Bursa, Goyang Dikit Habis IHSG",2024-06-06,Thursday
"Saham Bank Raksasa RI Kompak Rebound, BMRI Juaranya",2024-06-06,Thursday
"Asing Terciduk Borong 10 Saham Ini Kala IHSG Ambruk 2,14%",2024-06-06,Thursday
10 Saham Ini Jadi Incaran Asing Kala IHSG Menguat,2024-06-07,Friday
"Daftar 10 Saham Market Cap Terbesar, Adu Kuat Hartono Vs Prajogo",2024-06-08,Saturday
Ini Daftar Saham yang Masuk Buruan Asing Saat IHSG Ambruk,2024-06-10,Monday
Deretan Saham Bank Big Caps yang Memiliki Valuasi Terdiskon,2024-06-10,Monday
"Cashless Makin Digemari, Ini 5 Digital Banking Pilihan Warga RI",2024-06-10,Monday
"Sejumlah Bank Sentral Mulai Pangkas Suku Bunga, The Fed & BI Kapan?",2024-06-10,Monday
"IHSG Ditutup Merana Lagi, Gagal Balik ke Level 6.900",2024-06-11,Tuesday
Cashless Makin Digemari Mobile Banking Pilihan Warga RI,2024-06-11,Tuesday
"Punya Saham, Dihibahkan ke Anak Saat Masih Hidup atau Diwariskan Saja?",2024-06-11,Tuesday
10 Saham Ini Jadi Incaran Asing Kala IHSG Rebound,2024-06-11,Tuesday
IHSG Loyo Dibebani Kinerja 5 Saham Big Cap Ini,2024-06-11,Tuesday
"Rupiah Dihantui Kabar AS, IHSG ""Serahkan Nasib"" ke Prajogo Pangestu?",2024-06-11,Tuesday
Deg-Degan Tunggu Inflasi AS & Kabar The Fed: IHSG-Rupiah Akan Longsor?,2024-06-12,Wednesday
"IHSG Longsor ke 6.800, Asing Lepas Saham Blue Chip hingga Prajogo",2024-06-12,Wednesday
Diam-Diam Saham Ini Jadi Pilihan Asing Saat IHSG Longsor ke 6.800,2024-06-12,Wednesday
"Asing Bawa Kabur Duit Rp1,23 T, 5 Saham RI Ini Paling Banyak Dijual",2024-06-12,Wednesday
"Buang Struk ATM Sembarangan, Gak Bahaya Tah?",2024-06-13,Thursday
"Pantas Investor Ritel Kepincut Saham BBRI, Ini Alasannya!",2024-06-13,Thursday
"Punya Fundamental Bagus, Saham BBRI Jadi Incaran Investor Ritel",2024-06-13,Thursday
"IHSG Belum Ada Tenaga, Asing Ramai-Ramai Jual Saham Ini",2024-06-13,Thursday
Fed Pangkas Rate Sekali di 2024: Berkah Apa Bencana Buat Rupiah-IHSG?,2024-06-13,Thursday
"Jadi Sahamnya Rakyat, Jumlah Investor BRI Tembus Setengah Juta",2024-06-13,Thursday
"Tiga Hari IHSG Merana, Asing Kompak Jauhi Saham Ini",2024-06-14,Friday
"Video: Suku Bunga Masih Tinggi, Ini Modal RI Tarik Investasi Asing",2024-06-15,Saturday
Asing Diam-Diam Lepas 10 Saham Ini Kala IHSG Terperosok Dalam,2024-06-19,Wednesday
Mau Beli Saham Bank yang Lagi Turun? Pelajari Ini Kalau Takut Rugi,2024-06-19,Wednesday
"IHSG Ditutup Loyo, 5 Saham Big Cap Ini Jadi Bebannya",2024-06-19,Wednesday
"IHSG Ngegas & Balik ke 6.800-an, Saham Bank Raksasa Jadi Penopang",2024-06-20,Thursday
Ternyata Revisi Aturan Buat GOTO Lebih Susah Kena FCA,2024-06-20,Thursday
"Ini Bocoran Laba BRI, Bank Mandiri, BCA, dan BNI dari OJK",2024-06-20,Thursday
"Saham Bank Naik Jelang Pengumumuman BI Rate, IHSG Melesat Nyaris 1%",2024-06-20,Thursday
"Semua Mata Tertuju ke BI, Sanggupkah IHSG & Rupiah Bangkit?",2024-06-20,Thursday
"BREN Keluar dari Pemantauan Khusus & FCA, IHSG Bakal Ngegas?",2024-06-21,Friday
Asing Diam-Diam Borong 10 Saham Ini Kala IHSG Menguat,2024-06-21,Friday
"BREN Keluar ""Kandang"", IHSG Ngegas Balik ke 6.900-an",2024-06-21,Friday
"IHSG Lagi Hijau, Asing Malah Kompakan Jual Saham-Saham Ini",2024-06-24,Monday
"Keluar ""Kandang"" FCA, Kapitalisasi Pasar BREN Langsung Salip BBCA",2024-06-24,Monday
"Tiga Hari Naik, IHSG Ijo Royo-royo!",2024-06-24,Monday
"Ada Transaksi Nego Rp 17 T di Saham AMMN, IHSG Malah Koreksi Tipis",2024-06-25,Tuesday
Duo Hartono Geser Low Tuck Kwong dari Daftar Orang Terkaya Indonesia,2024-06-25,Tuesday
"IHSG Nanjak Terus Dekati 6.900, Asing Ketahuan Borong Saham ini",2024-06-25,Tuesday
"Sri Mulyani-Airlangga-Tim Prabowo Bawa IHSG-Rupiah Hijau, Asing Masuk?",2024-06-25,Tuesday
"IHSG Dekati 6.900, Cek Rekomendasi Saham Hari Ini Buat Cari Cuan",2024-06-25,Tuesday
"Error Hampir 3 Jam, BCA Mobile dan myBCA Sudah Kembali Normal",2024-06-26,Wednesday
"Tren Positif IHSG Berakhir, Asing Serbu Saham Ini",2024-06-26,Wednesday
"BCA Mobile dan myBCA Error, Nasabah Ngeluh Gak Bisa War Ticket",2024-06-26,Wednesday
"BCA Mobile dan myBCA Error, Manajemen Bilang Gini",2024-06-26,Wednesday
"Tren Koreksi Saham Penghuni LQ45-MSCI, dari BMRI hingga GOTO",2024-06-26,Wednesday
"Berkat Saham Bank Raksasa, IHSG Bergairah & Dekati Level 7.000",2024-06-27,Thursday
"Saham-saham Prajogo Pangestu Punya Bobot 14% di IHSG, Lewati BBCA",2024-06-27,Thursday
"IHSG Balik ke 6.900, Asing Malah Buang-Buang Saham Ini",2024-06-27,Thursday
Bos Bursa Buka-bukaan Alasan Investor Asing Ramai-Ramai Cabut dari RI,2024-06-27,Thursday
Asing Kompak Beli Saham Ini Saat IHSG Hijau,2024-06-28,Friday
"Saham Bank Raksasa Tancap Gas: BRI, BNI, Mandiri & BCA Siapa Juara?",2024-06-28,Friday
Ada Transaksi Jumbo di Saham INCO dan AMMN,2024-06-28,Friday
"Dulu Raja Kain Ikon Penguasa, Sekarang Malah Tertimbun Utang",2024-06-28,Friday
"IHSG Balik Lagi ke 7.000, Asing Getol Borong 10 Saham Ini",2024-07-01,Monday
"Simak, Transaksi BCA Ini Kena Biaya Rp 4.000 Mulai 5 Juli 2024",2024-07-01,Monday
"Investor Asing Serbu Pasar RI, Saham Bluechips Ini Jadi Primadona",2024-07-01,Monday
BCA Finance dan BCA Multi Finance Dapat Restu OJK Buat Merger,2024-07-01,Monday
Asing Terciduk Borong 10 Saham Ini Kala IHSG Lanjut Pesta Pora,2024-07-02,Tuesday
"IHSG Gagal Lanjutkan Reli, 10 Saham Ini Malah Laris Diborong Asing",2024-07-03,Wednesday
"IHSG Ngegas ke 7.200, Asing Kompak Borong Saham Ini",2024-07-04,Thursday
"Kiamat ATM di Depan Mata, Ini 5 Digital Banking Pilihan Warga RI",2024-07-04,Thursday
"Gawat Nih! Saham BBCA Ambrol 1,75%",2024-07-04,Thursday
"Asing Terciduk Lego 10 Saham Ini Kala IHSG Menguat, Ada BBCA",2024-07-05,Friday
BCA Tunda Kebijakan Biaya Tarik Tunai di EDC,2024-07-05,Friday
"IHSG Happy Weekend, Saham Ini Penyebabnya",2024-07-05,Friday
"Asing Mulai Lirik Pasar Saham RI, Ini yang Dikoleksi Sepekan Terakhir",2024-07-06,Saturday
"IHSG Pesta Pora, Asing Kompak Borong Saham-Saham Bluechip RI",2024-07-08,Monday
"Adu Kuat Bank KBMI IV Himpun Dana Murah, Siapa Jawaranya?",2024-07-08,Monday
"Minggu Super Sibuk: Pasar Tunggu ""Kode"" dari Sri Mulyani, BI & OJK",2024-07-08,Monday
"Ada Harapan BI Rate Turun di Kuartal IV, IHSG dan Rupiah Untung?",2024-07-09,Tuesday
"Asing Terciduk Borong 10 Saham Ini Kala IHSG Lesu, Ada BBCA & GOTO",2024-07-09,Tuesday
"IHSG Cerah, Asing Berduyun Kembali ke Saham Ini",2024-07-10,Wednesday
"IHSG Lanjut Menguat, Asing Kompak Serbu Saham Ini",2024-07-11,Thursday
Asing Kompak Borong 10 Saham Blue Chip Ini Kala IHSG Balik ke 7.300,2024-07-12,Friday
"M-Banking Kena Blokir, Ternyata Begini Cara Mengaktifkannya Lagi",2024-07-13,Saturday
Asing Ramai-Ramai Serbu Bursa Saham RI: BRIS - TLKM Paling Laris,2024-07-15,Monday
Asing Kompak Borong 10 Saham Ini Kala IHSG Pesta Pora,2024-07-15,Monday
Saham-Saham Bank Masih Menarik? Simak Proyeksinya,2024-07-15,Monday
"Daftar Pewaris Bisnis Terbesar RI, Dari Grup Salim Hingga Djarum",2024-07-16,Tuesday
"IHSG Sesi I Loyo, Ternyata Ini Penyebabnya",2024-07-16,Tuesday
"Pertumbuhan Ekonomi Diprediksi Melandai di Kuartal II, Ini Penyebabnya",2024-07-16,Tuesday
"Groundbreaking di IKN Bulan Ini, BCA (BBCA) Buka Suara",2024-07-16,Tuesday
"IHSG Parkir di Zona Merah Hari Ini, Diseret BREN dan BBCA",2024-07-17,Wednesday
"IHSG Lanjut Melemah, Asing Kompak Lego 10 Saham Blue Chip RI",2024-07-17,Wednesday
"Daftar 20 Emiten Dengan Free Cash Flow Jumbo, Ada BBRI & TLKM",2024-07-17,Wednesday
"IHSG Ngegas 1% Lebih Jelang Pelantikan 3 Wamen Baru, Ini Penyebabnya",2024-07-18,Thursday
"Ada Tiga Wamen Baru, IHSG Ditutup Melesat 1,34%",2024-07-18,Thursday
"BI & The Fed Kompak Beri Kabar Baik, IHSG-Rupiah Bakal Melaju?",2024-07-18,Thursday
Asing Kompak Lego Saham Blue Chip RI Kala IHSG Merah 3 Hari Beruntun,2024-07-18,Thursday
Daftar Lengkap Besaran Bunga Deposito di BCA-BRI-BNI dan Bank Mandiri,2024-07-19,Friday
"Net Buy Rp1,22 T, Asing Kompak Borong 10 Saham Ini Kala IHSG Ngegas",2024-07-19,Friday
RI Punya 3 Wakil Menteri (Wamen) baru: Bisa Jadi Booster IHSG-Rupiah?,2024-07-19,Friday
"Pilih-Pilih Emiten Berdompet Tebal, Ini Daftarnya",2024-07-21,Sunday
"Kisah Manusia Rp 1.000 Triliun dari Kalimantan, Bisnis Kayu hingga EBT",2024-07-21,Sunday
10 Saham Ini Laris Diburu Asing Kala IHSG Menguat,2024-07-23,Tuesday
"Saham Bank Jumbo Bangkit, BBNI Paling Kenceng, Naik 16% Sebulan",2024-07-23,Tuesday
"Musim Laporan Keuangan Segera Tiba, Begini Proyeksi Cuan Big Bank!",2024-07-23,Tuesday
"BCA (BBCA) Cetak Laba Rp 26,9 T per Semester I-2024",2024-07-24,Wednesday
"Ramai Bank Asing Angkat Kaki dari RI, Fenemona Apa Ini?",2024-07-24,Wednesday
Musim Laporan Keuangan! Baca Ini Dulu Kalau Mau Beli Saham Bank,2024-07-24,Wednesday
IHSG Loyo Tertekan Kinerja Saham-Saham Blue Chip,2024-07-24,Wednesday
"Musim Laporan Keuangan Tiba, Mampukah Rupiah Lanjut Menguat?",2024-07-24,Wednesday
"IHSG Lesu, Asing Ramai-Ramai Serbu Saham Ini",2024-07-24,Wednesday
"Dua Emiten Jumbo Mau Rilis Laporan Keuangan, IHSG Dibuka Loyo",2024-07-24,Wednesday
"IHSG Merah Lagi, Asing Kompak Lepas Saham Ini",2024-07-25,Thursday
Bankir Bicara Soal Likuiditas & Tren Bunga Deposito di Perbankan,2024-07-25,Thursday
"NPL BCA (BBCA) Naik, Ini Penyebabnya",2024-07-25,Thursday
"Insentif PPN DTP 100% Resmi Berakhir, Daya Beli & Kredit Rumah Turun?",2024-07-25,Thursday
"Pasar Saham Makin Merana, IHSG Anjlok Tiga Hari Beruntun",2024-07-25,Thursday
Intip Keranjang Belanja Asing Saat IHSG Sudah Tiga Hari Lesu,2024-07-26,Friday
"Perbankan Minta Prabowo Lanjutkan Insentif Properti, Apa Urgensinya?",2024-07-28,Sunday
Duo Hartono Tambah 300 Juta Saham di Sarana Menara (TOWR),2024-07-29,Monday
Wah Asing Terciduk Banyak Belanja Saham Ini Sepanjang Pekan Lalu,2024-07-29,Monday
"Bukan Cuma Rokok Djarum, Ini Sumber Harta Keluarga Hartono",2024-07-29,Monday
Asing Kompak Berburu 10 Saham Ini,2024-07-30,Tuesday
"IHSG Masih Kurang Tenaga, Asing Ketahuan Jual Saham Ini",2024-07-31,Wednesday
"10 Emiten ""Sejuta Umat"",  Pemegang Sahamnya Hampir 3 Juta",2024-07-31,Wednesday
"IHSG Sumringah, 5 Saham Raksasa Ini Jadi Penopangnya",2024-07-31,Wednesday
"IHSG Naik 0,19%, Asing Berbondong-Bondong Serbu Saham Ini",2024-08-01,Thursday
Jutaan Warga RI Gemar Pakai Super App Bank: Mana Si Paling IT?,2024-08-01,Thursday
Ini Alasan Indofood- BCA Mesti Berterima kasih ke The Fed!,2024-08-01,Thursday
IHSG Gak Jadi Happy Weekend Tertekan Kinerja Saham Blue Chip,2024-08-02,Friday
"IHSG Balik 7.300, Asing Ramai-Ramai Serbu BMRI",2024-08-02,Friday
"Bursa Saham Dunia Jeblok & Transaksi Sepi, IHSG Bergerak Galau!",2024-08-04,Sunday
"Bursa Dunia Panik: AS Dihantui Resesi, Nasib RI Diumumkan Hari Ini",2024-08-05,Monday
"Asing Net Buy Rp 2,67 T Pekan Lalu, Kompak Borong 10 Saham Ini",2024-08-05,Monday
"Mayday, Mayday! Hantu Resesi AS Buat IHSG Kritis: Ada Peluang Rebound?",2024-08-06,Tuesday
"IHSG Kebakaran, Asing Kompak Lepas 10 Saham Ini",2024-08-06,Tuesday
Investor Asing Terciduk Lego 10 Saham Ini Kala IHSG Menguat,2024-08-07,Wednesday
"IHSG Lanjut Ngegas, Asing Ramai-Ramai Borong Saham BMRI",2024-08-08,Thursday
Pertumbuhan Kredit Bank di RI Tidak Seindah Kelihatannya,2024-08-08,Thursday
"Saat IHSG Kurang Tenaga, Asing Serbu Saham BMRI",2024-08-09,Friday
Milik Sejuta Umat! Deretan Saham dengan Porsi Publik Jumbo: GOTO-BRI,2024-08-12,Monday
"Dulu Raja Kain Ikon Penguasa, Sekarang Malah Karam Tertimbun Utang",2024-08-12,Monday
Asing Kompak Lego 10 Saham Ini Kala Pasar Bergejolak Pekan Lalu,2024-08-12,Monday
"IHSG Dekati 7.300, Asing Kompak Incar Bank Mandiri (BMRI)",2024-08-13,Tuesday
"Limit Transfer Terbaru BCA, BRI, Mandiri, BNI",2024-08-13,Tuesday
"Transaksi IHSG Sepi Kaya Kuburan, Asing Malah Diam-Diam Datang",2024-08-13,Tuesday
"IHSG Kembali ke 7.300, Asing Serbu Saham Perbankan",2024-08-14,Wednesday
"IHSG Pesta Pora, Asing Berbondong-Bondong Beli Saham BMRI hingga BBRI",2024-08-15,Thursday
"Siap-Siap Shortsell Launching Oktober, Ini Daftar 113 Sahamnya",2024-08-15,Thursday
"Dolar AS Turun ke Rp15.600-an, Sektor Ini Ketiban Berkah!",2024-08-15,Thursday
"IHSG Turun 0,36%, Asing Berburu Saham Ini",2024-08-16,Friday
"IHSG Loyo, Asing Diam-Diam Borong 10 Saham Ini",2024-08-16,Friday
"Asing Net Buy Rp 2,81 Triliun, Kompak Borong 10 Saham Ini",2024-08-19,Monday
Asing Diam-Diam Borong 10 Saham Ini Kala IHSG Cetak ATH Baru,2024-08-20,Tuesday
Asing Borong Saham Bank Kala IHSG Cetak Rekor ke Level 7.500,2024-08-21,Wednesday
10 Saham Ini Diam-Diam Diborong Asing Kala IHSG Cetak ATH Baru,2024-08-22,Thursday
"IHSG Merah di Tengah Gejolak Politik, 5 Saham Ini Jadi Pemberat",2024-08-22,Thursday
"1 Sekuritas Kantongi Izin Single Stock Futures, 3 dalam Antrean",2024-08-22,Thursday
"Ada Demo Besar Tolak RUU Pilkada, IHSG Berakhir Terkapar",2024-08-22,Thursday
"IHSG Ambruk Diseret Demo Besar, Saham Ini Malah Cuan Gede",2024-08-22,Thursday
Beda Arah IHSG Saat Demo Darurat Indonesia vs Sidang MK Cawapres,2024-08-22,Thursday
"Ekspansif Salurkan Kredit, Aset Big Bank RI Masih Sehat Bugar!",2024-08-23,Friday
"Kalau Serok Saham Bank Saat Jatuh Kemarin, Sekarang Sudah Cuan Segini",2024-08-23,Friday
"Daftar 10 Bank Terbesar RI: OCBC Geser Permata, BTPN Paling Buncit",2024-08-23,Friday
"IHSG Terkapar Disengat Demo, Investor Asing Terciduk Borong Saham Ini",2024-08-23,Friday
RUU Pilkada Batal Disahkan: Pasar RI Bakal Adem Atau Tetap Kebakaran?,2024-08-23,Friday
"Saat Demo Revisi UU Pilkada, Asing ""Jauhi"" Saham-Saham Ini",2024-08-23,Friday
"Efek Ngeri Demo Darurat, Asing Jadi Lepas Saham-Saham Ini",2024-08-25,Sunday
"Daftar 10 Bank Terbesar di Indonesia, OCBC Naik - BDMN Terpental",2024-08-25,Sunday
"Asing Net Buy Jumbo, Terciduk Borong Saham BBRI hingga BBNI",2024-08-26,Monday
"IHSG Lanjut Pesta Pora, Asing Kompak Borong Saham BBRI hingga ITMG",2024-08-27,Tuesday
"Ditutup Melemah Tipis 0,11%, IHSG Balik ke Zona 7500!",2024-08-27,Tuesday
"IHSG Lesu, Asing Kompakan Jual Saham Ini",2024-08-28,Wednesday
"Asing Net Buy Jumbo, Saham BMRI Diserbu!",2024-08-29,Thursday
"Ada Kabar Maybank (BNII) Mau Beli Saham Bank Panin (PNBN), Benarkah?",2024-08-29,Thursday
"IHSG Lagi Loyo, Asing Tetap Ngegas Borong Saham Ini",2024-08-30,Friday
Daftar 10 Bank RI Dengan Laba Terbesar Sepanjang Semester I-2024,2024-08-30,Friday
Mau Hibahkan Saham ke Anak Kayak Low Tuck Kwong? Ini Keuntungannya,2024-08-30,Friday
"Ini Bocoran Dividen BBRI, BMRI, BBCA, dan BBNI Tahun Depan",2024-08-30,Friday
"Isu Akuisisi Kembali Mencuat, Saham Bank Panin Bergeliat Lagi",2024-09-02,Monday
"Bank Kikis Bisnis Fintech, Ini Buktinya",2024-09-02,Monday
"Dana Asing Deras Masuk ke RI, Investor Luar Lepas 10 Saham Ini",2024-09-02,Monday
"BCA Finance dan BCA Multi Finance Resmi Merger, Ini Nasib Nasabahnya",2024-09-03,Tuesday
BNI (BBNI) Guyur Kredit Rp 775 M ke Emiten Prajogo (CUAN),2024-09-03,Tuesday
Asing Terciduk Diam-Diam Lego 10 saham Ini Kala IHSG Bergairah,2024-09-03,Tuesday
"IHSG Rebound, 5 Saham Big Cap Ini Jadi Penyelamatnya",2024-09-04,Wednesday
"IHSG Rawan Ditutup Merah, Bencana Black September Terulang?",2024-09-04,Wednesday
"IHSG Sumringah Balik ke 7.600-an, Saham Prajogo (BREN) Jadi Penopang",2024-09-04,Wednesday
Asing Terciduk Kompak Borong Saham Telco Kala IHSG Semringah,2024-09-05,Thursday
Bukan Cuma BREN! Dua Investor Amerika Ikut Borong BRPT - CUAN,2024-09-05,Thursday
"IHSG Menguat 2 Hari Beruntun, Saham-Saham Ini Jadi Pilihan Asing",2024-09-06,Friday
"Daftar 10 Saham RI dengan Kapitalisasi Pasar Terbesar, BBCA Bukan No 1",2024-09-06,Friday
Daftar 7 Bank Asing yang Cabut dari RI,2024-09-06,Friday
Bankir Beberkan Bukti Kelas Menengah RI Makin Susah!,2024-09-06,Friday
"Satu per Satu Bank Asing Tinggalkan RI, Ini Daftar dan Alasannya",2024-09-07,Saturday
"Bukti Kelas Menengah RI Makin Susah, Terlihat dari Transaksi QRIS",2024-09-08,Sunday
"Dulu Raja Kain Dekat dengan Istana, Sekarang Karam Tertimbun Utang",2024-09-08,Sunday
Asing Terciduk Net Buy Jumbo di Saham Ini,2024-09-09,Monday
IHSG Pangkas Koreksi dan Mampu Bertahan di Level 7.700,2024-09-09,Monday
"Wall Street Menghijau Vs Kabar Genting China, IHSG - Rupiah Aman?",2024-09-10,Tuesday
Asing Ketahuan Borong Saham Ini Saat IHSG Lagi Lesu,2024-09-10,Tuesday
"IHSG Cetak Rekor Baru, Asing Ramai-Ramai Borong Saham Ini",2024-09-11,Wednesday
"Tabungan Orang Kaya Makin Tebal, Bankir Kok Malah Resah?",2024-09-11,Wednesday
Asing Ketahuan Guyur Duit ke Saham Ini,2024-09-12,Thursday
"Ada Kabar ANZ Lepas Panin, Ini Kata OJK",2024-09-12,Thursday
"KPR Ngebut tapi Kredit Mobil Lesu Saat Kelas Menengah Merana, Ada Apa?",2024-09-13,Friday
"IHSG Lanjut Pesta, Asing Ramai-Ramai Borong Saham Bank",2024-09-13,Friday
"IHSG Galau, Saham-Saham Ini Jadi Pemberat & Penahan Koreksinya",2024-09-13,Friday
"Bukti Kelas Menengah RI Makin Susah, Terlihat dari Transaksi Ini..",2024-09-15,Sunday
Kelas Menengah RI Hidupnya Makin Susah Buktinya Ada di QRIS,2024-09-16,Monday
Saham Perbankan Lagi ,2024-09-16,Monday
Asing Terciduk Borong 10 Saham Ini Kala IHSG Cetak Rekor,2024-09-17,Tuesday
"10 Saham Pilihan Asing Kala IHSG Cetak Rekor, BRIS Nomor 1",2024-09-18,Wednesday
5 Saham Ini Gendong IHSG Dekati 7.900,2024-09-19,Thursday
Asing Tancap Gas Borong 10 Saham Ini Usai BI Rate Dipangkas,2024-09-19,Thursday
"Lengkap! Laba BRI, BCA, BNI, & Mandiri per Juli 2024: Siapa Terbesar?",2024-09-19,Thursday
"Saham Bank Himbara Melesat, Investor AS - Korea Rajin Akumulasi!",2024-09-19,Thursday
"IHSG Terbang, Cetak Rekor Lagi dan Berhasil Tembus Level 7.900",2024-09-19,Thursday
"Asing Net Buy Rp 2,08 T, Kompak Borong Saham Bank Kala IHSG Terbang",2024-09-20,Friday
"Terbaru! Daftar Bunga Deposito BRI, BNI, BCA & Mandiri",2024-09-20,Friday
"Penyaluran Kredit Ekspansif, Big Bank RI Cetak Laba Puluhan Triliun!",2024-09-21,Saturday
Data QRIS Ungkap Nasib Kelas Menengah Dompetnya Makin Tipis,2024-09-22,Sunday
"4 Bank Raksasa RI Punya Aset Rp 1.000 Triliun Lebih, Mandiri Juara!",2024-09-23,Monday
"Bukan Cuma Bank, Ini Saham yang Diborong Asing Setelah BI Rate Turun",2024-09-23,Monday
"Terdepak FTSE, Market Cap BREN Menguap Rp500 T",2024-09-23,Monday
Video: Bankir Soal Keamanan Transaksi Digital & Nasib Kantor Cabang,2024-09-24,Tuesday
Video: Jurus Bank Dorong Transaksi Digital Saat Daya Beli Tertekan,2024-09-24,Tuesday
IHSG Bangkit Ditopang Kinerja Saham Prajogo yang Balik ke Zona Hijau,2024-09-24,Tuesday
"IHSG Dibuka Loyo Lagi, BREN Masih Jadi Pemberat",2024-09-24,Tuesday
"6 Bank RI Masuk Daftar Perusahaan Terpercaya Dunia, Segini Asetnya",2024-09-25,Wednesday
"Ada BREN dan BBCA, Ini Daftar Jualan Saham Oleh Asing",2024-09-25,Wednesday
"Bank RI ini Masuk Daftar Perusahaan Terpercaya Dunia, Cek Labanya",2024-09-25,Wednesday
"IHSG Jeblok 1% Lebih, Karena Ulah China?",2024-09-25,Wednesday
Kelas Menengah RI Hidupnya Makin Susah Buktinya Terlihat di QRIS,2024-09-26,Thursday
"Net Sell Asing Tembus Rp 2,27 T, Ini 10 Saham Paling Banyak Dijual",2024-09-27,Friday
"Ada Stimulus Jumbo China, Saham Big Bank  - BREN Banyak Dijual Asing!",2024-09-27,Friday
Raja Tekstil RI Kini Tenggelam Tertimbun Utang Ratusan Miliar,2024-09-29,Sunday
"Asing Makin Getol Keluar Dari RI, IHSG Ambruk 2% Lebih",2024-09-30,Monday
"Asing Masih Kabur dari RI, IHSG Ambles 1% Lebih di Sesi I",2024-09-30,Monday
5 Saham Ini yang Bikin IHSG Ambruk,2024-09-30,Monday
"Net Sell Rp 2,35 T, Asing Terciduk Kompak Lepas 10 Saham Ini",2024-09-30,Monday
"Asing Bawa Kabur Rp 3,1 Triliun Kala IHSG Ambruk, Lego 10 Saham Ini",2024-10-01,Tuesday
"Saham Big Bank Koreksi, Kesempatan Cicil Beli Mulai Lagi?",2024-10-01,Tuesday
"Ada GOTO, Ini Saham-Saham Incaran Asing Kala IHSG Bangkit",2024-10-02,Wednesday
"IHSG Loyo, Ternyata Ini Penyebabnya",2024-10-02,Wednesday
"Intip Bunga Deposito Terbaru Oktober di BRI, Mandiri Sampai BCA",2024-10-02,Wednesday
Siap-Siap! Segini Estimasi Dividen Interim BCA & BRI Akhir Tahun,2024-10-02,Wednesday
Asing Kompak Lego Saham Blue Chip Kala IHSG Ambruk,2024-10-03,Thursday
"IHSG Loyo Lagi, Bren Jadi Penekan Terbesar",2024-10-03,Thursday
"Lengkap! Adu Laba BRI-Mandiri-BCA-BNI Sampai Agustus, Siapa Juara?",2024-10-04,Friday
"IHSG Longsor, Asing Banyak Lepas 10 Saham Ini",2024-10-04,Friday
ANZ dan Keluarga Gunawan Mau Jual Saham PaninBank (PNBN),2024-10-04,Friday
"IHSG Ambruk, Investor Asing ""Kabur"" dari Saham-Saham Ini",2024-10-07,Monday
"IHSG Loyo, Ini 10 Saham yang Jadi Pemberat dan Penahan",2024-10-07,Monday
"Aksi Jual Asing Masih Kencang, BBCA hingga MEDC Jadi Sasaran",2024-10-08,Tuesday
"Saham Bank Melesat, IHSG Ditutup Ijo Royo-Royo!",2024-10-08,Tuesday
Bos BRI (BBRI) Ungkap Kapan Pangkas Suku Bunga Kredit & Deposito,2024-10-08,Tuesday
"IHSG Hijau Lagi, Asing Masih Jauhi Saham-Saham Ini",2024-10-09,Wednesday
"Daftar Orang Terkaya RI Terbaru, Nomor 1 Hartanya Rp 806,5 T",2024-10-09,Wednesday
"Suku Bunga Acuan Turun, Perbankan Masih Was-Was Dengan Kondisi Ini",2024-10-10,Thursday
IHSG Lesu! Asing Diam-Diam Borong 10 Saham Ini,2024-10-10,Thursday
Asing Diam-Diam Borong 10 Saham Ini Kala IHSG Anjlok ke Level 7.400,2024-10-11,Friday
Asing Terciduk Lepas 10 Saham Ini Kala IHSG Menguat Pekan Lalu,2024-10-14,Monday
Asing Diam-Diam Borong 10 Saham Ini Kala IHSG Balik Menguat,2024-10-15,Tuesday
Asing Terciduk Kompak Borong Saham Bank Kala IHSG Menguat,2024-10-16,Wednesday
"IHSG Naik Tipis Sesi I, Deretan Saham Ini Jadi Penopang",2024-10-16,Wednesday
"Hartono Bersaudara Jadi Duo Paling Kaya di RI, Ini Gurita Bisnisnya",2024-10-17,Thursday
"IHSG Melesat 1% Lebih, Balik Lagi Ke 7.700-an",2024-10-17,Thursday
Asing Terciduk Kompak Lego Saham Tambang Kala IHSG Menguat,2024-10-17,Thursday
IHSG Melesat & Sentuh 7.700 Ditopang 3 Saham Bank Raksasa,2024-10-17,Thursday
"NPL KPR Makin Bengkak Saat Suku Bunga Turun, Ini Penyebabnya",2024-10-18,Friday
Asing Diam-Diam Borong 10 Saham Ini Kala IHSG Balik ke Level 7.700,2024-10-18,Friday
"IHSG Full Senyum Sepekan, Asing Terciduk Borong Saham Ini",2024-10-21,Monday
Asing Terciduk Lego Saham BCA Hingga Lippo Kala IHSG Menguat,2024-10-22,Tuesday
IHSG Parkir di Zona Merah Dibebani Kinerja Saham Perbankan,2024-10-22,Tuesday
"IHSG Reli Panjang, Asing Terciduk ""Jauhi"" Saham Ini",2024-10-23,Wednesday
"BBCA Cetak Laba Rp 41,1 Triliun di Kuartal III-2024, Naik 12,8%",2024-10-23,Wednesday
Bos BCA Bicara Soal Kebijakan dan Kabinet Prabowo,2024-10-23,Wednesday
"Sritex Karam Ditelan Utang Rp 23 T, Puluhan Ribu Karyawan Terancam PHK",2024-10-24,Thursday
"Dinyatakan Pailit, Kemnaker Minta Ini ke PT Sritex",2024-10-24,Thursday
"IHSG Turun Tipis, Asing Borong Saham BBNI hingga GOTO",2024-10-24,Thursday
"Sejarah Panjang Sritex, Raksasa Tekstil RI yang Akhirnya Pailit",2024-10-24,Thursday
"Tidak Terima Pailit, Sritex (SRIL) Sudah Ajukan Kasasi",2024-10-25,Friday
"Siap-Siap! 5 Emiten Ini Tebar Dividen, Ada BBRI Hingga UNVR",2024-10-25,Friday
10 Saham Ini Jadi Pilihan Asing Kala IHSG Tertekan,2024-10-25,Friday
"IHSG Dibuka Bergairah, Semoga Bisa Happy Weekend",2024-10-25,Friday
Bos BCA Blak-Blakan Soal Sosok Sri Mulyani & 3 Wamenkeu Prabowo,2024-10-25,Friday
Pernyataan Lengkap Kemnaker Soal Sritex Pailit,2024-10-25,Friday
"IHSG Balik Lesu, Deretan Saham Ini Jadi Biang Keroknya",2024-10-25,Friday
Sritex Akan Kasasi Putusan Pailit & Sebut Belum Ada Rencana PHK,2024-10-25,Friday
"IHSG Gagal Happy Weekend, Balik Ke 7.690-an Lagi",2024-10-25,Friday
"Sritex Pailit dan Punya Utang di 28 Bank, Paling Banyak di BCA (BBCA)",2024-10-25,Friday
Prabowo Perintahkan 4 Menteri Selamatkan Sritex,2024-10-26,Saturday
Asing Terciduk Kompak Borong 10 Saham Ini Kala IHSG Melemah,2024-10-28,Monday
Asing Terciduk Kompak Borong 10 Saham Ini Kala IHSG Melemah,2024-10-28,Monday
"Sritex (SRIL) Bangkrut, Utangnya Paling Banyak ke BCA",2024-10-28,Monday
"Video: Sritex Bangkrut, Utang Menumpuk-Raja Salman Pamer ",2024-10-28,Monday
"Video: Jadi Kreditur Terbesar Sritex, BCA Buka Suara!",2024-10-28,Monday
Asing Diam-Diam Lego 10 Saham Ini Kala IHSG Merah 4 hari Beruntun,2024-10-29,Tuesday
"Pemilu AS Tinggal Menghitung Hari, IHSG Kembali Ditutup Koreksi!",2024-10-29,Tuesday
"Sritex (SRIL) Punya Utang di Bank Rp12,66 T, BCA-Danamon Buka Suara",2024-10-29,Tuesday
"IHSG Ditutup Loyo Lagi, Sudah 6 Hari Merana",2024-10-30,Wednesday
"IHSG Anjlok 1%, Ternyata Ini Penyebabnya",2024-10-30,Wednesday
Asing Terciduk Lego 10 Saham Blue Chip Ini Kala IHSG Merana,2024-10-30,Wednesday
"IHSG Balik ke 7.500, Asing Kompak Lepas Saham Blue Chip",2024-10-31,Thursday
IHSG Mulai Pulih Diselamatkan Oleh Deretan Saham Ini,2024-10-31,Thursday
"IHSG Ditutup Naik Tipis, tapi Gagal Balik Ke 7.600-an",2024-10-31,Thursday
"RI & Prabowo Bakal Dapat 2 Kabar Genting Hari Ini, Investor Was Was",2024-11-01,Friday
Investor Asing Kembali Lego Saham-Saham Blue Chip,2024-11-01,Friday
"Perhatian Investor, BEI Akan Luncurkan Single Stock Futures",2024-11-01,Friday
Adu Laba Big Bank September 2024 : Laba BRI Paling Jumbo!,2024-11-01,Friday
"Adu Aplikasi Bank, BRI Kalahkan BCA!",2024-11-01,Friday
"IHSG Nyaris Turun 1%, Ini Biang Keroknya",2024-11-04,Monday
"Asing Lepas Rp3,67 T Sepekan Lalu, Deretan Saham Ini Jadi ""Korban""",2024-11-04,Monday
"Asing Mulai Net Buy, Diam-Diam Saham Ini Jadi Incaran",2024-11-05,Tuesday
"IHSG Ambruk ke Level 7.400, Asing Lepas Saham BBCA hingga BSDE",2024-11-05,Tuesday
"IHSG Ditutup Bangkit, Tapi Belum Mampu Tembus Level 7.500",2024-11-05,Tuesday
"Badai Berlanjut! Ekonomi RI Mengecewakan, Pemilu AS Bikin Deg-Degan",2024-11-06,Wednesday
IHSG Bangkit! Asing Borong 10 Saham Ini,2024-11-06,Wednesday
"Pasar Tunggu Hasil Pilpres AS, IHSG Ditutup Ambruk 1,44%",2024-11-06,Wednesday
"Kena Trump Effect, 5 Saham Ini Paling Ambles di IHSG",2024-11-07,Thursday
"Sehari Dana Asing Rp 1 T Keluar dari Bursa Saham RI, Ada Apa?",2024-11-07,Thursday
"Asing Lepas Rp1,15 T, Paling Banyak di 10 Saham Ini",2024-11-07,Thursday
"Asing Net Sell Jumbo Rp1,62 T, Saham Ini Banyak Dibuang",2024-11-08,Friday
"Asing Net Sell Rp 4,71 T Sepekan, Kompak Lego Saham Blue Chip",2024-11-11,Monday
"IHSG Merana Lagi, Sektor dan Saham Ini Biang Keroknya",2024-11-11,Monday
"Asing Net Sell Jumbo Rp 1,55 T, Kompak Lepas 10 Saham Ini",2024-11-12,Tuesday
"Bursa Bikin Single Stock Futures, Bisa Buat Hedging Nilai Investasi",2024-11-12,Tuesday
"Investor Cerna Sentimen Pasar Global, IHSG Ditutup Semringah",2024-11-12,Tuesday
BCA (BBCA) Akan Bagikan Dividen Interim Tunai Rp50 per Saham,2024-11-12,Tuesday
"Asing Ramai Kabur dari Pasar RI, Ini yang Harus Dilakukan Investor",2024-11-13,Wednesday
10 Emiten Pencetak Laba Terbesar di LQ45 : BRI Juaranya!,2024-11-13,Wednesday
Musim Dividen Interim Big Bank Dimulai : Investor BCA Bersiaplah,2024-11-13,Wednesday
10 Saham Ini Ramai-Ramai Dilepas Asing Kala IHSG Bangkit,2024-11-13,Wednesday
Dunia Tunggu Kabar Genting dari Amerika Setelah Dolar Ngamuk,2024-11-13,Wednesday
"Wajib Tahu, Ini Cara Menaikkan Limit Kartu Kredit Bank",2024-11-13,Wednesday
Asing Ramai-Ramai Lego 10 Saham Ini Kala IHSG Melemah,2024-11-14,Thursday
"Asing Kabur dari RI, Ini 10 Saham Paling Banyak Diobral: Ada BCA",2024-11-14,Thursday
"IHSG Loyo & Balik Lagi Ke 7.200-an, Sektor & Saham Ini Jadi Biangnya",2024-11-14,Thursday
"IHSG Ambruk 1,29%, Asing Kompak Lego Saham-Saham Blue Chip",2024-11-15,Friday
Ini Daftar Terbaru 5 Orang Terkaya di Indonesia,2024-11-15,Friday
"Terbaru! Peringkat 5 Orang Terkaya di Indonesia, No.1 Siapa?",2024-11-16,Saturday
"IHSG Merana Lagi, Sektor & Saham Ini Jadi Biang Keladinya",2024-11-18,Monday
"IHSG Ambruk ke 7.100, Asing Lepas 10 Saham Ini dalam Sepekan",2024-11-18,Monday
"IHSG Merana, Asing Ramai-Ramai Lepas Saham Ini",2024-11-19,Tuesday
"Emiten Lo Kheng Hong GJTL Dapat Kredit Rp4,4 T dari 6 Bank, Buat Apa?",2024-11-19,Tuesday
Kelas Menengah RI Hidupnya Makin Susah Buktinya Ada di QRIS,2024-11-19,Tuesday
10 Daftar Emiten Konglo Pencetak Laba Triliunan : Salim - Hartono!,2024-11-19,Tuesday
Asing Malah Lepas Saham Blue Chip Kala IHSG Cerah,2024-11-20,Wednesday
"Semua Mata Tertuju ke Thamrin, BI Segera Umumkan Kabar Genting",2024-11-20,Wednesday
Deretan Emiten Siap Tebar Dividen Interim : Ada yang Kasih Cuan 10%!,2024-11-20,Wednesday
"Sempat Menguat, IHSG Balik Arah Ditutup di Zona Merah",2024-11-21,Thursday
Asing Ramai-Ramai Buru Saham Ini Saat IHSG Loyo,2024-11-21,Thursday
"BI Tahan Suku Bunga Acuan, Asing Net Sell Jumbo Rp1,13 T",2024-11-22,Friday
IHSG Kembali Bergairah Ditopang Kinerja Saham Bank & Tech,2024-11-22,Friday
"Kabar Baik dari BI & AS, Sanggup Terbangkan IHSG-Rupiah?",2024-11-22,Friday
"Breaking, IHSG Lompat 1% Ditopang Rebound Emiten Perbankan",2024-11-25,Monday
"IHSG Ngegas Balik ke Level 7.300, Sektor & Saham Ini Jadi Penggerak",2024-11-25,Monday
"Rupiah & IHSG Kompak Meroket Hari Ini, Yakin Karena Pilkada?",2024-11-25,Monday
"Awal Pekan Investor Happy, IHSG Terbang & Balik ke Level 7.300",2024-11-25,Monday
"Sembari Kejar NZE, Bank Lokal Masih Gencar Salurkan Pembiayaan Tambang",2024-11-25,Monday
"IHSG Balik Merana, Balik Ke 7.200-an Lagi",2024-11-26,Tuesday
"IHSG Balik Arah Jadi Merana, Saham Perbankan Raksasa Biang Keladinya",2024-11-26,Tuesday
"Bank-Bank RI Masih Andalkan Kredit Tambang, Ini Alasannya",2024-11-26,Tuesday
Sejarah Bicara IHSG Cemerlang di Desember: Tahun Ini Dibantu Prabowo?,2024-11-26,Tuesday
Asing Terciduk Diam-Diam Lego 10 Saham Ini Kala IHSG Ngamuk,2024-11-26,Tuesday
"IHSG Ambruk Sebelum Pilkada, Asing Terciduk Lego 10 Saham Ini",2024-11-28,Thursday
"Gurita Bisnis Salim Kuasai Ritel, Data Center Hingga Tambang RI",2024-11-28,Thursday
"IHSG Longsor Setelah Pilkada, Asing Ramai-Ramai Jual Saham Ini",2024-11-29,Friday
"Cek Gurita Bisnis Salim, Raja Mie Instan hingga Tambang Emas RI",2024-11-30,Saturday
"Cek! Daftar 5 Orang Terkaya di Indonesia, Hartanya Ratusan Triliun",2024-12-01,Sunday
"IHSG Balik ke 7.000, Deretan Saham Big Caps Ini Masih Murah!",2024-12-02,Monday
"IHSG Ambles ke Level 7.000, Ini Penyebabnya",2024-12-02,Monday
Asing Ramai Masuk Saham Ini Saat IHSG Merah Menyala,2024-12-02,Monday
"IHSG Balik Merana, Saham Perbankan Jumbo Biang Keroknya",2024-12-02,Monday
"Ditopang Saham Blue Chip, IHSG Terbang 2% Dekati Level 7.200",2024-12-03,Tuesday
"Adu Laba BRI, BCA, BNI, Mandiri per Oktober 2024 : Siapa Juaranya?",2024-12-03,Tuesday
"Wall Street Cetak Rekor, Pasar RI Kecipratan Cuan?",2024-12-03,Tuesday
"Asing Net Sell Jumbo Lagi, Saham Ini Ramai-Ramai Dilepas",2024-12-03,Tuesday
"IHSG Ngegas 1% Lebih & Balik ke 7.100, Saham Bank Jadi Pendorong",2024-12-03,Tuesday
"Investor Siap-Siap Sport Jantung, Nasib Pasar RI Dipegang Orang Ini",2024-12-04,Wednesday
"Asing Ramai-Ramai Serbu Pasar Saham RI, Emiten Ini Jadi Incaran",2024-12-04,Wednesday
"Rupiah Melemah, Bank Besar di RI Sudah Jual Dolar Rp 16.000",2024-12-04,Wednesday
"IHSG Terbang 2 Hari, Saham Big Caps Valuasi Murah Jadi Incaran!",2024-12-04,Wednesday
"IHSG Terbang Nyaris 2%, Asing Kompak Borong Saham Ini",2024-12-05,Thursday
"Gokil! Aset BRI, Mandiri, BCA & BNI Hampir Setengah Harta Indonesia",2024-12-05,Thursday
"Rupiah Menguat, Intip Kurs Dolar di 4 Bank Besar RI Hari Ini",2024-12-05,Thursday
"Video: Adu Laba 4 Bank Besar: BRI, BCA, BNI, Mandiri, Ini Pemenangnya!",2024-12-05,Thursday
"Asing Net Sell Lagi, tapi Saham Ini Masih Dikoleksi",2024-12-06,Friday
Simak Aturan Baru Biaya Admin-Saldo Minimum Rekening di 4 Bank Raksasa,2024-12-07,Saturday
"IHSG Balik ke Level 7.400, 330 Saham Naik",2024-12-09,Monday
Asing Terciduk Lego Saham BBCA Hingga Emiten Prajogo Kala IHSG Melesat,2024-12-09,Monday
"Bukti Kelas Menengah RI Makin Susah, Terlihat dari QRIS",2024-12-10,Tuesday
"Grup Djarum Buka Suara Terkait Akuisisi Bakmi GM Rp2,1 Triliun",2024-12-10,Tuesday
"Ekonomi China Bikin Deg-Degan, IHSG-Rupiah Bisa Jadi Korban",2024-12-10,Tuesday
Ini Dia Saham Buruan Asing Saat IHSG Balik Lagi ke 7.400,2024-12-10,Tuesday
"Disebut Mau Akuisisi Bakmi GM, Ini Gurita Bisnis Grup Djarum",2024-12-10,Tuesday
"BCA Bagi Dividen Interim Rp 6,1 T, Hartono Bersaudara Dapat Segini",2024-12-11,Wednesday
"Mau Diakuisisi Rp2,1 T Grup Djarum, Segini Perkiraan Omzet Bakmi GM",2024-12-11,Wednesday
OCBC dan CIMB Disebut Berebut Saham Bank Panin (PNBN),2024-12-11,Wednesday
"Profil Pemilik Bakmi GM, Calon Penerima Uang Rp2,1 Triliun dari Djarum",2024-12-11,Wednesday
"Net Buy Asing Menipis, Saham Ini Masih Jadi Buruan Investor Luar",2024-12-11,Wednesday
"IHSG Bertahan di 7.400, Asing Koleksi Saham Ini",2024-12-12,Thursday
"IHSG Merana, Perbankan Jadi Biang Kerok",2024-12-12,Thursday
Diskon 12.12! IHSG Ditutup Koreksi Nyaris 1%,2024-12-12,Thursday
5 Orang Terkaya di Indonesia Versi Forbes per Desember 2024,2024-12-13,Friday
"Menunggu Kado Santa Claus Rally, Check Saham Valuasi Murah Ini!",2024-12-13,Friday
"Gagal Happy Weekend, IHSG Merosot Nyaris 1% Lagi",2024-12-13,Friday
"Rupiah Makin Lemah, Bank-bank Besar Jual Dolar AS Rp16.000",2024-12-13,Friday
"IHSG Gagal Bertahan di 7.400, Asing Lepas Saham Bank Jumbo",2024-12-13,Friday
"IHSG Loyo Lagi, Sektor & Saham Ini Biang Keladinya",2024-12-13,Friday
"Terpampang Jelas, Bukti Kelas Menengah RI Kian Susah Ada di QRIS!",2024-12-14,Saturday
"Sosok Pemilik Bakmi GM, Jual Perusahaannya Senilai Rp2 T ke Djarum",2024-12-15,Sunday
"Jelang Akhir 2024, 5 Konglo Masih Jadi Top Orang Terkaya RI",2024-12-15,Sunday
"Bakmi GM Mau Diakuisisi Djarum, Sosok Ini Bakal Jadi Triliuner Baru",2024-12-15,Sunday
Deretan Anak Perusahaan Djarum Group di Berbagai Sektor,2024-12-16,Monday
Asing Terciduk Lego 10 Saham Ini Kala IHSG Merah Merona,2024-12-16,Monday
"Profil Pemilik Bakmi GM, Calon Penerima Rp 2,1 T dari Grup Djarum",2024-12-16,Monday
"IHSG Merosot Nyaris 1% ke 7.200, Ini Penyebabnya",2024-12-16,Monday
Djohan Emir Setijoso Mundur dari Kursi Presiden Komisaris BCA (BBCA),2024-12-17,Tuesday
"IHSG Merana Balik Ke 7.200, Asing Kompak Lego Saham-Saham Ini",2024-12-17,Tuesday
"Banjir Stimulus untuk Dongkrak Daya Beli, Saatnya Pasar Bangkit?",2024-12-17,Tuesday
"IHSG Ambruk Lagi, Asing Lepas Triliunan Rupiah di Saham-Saham Ini",2024-12-18,Wednesday
"IHSG Balik Merana, Bank Raksasa Jadi Biang Kerok Lagi",2024-12-18,Wednesday
"IHSG Merana Lagi, Nyaris Dekati 7.000-an",2024-12-18,Wednesday
"Sabda Fed, Bakal Jadi Gempa Baru Buat IHSG & Rupiah?",2024-12-19,Thursday
IHSG Ambruk 5 Hari Beruntun! Asing Lepas Saham Big Bank,2024-12-19,Thursday
"IHSG Longsor, Asing Net Sell Besar, Saham Ini Banyak Dijual",2024-12-20,Friday
"PPN 12% dan Dolar AS Makin Mahal, Bankir Kompak Bilang Gini",2024-12-20,Friday
Bank Besar RI Gelontorkan Uang Tunai Rp145 T Untuk Natal & Tahun Baru,2024-12-20,Friday
"PPN 12% Potensi Tekan Daya Beli, Bankir Teriak Gini",2024-12-20,Friday
"Selamat Hari Ibu, Ini 10 Emiten RI dengan Karyawan Perempuan Terbanyak",2024-12-22,Sunday
"Kelas Menengah RI Makin Sengsara, Buktinya Terlihat dari QRIS",2024-12-22,Sunday
"IHSG Kesulitan Balik ke 7.000, Asing Masih Kompak Lepas Saham Ini",2024-12-23,Monday
IHSG Rebound! tapi Tekanan Jual Asing Masih Ada,2024-12-24,Tuesday
"PPN 12% Berlaku per 1 Januari 2025, Daya Beli Warga RI Aman?",2024-12-24,Tuesday
"Bikin Takut Bank-Bank Besar RI, Isu Ini Bakal Lanjut Tahun Depan",2024-12-24,Tuesday
"Terbaru! Ini Daftar Bunga Deposito BRI, Mandiri - BCA Desember 2024",2024-12-24,Tuesday
Transaksi QRIS Bakal Kena PPN 12%? Ini Kata BI,2024-12-26,Thursday
"Cerita Sritex Bangkrut hingga Ada Dugaan ""Tangan Setan""",2024-12-26,Thursday
"IHSG Masih Loyo, Check Pilihan Saham Murah di Akhir Tahun Ini!",2024-12-26,Thursday
"Isu Ini Bikin Takut Bank Besar, Tahun Depan Masih Berlanjut",2024-12-26,Thursday
BI Pastikan Transaksi QRIS di Bawah Rp 500 Ribu Bebas PPN,2024-12-28,Saturday
"Fenomena Bank Asing Angkat Kaki dari RI, Terbaru Bank Asal Australia",2024-12-30,Monday
"IHSG Kurang Gairah, Saham Bank Raksasa Masih Tertekan",2024-12-30,Monday
Ketakutan Jokowi Muncul Lagi di Era Prabowo,2024-12-30,Monday
"Biaya Ganti & Cetak Kartu BCA per 15 Januari 2024, Ada yang Naik 100%",2024-12-31,Tuesday
Asing Masih Jauhi Saham Big Bank Pada Pekan Pertama 2025,2025-01-06,Monday
"Lengkap, Segini Bunga Deposito BRI, BNI, BCA, Mandiri Terbaru",2025-01-06,Monday
"IHSG Balik Loyo, Perbankan Raksasa Jadi Biang Keroknya",2025-01-06,Monday
Saham Bank Raksasa Jadi Penekan IHSG Ambles 1% Lebih,2025-01-06,Monday
"Banyak Ketidakpastian - Minim Katalis, IHSG Masih Bergerak Loyo!",2025-01-07,Tuesday
"Daftar Terbaru Bunga Deposito BRI, Mandiri, BCA, BNI Januari 2025",2025-01-07,Tuesday
Investor RI Tak Bisa Tidur Nyenyak Karena Amerika,2025-01-07,Tuesday
Asing Diam-diam Lego 10 Saham RI Ini Kala IHSG Anjlok,2025-01-07,Tuesday
Asing Terciduk Lego 10 Saham Ini Kala IHSG Menguat,2025-01-08,Wednesday
"IHSG Masih Stagnan, Saham & Sektor Ini Biang Keladinya",2025-01-08,Wednesday
"IHSG Ogah Bergerak, Turun Tipis dan Masih di Level 7.000",2025-01-08,Wednesday
Asing Diam-diam Borong Saham Blue Chip RI Kala IHSG Lesu,2025-01-09,Thursday
"Ini Ramalan Terbaru Kinerja Bank Raksasa RI: BRI, Mandiri Hingga BCA",2025-01-09,Thursday
"IHSG Nyaris Tak Bergerak, Saham Prajogo Jadi Pendorong Sekaligus Beban",2025-01-09,Thursday
"Tahun Baru Asing Langsung Serbu RI, Big Caps Jadi Incaran!",2025-01-10,Friday
Cobaan Belum Usai! Nasib IHSG - Rupiah Hari Ini Bergantung AS - China,2025-01-10,Friday
"IHSG Masih Kurang Tenaga, Asing Kompak Borong Saham Ini",2025-01-10,Friday
Proyeksi Laba & Target Harga Saham Big Bank pada 2025 Menurut Analis,2025-01-13,Monday
Asing Pilih Koleksi Saham-Saham Ini Kala IHSG Menguat,2025-01-13,Monday
"Big Bank Ambles, IHSG Jauhi 7000. Ini Penyebabnya!",2025-01-14,Tuesday
Kabar Baik Buat Pejuang KPR! Skor SLIK Jelek Tetap Bisa Dapat Kredit,2025-01-15,Wednesday
"IHSG Jatuh ke Level 6.900, Asing Masih Jual Saham Bank",2025-01-15,Wednesday
"Saham Bank Jumbo Bangkit, BRI (BBRI) Ngebut",2025-01-15,Wednesday
"Jangan Takut Saham Big Bank Loyo, Bangkitnya Tak Butuh Lama",2025-01-15,Wednesday
"BI Pangkas Suku Bunga, Saham Bank Raksasa RI Kompak Terbang",2025-01-15,Wednesday
"Ditopang Saham Perbankan, IHSG Melesat 1,77% Dekati Level 7.100",2025-01-15,Wednesday
"Video: Saham Big Bank Masih Loyo, Kapan Bangkit?",2025-01-16,Thursday
"Kredit Macet Paylater Turun, Ternyata Gara-Gara Ini",2025-01-16,Thursday
"Adu Kinerja BBCA-BBRI-BMRI-BBNI per November 2024, Siapa Paling Kuat?",2025-01-16,Thursday
"BI Cut Rate: Cek Daftar Suku Bunga Deposito Terbaru, Mana Tertinggi?",2025-01-16,Thursday
"IHSG Cerah, Saham Bank Jumbo Pesta",2025-01-16,Thursday
"BI, AS, & Arab Beri Kabar Baik, Saatnya IHSG Pesta",2025-01-16,Thursday
"BI Rate Turun Jadi Angin Segar Bagi Saham Bank, Ini Alasannya",2025-01-16,Thursday
Asing Terciduk Lepas Deretan Saham Ini Saat IHSG Menguat,2025-01-17,Friday
Adu Penyaluran Kredit Mandiri-BRI-BCA-BNI : Siapa Paling Ekspansif?,2025-01-17,Friday
IHSG Happy Weekend Ditopang Kinerja Emiten Big Cap,2025-01-17,Friday
Peringatan Keras untuk Investor Indonesia: Saatnya Embrace The Chaos!,2025-01-20,Monday
"IHSG Menguat di Awal Pekan, Asing Malah Lepas 10 Saham Ini",2025-01-21,Tuesday
"Jadi Kesayangan Investor: Saham BRI, Mandiri, BCA & BNI Terbang",2025-01-22,Wednesday
"IHSG Masih Lanjut Menguat, Asing Malah Gencar Lepas 10 Saham Ini",2025-01-22,Wednesday
"10 Saham Ini Diam-Diam Dilepas Asing Kala IHSG Hijau, Ada GOTO & BBCA",2025-01-23,Thursday
"BEI Rombak Penghuni LQ45, CTRA, JPFA, dan MAPA Gantikan 3 Emiten Ini",2025-01-23,Thursday
"Musim Laporan Keuangan Dimulai, Siapa yang Akan Jadi Jawara Big Banks?",2025-01-23,Thursday
"Bursa Rombak IDX30, XL Axiata (EXCL) dan Indosat (ISAT) Masuk",2025-01-23,Thursday
"IHSG Masih Kuat Nanjak, Saham Bank Jumbo Jadi Pendorong",2025-01-23,Thursday
"DPK Lesu, Laba BCA (BBCA) Tumbuh 12,7% Jadi Rp54,8 T di 2024",2025-01-23,Thursday
OJK Buka Suara Soal Kabar Dua Bank Digital Mau IPO,2025-01-24,Friday
"Investor Profit Taking Jelang Long Weekend, IHSG Turun ke 7.100",2025-01-24,Friday
"Kabar IPO BCA Digital alias Blu, Ini Kata Bosnya",2025-01-24,Friday
"IHSG Loyo Jelang Libur Panjang, Investor Sibuk Ambil Untung",2025-01-24,Friday
"Likuiditas Jadi Momok, Bank Raksasa RI Buka-Bukaan Kondisi Saat Ini",2025-01-24,Friday
Asing Lepas 10 Saham Ini Saat IHSG Gagal Naik ke 7.300,2025-01-24,Friday
"Profil Grup Djarum, Akuisisi Bakmie GM Hingga DATA",2025-01-24,Friday
Bos BCA Waspada Kredit Bank Turun Gegara Daya Beli Lemah,2025-01-24,Friday
"Bukti Baru Kantong Warga RI Kempes, Terlihat dari Sini",2025-01-27,Monday
"Blackrock Bikin Saham BCA Anjlok 5% Seminggu, Saatnya BUY or BYE?",2025-01-28,Tuesday
"Daftar Terbaru Orang Terkaya Indonesia, Ini Ternyata Sumber Uangnya!",2025-01-29,Wednesday
Investor Tunggu Dividen! Ini Prediksi BCA-BNI-BRI-Mandiri Tahun Ini,2025-01-30,Thursday
"IHSG Longsor Lagi ke 7.100, Asing Banyak Jual Saham Ini",2025-01-30,Thursday
"Gara-Gara The Fed, IHSG Merah Lagi Habis Libur Panjang!",2025-01-30,Thursday
"The Fed Tahan Suku Bunga, Mampukah IHSG Capai Rp8.000?",2025-01-30,Thursday
Diam-Diam Asing Banyak Jual Saham Ini,2025-01-31,Friday
"IHSG Balik ke 7.100, Asing Kompak Incar BBRI Hingga GOTO",2025-02-03,Monday
Analisis Penyebab IHSG Ambles 1% Lebih Hingga Balik ke Level 7.000,2025-02-03,Monday
Daftar Suku Bunga Deposito Terbaru 3 Februari 2025: Ada yang Naik Nih,2025-02-03,Monday
"Alert! Makin Merana IHSG Ambruk 2,21%, Semua Sektor Merah",2025-02-03,Monday
"Trump Effect & RI Deflasi, IHSG Jeblok 2% Lebih",2025-02-03,Monday
Asing Terciduk Lego 10 Saham Ini Kala IHSG Merah Merona,2025-02-04,Tuesday
"IHSG Berbalik Hijau, Asing Serbu Saham Ini",2025-02-05,Wednesday
"Ini Bocoran Dividen Bank Mandiri (BMRI), BNI (BBNI) & BCA (BBCA)",2025-02-05,Wednesday
"Ekonomi RI Lesu, IHSG Anjlok",2025-02-06,Thursday
"IHSG Ambruk 2% Lebih, Sentuh Level Terendah Sejak 24 Juni 2024",2025-02-06,Thursday
"Saham Bank Ambrol, IHSG Terjun 2%. Begini Penjelasan Analis!",2025-02-06,Thursday
"Mari Merapat! Ini Bocoran Kapan Borong Saham Mandiri, BCA & BRI",2025-02-06,Thursday
"IHSG Ambruk Hampir 2%, Analis Sepakat Soal Ini",2025-02-06,Thursday
"Usai Rilis Laba, Segini Target Harga Saham Big Bank dari Para Analis",2025-02-06,Thursday
"IHSG Ambruk Nyaris 2%, Ini Saham Biang Keroknya",2025-02-06,Thursday
Analisis Penyebab IHSG Ambles Nyaris 2% Hingga Balik ke Level 6.800,2025-02-06,Thursday
Merapat! Ini Saham yang Berpotensi Cuan Hari,2025-02-06,Thursday
"IHSG Lesu Lagi, Asing Kompak Jauhi Saham Big Cap",2025-02-06,Thursday
"Asing Kabur, IHSG Ambrol 2%, Begini Kata Analis!",2025-02-06,Thursday
"Bikin IHSG Ambruk, Analis Beberkan Alasan Asing Banyak Jual Saham Bank",2025-02-07,Friday
Rekap Laba Bank Raksasa RI: BNI-BSI-Mandiri!,2025-02-07,Friday
Analisis Penyebab IHSG Ambruk Hingga 3% Lebih,2025-02-07,Friday
"Saham Bank Besar Mulai Bangkit, Sentimen Membaik?",2025-02-07,Friday
"Asing Net Sell Rp2,38 T Kala IHSG Anjlok 2%, Kompak Lego 10 Saham Ini",2025-02-07,Friday
"5 Orang Paling Tajir RI Kekayaan Turun, Hartanya Menguap Triliunan",2025-02-10,Monday
"IHSG Ambruk Lagi, Kurang dari Sebulan Sudah Ambles Hampir 10%",2025-02-10,Monday
Alasan di Balik Amblesnya Saham Big Banks,2025-02-10,Monday
"Bursa Saham RI Ambruk 5% Dalam Sepekan, Ini Kata Bos BTN",2025-02-10,Monday
"IHSG Ambruk 4 Hari, Begini Penjelasan Analis!",2025-02-10,Monday
"Analisis Penyebab IHSG Ambruk, Outflow Hingga Kondisi Ekonomi",2025-02-10,Monday
"Breaking! IHSG Anjlok 2% Lebih, 2 Saham Prajogo Turun Tajam",2025-02-10,Monday
"IHSG Babak Belur 5% Seminggu, Asing Ramai Jualan di Sektor Ini!",2025-02-10,Monday
"IHSG Merana Pekan Lalu, Asing Pilih Borong 10 Saham Ini",2025-02-10,Monday
Pupus Harapan Masuk MSCI! Saham Prajogo Pangestu Rontok Berjamaah,2025-02-10,Monday
"Nasib RI: Dihajar Cuaca Ekstrem, Dihujani Sentimen Negatif Tiap Hari",2025-02-11,Tuesday
"407 Saham Turun, Asing Kabur Lagi Bawa Rp 921 Miliar",2025-02-11,Tuesday
"407 Saham Turun, Asing Kabur Lagi Bawa Rp 921 Miliar",2025-02-11,Tuesday
IHSG Hancur: Bagaimana Prospek Dividen Bank Mandiri - Indosat?,2025-02-11,Tuesday
Breaking! IHSG Ambles Lagi 1% Tertekan Kinerja Saham-Saham Ini,2025-02-11,Tuesday
Analisis Penyebab IHSG Ambruk 10% Dalam Tiga Pekan,2025-02-11,Tuesday
"Ngamuk, IHSG Melesat 1,74% Usai Terkapar 5 Hari Beruntun",2025-02-12,Wednesday
BEI Ungkap Investor Bakal Bisa Short Sell 10 Saham Ini,2025-02-12,Wednesday
"Asing Kabur Bawa Rp4,7 T, IHSG Sudah Ambruk 8%",2025-02-12,Wednesday
"Adu Kuat Kinerja Bank Raksasa RI : BRI, Mandiri, BNI",2025-02-12,Wednesday
Inflasi AS Melonjak: Awas! Indonesia Bisa Ikut Tanggung Derita,2025-02-13,Thursday
"IHSG Bangkit Jangan Senang Dulu, Asing Masih Net Sell!",2025-02-13,Thursday
Investor Buka-bukaan Soal Update Pembangunan Proyek IKN,2025-02-13,Thursday
"Breaking! IHSG Anjlok 1% Lebih, Ini Saham Biang Keroknya",2025-02-13,Thursday
"IHSG Ditutup Turun 0,48% Terbebani Kinerja Saham AMMN, BBCA & TPIA",2025-02-13,Thursday
"Perang Dagang Tinggal Tunggu Waktu, Sanggupkah IHSG-Rupiah Bertahan?",2025-02-14,Friday
"IHSG Balik Merah, 10 Saham Ini Paling Dijauhi Asing",2025-02-14,Friday
"Asing Terciduk Lego Rp1,05 T Saham-Saham Ini Kala IHSG Menguat",2025-02-17,Monday
"IHSG Melesat 2% Lebih, Saham BMRI dan BBRI Jadi Penopang",2025-02-17,Monday
"Saham Mandiri-BNI-BRI Bangkit, Begini Peluang Teknikalnya!",2025-02-17,Monday
IHSG Pesta Pora Hari Ini! Ditutup Naik Nyaris 3%,2025-02-17,Monday
IHSG Naik Nyaris 3%! Ini Saham yang Bikin Terbang,2025-02-17,Monday
"Asing Net Buy Rp 1,08 T, Kompak Borong 10 Saham Ini",2025-02-18,Tuesday
"Pertama di Februari! Asing Mulai Balik Lagi, IHSG Bangkit",2025-02-18,Tuesday
"Didukung 8 Kebijakan Prabowo & DHE, Mari Berdoa RI Kembali Pesta",2025-02-18,Tuesday
"IHSG Ditutup Anjlok 1,14%, Saham Perbankan Jadi Pemberat Utama",2025-02-19,Wednesday
"OJK Dorong Jumlah Big Bank Bertambah, Ini Respons Bankir",2025-02-19,Wednesday
Asing Terciduk Lego 10 Saham Ini Kala IHSG Cetak Hattrick,2025-02-19,Wednesday
"Adu Laba Bank Raksasa ASEAN, BRI Ranking Berapa?",2025-02-20,Thursday
"Asing Net Sell Rp1,13 Triliun, Diam-diam Lepas 10 Saham Ini",2025-02-20,Thursday
"IHSG Koreksi 2 Hari Beruntun, Asing Lepas Saham-Saham Ini",2025-02-21,Friday
Asing Terciduk Ramai-Ramai Lepas 10 Saham Ini Akhir Pekan Lalu,2025-02-24,Monday
"Asing Net Sell Jumbo Rp3,47 T, BBCA Banyak Dijual",2025-02-25,Tuesday
"Bukti Kelas Menengah RI Makin Susah, Terlihat dari QRIS",2025-02-25,Tuesday
"IHSG Dihajar Sentimen Dalam dan Luar Negeri, Asing Net Sell Rp1,6 T!",2025-02-26,Wednesday
"Tekanan Jual Asing Belum Reda, BBCA Banyak Dilepas",2025-02-27,Thursday
"IHSG Babak Belur, Sektor Finansial Kena Hantam",2025-02-27,Thursday
Amburadul! Dalam Sebulan IHSG Anjlok Paling Parah Sedunia,2025-02-27,Thursday
IHSG Ambruk Tertekan Kinerja Emiten Perbankan,2025-02-27,Thursday
"IHSG Amburadul, Bankir Kompak Bilang Gini",2025-02-28,Friday
"Asing Keluar Rp8 T Seminggu, Ini Sederet Penyebab IHSG Ambrol!",2025-02-28,Friday
"Perang Dagang Datang di Awal Ramadhan, IHSG- Rupiah Bisa Terguncang",2025-02-28,Friday
"IHSG Ditekan Aksi Jual Asing, Net Sell Tembus Rp1,78 Triliun",2025-02-28,Friday
"Robert Kiyosaki Ramal Pasar Saham Ambruk, Begini Kondisi IHSG",2025-02-28,Friday
Terbaru! Ini Daftar 5 Orang Terkaya di Indonesia,2025-03-02,Sunday
Data Transaksi QRIS Ungkap Beban Kelas Menengah RI Berat,2025-03-02,Sunday
"BEI Kumpulkan Pelaku Pasar, IHSG Melesat 2% Lebih",2025-03-03,Monday
Ini Bank Sehat RI: Pilar Kekuatan Ekonomi dengan Fundamental yang Kuat,2025-03-03,Monday
"Investor Happy, Emiten Perbankan & Blue Chip Kompak Terbang",2025-03-03,Monday
"JP Morgan Kerek Rekomendasi Saham BBRI Jadi Overweight, Ini Alasannya",2025-03-03,Monday
"IHSG & Rupiah Kompak Anjlok, Ini yang Sebenarnya Terjadi!",2025-03-03,Monday
"Hancur Lebur Pekan Lalu, Begini Ramalan IHSG Hari Ini",2025-03-03,Monday
"Asing Lego Rp 2,91 T di Saham-Saham Ini Kala IHSG Babak Belur",2025-03-03,Monday
Asing Terciduk Kompak Borong 10 Saham Ini Kala IHSG Terbang,2025-03-04,Tuesday
"Alarm Likuiditas Berbunyi Nyaring, Terdengar dari Bank Jumbo di RI",2025-03-04,Tuesday
Asing Terciduk Diam-diam Serok Saham Big Bank Kala IHSG Ambruk,2025-03-05,Wednesday
"Daftar Suku Bunga Deposito 5 Maret 2025: BRI, Mandiri Hingga BNI",2025-03-05,Wednesday
Kabar Baik! Asing Mulai Bawa Masuk Uang Rp 500 M ke Bursa Saham RI,2025-03-05,Wednesday
"Saham Bank Jumbo Pesta, IHSG Kembali ke Level 6.500-an",2025-03-05,Wednesday
"IHSG Naik 2,37% Hari Ini! Saham Bank Bangkit Perlahan",2025-03-05,Wednesday
"Saham Big Bank RI Pesta Pora, Ini Penyebabnya",2025-03-06,Thursday
Big Banks RI Kompak Laporkan Kinerja Januari 2025 : BNI Paling Moncer!,2025-03-06,Thursday
"IHSG Bangkit Lagi, Asing Terciduk Borong Saham-Saham Big Cap",2025-03-06,Thursday
Asing Terciduk Kompak Lego 10 Saham Ini Saat IHSG Menguat,2025-03-07,Friday
"5 Orang Terkaya di RI, Ada yang Hartanya Naik Rp 32,7 Triliun Sehari",2025-03-07,Friday
"10 Konglomerat RI Diundang Prabowo, Ini Daftar Kekayaannya!",2025-03-08,Saturday
Pasca-Kenaikan Rating BBNI oleh JP Morgan. Begini Kata Riset,2025-03-09,Sunday
"10 Saham Ini Paling Banyak Diborong Asing, Ada TLKM Hingga GOTO",2025-03-10,Monday
Asing Terciduk Tambah Muatan di Saham Ini Saat IHSG Lemah Lesu,2025-03-12,Wednesday
BCA (BBCA) Bagi Dividen Rp300 per Saham dan Ganti Dirut-Komut,2025-03-12,Wednesday
Siap-Siap THR Dividen! Segini Bocoran Astra dan Raksasa Bank,2025-03-12,Wednesday
"Terima Kasih Pak Prabowo, THR Bikin IHSG Sumringah Naik Nyaris 2%",2025-03-12,Wednesday
"IHSG Berakhir di Zona Merah, Deretan Saham Ini Jadi Pemberatnya",2025-03-13,Thursday
Video: Dividen BCA Rp 37 T & Hendra Lembong Resmi Jadi Presdir BCA,2025-03-13,Thursday
Menanti Suara Sri Mulyani di Tengah Kekacauan Dunia,2025-03-13,Thursday
"Asing Mulai Koleksi Saham RI Lagi, IHSG Langsung Tancap Gas",2025-03-13,Thursday
"Musim Dividen Tiba, Semoga Bisa Redam Efek Amukan Trump & Defisit APBN",2025-03-14,Friday
"APBN Tekor Awal Tahun, Asing Kabur Lagi Bawa Rp897 M dari Pasar Modal",2025-03-14,Friday
Asing Terciduk Borong Saham Ini Saat Net Sell Kembali Kencang,2025-03-14,Friday
"Akhir Pekan Suram, Ini Penyebab IHSG Anjlok 1% Lebih",2025-03-14,Friday
"Saham Konglomerat Ini Jadi Biang Kerok IHSG Ambruk 1,58%",2025-03-14,Friday
"Akhir Pekan Suram, IHSG Ambruk Nyaris 2% Gara-Gara Emiten Ini",2025-03-14,Friday
"Daftar Terbaru 10 Orang Terkaya RI, Ada yang Hartanya Lompat Rp96 T",2025-03-16,Sunday
IHSG Kembali Terjun Anjlok Usai Emiten Konglomerat Ini ARB,2025-03-17,Monday
Bersiap! BI Ambil Keputusan Genting Pekan Ini di Tengah Badai dari AS,2025-03-17,Monday
"Asing Net Sell Rp 1,77 Triliun, Ramai-Ramai Lego 10 Saham Ini",2025-03-17,Monday
"Awan Gelap Bayangi Ekonomi RI, Beban IHSG - Rupiah Makin Berat",2025-03-18,Tuesday
"IHSG Lesu di Awal Pekan, Asing Kompak Lepas 10 Saham Ini",2025-03-18,Tuesday
"Pagi-pagi IHSG Ambruk 2% Lebih, Ini Penyebab dan Analisanya",2025-03-18,Tuesday
"Saham Emiten Konglomerat RI Kompak Ambruk, Ada Apa?",2025-03-18,Tuesday
"Saham Konglomerat Bangkit, IHSG Ditutup Naik 1,42%",2025-03-19,Wednesday
"10 Saham Ini Dilego Asing Kala IHSG Kebakaran, BBCA Paling Dibuang",2025-03-19,Wednesday
Breaking! IHSG Dibuka Lompat 1% Lebih Diangkat Saham Konglo,2025-03-20,Thursday
"IHSG Bangkit, Asing Terciduk Kompak Jauhi Saham Big Bank RI",2025-03-20,Thursday
"The Fed & BI Kompak Tahan Suku Bunga, Badai Bakal Reda Atau Menggila?",2025-03-20,Thursday
"IHSG Melesat, Asing Terciduk Kompak Lepas 10 Saham Ini",2025-03-21,Friday
IHSG Terkoreksi Usai 2 Hari Reli,2025-03-21,Friday
"Hadapi Ketidakpastian, Komisi XI DPR Rapat Intensif dengan BI & LPS",2025-03-21,Friday
"IHSG Turun 2%, Ini Penjelasan Lengkap dari Analis",2025-03-21,Friday
"Ditutup Turun 2%, IHSG Kembali ke 6.200-an",2025-03-21,Friday
"Daftar 5 Orang Terkaya di RI, Sosok Ini Hartanya Lompat Rp 11 Triliun",2025-03-22,Saturday
"Sempat Anjlok 4,6%, IHSG Kembali Naik, Emiten Konglomerat Jadi Beban",2025-03-24,Monday
"IHSG Merana di Awal Pekan, Saham-Saham Ini Jadi Pemberat",2025-03-24,Monday
"Asing Net Sell Rp 2,35 Triliun, BCA (BBCA) Paling Banyak Dijual",2025-03-24,Monday
"Emiten Grup Lippo (SILO) Dapat Kredit Rp14,5 Triliun dari BNI Cs",2025-03-25,Tuesday
"BCA Lewat! Saham BBRI Naik 5%, BMRI 6%, BBNI 4% & BRIS 12%",2025-03-25,Tuesday
"Asing Mulai Masuk Lagi, Saham BBRI & BMRI Diserbu",2025-03-26,Wednesday
"Asing Net Buy Rp 2,58 Triliun, Saham Bank Diburu",2025-03-27,Thursday
"Asing Berebutan Masuk IHSG,  Aliran Dana Masuk ke RI Tembus Rekor",2025-03-27,Thursday
"Investor Profit Taking Saham Bank, IHSG Pagi Ini Lesu",2025-03-27,Thursday
"Kelas Menengah RI Makin Susah, Ini Buktinya",2025-03-29,Saturday
THR Jangan Dihabisin: Sisain Buat Investasi! Masih Ada 20 Saham Murah,2025-04-03,Thursday
"Bank Besar RI Sudah Jual Dolar AS Hampir Rp17.000, Ini Daftarnya!",2025-04-06,Sunday
Bos LPS: Indonesia Jauh dari Kondisi 1998,2025-04-08,Tuesday
"IHSG Ditutup Turun 7,9% Hari Ini, Parkir di Zona 5.900-an",2025-04-08,Tuesday
"IHSG Pangkas Koreksi di Akhir Sesi 1, Ini Penyebabnya",2025-04-08,Tuesday
Deretan Saham Ini Jadi Penyebab IHSG Turun,2025-04-08,Tuesday
"IHSG Dibuka Langsung Trading Halt, Saham Ini Jadi Beban Paling Besar",2025-04-08,Tuesday
"Net Sell Asing Tembus Rp 3,87 Triliun Saat IHSG Anjlok 7,9%",2025-04-09,Wednesday
"Saham Bank Besar Anjlok, OJK: Fundamental Tetap Aman",2025-04-09,Wednesday
"IHSG Dibuka Terbang 1,3%, Ini Penyebabnya",2025-04-09,Wednesday
"IHSG Ditutup Turun 0,47%, Tak Kuat Lawan Tarif Trump",2025-04-09,Wednesday
Seberapa Efektif Buyback Bisa Mengembalikan Harga Saham Bank?,2025-04-10,Thursday
"IHSG Terbang 5,02%, Investor Happy Dapat Kejutan dari Trump",2025-04-10,Thursday
"Disentil Gubernur Soal IPO, Laba Bank DKI Malah Merosot 23,62%",2025-04-10,Thursday
"16 Emiten Siap Buyback Tanpa RUPS, Siapkan Dana Rp 12,69 Triliun",2025-04-10,Thursday
"Deretan Saham Ini Bikin IHSG Terbang 5,07%",2025-04-10,Thursday
"Daftar 16 Emiten yang Buyback Tanpa RUPS, Ada BREN, CBDK Hingga BUKA",2025-04-10,Thursday
"IHSG Lanjut Melemah, 10 Saham Ini Malah Ramai Diborong Asing",2025-04-10,Thursday
Asing Terciduk Diam-Diam Lego 10 Saham Ini Kala IHSG Lompat Nyaris 5%,2025-04-11,Friday
"IHSG Melemah, Saham-Saham Ini Jadi Pemberat",2025-04-11,Friday
"IHSG Tutup Akhir Pekan dengan Senyum, Asing Borong Saham Ini",2025-04-14,Monday
IHSG Lompat Nyaris 2% Ditopang Kinerja Saham-Saham Ini,2025-04-14,Monday
"IHSG Ditutup Lompat 1,70% Digendong Deretan Saham Ini",2025-04-14,Monday
"IHSG Kembali Menguat, Dalam 4 Hari Perdagangan Sudah Terbang 7,94%",2025-04-15,Tuesday
IHSG Balik Lagi ke Level 6.400 Ditopang Kinerja Saham-Saham Ini,2025-04-15,Tuesday
"Indeks LQ45 Seminggu Pulih 8%, Market Cap Meroket Rp400 T",2025-04-15,Tuesday
"RI Negoisasi Tarif Trump, Wall Street Terbang: IHSG-Rupiah Bisa Pesta?",2025-04-15,Tuesday
IHSG Melesat Hari Ini Digendong Saham Bayan Resources (BYAN),2025-04-15,Tuesday
"Badai dari AS Mereda, Indikator Ekonomi Indonesia Malah Merana",2025-04-16,Wednesday
"Asing Net Sell Rp 2,48 Triliun, Saham Ini ""Kebal"" Aksi Jual",2025-04-16,Wednesday
BCA (BBCA) Seret IHSG ke Zona Merah,2025-04-16,Wednesday
"Ambisi Besar Bos BRI, Mau Bawa Laba BBRI Terbesar di Asia Tenggara",2025-04-16,Wednesday
"Setelah Naik-Turun, IHSG Sesi I Berakhir di Zona Merah Gara-Gara Ini",2025-04-16,Wednesday
"Setelah 4 Hari Menguat, IHSG Ditutup Turun 0,65% Hari Ini",2025-04-16,Wednesday
Asing Pilih Borong 10 Saham Ini Saat Reli IHSG Berakhir,2025-04-17,Thursday
"Setelah Investor Dibawa Naik Turun, IHSG Tutup Sesi I Naik 0,05%",2025-04-17,Thursday
"Suram! Wall Street Ambruk, Fed Beri Kabar Buruk & Perang Tarif Memanas",2025-04-17,Thursday
"Net Sell Asing Tembus Rp 8,21 Triliun, Ini Sebabnya",2025-04-17,Thursday
"Kelas Menengah RI Makin Susah, Buktinya Terlihat di QRIS",2025-04-19,Saturday
"IHSG Sesi I Turun 0,27% Gara-Gara Ini",2025-04-21,Monday
"Pasar Naik-Turun, Asuransi TUGU Beberkan Strategi Investasi Saham",2025-04-21,Monday
"Selamat Hari Kartini, Ini 10 Perusahaan Punya Pekerja Wanita Terbanyak",2025-04-21,Monday
"IHSG Balik Arah Ditutup Naik 0,12%, Digendong Saham Toto Sugiri DCII",2025-04-21,Monday
"Panas! Trump Serang The Fed Habis-habisan, Ada Rapat Genting di BI",2025-04-22,Tuesday
"IHSG Menguat di Awal Pekan, Asing Malah Lego Saham-Saham Blue Chip",2025-04-22,Tuesday
"IHSG Tiba-Tiba Melesat, Naik 0,89% di Sesi I",2025-04-22,Tuesday
"IHSG Ditutup Naik 1,35% Hari Ini, Saham Energi & Tambang Pesta",2025-04-22,Tuesday
"IHSG Cerah, Ditutup Naik 1,47% ke level 6.634",2025-04-23,Wednesday
"BCA (BBCA) Cetak Laba Rp 14,1 Triliun per Kuartal I-2025",2025-04-23,Wednesday
"IHSG Melesat di Sesi Pertama, Saham BBRI Jadi Penopang Utama",2025-04-23,Wednesday
"IMF Cut Pertumbuhan Ekonomi RI Cuma Jadi 4,7%, Investor Tunggu BI",2025-04-23,Wednesday
"Ramalan IMF Tak Berpengaruh, Ini Penyebab IHSG Lompat 1% Lebih",2025-04-23,Wednesday
"Ditunggu-tunggu, Akhirnya Dana Asing Mulai Mudik ke RI!",2025-04-23,Wednesday
Asing Terciduk Diam-diam Borong 10 Saham Ini Kala IHSG Naik,2025-04-23,Wednesday
"Perang Dagang AS-China Mulai Adem, Sri Mulyani Cs Beri Kabar Penting",2025-04-24,Thursday
Asing Terciduk Diam-Diam Borong 10 Saham Ini Kala IHSG Reli,2025-04-24,Thursday
"Laju IHSG Tersendat, Gagal Naik 1% Gara-Gara Ini",2025-04-24,Thursday
"Adu Jor-joran Dividen Bank, Siapa Paling Royal?",2025-04-24,Thursday
"Saham BBCA dan Konglomerat Loyo, Reli IHSG Berakhir",2025-04-24,Thursday
"IHSG Uji Level Resistance, Masih Betah Bermain di Level 6.600-an",2025-04-25,Friday
"IHSG Happy Weekend, Hari Ini Ditutup Naik Nyaris 1% Dekati 6.700",2025-04-25,Friday
Breaking! IHSG Melesat 1% Ditopang Kinerja Saham-Saham Ini,2025-04-25,Friday
"IHSG Gagal Lanjutkan Reli, Asing Kompak Lego 10 Saham Ini",2025-04-25,Friday
"Pemerintah Beri Kabar Negosiasi Dagang, IHSG Dapat Suntikan Positif",2025-04-25,Friday
"IHSG Full Senyum, Asing Terciduk Koleksi Saham Ini",2025-04-28,Monday
IHSG Lanjutkan Reli Dekati Level 6.800 Ditopang Deretan Saham Ini,2025-04-28,Monday
Rumor IPO Jumbo 2025 : Ada 2 Emiten Prajogo Pangestu!,2025-04-28,Monday
"IHSG Menguat 0,66% Digendong Reli Saham Bank Rakyat Indonesia (BBRI)",2025-04-28,Monday
Asing Terciduk Borong Saham BBRI hingga ANTM Kala IHSG Menguat,2025-04-29,Tuesday
IHSG Kembali Perkasa Dekati Level 6.800 Sambut Musim Rilis Lapkeu,2025-04-30,Wednesday
IHSG Lanjutkan Reli Sebelum Libur Hari Buruh,2025-04-30,Wednesday
"Adu Kredit Big Bank RI per Maret, Siapa Paling Agresif Dorong Ekonomi?",2025-04-30,Wednesday
"IHSG Lanjut Menguat, Asing Malah Lepas 10 Saham Ini",2025-04-30,Wednesday
"Ekonomi AS Mulai Gelap, RI Was-was Menunggu 2 Kabar Penting Hari Ini",2025-05-02,Friday
"IHSG Reli Panjang, Saham-Saham Ini Jadi Buruan Asing",2025-05-02,Friday
"IHSG Lanjut Pesta, Sektor Properti Ngebut!",2025-05-02,Friday
"IHSG Naik 0,72% Hari Ini, Tembus Level 6.800",2025-05-02,Friday
Asing Kompak Borong 10 Saham Ini Kala IHSG Lanjut Menguat,2025-05-05,Monday
Investor Siap-Siap! Anak Usaha TPIA Chandra Daya Investasi Akan IPO,2025-05-05,Monday
"Investor Cerna Data Pertumbuhan Ekonomi RI, IHSG Naik 0,53%",2025-05-05,Monday
Asing Kompak Beli 10 Saham Ini Saat IHSG Reli Panjang,2025-05-07,Wednesday
"IHSG Masih Reli Panjang, Asing Borong Saham-Saham Blue Chip",2025-05-08,Thursday
"Saham Bank Rontok, Ini Penyebab IHSG Tiba-Tiba Turun 1%",2025-05-08,Thursday
"Ada Saham Bank Besar Lompat 11%, IHSG Keluar dari Zona Merah 1%",2025-05-08,Thursday
"Jelang Libur Panjang, IHSG Ditutup Anjlok 1,42%!",2025-05-08,Thursday
"Habis Naik 4 Hari, IHSG Mulai Koreksi. Jadi Kesempatan Beli Lagi?",2025-05-08,Thursday
Asing Terciduk Diam-Diam Borong 10 Saham Ini Kala IHSG Merah,2025-05-09,Friday
Kode Domisili - Broker Mau Dibuka : Bursa RI Bisa Kebanjiran Duit?,2025-05-09,Friday
10 Saham Paling Diborong Asing Pekan Ini : Ada ANTM - LPPF,2025-05-11,Sunday
10 Perusahaan RI dengan Aset Terbesar : Mandiri Paling Juara,2025-05-12,Monday
Bukti Kelas Menengah RI Makin Susah Tampak Nyata di QRIS,2025-05-13,Tuesday
Asing Ramai-Ramai Serbu Saham Ini Sebelum Long Weekend,2025-05-14,Wednesday
"Breaking! IHSG Makin Tak Terbendung, Naik 2,2% Dekati 7.000",2025-05-14,Wednesday
"Digendong BBRI & BMRI, IHSG Selangkah Lagi Menuju Level 7.000",2025-05-14,Wednesday
"Asing Net Buy Jumbo Rp 2,84 T, BBRI-BMRI Laris Manis",2025-05-15,Thursday
"Investor Asing Cari Cuan Lagi di RI, Duit Rp 2,84 T Masuk Dalam Sehari",2025-05-15,Thursday
IHSG Terbang Lagi Dikerek Saham Perbankan dan BUMN,2025-05-15,Thursday
"Modal Asing Berduyun-duyun Kembali ke RI, Net Buy Rp 1,68 T Sehari",2025-05-16,Friday
IHSG Lanjutkan Reli Ditopang Kinerja Saham-Saham Ini,2025-05-19,Monday
"Asing Balik Lagi ke RI, IHSG Masih Murah Dibanding India - Vietnam!",2025-05-19,Monday
Asing Terciduk Kompak Borong 10 Saham Ini Saat IHSG Balik ke 7.100,2025-05-19,Monday
"Viral Rekening Nasabah BCA & Bank Jago Diblokir, PPATK Buka Suara",2025-05-19,Monday
Dear Investor! Pemerintah Beberkan APBN & Target Prabowo 2026 Hari Ini,2025-05-20,Tuesday
"IHSG Reli Panjang, 10 Saham Ini Jadi Incaran Asing",2025-05-20,Tuesday
"Rekening Nasabah Mendadak Diblokir PPATK, BCA & Bank Jago Buka Suara",2025-05-20,Tuesday
Asing Pilih Borong Saham Bank Saat IHSG Melemah,2025-05-21,Wednesday
"Jelang Pengumuman BI Rate, 4 Saham Ini Bergerak Naik",2025-05-21,Wednesday
"IHSG Ngebut Jelang Pengumuman BI Rate, Naik Nyaris 1%",2025-05-21,Wednesday
"Breaking! IHSG Langsung Tancap Gas, Lompat 1% Usai BI Rate Turun",2025-05-21,Wednesday
"Asing Serbu Bursa Setelah BI Rate Turun, Saham Ini Banyak Diborong",2025-05-22,Thursday
"10 Bank Terbesar di RI 2025, Ada yang Asetnya Lompat 16,1%",2025-05-23,Friday
Asing Kompak Borong 10 Saham Ini Kala IHSG Menguat,2025-05-23,Friday
"IHSG Uji Level 7.200, Asing Kompak Borong BBRI & ANTM",2025-05-26,Monday
"IHSG Merah Awal Pekan, Asing Kompak Lepas Saham Tambang",2025-05-27,Tuesday
IHSG Tiba-tiba Balik Arah ke Zona Merah Tertekan Kinerja Saham BBCA,2025-05-27,Tuesday
"IHSG Menguat Dalam Perdagangan Volatil, Digendong Saham BRPT-BBRI",2025-05-27,Tuesday
"RI Dibanjiri Kabar Positif Sebelum Libur Panjang, Semoga Investor Cuan",2025-05-28,Wednesday
Asing Banyak Lepas Saham Ini Jelang Libur Panjang,2025-05-28,Wednesday
Asing Balik Rp6 T Sebulan! Ini Saham Paling Banyak Diborong Vs Dijual,2025-05-30,Friday
"IHSG Ditutup Merah, Turun 1,54% Hari Ini",2025-06-02,Monday
"Investor Waswas Data Ekonomi RI, IHSG Lanjut Ambruk",2025-06-02,Monday
"Saham Bank Raksasa RI Turun Tajam, IHSG Makin Tertekan",2025-06-02,Monday
"Breaking! IHSG Turun 1% Lebih, Investor Waswas Tunggu Data Ekonomi RI",2025-06-02,Monday
Asing Terciduk Lego 10 Saham Ini Kala IHSG Melemah,2025-06-02,Monday
"IHSG Anjlok, Asing Kompak Lego Rp 2 Triliun Lebih Saham Big Banks",2025-06-03,Tuesday
Penyebab Saham Bank Keok: Data Ekonomi Hingga Profit Taking,2025-06-03,Tuesday
"IHSG Lanjut Melemah, Asing Kompak Lepas Saham Bank",2025-06-04,Wednesday
Asing Kompak Jauhi Saham-Saham Ini Saat IHSG Bangkit,2025-06-05,Thursday
Asing Kompak Lego Saham Blue Chip Jelang Long Weekend Pekan Lalu,2025-06-10,Tuesday
"IHSG Melesat Tembus Level 7.200 Lagi, Ada Apa?",2025-06-10,Tuesday
"IHSG Terbang 1,65% Ditopang Kinerja Emiten Blue Chip",2025-06-10,Tuesday
Gaji Pas-Pasan Bisa Cuan Saham? Modalnya Cuma Rp100 ribu Saja,2025-06-11,Wednesday
"Dana Asing Rp 1 T Masuk RI, Diam-diam Borong 10 Saham Ini",2025-06-11,Wednesday
"Pantas IHSG Koreksi, Asing Ternyata Buang 10 Saham Ini",2025-06-12,Thursday
10 Saham Jadi Incaran Asing Kala IHSG Lesu,2025-06-13,Friday
"Israel-Iran Panas Bikin Investor Cemas, Duit Rp 71,07 T Menguap",2025-06-13,Friday
"Israel Serang Iran Bikin Investor Waswas, IHSG Ditutup Turun 0,53%",2025-06-13,Friday
"12 Perusahaan RI Masuk Top 2000 Global Versi Forbes, Check Disini!",2025-06-15,Sunday
"Top 10 Perusahaan di ASEAN Versi Forbes Edisi 2025, Ada Siapa Aja?",2025-06-15,Sunday
"IHSG Terkoreksi 0,68% Tertekan Kinerja Saham AMMN & BBCA",2025-06-16,Monday
"Perang Iran-Israel Memanas, 8 Negara Ambil Keputusan Genting Pekan Ini",2025-06-16,Monday
"Terbebani Kinerja Saham BBCA, IHSG Terkoreksi Tipis",2025-06-16,Monday
"IHSG Naik 0,54%, Pangkas Penguatan Jelang Akhir Perdagangan",2025-06-17,Tuesday
"IHSG Melesat 0,73% Ditopang Kinerja Deretan Saham Ini",2025-06-17,Tuesday
"Suku Bunga Dibayangi Perang: Dunia Menanti Langkah Israel, Iran & AS",2025-06-17,Tuesday
Saham-Saham Ini Ditinggalkan Asing Kemarin,2025-06-17,Tuesday
Daftar 10 Orang Terkaya di Indonesia per Juni 2025,2025-06-17,Tuesday
"IHSG Rebound, Asing Malah Banyak Lepas 10 Saham Ini",2025-06-18,Wednesday
Israel vs Iran Membara: Semua Mata Kini Tertuju ke BI & The Fed,2025-06-18,Wednesday
Ada Saham yang Terciduk Diborong Asing,2025-06-18,Wednesday
"BI Tahan Suku Bunga, IHSG Ditutup Turun 0,67%",2025-06-18,Wednesday
"IHSG Lesu, Asing Kompak Lepas Saham Bank hingga Energi",2025-06-19,Thursday
Penyebab IHSG Tiba-Tiba Ambruk 1%,2025-06-19,Thursday
Breaking! IHSG Tiba-Tiba Ambruk 1%,2025-06-19,Thursday
"The Fed & BI Tahan Suku Bunga, Perang Membara: IHSG - Rupiah Tertekan?",2025-06-19,Thursday
"IHSG Koreksi, Asing Kompak Borong ANTM hingga BREN",2025-06-19,Thursday
"Modal Asing Mengalir Deras Keluar Pasar Modal, Saham Ini Banyak Dijual",2025-06-20,Friday
"Cobaan Masih Berat, IHSG Turun 0,72% Balik Lagi ke Level 6.800-an",2025-06-20,Friday
IHSG Anjlok Lagi Tertekan Kinerja Saham Blue Chip,2025-06-20,Friday
"Bersiap Hadapi Badai: IHSG Rupiah Diuji Perang, Kongres China-The Fed",2025-06-23,Monday
"Asing Bawa Kabur Rp 2,73 Triliun, Kompak Jual Saham-Saham Ini",2025-06-23,Monday
Analisis Penyebab IHSG Anjlok 2% Lebih,2025-06-23,Monday
"Terbaru, Ini Daftar 10 Orang Terkaya RI per Juni 2025",2025-06-23,Monday
Asing Ramai-Ramai Lego Deretan Saham Ini Kala IHSG Merana,2025-06-24,Tuesday
"IHSG Terbang 1,1% Siang Ini, 453 Saham Naik",2025-06-24,Tuesday
"IHSG Naik 1,21%, Sektor Properti Tiba-Tiba Terbang",2025-06-24,Tuesday
"Saham Bank Memerah, IHSG Ditutup Turun 0,54% Hari Ini",2025-06-25,Wednesday
"Bursa Dunia Sudah Pesta & Dolar Ambles, IHSG Rupiah Lanjut Nge-gas?",2025-06-25,Wednesday
Asing Terciduk Lepas Saham-Saham Ini Saat IHSG Bergairah,2025-06-25,Wednesday
"IHSG Tiba-Tiba Balik ke Zona Merah, Saham BBCA Jadi Biang Kerok",2025-06-25,Wednesday
"Deposito Tiga Bank Besar Melorot, Ada Apa?",2025-06-25,Wednesday
"Grup Djarum Susul Astra Masuk ke Saham HEAL, Begini Prospeknya!",2025-06-26,Thursday
"Asing Net Sell Rp 1 T, Lepas Saham-Saham Ini Kala IHSG Merah",2025-06-26,Thursday
IHSG OTW Happy Long Weekend Digendong Saham BMRI-TLKM,2025-06-26,Thursday
"BRI, Mandiri hingga Bayan Resources Jadi Perusahaan Terbesar di ASEAN",2025-06-27,Friday
"Asing Tarik Dana dari Bursa RI, Kompak Lepas Deretan Saham Ini",2025-06-30,Monday
"IHSG Menguat, Asing Koleksi Saham-Saham Ini",2025-07-01,Tuesday
"IHSG Koreksi Tipis, Asing Pilih Jauhi Saham Ini",2025-07-02,Wednesday
"IHSG Ambruk 1% Lebih, Saham Emiten Blue Chip Berguguran",2025-07-02,Wednesday
"Kabar Baik dari Trump & Pemerintah, Bisakah Jadi Booster IHSG-Rupiah?",2025-07-03,Thursday
"Dana Asing Keluar Rp 1,23 T Sehari, Saham Ini Banyak Dilepas",2025-07-03,Thursday
"IHSG Koreksi Lagi, Intip Saham yang Banyak Dikoleksi Asing",2025-07-03,Thursday
"Seharian di Zona Hijau IHSG Tiba-tiba Berakhir Melemah, Kenapa?",2025-07-03,Thursday
"Saham Blue Chip & Perbankan Jadi Beban IHSG Tahun Ini, Kenapa?",2025-07-03,Thursday
"JPMorgan Borong 117,42 Juta Saham BRI (BBRI)",2025-07-04,Friday
"IHSG Masih Koreksi, Aksi Asing Buang Barang Menciut",2025-07-04,Friday
"AS Sudah Pesta Pora & BI Beri Sinyal Pangkas Bunga, Kapan IHSG Naik?",2025-07-04,Friday
Asing Terciduk Kompak Lego 10 Saham Ini Kala IHSG Merah,2025-07-07,Monday
"IHSG Siang Ini Turun Tipis, 3 Sektor Bertahan di Zona HIjau",2025-07-07,Monday
"Pasar Sepi & Mayoritas Saham Turun, tapi IHSG Ditutup Naik 0,52%",2025-07-07,Monday
"Siaga! Trump Kembali Kirim Badai ke RI, IHSG-Rupiah di Titik Rawan",2025-07-08,Tuesday
10 Saham Pilihan Asing Kala IHSG Menguat,2025-07-08,Tuesday
"IHSG Sesi I Bertahan di Level 6.900, Nilai Transaksi Masih Sepi",2025-07-08,Tuesday
"Asing Kabur Bawa Rp 53,5 T, Separuhnya Gara-Gara Saham Bank",2025-07-08,Tuesday
"Setelah Roller Coaster, Akhirnya IHSG Hari Ini Ditutup Naik Tipis",2025-07-08,Tuesday
"IHSG Lanjut Menguat, Asing Masih Gencar Lego Saham-Saham Ini",2025-07-09,Wednesday
"Euforia Saham IPO Sukses Bangkitkan IHSG, Pesta Berlanjut Hari Ini?",2025-07-09,Wednesday
"IHSG Menguat Tiga Hari Beruntun, Asing Malah Lepas 10 Saham Ini",2025-07-10,Thursday
"Saham Bank Pesta-Euforia IPO, IHSG Balik ke 7.000",2025-07-10,Thursday
Diam-Diam Saham Ini Jadi Incaran Asing Sejak Awal Bulan,2025-07-10,Thursday
Saham BBRI Meroket! Naik 5% Sehari,2025-07-10,Thursday
"IHSG Hari Ini Ditutup naik 0,88%, Balik Lagi ke Level 7.000",2025-07-10,Thursday
"Saham Bank Ngebut, Tapi IHSG Rawan Kelelahan Usai Pesta 4 Hari",2025-07-11,Friday
Ini 10 Saham Pilihan Asing Saat IHSG Menguat,2025-07-11,Friday
"Investor Full Senyum, IHSG Sepekan Naik 2,59%",2025-07-11,Friday
"Hingga Juni 2025 Transaksi Single Stock Futures di BEI Rp 1,02 M",2025-07-14,Monday
5 Saham Ini Disetujui Bursa Jadi Underlying Kontrak Berjangka Saham,2025-07-14,Monday
"Kredit Macet KPR Tembus Rekor Terburuk 4 Tahun, Bankir Buka Suara",2025-07-14,Monday
"IHSG Full Senyum, Asing Malah Net Sell Rp 2,8 T & Lepas 10 Saham Ini",2025-07-14,Monday
"Asing Kabur Bawa Rp 1,13 T Sehari, Saham Ini Jadi Korban",2025-07-15,Tuesday
"Saham ANTM, AMRT, BMRI, BRPT & INDF Masuk Underlying SSF",2025-07-15,Tuesday
"Dana Asing Keluar Rp11 T Sebulan, Saham Bank Paling Banyak Dilego!",2025-07-15,Tuesday
"Setelah Adira & MFIN, OJK Ungkap Ada Lagi Multifinance Mau Merger",2025-07-15,Tuesday
OJK: Investor Singapura Mau Caplok Multifinance RI,2025-07-16,Wednesday
"Jelang Pengumuman BI Rate, Asing Borong BBRI hingga GOTO",2025-07-16,Wednesday
"BI Rate Turun Jadi 5,25%, IHSG Naik Menuju 7.200",2025-07-16,Wednesday
"Net Sell Jumbo Rp1,1 T, Asing Jual Saham Ini Setelah BI Rate Turun",2025-07-17,Thursday
"IHSG Tembus 7.200, Asing Malah Jauhi Saham Ini",2025-07-18,Friday
Musim Lapkeu Segera Tiba! Ini Jadwal BRI-BNI-Mandiri,2025-07-18,Friday
"IHSG Naik 0,34%, Genap 10 Hari di Zona Hijau",2025-07-18,Friday
"Simak Sentimen pasar Pekan Depan, Awas Guncangan Trump Effect",2025-07-20,Sunday
"Asing Net Sell Rp 1,7 Triliun, Kompak Lepas 10 Saham Ini",2025-07-21,Monday
"Aliran Dana Asing Deras Keluar, Saham BBCA Turun Takhta",2025-07-21,Monday
Prajogo Pangestu Borong Saham BREN 3 Juta Lembar di Harga Segini,2025-07-21,Monday
Asing Terciduk Kompak Lego 10 Saham Ini Kala IHSG Pesta Pora,2025-07-22,Tuesday
"Bank Ramai-Ramai Pilih Taruh Uang di Surat Berharga, Ini Alasannya",2025-07-23,Wednesday
"Bursa RI Kini Milik Para Sultan, Faktor Fundamental Mulai Ditinggal?",2025-07-23,Wednesday
"Asing Terciduk Lepas 10 Saham Ini Kala IHSG Menguat 1,7%",2025-07-24,Thursday
Analisis Penyebab IHSG Melesat dan Balik ke Level 7.500,2025-07-24,Thursday
"IHSG Sesi I Naik 1,22%, Saham Bank Jumbo Akhirnya Bangkit",2025-07-24,Thursday
Asing Kompak Lepas 10 Saham Ini Saat IHSG Lanjut Menguat,2025-07-25,Friday
"Laba BNI Rp 10 Triliun, Bakal Bagi Dividen Interim Gak Ya?",2025-07-25,Friday
"IHSG Gaspol, Pelan-pelan Nanjak Menuju Level 7.700",2025-07-28,Monday
"IHSG Pekan Lalu Cerah tapi Asing Masih Kabur, Ini Korbannya",2025-07-28,Monday
"IHSG Lari Kencang Sejak Pagi, Ternyata Ini Penyebabnya",2025-07-28,Monday
Bos Bursa Bidik IHSG Tembus 8.000 Saat HUT RI ke-80 Bulan Depan,2025-07-28,Monday
"Nyaris Tergelincir, IHSG Cuma Naik Tipis Hari Ini",2025-07-29,Tuesday
"IHSG Mulai Kehabisan Tenaga, Pagi Ini Melorot 0,3%",2025-07-29,Tuesday
"Asing Masuk Rp 49 M, tapi Banyak Lepas Saham Konglomerat",2025-07-29,Tuesday
Asing Terciduk Diam-diam Lepas 10 Saham Ini Kala IHSG Menguat,2025-07-30,Wednesday
"Breaking! Saham Konglo Ambruk, IHSG Tersungkur",2025-07-30,Wednesday
Masih ,2025-07-30,Wednesday
Asing Terciduk Kompak Lego 10 Saham Ini Kala IHSG Ambruk,2025-07-31,Thursday
"Saham Termahal BEI, Sudah Suspen 5 Hari : Gimana Prospek DCII?",2025-07-31,Thursday
"IHSG Terkoreksi 0,38% Terbebani Kinerja BBCA",2025-07-31,Thursday
"IHSG Melemah 0,87% Tertekan Kinerja Emiten Perbankan Raksasa",2025-07-31,Thursday
"Saham Emiten Toto Sugiri (DCII) Digembok 5 Hari, Bos BEI Buka Suara",2025-07-31,Thursday
"Pertumbuhan Laba BCA Makin Seret, Sinyal Bahaya Bagi Investor",2025-08-01,Friday
"Asing Net Sell Jumbo Rp1,5 T, Diam-diam Lego 10 Saham Ini",2025-08-01,Friday
Adu Kinerja BRI hingga BNI: Siapa Raja Kredit & Panen DPK?,2025-08-01,Friday
"IHSG Melejit di Juli 2025, Begini Kinerja Harga Saham Konglo!",2025-08-02,Saturday
"Asing Net Sell Jumbo 2,5 T, Diam-diam Lepas 10 Saham Ini",2025-08-04,Monday
"Asing Net Sell Rp1,02 Triliun, Kompak Lego 10 Saham Ini",2025-08-05,Tuesday
"Ekonomi RI Tumbuh 5,12%, IHSG Happy-Saham Bank Kompak Melejit",2025-08-05,Tuesday
IHSG Melesat Nyaris 1% Usai Rilis Data Pertumbuhan Ekonomi RI,2025-08-05,Tuesday
IHSG Menguat Ditopang Kinerja Saham Emiten Perbankan,2025-08-05,Tuesday
"Blokir Rekening Bisa Picu Bank Run, Sekuat Apa Likuiditas Bank RI?",2025-08-06,Wednesday
"IHSG Tiba-Tiba Balik Arah, Ada Apa?",2025-08-06,Wednesday
"IHSG Menyerah, Akhirnya Ditutup Turun 0,15%",2025-08-06,Wednesday
Asing Terciduk Diam-diam Serok 10 Saham Ini Kala IHSG Menguat,2025-08-06,Wednesday
BEI Buka Gembok Perdagangan Saham DCII,2025-08-06,Wednesday
Pertumbuhan Ekonomi Bikin Kaget: Saatnya IHSG-Rupiah Ikut Tancap Gas?,2025-08-06,Wednesday
"Investor Was-Was: Cadev, Rebalancing MSCI & Deal Dagang Bayangi RI",2025-08-07,Thursday
Asing Ternyata Kompak Lego 10 Saham Ini Saat IHSG Koreksi,2025-08-07,Thursday
Perhatian! Ini Saham Top Gainers & Paling Diborong Asing,2025-08-09,Saturday
"Dari Indomie Hingga Tambang, Ini Jejaring Bisnis Anthoni Salim",2025-08-11,Monday
"IHSG Sesi I Naik 0,75%, Saham Tambang dan Bank Pesta!",2025-08-11,Monday
IHSG Melesat Nyaris 1% Balik ke Level 7.600,2025-08-11,Monday
Lagi-Lagi Saham Ini Bikin IHSG di Atas Angin,2025-08-11,Monday
"IHSG Cerah! Pagi-Pagi Sudah Naik 0,82%",2025-08-11,Monday
"Breaking! IHSG Naik 1% ke Level 7.622,82",2025-08-11,Monday
"IHSG Sentuh Harga Tertinggi YtD, Bakal ke 8.000 Jelang HUT RI ke-80?",2025-08-12,Tuesday
"Asing Serbu RI di Tengah Drama Panas China-AS, IHSG-Rupiah Bisa Pesta?",2025-08-12,Tuesday
"Asing Balik Masuk, Saham Ini Diserbu",2025-08-12,Tuesday
"IHSG Dibuka Naik 0,8%, Saham Bank Diserbu",2025-08-12,Tuesday
"Breaking: IHSG Terbang 1,02%, 3 Saham Ini Jadi Motornya",2025-08-12,Tuesday
"Terungkap, Ini Penyebab IHSG Terbang 1,02%",2025-08-12,Tuesday
"Investor Fundamental Lagi Senyum-Senyum, Saham BBNI, BBRI, BMRI Lompat",2025-08-12,Tuesday
Analisis Penyebab IHSG Melesat Nyaris 2%,2025-08-12,Tuesday
"IHSG Terbang 2,35%, Saham Emiten Pelat Merah Pesta Pora",2025-08-12,Tuesday
Saham Blue Chip & Emiten Konglomerat Bopong IHSG Dekati Level 8.000,2025-08-13,Wednesday
"Duh! Investasi di BBCA, ICBP, GGRM Anda Malah Boncos dalam 3 Bulan",2025-08-13,Wednesday
"Dana Asing Rp 2,2 T Masuk Sehari, Saham Ini Diserbu!",2025-08-13,Wednesday
"Breaking! IHSG Naik 1% Pagi Ini, 5 Saham Diserbu",2025-08-13,Wednesday
Banjir Duit Asing! IHSG Siap Kobarkan Merdeka di Puncak Tertinggi,2025-08-14,Thursday
"Asing Net Buy Jumbo Rp1,59 T, 10 Saham Ini Paling Laris",2025-08-14,Thursday
Konglomerat Kini Kuasai 50% Daftar Emiten Paling Bergengsi RI,2025-08-14,Thursday
"Asing Banjiri Bursa, tapi Saham-Saham Ini Justru Jadi ",2025-08-15,Friday
Rekor Sesaat: 4 Saham Konglo Malah Jadi Beban IHSG Usai Tembus 8000,2025-08-16,Saturday
"Heboh Kasus Utang BLBI BCA ke Negara, Ini Kata DPR",2025-08-19,Tuesday
"Siaga Satu: RI Tunggu BI, Dunia Cemas Menanti Simposium ""Maut"" The Fed",2025-08-19,Tuesday
"Net Buy Asing Tembus Rp 5 T Pekan Lalu, 10 Saham Ini Paling Diincar",2025-08-19,Tuesday
IHSG Terkoreksi & Balik ke Level 7.800 Usai Pesta Pora Pekan Lalu,2025-08-19,Tuesday
"Pesta Berakhir, IHSG Terkoreksi 0,45% ke 7.862",2025-08-19,Tuesday
BCA Buka Suara Soal Heboh Kasus Utang BLBI & Kejanggalan Akuisisi,2025-08-20,Wednesday
Breaking! IHSG Melesat 1% Usai BI Rate Turun ke 5%,2025-08-20,Wednesday
"Saham BCA (BBCA) Ambruk 6% Sepekan, Ada Apa?",2025-08-20,Wednesday
"IHSG Menguat 0,49% Balik ke Level 7.900 Jelang Rapat Gubernur BI",2025-08-20,Wednesday
"Heboh Kisruh Utang BLBI BCA, Ini Kata Bos Danantara",2025-08-20,Wednesday
Asing Terciduk Diam-Diam Serok 10 Saham Ini Kala IHSG Merah,2025-08-20,Wednesday
"Kasus Utang BLBI BCA Mencuat, Ekonom Sarankan Pemerintah Lakukan Ini",2025-08-20,Wednesday
Saatnya BI Pilih: Pangkas Bunga Demi Ekonomi Atau Bertahan Demi Rupiah,2025-08-20,Wednesday
"Bos BCA Jahja Setiaatmadia Jual 1 Juta Saham, Kantongi Rp8,75 M",2025-08-20,Wednesday
Asing Terciduk Diam-Diam Lego 10 Saham Ini Kala IHSG Menguat,2025-08-21,Thursday
"Heboh Kabar Akuisisi Saham BCA, Danantara Indonesia Buka Suara",2025-08-21,Thursday
"IHSG Lesu Asing Tetap Masuk, Ini Saham yang Diincar",2025-08-22,Friday
Saham BBCA Rontok: Dibayangi Beban Kinerja atau Hantu BLBI?,2025-08-22,Friday
"Rahasia Terbongkar! Agustus Jadi Bulan Emas Saham Bank, Ini Datanya",2025-08-22,Friday
"Heboh Diambil Alih Pemerintah, BBCA Melemah 5% dari Puncak Bulan Ini",2025-08-22,Friday
"Net Buy Rp 2,7 T, Asing Diam-Diam Akumulasi Saham Ini Saat IHSG Lesu",2025-08-25,Monday
BBCA Jadi Sasaran Jual Asing Terbesar Pekan Lalu,2025-08-25,Monday
"IHSG Turun 0,27% Kala Transaksi Tembus Rp 45,82 Triliun",2025-08-26,Tuesday
Bank Raksasa ASEAN dengan Laba Terbesar: BRI Nomor Berapa?,2025-08-26,Tuesday
IHSG Balik Arah ke Zona HIjau Digendong Saham Konglo,2025-08-26,Tuesday
"Pagi Ini IHSG Tergelincir ke Zona Merah, Sempat Naik Tipis",2025-08-26,Tuesday
"VICO, ADRO, hingga BBCA Jadi Sasaran Net Sell Asing",2025-08-26,Tuesday
"Setelah Rebalancing, IHSG Berisiko Garing: Rekor Tinggal Kenangan?",2025-08-27,Wednesday
"BBCA Jadi Target Utama Net Sell Asing, Sentuh Level Terendah 4 Bulan",2025-08-27,Wednesday
"Dana Asing Mengamuk di RI, 10 Saham Ini Dapat Durian Runtuh",2025-08-27,Wednesday
"Saham Emiten Konglo Bopong IHSG, Pelan-Pelan Dekati Rekor ATH",2025-08-27,Wednesday
Kinerja Saham Bank Swasta Terburuk: Panin & BCA Paling Hancur,2025-08-27,Wednesday
"Video: Saham Bank Swasta Berguguran, Ada Apa?",2025-08-28,Thursday
Penyebab IHSG Tembus 8.000 Saat Ada Demo Buruh di Jakarta,2025-08-28,Thursday
"IHSG Gaspol ke 7.952,09, Cetak Rekor Harga Penutupan Tertinggi",2025-08-28,Thursday
"Jakarta Dibayangi Demo 10.000 Buruh, IHSG Dibuka Naik 0,2%",2025-08-28,Thursday
"Aksi Beli Asing Mereda, BCA Lagi-Lagi Jadi Target Jual",2025-08-28,Thursday
"Breaking! Ada Demo Buruh, IHSG Tembus Level 8.000",2025-08-28,Thursday
"IHSG Otw 8.000, Saham Bank Jadi Incaran Asing",2025-08-29,Friday
"IHSG Terpukul Aksi Demo, Saham Big Cap & Prajogo Jadi Penekan",2025-08-29,Friday
"IHSG Ambruk Kala Demo Besar, Rp 284 T Lenyap dari Pasar Modal",2025-08-29,Friday
"IHSG Pangkas Koreksi, Turun 1,53% ke 7.830",2025-08-29,Friday
"IHSG Menguap Rp195 Triliun dalam Sehari, Asing Kabur & Obral Saham Ini",2025-08-30,Saturday
"IHSG Turun 1,21% Hari Ini, 557 Saham Turun",2025-09-01,Monday
"Koreksi IHSG Terpangkas, Sesi I Turun 0,76%",2025-09-01,Monday
"IHSG Anjlok 2%, Bos Bursa: Fundamental Bagus",2025-09-01,Monday
Asing Kompak Lego 10 Saham Ini Kala Demo Kepung Jakarta,2025-09-01,Monday
Asing Kompak Lego 10 Saham Ini Kala Demo Kepung Jakarta,2025-09-01,Monday
"Siaga 1: IHSG - Rupiah Duji Efek Demo, Data Inflasi & Gempuran dari AS",2025-09-01,Monday
"IHSG Anjlok 2% Lebih, Ini Penyebabnya",2025-09-01,Monday
"IHSG Digoyang Aksi Demo & Ditinggal Asing, Masih Ada Harapan Bangkit?",2025-09-02,Tuesday
"IHSG Ambruk di Tengah Aksi Demo, Asing Kompak Lepas 10 Saham Ini",2025-09-02,Tuesday
"IHSG Ambruk, Asing Tarik Dana Rp 2,16 Triliun dari Saham RI",2025-09-02,Tuesday
"IHSG Melesat 1,17% Ditopang Bangkitnya Saham Blue Chip",2025-09-02,Tuesday
"Breaking, IHSG Melesat 1% Lebih Ditopang Deretan Saham Ini",2025-09-03,Wednesday
Asing Diam-Diam Lego 10 Saham Ini Kala IHSG Menguat,2025-09-03,Wednesday
Siap-Siap! 8 Perusahaan Ini Segera IPO: Ada Punya Haji Isam,2025-09-04,Thursday
"IHSG Rebound Asing Malah Net Sell Rp 1,4 T, Saham Ini Banyak Dijual",2025-09-04,Thursday
"Saham BBCA Dibuang Asing Rp 3,14 Triliun Dalam Tiga Hari",2025-09-04,Thursday
"BBCA Ditinggal Asing! Net Sell Tembus Rp3,17 Triliun",2025-09-08,Monday
"Awal Pekan Cerah, IHSG Rebound ke 7.900-an",2025-09-08,Monday
"IHSG Balik ke Level 7.900, Deretan Emiten Ini Jadi Penopang",2025-09-08,Monday
"Prabowo Reshuffle 5 Menteri, IHSG Ditutup Anjlok 1,28%",2025-09-08,Monday
"5 Menteri Diganti, Saham Emiten Perbankan Kompak Ambruk",2025-09-08,Monday
"IHSG Kembali Terkoreksi Dalam, Deretan Saham Ini Jadi Pemberat",2025-09-09,Tuesday
"IHSG Ambruk,  Saham Emiten Blue Chip Tiarap Berjamaah",2025-09-09,Tuesday
"Analis Sorot Fundamental BBCA Goyah! Asing Lepas Jumbo, Harga Anjlok",2025-09-09,Tuesday
BBCA Lagi-Lagi Jadi Saham Paling Banyak Dibuang Asing,2025-09-09,Tuesday
"Di Tengah Pengumuman Reshuffle 5 Menteri, Asing Kabur dari Saham Ini",2025-09-09,Tuesday
"Pasar & Investor Menunggu Gebrakan Baru Purbaya, Pengganti Sri Mulyani",2025-09-09,Tuesday
"Asing Masih Ramai Kabur, Sanggupkah IHSG & Rupiah Bangkit?",2025-09-10,Wednesday
"Asing Lepas Rp 2,1 T Sehari, BBCA Dibanting ke Level Terendah 3 Tahun",2025-09-10,Wednesday
"Pasar Mulai Tenang, IHSG Dibuka Naik 0,6%!",2025-09-10,Wednesday
"Investor Mulai Tenang, IHSG Melesat 1% Lebih",2025-09-10,Wednesday
"Badai Sudah Berlalu, IHSG Ditutup Menguat 0,92%",2025-09-10,Wednesday
Asing Terciduk Akumulasi Saham Ini Saat IHSG Melesat 1%,2025-09-11,Thursday
"Tiga Saham Bank Jumbo Pesta, BBCA Kok Tak Bertenaga?",2025-09-11,Thursday
"Badai Dalam Negeri Mereda, Investor Bersiap Hadapi Gempuran Amerika",2025-09-11,Thursday
"IHSG Rebound, Asing Malah Kabur Bawa Rp 1,3 Triliun",2025-09-11,Thursday
"IHSG Dua Hari Hijau, Asing Malah Kabur dari Saham Ini",2025-09-12,Friday
"Heboh Rekening Nasabah Sekuritas Rp 70 M Bobol di BCA, OJK Buka Suara",2025-09-12,Friday
Isu Rekening Nasabah Sekuritas Rp70 M Bobol di BCA! Ini Kata Manajemen,2025-09-12,Friday
"IHSG Happy Weekend, Melesat 1,37% Dekati Level 7.900",2025-09-12,Friday
"Kronologi Bobol RDN Sekuritas Rp70 M, Diduga via BCA Klik Bisnis",2025-09-12,Friday
"Video: Isu Rekening Nasabah Sekuritas Rp70 M Dibobol, Ini Kata BCA",2025-09-12,Friday
"Rekening Sekuritas di BCA Rp 70 Miliar Dibobol, Ini Ceritanya",2025-09-13,Saturday
"Asing Kabur Bawa Lari Rp 10,77 Triliun, Cek Saham Terbaru yang Dilego",2025-09-13,Saturday
"Asing Mulai Kembali ke Pasar Modal RI, Saham Ini Diburu",2025-09-14,Sunday
5 Fakta Soal Rekening Sekuritas di BCA Rp 70 Miliar Dibobol,2025-09-14,Sunday
"Hermina (HEAL) Jadi Incaran Jual Asing, Net Sell Tembus Rp 774 Miliar",2025-09-14,Sunday
Asing Terciduk DIam-Diam Lepas Saham Ini Ketika IHSG Menguat,2025-09-15,Monday
"IHSG Menguat 0,71% Balik ke Level 7.900, Saham TLKM Jadi Penopang",2025-09-15,Monday
"IHSG Melesat 1,06%, Pelan-Pelan Dekati Rekor ATH",2025-09-15,Monday
Asing Ramai-ramai Serok 10 Saham Ini Kala IHSG Reli,2025-09-16,Tuesday
"IHSG Balik Arah, Sesi I Ditutup Turun 0,28%",2025-09-16,Tuesday
"Pemilik Terus Menerus Lepas Saham BUMI, Ada Apa?",2025-09-16,Tuesday
"IHSG Diseret Naik 0,26% Hari Ini, Ditopang DSSA dan MLPT",2025-09-16,Tuesday
OJK Buka Suara Soal Pembobolan RDN Sekuritas di BCA,2025-09-17,Wednesday
"BI Rate Turun! IHSG Ditutup di 8.025, Rekor Tertinggi Sepanjang Masa",2025-09-17,Wednesday
IHSG Tancap Gas Tembus 8.000 Usai BI Pangkas Suku Bunga,2025-09-17,Wednesday
Deretan Saham Ini Ramai Dilepas Asing Kala IHSG Menguat,2025-09-17,Wednesday
"Dunia Tunggu The Fed, RI Deg-Degan Menanti Pengumuman BI & Purbaya",2025-09-17,Wednesday
"BI & The Fed Beri Kado Penurunan Suku Bunga, IHSG - Rupiah Siap Pesta",2025-09-18,Thursday
"Asing Net Sell Rp151,5 miliar, BBCA Jadi Target Utama",2025-09-18,Thursday
BI Rate Turun! Asing Terciduk Borong Saham Ini,2025-09-18,Thursday
"Kasus Pembobolan RDN di BCA Rp 70 Miliar, OJK Perketat Aturan Transfer",2025-09-18,Thursday
"IHSG Sesi I Naik 0,27%, Saham Prajogo Beraksi Lagi",2025-09-18,Thursday
"IHSG Tiba-Tiba Balik Arah, Turun 0,21% Gara-Gara Ini",2025-09-18,Thursday
"Duit Asing Rp 2,87 Triliun Masuk RI Dalam Sehari, Saham Ini Diborong",2025-09-19,Friday
Asing Kompak Lego 10 Saham Ini Kala IHSG Merah,2025-09-19,Friday
"Wall Street Panen Rekor, Dolar Kian Garang: Sanggupkah RI Bangkit?",2025-09-19,Friday
"Ini 10 Bank Raksasa ASEAN dengan Laba Paling Jumbo, Siapa Wakil RI?",2025-09-20,Saturday
"Asing Net Buy Rp 3 T, tapi BBCA Malah Dihajar Jual Rp 1,24 T",2025-09-22,Monday
"IHSG Terkoreksi Tipis, Turun 11 Poin ke 8.040",2025-09-22,Monday
"Bukan Sulap Atau Dukun, Ini 3 ",2025-09-22,Monday
Menanti IHSG Rupiah Bangkit di Tengah Waswas Pidato Fed & Ketok APBN,2025-09-23,Tuesday
"IHSG Koreksi, Asing Diam-Diam Jual Saham-Saham Ini",2025-09-23,Tuesday
"IHSG Melesat 0,52%, Selangkah Lagi Menuju Level 8.100",2025-09-23,Tuesday
"IHSG Cetak Rekor ATH Baru, Melesat 1,06% ke 8.125,20",2025-09-23,Tuesday
"IHSG Lanjut Penguatan, Cetak Rekor Tertinggi (ATH) Baru di 8.126,56",2025-09-24,Wednesday
IHSG Terkoreksi Tipis Usai Cetak Rekor ATH Kemarin,2025-09-24,Wednesday
"Bursa RI Kebanjiran Dana Asing, Saham Anak Baru Jadi Incaran",2025-09-24,Wednesday
"IHSG Meroket, Rupiah Tercekik: Kontras Ekonomi RI yang Bikin Gelisah",2025-09-25,Thursday
"IHSG Cetak Rekor Lagi, Asing Malah Banyak Jual Saham Ini",2025-09-25,Thursday
Ini 5 Saham Bank Second Liner yang Bikin Dompet Gendut: BRIS - CIMB,2025-09-25,Thursday
"IHSG Ditutup Anjlok 1,06%, Ini Penyebabnya",2025-09-25,Thursday
"IHSG Anjlok 1%, Net Sell Tembus Rp 1 Triliun, Saham Ini Jadi Sasaran",2025-09-26,Friday
"IHSG Happy Weekend, Melesat 0,73% ke 8.099",2025-09-26,Friday
Asing Terciduk Diam-diam Lego 10 Saham Ini Kala Cetak Net Buy Jumbo,2025-09-29,Monday
"Netizen Teriak BCA Mobile & MyBCA Kompak Error, Ini Kata Manajemen",2025-09-29,Monday
Waspada! 7 Isu Penting Bisa Bikin IHSG & Rupiah ,2025-09-29,Monday
"Saham Permata Bank (BNLI) Melesat 530% Tahun Ini, Ada Apa?",2025-09-30,Tuesday
10 Saham Ini Ramai Jadi Incaran Asing Kala IHSG Hijau,2025-09-30,Tuesday
"IHSG Turun 0,33%, Tiga Saham Diburu Saat Emiten Bank Jumbo Rontok",2025-09-30,Tuesday
"IHSG Berakhir Turun 0,77%, Saham Bank Jumbo dan Prajogo Jadi Beban",2025-09-30,Tuesday
"IHSG Sesi I Jalan di Tempat, Dua Saham Bank Jumbo Jadi Pemberat",2025-10-01,Wednesday
"Badai Sentimen Mengintai RI: Inflasi, Ekonomi China & Shutdown Amerika",2025-10-01,Wednesday
"Asing Net Sell Jumbo Rp 1,7 T Sehari, BBCA Paling Banyak Dijual",2025-10-01,Wednesday
"Job Fair Jakarta Membludak, Ruangan Penuh dan Antrean Mengular",2025-10-01,Wednesday
"Asing Jor-joran Jual Saham BBCA, Sebulan Lepas Rp 9 Triliun",2025-10-01,Wednesday
"IHSG Kembali Berakhir di Zona Merah, Ditutup Turun 0,21%",2025-10-01,Wednesday
"Asing Net Sell Rp737 M, Kompak Lego 10 Saham Ini Kala IHSG Merah",2025-10-02,Thursday
"Shutdown Amerika: Bencana di Washington, Berkah di Jakarta?",2025-10-02,Thursday
"IHSG Sesi I Naik 0,4%, Bisa Bertahan Sampai Sore?",2025-10-02,Thursday
OJK Blak-Blakan Soal Pembobolan RDN BCA Rp70 Miliar,2025-10-03,Friday
"Net Sell Asing Jumbo Kala IHSG Hijau, Asing Kompak Lego 10 Saham Ini",2025-10-03,Friday
Video:OJK Ungkap Kasus RDN BCA-Warren Buffet Incar Industri Petrokimia,2025-10-03,Friday
