Date,Close,Residual
2015-01-02,2171.20947265625,2169.15927193438
2015-01-05,2167.10595703125,-4.320404946734925
2015-01-06,2150.6884765625,-17.869874474772132
2015-01-07,2154.7919921875,-0.3694925195018186
2015-01-08,2130.16650390625,-27.901861417169584
2015-01-09,2121.956787109375,-13.667063377503382
2015-01-12,2134.2705078125,6.749879669103393
2015-01-13,2134.2705078125,-2.1412451213618624
2015-01-14,2121.956787109375,-14.174382695534405
2015-01-15,2126.061279296875,0.19320528982143514
2015-01-16,2126.061279296875,-2.9699836092859186
2015-01-19,2134.2705078125,5.811782772595052
2015-01-20,2138.37451171875,2.5608320949963854
2015-01-21,2146.58349609375,6.856011273236163
2015-01-22,2167.10595703125,19.47393671394957
2015-01-23,2187.626953125,21.288171969384166
2015-01-26,2158.896728515625,-26.903441365798244
2015-01-27,2167.10595703125,4.313649617925876
2015-01-28,2179.41845703125,8.995075778911541
2015-01-29,2187.626953125,7.5359650068962765
2015-01-30,2195.8359375,7.671057494739671
2015-02-02,2191.731689453125,-4.72288923787346
2015-02-03,2216.35791015625,22.513840502118
2015-02-04,2282.02734375,66.03469177389798
2015-02-05,2249.1923828125,-25.380512875080512
2015-02-06,2249.1923828125,-0.733352867337544
2015-02-09,2265.610595703125,12.590195407674855
2015-02-10,2257.4013671875,-8.781705816199974
2015-02-11,2286.13232421875,26.4537926788189
2015-02-12,2282.02734375,-3.5321015713625457
2015-02-13,2302.549560546875,19.804078855195257
2015-02-16,2298.4453125,-3.988301463208245
2015-02-17,2310.75830078125,11.09704440419273
2015-02-18,2310.75830078125,-0.9701119550536532
2015-02-20,2306.654052734375,-5.533639319993199
2015-02-23,2302.549560546875,-6.890184243531621
2015-02-24,2306.654052734375,0.8506515623471387
2015-02-25,2314.862548828125,5.80293955056095
2015-02-26,2310.75830078125,-5.394254871480825
2015-02-27,2314.862548828125,1.786156294664579
2015-03-02,2335.385009765625,18.32987540116801
2015-03-03,2364.11572265625,29.021810543457832
2015-03-04,2368.218994140625,6.791605501775393
2015-03-05,2380.532470703125,13.017940893264495
2015-03-06,2396.949951171875,16.3976006452599
2015-03-09,2360.010498046875,-36.13523930756355
2015-03-10,2368.218994140625,2.8681555130333436
2015-03-11,2343.59326171875,-28.73273158374286
2015-03-12,2331.280029296875,-17.65633362257313
2015-03-13,2314.862548828125,-22.520425380447705
2015-03-16,2323.07177734375,2.2535859186850757
2015-03-17,2314.862548828125,-11.484769412914375
2015-03-18,2335.385009765625,17.229727483498664
2015-03-19,2339.4892578125,3.3788665461015626
2015-03-20,2351.80224609375,11.81898568845736
2015-03-23,2372.32373046875,20.129140374579492
2015-03-24,2388.7412109375,17.594349885690008
2015-03-25,2401.05419921875,13.735506120617174
2015-03-26,2384.63720703125,-15.631020474961133
2015-03-27,2372.32373046875,-15.344886954069807
2015-03-30,2380.532470703125,3.257880703221417
2015-03-31,2433.88916015625,50.680399375815796
2015-04-01,2433.88916015625,4.311433894347374
2015-04-02,2429.78466796875,-2.2595098511492324
2015-04-06,2491.349853515625,59.527922607401706
2015-04-07,2511.871826171875,25.538997245007067
2015-04-08,2466.724609375,-40.1397144142893
2015-04-09,2474.932373046875,2.9901901835169156
2015-04-10,2470.82861328125,-8.462433087182035
2015-04-13,2466.724609375,-6.981272249472113
2015-04-14,2454.410888671875,-15.77349671359434
2015-04-15,2421.576416015625,-37.261718099492555
2015-04-16,2446.202392578125,17.008286831568967
2015-04-17,2437.609375,-11.060528132893978
2015-04-20,2429.34521484375,-10.523630973410945
2015-04-21,2462.398193359375,28.990816744461426
2015-04-22,2458.26611328125,-3.367507931983255
2015-04-23,2462.398193359375,3.602720256734301
2015-04-24,2462.398193359375,-1.837466480004423
2015-04-27,2346.71484375,-117.71660112536574
2015-04-28,2321.92578125,-41.234315336467716
2015-04-29,2231.0322265625,-105.77652778700985
2015-04-30,2226.900146484375,-21.75122666193556
2015-05-04,2268.216064453125,29.589740753522165
2015-05-05,2288.87353515625,20.747540689440484
2015-05-06,2264.083984375,-22.35517970895853
2015-05-07,2264.083984375,-3.3800912736624014
2015-05-08,2276.478271484375,8.446675891892937
2015-05-11,2264.083984375,-13.645275979140024
2015-05-12,2268.216064453125,0.989499627431087
2015-05-13,2268.216064453125,-2.8382268975105944
2015-05-15,2235.16357421875,-35.38097292067869
2015-05-18,2247.55810546875,5.865630116504235
2015-05-19,2255.82080078125,4.5693221466112846
2015-05-20,2293.0048828125,36.07821543673981
2015-05-21,2334.320556640625,43.94390463730406
2015-05-22,2371.504150390625,42.86221739245957
2015-05-25,2363.2412109375,-2.192059167393836
2015-05-26,2371.504150390625,8.79914629483983
2015-05-27,2354.97802734375,-17.655320517986183
2015-05-28,2338.4521484375,-20.13121060842468
2015-05-29,2334.320556640625,-9.797481925751526
2015-06-01,2334.320556640625,-4.57771042388913
2015-06-03,2247.55810546875,-90.01964098318604
2015-06-04,2251.689453125,-9.138077208638606
2015-06-05,2255.82080078125,-5.017010100396874
2015-06-08,2243.426513671875,-15.660861791114257
2015-06-09,2197.97900390625,-49.73039032289171
2015-06-10,2202.111083984375,-4.989903299923299
2015-06-11,2206.2421875,-1.8333260043614246
2015-06-12,2189.716064453125,-19.130653008577156
2015-06-15,2197.97900390625,3.771209675330283
2015-06-16,2206.2421875,5.397216200440653
2015-06-17,2268.216064453125,60.82902061543609
2015-06-18,2251.689453125,-10.84232967464959
2015-06-19,2264.083984375,13.077487156942425
2015-06-22,2268.216064453125,2.946001998056545
2015-06-23,2259.95263671875,-9.086217103111267
2015-06-24,2251.689453125,-11.219024281343536
2015-06-25,2226.900146484375,-28.804405816347753
2015-06-26,2239.294677734375,6.105334074441089
2015-06-29,2231.0322265625,-11.48913529353922
2015-06-30,2231.0322265625,-3.0369552464785556
2015-07-01,2231.0322265625,-3.182945902454321
2015-07-02,2247.55810546875,13.887666987638113
2015-07-03,2251.689453125,3.5531811523292163
2015-07-06,2247.55810546875,-4.826606452546912
2015-07-07,2181.45361328125,-68.50346435878555
2015-07-08,2202.111083984375,9.980254737286486
2015-07-09,2189.716064453125,-17.793582720863924
2015-07-10,2197.97900390625,4.719438585262196
2015-07-13,2231.0322265625,30.391198049698687
2015-07-14,2247.55810546875,18.474565311014885
2015-07-15,2231.0322265625,-14.313767698195534
2015-07-22,2239.294677734375,5.706105740908242
2015-07-23,2272.34716796875,30.741653976494945
2015-07-24,2268.216064453125,-2.0742694247842337
2015-07-27,2222.76904296875,-45.70307378376083
2015-07-28,2148.4013671875,-82.09726421615323
2015-07-29,2123.61181640625,-39.83502377661398
2015-07-30,2115.348388671875,-20.60651714908181
2015-07-31,2164.927734375,42.37991818773207
2015-08-03,2189.716064453125,26.50534293702185
2015-08-04,2197.97900390625,12.246525638734056
2015-08-05,2264.083984375,67.30338359211146
2015-08-06,2280.6103515625,23.45142054428652
2015-08-07,2272.34716796875,-2.9913896891184777
2015-08-10,2288.87353515625,15.67400154459392
2015-08-11,2239.294677734375,-49.92768951363996
2015-08-12,2173.190185546875,-73.16527615347331
2015-08-13,2181.45361328125,-5.980188118392107
2015-08-14,2189.716064453125,0.6185208739266272
2015-08-18,2144.269775390625,-47.81943671564886
2015-08-19,2098.82275390625,-53.25402569304924
2015-08-20,2028.586303710938,-81.92559741382593
2015-08-21,1962.481323242188,-81.63210370996899
2015-08-24,1867.455932617188,-112.4248261010298
2015-08-25,1921.166015625,32.59665323323952
2015-08-26,1958.350341796875,31.605265856346023
2015-08-27,2082.29638671875,127.89697178447796
2015-08-28,2123.61181640625,56.87546410832738
2015-08-31,2131.87451171875,21.61914307274128
2015-09-01,2078.164794921875,-49.35398787132408
2015-09-02,2028.586303710938,-56.17410698887306
2015-09-03,2032.7177734375,-8.01384241092751
2015-09-04,2024.454956054688,-15.02267573419158
2015-09-07,1970.744506835938,-58.115370391379884
2015-09-08,1950.087036132812,-30.7536405843573
2015-09-09,1970.744506835938,11.011302881328675
2015-09-10,1970.744506835938,-2.7615585398857547
2015-09-11,1970.744506835938,-1.6523042575436193
2015-09-14,1999.665649414062,26.48684209345606
2015-09-15,1974.876220703125,-23.738129645966865
2015-09-16,1958.350341796875,-19.69173732380682
2015-09-17,2020.323120117188,55.95540355443518
2015-09-18,2028.586303710938,11.687055281133553
2015-09-21,2012.060180664062,-13.435853428136852
2015-09-22,2007.928100585938,-7.033643541373067
2015-09-23,1962.481323242188,-49.243850402206135
2015-09-25,1950.087036132812,-20.883196489430247
2015-09-28,1896.376953125,-61.569150265715734
2015-09-29,1966.61328125,59.33142023046139
2015-09-30,2028.586303710938,63.0195698621626
2015-10-01,1983.139282226562,-35.90818911351357
2015-10-02,1962.481323242188,-22.868396491028307
2015-10-05,2074.03271484375,104.33902212046291
2015-10-06,2140.137451171875,75.18359019451964
2015-10-07,2148.4013671875,22.27254779623945
2015-10-08,2164.927734375,22.179600321601356
2015-10-09,2181.45361328125,18.64697360808259
2015-10-12,2210.3740234375,30.6069995511225
2015-10-13,2140.137451171875,-67.33493816150485
2015-10-15,2144.269775390625,-4.045346787809194
2015-10-16,2115.348388671875,-35.9427541570667
2015-10-19,2169.05859375,47.032864079756564
2015-10-20,2181.45361328125,13.655666057321469
2015-10-21,2202.111083984375,23.392694295476304
2015-10-22,2214.505859375,14.089559379320235
2015-10-23,2226.900146484375,13.60902696231824
2015-10-26,2255.82080078125,29.458070901420342
2015-10-27,2255.82080078125,2.4270890132843306
2015-10-28,2243.426513671875,-12.189977030331193
2015-10-29,2173.190185546875,-73.603020419107
2015-10-30,2131.87451171875,-53.101177584841935
2015-11-02,2111.216796875,-34.04405125311814
2015-11-03,2173.190185546875,52.26192884182683
2015-11-04,2218.636962890625,47.46777785295717
2015-11-05,2239.294677734375,27.840513135235142
2015-11-06,2239.294677734375,4.484033870837266
2015-11-09,2169.05859375,-69.89001300488417
2015-11-10,2136.006103515625,-43.27826144066648
2015-11-11,2144.269775390625,-3.6845904032138606
2015-11-12,2144.269775390625,-5.3768191348249275
2015-11-13,2145.098876953125,-2.1182065396274083
2015-11-16,2140.94970703125,-6.8139873941076985
2015-11-17,2178.292236328125,34.32520105516505
2015-11-18,2169.994140625,-6.63989415267406
2015-11-19,2149.248046875,-21.317253610146963
2015-11-20,2182.44140625,28.116666586074643
2015-11-23,2207.335693359375,24.83462926101356
2015-11-24,2236.380126953125,31.876328739006112
2015-11-25,2240.529541015625,7.616696747326841
2015-11-26,2244.678466796875,5.143378633963039
2015-11-27,2182.44140625,-63.15680299556607
2015-11-30,2053.818115234375,-137.9888060119315
2015-12-01,2199.037353515625,122.23565858592883
2015-12-02,2207.335693359375,11.886628934552846
2015-12-03,2207.335693359375,7.524966027935079
2015-12-04,2178.292236328125,-29.390304372422634
2015-12-07,2194.888671875,11.483484601669716
2015-12-08,2161.695556640625,-35.80670244900102
2015-12-09,2161.695556640625,-5.627507373113531
2015-12-10,2240.529541015625,73.71877371237042
2015-12-11,2190.739990234375,-43.27604574140469
2015-12-14,2190.739990234375,-2.39180879140622
2015-12-15,2174.1435546875,-21.81636138814565
2015-12-16,2236.380126953125,57.38204526462596
2015-12-17,2257.125732421875,24.2010739073271
2015-12-18,2194.888671875,-57.534570810425066
2015-12-21,2186.590087890625,-15.714260780996028
2015-12-22,2190.739990234375,-3.634137990396539
2015-12-23,2186.590087890625,-7.686408115712766
2015-12-28,2211.485107421875,21.6710380260115
2015-12-29,2199.037353515625,-12.381884932737194
2015-12-30,2207.335693359375,6.188932793381355
2016-01-04,2194.888671875,-14.570762809071766
2016-01-05,2219.78369140625,21.48998920876147
2016-01-06,2190.739990234375,-29.457890648334796
2016-01-07,2157.546630859375,-37.385227949200726
2016-01-08,2157.546630859375,-8.543267966781514
2016-01-11,2116.055419921875,-47.06498883962786
2016-01-12,2174.1435546875,49.76295054449429
2016-01-13,2186.590087890625,13.298085616676872
2016-01-14,2161.695556640625,-22.020994577314468
2016-01-15,2157.546630859375,-7.984208523789221
2016-01-18,2153.397705078125,-8.63253452671961
2016-01-19,2169.994140625,12.968271569391618
2016-01-20,2161.695556640625,-9.350857335025466
2016-01-21,2149.248046875,-14.768523626686147
2016-01-22,2157.546630859375,3.835508764750557
2016-01-25,2178.292236328125,18.177704090565385
2016-01-26,2157.546630859375,-20.33658770321108
2016-01-27,2174.1435546875,13.290575629388968
2016-01-28,2182.44140625,6.505831726521592
2016-01-29,2174.1435546875,-8.674842777506
2016-02-01,2194.888671875,18.07603676850158
2016-02-02,2174.1435546875,-21.180904807378738
2016-02-03,2165.8447265625,-11.714312481272373
2016-02-04,2182.44140625,11.716709379543772
2016-02-05,2228.08154296875,44.231043949916966
2016-02-09,2207.335693359375,-16.65350319228037
2016-02-10,2203.18701171875,-5.274795008088404
2016-02-11,2215.634033203125,8.649090845925912
2016-02-12,2203.18701171875,-13.799547759184861
2016-02-15,2215.634033203125,9.299205381734737
2016-02-16,2223.9326171875,6.45761800063201
2016-02-17,2223.9326171875,-0.6484354380290824
2016-02-18,2223.9326171875,-1.699111139946126
2016-02-19,2165.8447265625,-60.38725237884455
2016-02-22,2186.590087890625,11.260324948955258
2016-02-23,2174.1435546875,-17.149813231400458
2016-02-24,2161.695556640625,-15.828263876456731
2016-02-25,2169.994140625,3.1880511713529813
2016-02-26,2215.634033203125,42.92297044577117
2016-02-29,2236.380126953125,24.112316209221717
2016-03-01,2223.9326171875,-8.717934398721809
2016-03-02,2232.231201171875,6.795870241146531
2016-03-03,2244.678466796875,10.640924534132864
2016-03-04,2252.976318359375,7.99004949605569
2016-03-07,2252.976318359375,-0.37335050742694875
2016-03-08,2223.9326171875,-30.607486237910507
2016-03-10,2223.9326171875,-5.78610963006804
2016-03-11,2223.9326171875,-4.788468343850127
2016-03-14,2223.9326171875,-3.0158141159677143
2016-03-15,2252.976318359375,26.309202230878327
2016-03-16,2257.125732421875,5.088442555146685
2016-03-17,2277.87158203125,21.06330501898401
2016-03-18,2273.7216796875,-3.3076400133636525
2016-03-21,2286.169189453125,11.397886936122177
2016-03-22,2265.423828125,-21.633703662612334
2016-03-23,2240.529541015625,-28.80905725798857
2016-03-24,2211.485107421875,-36.02722059066673
2016-03-28,2186.590087890625,-33.23045778515234
2016-03-29,2169.994140625,-25.072606018863553
2016-03-30,2178.292236328125,0.9966572429098051
2016-03-31,2207.335693359375,25.44568713329363
2016-04-01,2207.335693359375,1.1013324929185728
2016-04-04,2211.485107421875,3.9259834186664193
2016-04-05,2211.485107421875,-1.500900963863387
2016-04-06,2165.8447265625,-47.61131386853822
2016-04-07,2174.1435546875,0.37602511961131313
2016-04-08,2169.994140625,-9.322230939460042
2016-04-11,2169.994140625,-3.1554710752325263
2016-04-12,2165.8447265625,-7.202536951271668
2016-04-13,2165.8447265625,-3.1334615754458355
2016-04-14,2165.8447265625,-2.9094031324411844
2016-04-15,2183.412353515625,14.956159428985302
2016-04-18,2183.412353515625,-0.4304126276342686
2016-04-19,2183.412353515625,-1.1071565925253708
2016-04-20,2191.7783203125,6.15288566890149
2016-04-21,2191.7783203125,-1.377855691518107
2016-04-22,2195.9609375,2.3747881942995264
2016-04-25,2191.7783203125,-6.036568929804616
2016-04-26,2166.680908203125,-27.721502575968316
2016-04-27,2183.412353515625,10.918403915236013
2016-04-28,2179.2294921875,-6.753915491574389
2016-04-29,2183.412353515625,2.0403140929306574
2016-05-02,2191.7783203125,6.1137209869907565
2016-05-03,2183.412353515625,-9.539128390105361
2016-05-04,2191.7783203125,5.566002071599996
2016-05-09,2195.9609375,2.1725134503194568
2016-05-10,2204.325927734375,6.948579644813435
2016-05-11,2200.1435546875,-5.245513591918552
2016-05-12,2200.1435546875,-2.2238227916968754
2016-05-13,2200.1435546875,-2.6688856349105663
2016-05-16,2179.2294921875,-23.435837752094812
2016-05-17,2175.047119140625,-9.251694224019502
2016-05-18,2179.2294921875,-0.549062658922594
2016-05-19,2170.8642578125,-11.097644402429523
2016-05-20,2179.2294921875,4.932941516768096
2016-05-23,2191.7783203125,10.358259107363665
2016-05-24,2170.8642578125,-21.38010208798505
2016-05-25,2175.047119140625,0.22965946404428905
2016-05-26,2179.2294921875,0.7373179326491481
2016-05-27,2175.047119140625,-6.127893932903589
2016-05-30,2208.509765625,30.718520665212054
2016-05-31,2175.047119140625,-32.1960891663166
2016-06-01,2204.325927734375,25.3690375421952
2016-06-02,2200.1435546875,-5.299084867147485
2016-06-03,2195.9609375,-5.187179553136502
2016-06-06,2195.9609375,-3.031748467425132
2016-06-07,2191.7783203125,-6.945579630704742
2016-06-08,2191.7783203125,-3.094073383464547
2016-06-09,2175.047119140625,-19.61872984903448
2016-06-10,2162.498291015625,-17.18362987640421
2016-06-13,2137.402099609375,-30.535347794844256
2016-06-14,2149.9501953125,5.6521232538425465
2016-06-15,2162.498291015625,9.15127876491897
2016-06-16,2175.047119140625,11.984302464356915
2016-06-17,2158.3154296875,-16.719874650255406
2016-06-20,2145.767333984375,-15.828057018680738
2016-06-21,2145.767333984375,-5.081898253258714
2016-06-22,2158.3154296875,8.828481022221695
2016-06-23,2166.680908203125,7.047538719020849
2016-06-24,2137.402099609375,-29.887041426000906
2016-06-27,2141.58447265625,-1.022575290865916
2016-06-28,2179.2294921875,33.48205598094091
2016-06-29,2225.239990234375,47.9518497691347
2016-06-30,2229.423095703125,10.174923619318179
2016-07-01,2212.69189453125,-14.356854828134601
2016-07-11,2258.703125,42.897376331921805
2016-07-12,2300.5302734375,44.02277391153848
2016-07-13,2308.896240234375,14.507921726856239
2016-07-14,2317.261474609375,11.003490424019219
2016-07-15,2342.3583984375,25.346266180529256
2016-07-18,2333.992431640625,-6.610802326805697
2016-07-19,2392.5517578125,57.394206759428016
2016-07-20,2417.648193359375,29.565204730094592
2016-07-21,2434.379150390625,22.08464064356258
2016-07-22,2430.197265625,-1.587027079642212
2016-07-25,2426.013916015625,-4.956390416622526
2016-07-26,2400.917236328125,-27.853433554816093
2016-07-27,2434.379150390625,27.70475494318498
2016-07-28,2413.465087890625,-21.458601562781496
2016-07-29,2417.648193359375,1.3746767150473715
2016-08-01,2488.755615234375,67.79597302916727
2016-08-02,2509.66943359375,27.175149331383636
2016-08-03,2505.486572265625,1.5732018765729663
2016-08-04,2509.66943359375,4.131727325787779
2016-08-05,2526.400390625,15.286401580490747
2016-08-08,2526.400390625,0.07816741951955919
2016-08-09,2509.66943359375,-17.75447447205397
2016-08-10,2501.303955078125,-12.563153970801523
2016-08-11,2501.303955078125,-4.754884208422482
2016-08-12,2509.66943359375,4.902770316689384
2016-08-15,2518.03515625,6.593562883030245
2016-08-16,2530.583251953125,11.623590415776562
2016-08-18,2543.1318359375,12.346465004809943
2016-08-19,2559.8623046875,16.95071013423103
2016-08-22,2559.8623046875,0.826594528748501
2016-08-23,2555.68017578125,-5.004153449631303
2016-08-24,2559.8623046875,1.5801939645484708
2016-08-25,2551.4970703125,-10.556833632122562
2016-08-26,2543.1318359375,-11.590268066457156
2016-08-29,2513.85302734375,-33.43677944895535
2016-08-30,2509.66943359375,-11.0591559352265
2016-08-31,2518.03515625,2.749643265364284
2016-09-01,2509.66943359375,-10.818448827595603
2016-09-02,2509.66943359375,-3.1789348701126983
2016-09-05,2509.66943359375,-3.155530893813193
2016-09-06,2513.85302734375,1.5392580429770533
2016-09-07,2543.1318359375,27.205259197148735
2016-09-08,2538.948486328125,-2.832567953620128
2016-09-09,2518.03515625,-21.49664671876917
2016-09-13,2513.85302734375,-9.027220986898556
2016-09-14,2505.486572265625,-12.941634152796723
2016-09-15,2526.400390625,16.69378374444159
2016-09-16,2526.400390625,-0.8873074629741495
2016-09-19,2551.4970703125,24.049753021870856
2016-09-20,2526.400390625,-24.28996497246544
2016-09-21,2538.948486328125,9.153157275830836
2016-09-22,2568.228759765625,26.72353387930343
2016-09-23,2589.142333984375,22.712601179552166
2016-09-26,2568.228759765625,-18.43167202516497
2016-09-27,2676.980712890625,105.97833663854772
2016-09-28,2580.777099609375,-86.63076375675246
2016-09-29,2630.9697265625,44.69084373684336
2016-09-30,2626.787841796875,-6.578142279566691
2016-10-03,2672.7978515625,46.13609992340707
2016-10-04,2668.615234375,-1.076686047882049
2016-10-05,2643.518310546875,-24.20762683168323
2016-10-06,2639.3359375,-9.239321293620833
2016-10-07,2643.518310546875,-0.5989197755320674
2016-10-10,2626.787841796875,-19.46810046768269
2016-10-11,2643.518310546875,12.279965801646995
2016-10-12,2610.05615234375,-35.318919519633255
2016-10-13,2584.95947265625,-30.612044469128705
2016-10-14,2643.518310546875,50.44678642252211
2016-10-17,2660.25,18.760986076193603
2016-10-18,2685.34619140625,28.677592821052713
2016-10-19,2672.7978515625,-9.873053708632142
2016-10-20,2635.153076171875,-38.98375584338555
2016-10-21,2643.518310546875,0.9313870048645185
2016-10-24,2622.604248046875,-25.445438314526655
2016-10-25,2593.32470703125,-34.35294659510282
2016-10-26,2593.32470703125,-7.9086117152355655
2016-10-27,2597.508056640625,-1.1117005116625478
2016-10-28,2610.05615234375,9.836840517011296
2016-10-31,2597.508056640625,-13.47958539684214
2016-11-01,2584.95947265625,-15.57856898393402
2016-11-02,2589.142333984375,-0.6531681170890806
2016-11-03,2580.777099609375,-11.531277217616662
2016-11-04,2593.32470703125,9.055810390636907
2016-11-07,2576.593994140625,-18.45025185268787
2016-11-08,2593.32470703125,13.046077416625394
2016-11-09,2559.8623046875,-35.15854406788685
2016-11-10,2547.314453125,-17.99279180606345
2016-11-11,2455.293212890625,-98.59257365572603
2016-11-14,2405.099853515625,-65.3949084823571
2016-11-15,2434.379150390625,12.739498587338403
2016-11-16,2463.658447265625,24.422136825255166
2016-11-17,2467.842041015625,5.942229833035981
2016-11-18,2463.658447265625,-3.888190545870657
2016-11-21,2463.658447265625,-2.126217197574533
2016-11-22,2451.1103515625,-15.114826368442664
2016-11-23,2459.475830078125,4.341165641443695
2016-11-24,2434.379150390625,-27.626315785761108
2016-11-25,2430.197265625,-9.292817629812362
2016-11-28,2405.099853515625,-30.112681622909804
2016-11-29,2400.917236328125,-10.502262931951918
2016-11-30,2392.5517578125,-13.692840288690604
2016-12-01,2437.947998046875,40.98697017480072
2016-12-02,2467.370849609375,31.431031714344954
2016-12-05,2463.168212890625,0.28548312303200873
2016-12-06,2467.370849609375,4.278570651280461
2016-12-07,2463.168212890625,-5.71507675744806
2016-12-08,2471.57421875,5.947579076736474
2016-12-09,2471.57421875,-1.7093741386165675
2016-12-13,2471.57421875,-1.8616863533570722
2016-12-14,2479.9814453125,6.017554825361003
2016-12-15,2484.184814453125,2.7588961872770597
2016-12-16,2488.387939453125,2.8878592954079068
2016-12-19,2475.777587890625,-14.126822377804729
2016-12-20,2484.184814453125,4.836358755982928
2016-12-21,2467.370849609375,-19.217815353163132
2016-12-22,2446.354248046875,-25.0750775003753
2016-12-23,2429.541259765625,-23.182280662673293
2016-12-27,2488.387939453125,52.31712235952091
2016-12-28,2475.777587890625,-9.859882289094003
2016-12-29,2580.8623046875,105.32038272503951
2016-12-30,2606.08203125,35.283195285526745
2017-01-02,2606.08203125,9.236132629981967
2017-01-03,2652.319091796875,47.6545688160827
2017-01-04,2639.708984375,-8.267734442933488
2017-01-05,2635.505126953125,-4.085409514185358
2017-01-06,2622.8955078125,-15.705324701350037
2017-01-09,2580.8623046875,-46.25948301320432
2017-01-10,2589.268798828125,-0.29761094468767624
2017-01-11,2572.454833984375,-21.97850293350257
2017-01-12,2576.658447265625,-0.5312183139894842
2017-01-13,2568.251708984375,-11.983867014021598
2017-01-16,2551.43798828125,-20.352277948763913
2017-01-17,2551.43798828125,-5.315297342691338
2017-01-18,2572.454833984375,16.967876057893136
2017-01-19,2585.065185546875,12.263757638480001
2017-01-20,2564.048583984375,-20.45076245317614
2017-01-23,2530.421875,-37.34043330815757
2017-01-24,2530.421875,-7.938473831107785
2017-01-25,2513.6083984375,-22.310944230225687
2017-01-26,2572.454833984375,53.562849163970895
2017-01-27,2589.268798828125,19.773456212212295
2017-01-30,2597.675537109375,12.318251345674526
2017-01-31,2572.454833984375,-24.46156460340535
2017-02-01,2593.471923828125,16.820694094545615
2017-02-02,2597.675537109375,2.565120548622417
2017-02-03,2601.87841796875,3.582995648679571
2017-02-06,2622.8955078125,19.572007758808013
2017-02-07,2627.09912109375,4.764883117604313
2017-02-08,2622.8955078125,-4.373702794003748
2017-02-09,2627.09912109375,1.9401848041975427
2017-02-10,2522.01513671875,-107.18998364417939
2017-02-13,2610.28564453125,73.3529523708512
2017-02-14,2606.08203125,-4.4927527540176015
2017-02-15,2606.08203125,2.286205073363817
2017-02-16,2606.08203125,-2.071967322328419
2017-02-17,2601.87841796875,-6.352902416139386
2017-02-20,2597.675537109375,-7.161227039987807
2017-02-21,2606.08203125,5.065274028740987
2017-02-22,2606.08203125,-1.912582386181839
2017-02-23,2606.08203125,-1.9450361182712186
2017-02-24,2606.08203125,-2.413299765904412
2017-02-27,2606.08203125,-2.472234888974981
2017-02-28,2597.675537109375,-10.917034485273234
2017-03-01,2606.08203125,4.868125698557378
2017-03-02,2606.08203125,-2.186409381638896
2017-03-03,2601.87841796875,-6.194968969278307
2017-03-06,2601.87841796875,-2.9468125667985987
2017-03-07,2597.675537109375,-7.022606590929172
2017-03-08,2606.08203125,5.308733376215969
2017-03-09,2627.09912109375,19.143250410884775
2017-03-10,2627.09912109375,0.6241203770382526
2017-03-13,2614.48876953125,-13.311026888780816
2017-03-14,2635.505126953125,17.393765968538446
2017-03-15,2631.302490234375,-5.029654023706826
2017-03-16,2669.13232421875,36.32723938837353
2017-03-17,2681.74267578125,14.630029405963342
2017-03-20,2702.759521484375,23.157821626348323
2017-03-21,2732.18310546875,31.15472760576995
2017-03-22,2744.793212890625,15.878318049049994
2017-03-23,2791.0302734375,48.185192321877366
2017-03-24,2782.62353515625,-3.5580366931631033
2017-03-27,2782.62353515625,0.7247938651880759
2017-03-29,2807.84326171875,23.020641837355925
2017-03-30,2828.8603515625,21.806302288603092
2017-03-31,2782.62353515625,-44.111202406185384
2017-04-03,2786.82666015625,-1.74436475482662
2017-04-04,2816.25,24.226340653110583
2017-04-05,2816.25,0.7710941157083653
2017-04-06,2912.9267578125,96.33214757786982
2017-04-07,2917.130126953125,13.884460521511755
2017-04-10,2917.130126953125,6.043495150616764
2017-04-11,2933.94384765625,16.420191566152425
2017-04-12,2967.571044921875,33.97004838980911
2017-04-13,2917.130126953125,-47.27970153187789
2017-04-17,2867.156494140625,-55.495879183608395
2017-04-18,2867.156494140625,-11.925049468849465
2017-04-19,2867.156494140625,-7.188948925415843
2017-04-20,2934.917724609375,64.04586079748788
2017-04-21,2960.328125,30.64719076330448
2017-04-25,2947.623291015625,-6.777340654862201
2017-04-26,3049.265869140625,100.8100068048816
2017-04-27,2968.798583984375,-70.74556373713722
2017-04-28,3006.9150390625,34.196787154963204
2017-05-02,3032.325439453125,22.79882197685947
2017-05-03,3006.9150390625,-22.420750174902423
2017-05-04,3019.6201171875,9.453535403729347
2017-05-05,3011.14990234375,-10.866150973778076
2017-05-08,3040.795166015625,26.906643338784306
2017-05-09,3049.265869140625,8.959783190971393
2017-05-10,3036.56005859375,-11.879211184500036
2017-05-12,3049.265869140625,9.811503891713073
2017-05-15,3091.61669921875,40.69976403229293
2017-05-16,2947.623291015625,-140.4559972028851
2017-05-17,2871.391845703125,-92.60321859590977
2017-05-18,2947.623291015625,53.60699667090148
2017-05-19,3032.325439453125,82.98952133845887
2017-05-22,2989.974365234375,-30.77186705854365
2017-05-23,2998.444091796875,8.21091654985139
2017-05-24,2960.328125,-41.218276543035245
2017-05-26,2977.26904296875,10.439506557913319
2017-05-29,3011.14990234375,30.35362214568704
2017-05-30,2981.50341796875,-27.32172244212188
2017-05-31,2905.2724609375,-79.57400739121113
2017-06-01,2905.2724609375,-13.516382243224143
2017-06-02,2973.033447265625,58.77685798997754
2017-06-05,3002.679443359375,33.82288832672384
2017-06-06,2973.033447265625,-23.684075239346384
2017-06-07,3015.384765625,39.68017769409698
2017-06-08,3036.56005859375,22.360179980630164
2017-06-09,2998.444091796875,-34.81461836990138
2017-06-12,3006.9150390625,3.687496941761765
2017-06-13,3028.09033203125,17.255514785011655
2017-06-14,3045.030517578125,17.22754147607293
2017-06-15,3057.73583984375,13.892145521818293
2017-06-16,3015.384765625,-41.570519050100756
2017-06-19,3036.56005859375,15.009220243226991
2017-06-20,3066.20556640625,26.6488951880483
2017-06-21,3083.14599609375,19.120087964682625
2017-06-22,3074.67578125,-6.428860689380599
2017-06-23,3074.67578125,-1.5573692159832717
2017-06-26,3074.67578125,-2.6668238326637947
2017-06-27,3074.67578125,-2.477177326908077
2017-06-28,3074.67578125,-2.5280098969933533
2017-06-29,3074.67578125,-2.5215535112133693
2017-06-30,3074.67578125,-2.5241532546797316
2017-07-03,3133.967529296875,56.76770920959416
2017-07-04,3142.437744140625,13.134961707514321
2017-07-05,3108.556640625,-30.56122623061492
2017-07-06,3087.381103515625,-26.057151849909587
2017-07-07,3133.967529296875,39.34323326817503
2017-07-10,3100.086669921875,-32.894737909693504
2017-07-11,3104.32177734375,0.8145430996869436
2017-07-12,3121.26220703125,12.800069498464836
2017-07-13,3133.967529296875,12.261293477256004
2017-07-14,3117.02685546875,-16.652472578342895
2017-07-17,3100.086669921875,-20.193542703551884
2017-07-18,3108.556640625,2.86325568399252
2017-07-19,3129.732177734375,18.12875498874473
2017-07-20,3125.4970703125,-3.896721394983615
2017-07-21,3087.381103515625,-39.43228823982872
2017-07-24,3146.672607421875,52.20095747780397
2017-07-25,3146.672607421875,1.6550575112605657
2017-07-26,3180.55322265625,35.50470274804047
2017-07-27,3184.78857421875,6.600121269691044
2017-07-28,3184.78857421875,1.1126396878676132
2017-07-31,3167.848388671875,-18.416289042885182
2017-08-01,3205.9638671875,33.90639711946096
2017-08-02,3205.9638671875,0.8353688357328792
2017-08-03,3176.318359375,-29.338183226180718
2017-08-04,3146.672607421875,-35.197530413857294
2017-08-07,3155.143310546875,0.2006525687629619
2017-08-08,3218.669189453125,59.1578512221281
2017-08-09,3214.43408203125,0.9007541546679931
2017-08-10,3189.023681640625,-23.414836065499912
2017-08-11,3163.61279296875,-30.240128287623065
2017-08-14,3176.318359375,5.430744174652318
2017-08-15,3163.61279296875,-16.1095800433568
2017-08-16,3201.728759765625,34.473907267582035
2017-08-17,3201.728759765625,1.057673465958942
2017-08-18,3167.848388671875,-33.50832881655242
2017-08-21,3184.78857421875,10.897582423211134
2017-08-22,3184.78857421875,-2.958652506119506
2017-08-23,3244.07958984375,57.60724700064111
2017-08-24,3210.198974609375,-29.142989917239447
2017-08-25,3235.609619140625,23.660313776253588
2017-08-28,3231.374755859375,-5.355589759310078
2017-08-29,3231.374755859375,-1.1251173197561002
2017-08-30,3235.609619140625,1.6918675383967638
2017-08-31,3210.198974609375,-27.3305803200642
2017-09-01,3210.198974609375,-5.2513685461608475
2017-09-04,3197.4931640625,-17.211387425494195
2017-09-05,3218.669189453125,16.689553342163435
2017-09-06,3201.728759765625,-18.11237301952633
2017-09-07,3210.198974609375,5.334519659150828
2017-09-08,3193.25830078125,-19.549335036992034
2017-09-11,3201.728759765625,4.404936498089683
2017-09-12,3222.904541015625,18.35879088193451
2017-09-13,3227.1396484375,4.7039729424141115
2017-09-14,3235.609619140625,8.211764711401884
2017-09-15,3197.4931640625,-38.857986904965856
2017-09-18,3214.43408203125,10.725740965281602
2017-09-19,3231.374755859375,13.605202823497166
2017-09-20,3227.1396484375,-3.9219936449803754
2017-09-21,3227.1396484375,-1.6203971567942972
2017-09-22,3366.897216796875,137.24991747600598
2017-09-25,3333.016845703125,-19.397261500893364
2017-09-26,3328.78173828125,0.4958781460013597
2017-09-27,3345.722412109375,13.659841433701786
2017-09-28,3358.427001953125,12.343600819553558
2017-09-29,3438.89404296875,80.82243373693382
2017-10-02,3443.128662109375,12.805276061746099
2017-10-03,3447.363525390625,9.115444960140849
2017-10-04,3443.128662109375,-4.327740172408994
2017-10-05,3434.65869140625,-10.43832614703797
2017-10-06,3464.30419921875,26.041710090620654
2017-10-09,3447.363525390625,-16.52799547518407
2017-10-10,3451.5986328125,1.9138354316501136
2017-10-11,3451.5986328125,-2.917979293764347
2017-10-12,3523.595703125,69.72042613032045
2017-10-13,3502.420166015625,-14.96651899547851
2017-10-16,3510.890625,9.2450317970156
2017-10-17,3472.7744140625,-40.041399277203254
2017-10-18,3421.953369140625,-57.11095021623305
2017-10-19,3443.128662109375,9.536080654548641
2017-10-20,3447.363525390625,-0.4594605910010614
2017-10-23,3557.4765625,108.64168928081881
2017-10-24,3489.71484375,-56.67001774901064
2017-10-25,3565.946533203125,74.53978386768449
2017-10-26,3519.360107421875,-43.36990652377881
2017-10-27,3438.89404296875,-82.81462095637335
2017-10-30,3460.0693359375,6.19809900266182
2017-10-31,3540.535888671875,73.6571048009173
2017-11-01,3612.53271484375,79.28976745519549
2017-11-02,3637.943115234375,37.87522148500011
2017-11-03,3561.71142578125,-68.41344132515997
2017-11-06,3557.4765625,-12.059648954113527
2017-11-07,3565.946533203125,0.4051263804954033
2017-11-08,3523.595703125,-45.15439780246652
2017-11-09,3523.595703125,-7.49807626175334
2017-11-10,3498.185302734375,-31.37443720570036
2017-11-13,3468.539306640625,-35.99919808845789
2017-11-14,3468.539306640625,-8.50274914102829
2017-11-15,3561.71142578125,87.69548485300948
2017-11-16,3561.71142578125,8.016811202113786
2017-11-17,3587.121826171875,30.16774986560995
2017-11-20,3561.71142578125,-23.269388753238673
2017-11-21,3578.65185546875,14.076343978637851
2017-11-22,3587.121826171875,6.578065001088817
2017-11-23,3557.4765625,-29.961209299229722
2017-11-24,3557.4765625,-5.24518124014412
2017-11-27,3608.29736328125,46.14092368630145
2017-11-28,3608.29736328125,3.1952154679552223
2017-11-29,3600.6455078125,-6.244282366938933
2017-11-30,3460.3603515625,-142.8798375047004
2017-12-01,3460.3603515625,-19.7894625415438
2017-12-04,3536.8798828125,62.56223990421768
2017-12-05,3570.88818359375,38.22672841390386
2017-12-06,3621.90087890625,57.76045977262811
2017-12-07,3566.637451171875,-47.76661976144851
2017-12-08,3592.143310546875,21.50766518710543
2017-12-11,3583.64111328125,-11.1232013511667
2017-12-12,3613.3984375,27.789657391751007
2017-12-13,3558.13525390625,-54.68414569761944
2017-12-14,3587.89208984375,22.925560294457682
2017-12-15,3587.89208984375,-2.90940274859895
2017-12-18,3587.89208984375,-0.8774173861647796
2017-12-19,3587.89208984375,-2.350185822343974
2017-12-20,3558.13525390625,-32.15037571031053
2017-12-21,3587.89208984375,23.652110731910398
2017-12-22,3655.9091796875,66.69524776781418
2017-12-25,3655.9091796875,7.610282592289423
2017-12-26,3655.9091796875,3.310636629958026
2017-12-27,3660.16064453125,3.109081161202994
2017-12-28,3728.177734375,66.56415607112422
2017-12-29,3723.926025390625,1.9756806944847085
2018-01-01,3723.926025390625,2.6187349622387046
2018-01-02,3723.926025390625,-1.6012189721427603
2018-01-03,3723.926025390625,-2.0700847285006603
2018-01-04,3779.189697265625,52.85592945455892
2018-01-05,3783.441162109375,8.472135425217857
2018-01-08,3800.4453125,19.49837186453624
2018-01-09,3830.202880859375,30.635248957665226
2018-01-10,3817.44970703125,-9.791459824602043
2018-01-11,3859.9599609375,41.31143512253993
2018-01-12,3813.1982421875,-44.454587957448894
2018-01-15,3821.7001953125,3.810762409007566
2018-01-16,3842.95556640625,16.709064276858044
2018-01-17,3766.437255859375,-76.28900761055047
2018-01-18,3838.7041015625,62.07870814285798
2018-01-19,3817.44970703125,-20.854252858887776
2018-01-22,3821.7001953125,3.802687011402668
2018-01-23,3851.457763671875,26.780723688665603
2018-01-24,3838.7041015625,-11.303738344555313
2018-01-25,3838.7041015625,-1.6386703279922585
2018-01-26,3859.9599609375,18.25478818463762
2018-01-29,3876.964111328125,17.058245103536137
2018-01-30,3876.964111328125,1.2327914101069837
2018-01-31,3864.21142578125,-13.518304230543436
2018-02-01,3974.739501953125,106.92085587278416
2018-02-02,4076.76416015625,112.0387364296821
2018-02-05,4047.006103515625,-11.109046614394629
2018-02-06,4000.24609375,-42.701735322184504
2018-02-07,3995.993896484375,-12.219085277834438
2018-02-08,4030.0029296875,27.635796299669437
2018-02-09,4008.74755859375,-20.76791198644878
2018-02-12,3995.993896484375,-15.482935571610597
2018-02-13,4047.006103515625,45.70278444498763
2018-02-14,4030.0029296875,-14.542334109151398
2018-02-15,3987.49169921875,-43.2834366932625
2018-02-16,3987.49169921875,-8.265879396863511
2018-02-19,4123.525390625,130.10106048243415
2018-02-20,4085.26611328125,-25.085156501116217
2018-02-21,4085.26611328125,3.5656378782300635
2018-02-22,4064.0107421875,-24.542495021480136
2018-02-23,4123.525390625,54.72601341757763
2018-02-26,4000.24609375,-120.32726984279816
2018-02-27,4004.496826171875,-8.747142461743351
2018-02-28,3940.730224609375,-74.88432556162843
2018-03-01,3940.730224609375,-11.7117609751499
2018-03-02,3889.7177734375,-59.46570832278985
2018-03-05,3889.7177734375,-10.03957547934806
2018-03-06,3872.713134765625,-24.229144629240636
2018-03-07,3842.95556640625,-35.413544707180336
2018-03-08,3961.985107421875,111.07327103779653
2018-03-09,3961.985107421875,9.060567134053144
2018-03-12,4017.25,61.704426449779476
2018-03-13,3987.49169921875,-23.724107814725812
2018-03-14,3978.98974609375,-9.322621506637915
2018-03-15,3974.739501953125,-9.009461970217217
2018-03-16,3970.487060546875,-8.01536894567107
2018-03-19,3970.487060546875,-3.621558141546302
2018-03-20,3957.734375,-15.775357332103795
2018-03-21,3974.739501953125,12.801221964363322
2018-03-22,3987.49169921875,11.204363537876816
2018-03-23,4047.006103515625,59.67453268226927
2018-03-26,3957.734375,-83.34099899629291
2018-03-27,3987.49169921875,21.57321281436998
2018-03-28,3966.2373046875,-26.234683361498355
2018-03-29,3961.985107421875,-8.047723758082611
2018-03-30,3961.985107421875,-4.771702011643356
2018-04-02,3978.98974609375,13.84036243482069
2018-04-03,3978.98974609375,-0.6896229158110145
2018-04-04,3961.985107421875,-18.21747240286095
2018-04-05,3919.474365234375,-46.81564594690326
2018-04-06,3864.21142578125,-64.20164389709589
2018-04-09,3872.713134765625,-4.4480083487583215
2018-04-10,3961.985107421875,82.41028307678152
2018-04-11,3966.2373046875,11.898009096305032
2018-04-12,3936.47900390625,-24.88206193444921
2018-04-13,3923.62890625,-17.125441687093826
2018-04-16,3923.62890625,-5.782340082807423
2018-04-17,3923.62890625,-3.8908732276790943
2018-04-18,3936.47900390625,9.943365066458682
2018-04-19,3936.47900390625,-1.1035088953549348
2018-04-20,3936.47900390625,-1.5223347357805324
2018-04-23,3940.761962890625,1.9747488005964442
2018-04-24,3927.912353515625,-14.761678776394092
2018-04-25,3927.912353515625,-3.7086034943290542
2018-04-26,3927.912353515625,-3.482146656264831
2018-04-27,3927.912353515625,-2.7191827114638727
2018-04-30,3786.558837890625,-143.96512211225036
2018-05-01,3786.558837890625,-19.686478683769565
2018-05-02,3923.62890625,123.05304520917161
2018-05-03,3820.82666015625,-91.24263870466211
2018-05-04,3773.708984375,-52.04242951714423
2018-05-07,3820.82666015625,32.68591313477691
2018-05-08,3773.708984375,-48.66787713138774
2018-05-09,3923.62890625,144.14391297908378
2018-05-10,3923.62890625,12.188296898571934
2018-05-11,3897.9287109375,-16.68080811918253
2018-05-14,3936.47900390625,35.288642789371806
2018-05-15,3803.693115234375,-131.6674423228451
2018-05-16,3833.6767578125,14.317381752694473
2018-05-17,3769.4248046875,-73.32778453697983
2018-05-18,3718.02392578125,-61.38912729232743
2018-05-21,3709.456787109375,-22.94004880465127
2018-05-22,3769.4248046875,51.05137790471963
2018-05-23,3769.4248046875,2.6131204701750903
2018-05-24,3846.52783203125,78.76678041226523
2018-05-25,3863.660888671875,24.80697475261377
2018-05-28,3915.0615234375,57.59959634907318
2018-05-29,3915.0615234375,6.584310733833263
2018-05-30,3889.361328125,-23.119208199793775
2018-05-31,3889.361328125,-4.415193724114033
2018-06-01,3889.361328125,-4.123955136415589
2018-06-04,3927.912353515625,35.707006586966145
2018-06-05,3893.64501953125,-32.26258940815342
2018-06-06,3945.046630859375,47.81572702282028
2018-06-07,3936.47900390625,-6.967170814530164
2018-06-08,3812.259033203125,-123.93310941661821
2018-06-11,3812.259033203125,-17.540332454441796
2018-06-12,3812.259033203125,-12.423815665503298
2018-06-13,3812.259033203125,-4.723740170965357
2018-06-14,3812.259033203125,-3.44966006530467
2018-06-15,3812.259033203125,-2.7827942297644768
2018-06-18,3812.259033203125,-2.617157430174302
2018-06-19,3812.259033203125,-2.552699099039728
2018-06-20,3683.756591796875,-131.03630312913083
2018-06-21,3623.7880859375,-78.07632606151856
2018-06-22,3756.57470703125,112.55033052725184
2018-06-25,3803.693115234375,53.519147336252445
2018-06-26,3662.339599609375,-129.42522536295155
2018-06-27,3658.05517578125,-18.465706958515057
2018-06-28,3589.520751953125,-81.43590118949896
2018-06-29,3679.47265625,76.79908047262597
2018-07-02,3675.189453125,-2.4407515515295017
2018-07-03,3529.552734375,-142.872398436989
2018-07-04,3636.63818359375,87.54998766396238
2018-07-05,3636.63818359375,-0.9422131792152868
2018-07-06,3585.2373046875,-47.73946584083387
2018-07-09,3752.291015625,159.15254675356982
2018-07-10,3752.291015625,14.069827710710342
2018-07-11,3825.109375,83.06459864522458
2018-07-12,3910.778076171875,94.62608241605858
2018-07-13,3945.046630859375,49.218862031979825
2018-07-16,3962.179931640625,27.34745807257059
2018-07-17,3893.64501953125,-63.994136967578925
2018-07-18,3975.030029296875,73.3955005388284
2018-07-19,3975.030029296875,2.5904082127167385
2018-07-20,3957.896240234375,-13.985940890446727
2018-07-23,4000.730224609375,39.26040468212523
2018-07-24,4030.715087890625,31.764198752749962
2018-07-25,4039.28173828125,12.980274574168106
2018-07-26,3996.44775390625,-41.196675445465644
2018-07-27,3979.3134765625,-23.31570145419346
2018-07-30,3987.881103515625,0.9491104210242156
2018-07-31,3987.881103515625,-3.4866247955424114
2018-08-01,4022.148193359375,31.85730325057284
2018-08-02,4017.865234375,-2.702569289474468
2018-08-03,4017.865234375,-0.25799290796885543
2018-08-06,4077.832763671875,57.70621017131043
2018-08-07,4077.832763671875,4.929334770043624
2018-08-08,4099.2490234375,23.803680478940805
2018-08-09,4129.23388671875,31.148800296631634
2018-08-10,4090.683349609375,-35.24006765086051
2018-08-13,3996.44775390625,-98.48580775059781
2018-08-14,4026.431884765625,13.647838274056994
2018-08-15,4017.865234375,-15.515650555420507
2018-08-16,4005.014892578125,-15.873597632205474
2018-08-17,4005.014892578125,-5.007287018205261
2018-08-20,4094.966796875,86.23830558510008
2018-08-21,4090.683349609375,3.7892845178016614
2018-08-22,4090.683349609375,4.14780933480688
2018-08-23,4210.61962890625,118.64113891929901
2018-08-24,4296.2880859375,98.27914338289793
2018-08-27,4244.88818359375,-33.63929642581843
2018-08-28,4279.15478515625,34.67754444424736
2018-08-29,4249.1708984375,-30.068005873099537
2018-08-30,4296.2880859375,43.72888611867165
2018-08-31,4249.1708984375,-45.86621388025742
2018-09-03,4244.88818359375,-8.984196058003363
2018-09-04,4240.6025390625,-10.477235372241921
2018-09-05,4112.099609375,-132.42130040086886
2018-09-06,4232.03662109375,101.13394097749824
2018-09-07,4257.73583984375,27.099468017936488
2018-09-10,4240.6025390625,-9.167999421536479
2018-09-11,4240.6025390625,-1.3585081937426366
2018-09-12,4094.966796875,-148.4607257157595
2018-09-13,4112.099609375,-3.008200896469134
2018-09-14,4107.8173828125,-16.576210802656533
2018-09-17,4099.2490234375,-12.828550681431807
2018-09-18,4112.099609375,8.141928589249801
2018-09-19,4112.099609375,-1.9166690588899655
2018-09-20,4103.53466796875,-10.305742653788911
2018-09-21,4060.699462890625,-46.2624871224798
2018-09-24,4099.2490234375,30.204396563573937
2018-09-25,4099.2490234375,-1.466461989653908
2018-09-26,4146.36767578125,46.900544039644046
2018-09-27,4112.099609375,-30.729301289768955
2018-09-28,4137.80126953125,23.04653592838531
2018-10-01,4103.53466796875,-35.56730494277417
2018-10-02,4103.53466796875,-4.829038985557418
2018-10-03,4099.2490234375,-9.288113050379252
2018-10-04,4043.56396484375,-59.182754477683375
2018-10-05,3949.329833984375,-104.078121810619
2018-10-08,4017.865234375,49.92783423256196
2018-10-09,4069.265625,48.47809971669267
2018-10-10,4005.014892578125,-57.1007537347582
2018-10-11,3893.64501953125,-117.11748042426598
2018-10-12,3983.597412109375,69.90238663441187
2018-10-15,4086.398681640625,101.43315224625712
2018-10-16,4129.23388671875,57.73499362034045
2018-10-17,4116.3837890625,-1.15042116078439
2018-10-18,4043.56396484375,-71.16764015100398
2018-10-19,4005.014892578125,-49.30468642834285
2018-10-22,3966.462890625,-51.315967372421255
2018-10-23,3932.19580078125,-45.820086596092096
2018-10-24,3880.79443359375,-62.42184206858019
2018-10-25,3923.62890625,30.166798584415574
2018-10-26,4043.56396484375,117.38874315489147
2018-10-29,3962.179931640625,-67.19380984999998
2018-10-30,4026.431884765625,61.86612637935741
2018-10-31,4052.132568359375,26.68027372110282
2018-11-01,4077.832763671875,31.001665516526373
2018-11-02,4112.099609375,37.75089316710546
2018-11-05,4142.08349609375,34.573816725175675
2018-11-06,4180.634765625,43.205103690919714
2018-11-07,4129.23388671875,-45.911940109281204
2018-11-08,4112.099609375,-21.87615687127527
2018-11-09,4112.099609375,-7.757744801311674
2018-11-12,4060.699462890625,-55.846659228541284
2018-11-13,4124.94970703125,54.912580195968985
2018-11-14,4120.6669921875,-3.3911456785717746
2018-11-15,4142.08349609375,22.60919455997282
2018-11-16,4253.45361328125,111.83555520498885
2018-11-19,4300.5712890625,60.131684940663035
2018-11-20,4300.5712890625,12.6824769931618
2018-11-21,4249.1708984375,-47.91152611000143
2018-11-22,4300.5712890625,44.38499481745475
2018-11-23,4300.5712890625,0.14316029543715558
2018-11-26,4321.98876953125,22.33815604261872
2018-11-27,4369.1064453125,47.78543514583089
2018-11-28,4360.54052734375,-3.3358275874743413
2018-11-29,4489.04296875,129.22757633999117
2018-11-30,4463.341796875,-12.304897030719985
2018-12-03,4434.9794921875,-23.305223476349056
2018-12-04,4503.73876953125,63.06458194487004
2018-12-05,4495.14306640625,-4.550317942166657
2018-12-06,4520.92822265625,27.379760869650454
2018-12-07,4460.76416015625,-59.197342774641584
2018-12-10,4452.16748046875,-16.002442619795147
2018-12-11,4434.9794921875,-25.117615918567026
2018-12-12,4439.27685546875,-1.8631256392300202
2018-12-13,4439.27685546875,-3.9475050102655587
2018-12-14,4439.27685546875,-2.652802043441625
2018-12-17,4439.27685546875,-2.634524455437713
2018-12-18,4353.326171875,-88.49683829899186
2018-12-19,4495.14306640625,128.86141064526691
2018-12-20,4396.3017578125,-91.15631439644858
2018-12-21,4443.5732421875,42.74370428628299
2018-12-24,4443.5732421875,-2.9334867882989784
2018-12-25,4443.5732421875,0.43842475033034134
2018-12-26,4490.84619140625,45.08070264054459
2018-12-27,4465.0615234375,-22.339795894080453
2018-12-28,4469.3583984375,2.5378548575481545
2018-12-31,4469.3583984375,-3.229054489867849
2019-01-01,4469.3583984375,-2.2728368724992833
2019-01-02,4503.73876953125,31.839724243944147
2019-01-03,4452.16748046875,-49.91226146491226
2019-01-04,4473.65576171875,15.505086426859634
2019-01-07,4508.0361328125,30.888794704073916
2019-01-08,4503.73876953125,-1.5706335217564629
2019-01-09,4516.6298828125,12.705916520721075
2019-01-10,4516.6298828125,-0.6141617805587885
2019-01-11,4512.33251953125,-5.5765372128798845
2019-01-14,4469.3583984375,-45.741328334050195
2019-01-15,4520.92822265625,43.60254551198068
2019-01-16,4542.4150390625,21.67951894748876
2019-01-17,4581.091796875,42.15658496526339
2019-01-18,4662.7451171875,86.15710185779153
2019-01-21,4765.88330078125,114.33950352858028
2019-01-22,4813.1552734375,64.81825757493061
2019-01-23,4727.20556640625,-72.53237662916399
2019-01-24,4692.826171875,-40.91071342551277
2019-01-25,4727.20556640625,22.542359008272797
2019-01-28,4722.908203125,-6.336700090321756
2019-01-29,4761.5859375,37.3592681384971
2019-01-30,4744.3955078125,-15.132596481756082
2019-01-31,4843.23681640625,97.44233076666114
2019-02-01,4843.23681640625,8.75741563891097
2019-02-04,4727.20556640625,-110.5355183929014
2019-02-05,4727.20556640625,-14.869551199867601
2019-02-06,4757.2890625,18.87502282812966
2019-02-07,4752.99072265625,-5.049468400316073
2019-02-08,4744.3955078125,-10.001644336252866
2019-02-11,4722.908203125,-25.086182151617322
2019-02-12,4692.826171875,-35.8393967422071
2019-02-13,4658.44677734375,-42.44432777729617
2019-02-14,4624.06787109375,-43.96022043042558
2019-02-15,4606.87744140625,-27.39505435121646
2019-02-18,4710.01611328125,94.84165110106096
2019-02-19,4624.06787109375,-78.32213397736268
2019-02-20,4727.20556640625,97.9022378543441
2019-02-21,4731.50341796875,8.906196996615108
2019-02-22,4718.611328125,-7.3477152692648815
2019-02-25,4718.611328125,-2.348442299413364
2019-02-26,4774.47802734375,53.04281666883708
2019-02-27,4783.07421875,12.820998699296979
2019-02-28,4740.09814453125,-39.94213017906441
2019-03-01,4761.5859375,15.447879948500486
2019-03-04,4757.2890625,-7.131943296089048
2019-03-05,4722.908203125,-36.267835613150964
2019-03-06,4718.611328125,-11.219023076271696
2019-03-07,4718.611328125,-5.823850267398484
2019-03-08,4675.6376953125,-46.47650716826229
2019-03-11,4731.50341796875,47.79284874685709
2019-03-12,4727.20556640625,-3.646008583674302
2019-03-13,4727.20556640625,0.6880197522214075
2019-03-14,4710.01611328125,-19.39885052896898
2019-03-15,4761.5859375,47.213354659797005
2019-03-18,4770.1806640625,10.97814092354838
2019-03-19,4718.611328125,-49.14674373940488
2019-03-20,4701.42138671875,-24.46851554508703
2019-03-21,4705.71923828125,-3.989462983203339
2019-03-22,4714.3134765625,4.432114510581414
2019-03-25,4688.52880859375,-27.56295977290756
2019-03-26,4701.42138671875,7.795379012081867
2019-03-27,4714.3134765625,9.95292831387269
2019-03-28,4701.42138671875,-13.216798879036105
2019-03-29,4735.80126953125,31.389484732855635
2019-04-01,4727.20556640625,-7.719511699406212
2019-04-02,4727.20556640625,-0.8974121062938138
2019-04-03,4727.20556640625,-2.6726900504327205
2019-04-04,4761.5859375,31.946398148134904
2019-04-05,4752.99072265625,-6.949860859042019
2019-04-08,4710.01611328125,-43.74164486091195
2019-04-09,4757.2890625,39.45674075719762
2019-04-10,4748.69384765625,-8.772113278836514
2019-04-11,4710.01611328125,-39.1659503924775
2019-04-12,4727.20556640625,9.806775291079248
2019-04-15,4731.50341796875,0.83046588522393
2019-04-16,4722.908203125,-9.892150113984826
2019-04-17,4722.908203125,-3.1943321164753797
2019-04-18,4834.64306640625,108.63910437674349
2019-04-19,4834.64306640625,10.909400550605824
2019-04-22,4834.64306640625,6.501722140549646
2019-04-23,4838.93994140625,3.760934556625216
2019-04-24,4883.17529296875,43.073798005572826
2019-04-25,4852.8173828125,-26.93527883212755
2019-04-26,4874.50146484375,19.23432769547435
2019-04-29,4930.87890625,54.86698563300888
2019-04-30,4987.2568359375,62.26009801394957
2019-05-01,4987.2568359375,9.149671050779034
2019-05-02,4930.87890625,-53.17577582343074
2019-05-03,4922.20556640625,-16.56209411007785
2019-05-06,4874.50146484375,-55.30089105514435
2019-05-07,4909.1953125,24.836487079258404
2019-05-08,4943.88916015625,31.97509879588779
2019-05-09,4883.17529296875,-57.23448530737733
2019-05-10,4865.828125,-24.209151997056324
2019-05-13,4865.828125,-8.794051515819774
2019-05-14,4766.08251953125,-104.47301216891356
2019-05-15,4735.7255859375,-45.65935465714301
2019-05-16,4579.6025390625,-170.66127210898685
2019-05-17,4492.8671875,-112.51603299637372
2019-05-20,4666.33837890625,146.42241940643362
2019-05-21,4735.7255859375,77.60310682703312
2019-05-22,4735.7255859375,17.102353775147094
2019-05-23,4861.49072265625,130.95250181344272
2019-05-24,4865.828125,19.302840685480987
2019-05-27,4930.87890625,74.05498692228412
2019-05-28,4974.2470703125,51.58137848628394
2019-05-29,4978.58203125,13.466700153520833
2019-05-30,4978.58203125,3.014984645916229
2019-05-31,5047.97021484375,68.59965763120363
2019-06-03,5047.97021484375,6.467926595345489
2019-06-04,5047.97021484375,3.2988549077990683
2019-06-05,5047.97021484375,-1.2198281773835333
2019-06-06,5047.97021484375,-1.978584908506491
2019-06-07,5047.97021484375,-2.3712693895031407
2019-06-10,5100.01171875,49.572132630010856
2019-06-11,5126.03271484375,29.82347447460961
2019-06-12,5069.6552734375,-51.5129490291647
2019-06-13,5034.96044921875,-41.006265223943046
2019-06-14,5030.6240234375,-14.78634718981084
2019-06-17,5026.2880859375,-10.907625166658363
2019-06-18,5117.359375,86.71464132366145
2019-06-19,5152.05224609375,42.43072989963457
2019-06-20,5126.03271484375,-17.154866835650864
2019-06-21,5100.01171875,-27.327696899651528
2019-06-24,5095.67529296875,-10.841566293126562
2019-06-25,5126.03271484375,25.174242327288994
2019-06-26,5087.00146484375,-38.7505823655365
2019-06-27,5147.7158203125,55.640938081995046
2019-06-28,5199.7568359375,54.158523237239024
2019-07-01,5195.419921875,3.8819668451214966
2019-07-02,5204.09326171875,10.697696011437074
2019-07-03,5204.09326171875,-0.4948190847680962
2019-07-04,5195.419921875,-10.071677206849017
2019-07-05,5178.07275390625,-20.651455873006853
2019-07-08,5100.01171875,-83.28536373206134
2019-07-09,5204.09326171875,90.55903073847276
2019-07-10,5204.09326171875,3.3877347443904
2019-07-11,5225.77783203125,26.07120773023871
2019-07-12,5212.767578125,-11.673969043815305
2019-07-15,5295.1650390625,80.66668781321005
2019-07-16,5277.818359375,-10.393111878060154
2019-07-17,5334.19580078125,58.434924999585746
2019-07-18,5329.8603515625,0.007817006175173447
2019-07-19,5377.56396484375,49.542805875101294
2019-07-22,5455.62451171875,82.01778144158561
2019-07-23,5407.92041015625,-36.5131590862693
2019-07-24,5420.9306640625,11.990666969300946
2019-07-25,5420.9306640625,-3.0260702674177082
2019-07-26,5373.2265625,-49.32330706830271
2019-07-29,5368.88916015625,-12.569268948186618
2019-07-30,5394.9111328125,19.165656626321834
2019-07-31,5368.88916015625,-26.584794657424936
2019-08-01,5386.2373046875,13.349961668510332
2019-08-02,5347.20703125,-41.23086843424608
2019-08-05,5204.09326171875,-149.27473928442942
2019-08-06,5100.01171875,-126.9744865488683
2019-08-07,5212.767578125,85.37717151277229
2019-08-08,5208.43017578125,-4.485165342058281
2019-08-09,5260.4716796875,55.12875866683771
2019-08-12,5238.787109375,-17.34903321019374
2019-08-13,5217.103515625,-22.168869471252037
2019-08-14,5212.767578125,-10.228506262429619
2019-08-15,5204.09326171875,-13.439879518487032
2019-08-16,5169.400390625,-39.05325378791895
2019-08-19,5217.103515625,40.02350329526416
2019-08-20,5191.08251953125,-25.817195853507656
2019-08-21,5182.41064453125,-11.189041461158013
2019-08-22,5204.09326171875,16.557820866059046
2019-08-23,5199.7568359375,-5.123595246527657
2019-08-26,5195.419921875,-5.906525189659078
2019-08-27,5208.43017578125,9.902964596485617
2019-08-28,5199.7568359375,-9.915875057941776
2019-08-29,5208.43017578125,6.079844032640722
2019-08-30,5290.8291015625,80.42605390512654
2019-09-02,5204.09326171875,-78.63005304974376
2019-09-03,5251.79736328125,41.47205022126127
2019-09-04,5221.44091796875,-32.61057908409657
2019-09-05,5238.787109375,14.101738723015842
2019-09-06,5225.77783203125,-15.519696486774592
2019-09-09,5234.451171875,5.679797429183964
2019-09-10,5251.79736328125,14.951919013063161
2019-09-11,5290.8291015625,39.17236420490826
2019-09-12,5221.44091796875,-65.693905644599
2019-09-13,5230.11376953125,1.2641173488827917
2019-09-16,5208.43017578125,-27.9520052306234
2019-09-17,5230.11376953125,16.32841545971587
2019-09-18,5238.787109375,6.742894811347469
2019-09-19,5230.11376953125,-8.819440365938135
2019-09-20,5195.419921875,-37.36468516408786
2019-09-23,5225.77783203125,23.190480979541462
2019-09-24,5156.39013671875,-71.11248531163528
2019-09-25,5147.7158203125,-17.803522264748608
2019-09-26,5256.134765625,99.47807079195263
2019-09-27,5264.80712890625,17.498874345086733
2019-09-30,5264.80712890625,6.6910716003412745
2019-10-01,5238.787109375,-26.094517408589127
2019-10-02,5247.4609375,3.9049913803446543
2019-10-03,5238.787109375,-11.986972549694656
2019-10-04,5243.1240234375,1.0931797647035637
2019-10-07,5264.80712890625,18.967798251558634
2019-10-08,5290.8291015625,26.34430366253855
2019-10-09,5264.80712890625,-23.61582882370476
2019-10-10,5299.501953125,31.534309445411054
2019-10-11,5312.5126953125,13.212508685808643
2019-10-14,5377.56396484375,66.70143857850508
2019-10-15,5355.8798828125,-14.767733103354658
2019-10-16,5390.57421875,35.292117915848394
2019-10-17,5303.8388671875,-85.48918177649648
2019-10-18,5342.8701171875,28.96419461249934
2019-10-21,5394.9111328125,47.81391404056376
2019-10-22,5464.298828125,75.06215632746625
2019-10-23,5442.6142578125,-11.45202226343099
2019-10-24,5464.298828125,23.240720901831992
2019-10-25,5377.56396484375,-86.72925094129732
2019-10-28,5381.89990234375,-6.6834107553331705
2019-10-29,5394.9111328125,4.3794465883129305
2019-10-30,5433.94140625,37.06633196527309
2019-10-31,5455.62451171875,24.418507490679985
2019-11-01,5485.98193359375,33.73440267911519
2019-11-04,5442.6142578125,-39.70279732471408
2019-11-05,5516.33984375,69.1063356327968
2019-11-06,5459.96240234375,-52.690658543133395
2019-11-07,5451.28759765625,-12.515033040268463
2019-11-08,5446.9521484375,-11.409263572645614
2019-11-11,5459.96240234375,8.74392448873914
2019-11-12,5433.94140625,-27.77023110103346
2019-11-13,5446.9521484375,8.175333586351371
2019-11-14,5438.27734375,-11.581690368906493
2019-11-15,5442.6142578125,1.4264811363882473
2019-11-18,5446.9521484375,1.689963953057486
2019-11-19,5477.30859375,28.60607018612791
2019-11-20,5507.66552734375,31.887587788066412
2019-11-21,5464.298828125,-39.64708774923383
2019-11-22,5468.634765625,-0.3994511166893062
2019-11-25,5442.6142578125,-30.75738392950825
2019-11-26,5451.28759765625,2.867318755249471
2019-11-27,5464.298828125,9.261989432093287
2019-11-28,5420.9306640625,-44.10457612739083
2019-11-29,5446.9521484375,19.240059612050572
2019-12-02,5572.716796875,123.11238806165693
2019-12-03,5529.34912109375,-29.21057774313249
2019-12-04,5520.67626953125,-6.072456974025954
2019-12-05,5498.9921875,-26.414314394543908
2019-12-06,5564.24951171875,59.600387323834184
2019-12-09,5564.24951171875,3.418473294285832
2019-12-10,5538.14697265625,-23.77226116132897
2019-12-11,5551.197265625,8.345253672027866
2019-12-12,5516.39453125,-37.422980141501284
2019-12-13,5533.79541015625,11.368574904896377
2019-12-16,5533.79541015625,-3.1620394286210285
2019-12-17,5655.609375,120.1368775070423
2019-12-18,5877.48291015625,234.17915472387267
2019-12-19,5742.619140625,-100.52616775704337
2019-12-20,5794.82373046875,53.54892065319473
2019-12-23,5794.82373046875,-2.246886844591245
2019-12-26,5812.2265625,18.643518364378906
2019-12-27,5825.27734375,13.111535660519621
2019-12-30,5816.57666015625,-7.920551405904007
2020-01-02,5820.92724609375,2.2125255848641245
2020-01-03,5916.6376953125,93.4014518709937
2020-01-06,5860.08154296875,-47.13448150998829
2020-01-07,5864.431640625,2.800213143717883
2020-01-08,5812.2265625,-57.052239608440686
2020-01-09,5864.431640625,43.42380127055094
2020-01-10,5851.38037109375,-13.632903152960353
2020-01-13,5868.7822265625,16.588264212917238
2020-01-14,5977.54443359375,107.81610640967574
2020-01-15,5947.09033203125,-18.328090223119943
2020-01-16,5960.1416015625,15.953269592901961
2020-01-17,5981.89404296875,20.416916948884136
2020-01-20,5947.09033203125,-33.31684109924663
2020-01-21,5942.740234375,-9.08125791852217
2020-01-22,5951.44189453125,3.3333759865245156
2020-01-23,5951.44189453125,-2.2503347305473653
2020-01-24,5925.3388671875,-28.204260907624302
2020-01-27,5951.44189453125,20.48340101186477
2020-01-28,5907.9365234375,-44.94882260971917
2020-01-29,5903.5859375,-10.487664657530331
2020-01-30,5864.431640625,-45.4671325996278
2020-01-31,5638.20751953125,-234.4849564187216
2020-02-03,5603.40380859375,-68.31002967069799
2020-02-04,5742.619140625,113.2793733212111
2020-02-05,5855.7314453125,120.25131843510917
2020-02-06,5864.431640625,28.768071975257953
2020-02-07,5881.8330078125,26.841112744102247
2020-02-10,5903.5859375,24.871451460120625
2020-02-11,5899.2353515625,-1.5991056165848931
2020-02-12,5916.6376953125,16.81328170074994
2020-02-13,5907.9365234375,-8.819222694573
2020-02-14,5812.2265625,-97.71065652124344
2020-02-17,5847.02978515625,20.319041758063577
2020-02-18,5825.27734375,-27.840997334281383
2020-02-19,5825.27734375,-4.073743721200117
2020-02-20,5738.26806640625,-91.40603554947393
2020-02-21,5755.669921875,3.9978700080901035
2020-02-24,5677.361328125,-85.95651280091352
2020-02-25,5681.71240234375,-7.85506230129522
2020-02-26,5586.00146484375,-104.43336013035423
2020-02-27,5472.88916015625,-128.3474347363217
2020-02-28,5472.88916015625,-24.561265863456356
2020-03-02,5290.169921875,-196.2880640811709
2020-03-03,5498.9921875,181.3383471482939
2020-03-04,5603.40380859375,111.2865142993769
2020-03-05,5599.05322265625,19.159195690184788
2020-03-06,5394.58056640625,-196.79450437620653
2020-03-09,5033.4931640625,-385.72342678257337
2020-03-10,5155.30419921875,59.89770606784441
2020-03-11,5090.0478515625,-85.71139504495568
2020-03-12,4837.72119140625,-260.78332423431675
2020-03-13,4837.72119140625,-39.37289721725756
2020-03-16,4837.72119140625,-24.177395997440726
2020-03-17,4454.87939453125,-390.44343126340664
2020-03-18,4350.46923828125,-155.40928087425164
2020-03-19,4045.935546875,-351.408142769973
2020-03-20,4119.8935546875,18.95920718236448
2020-03-23,3854.515380859375,-288.5134421811945
2020-03-24,3915.422119140625,25.13676262994977
2020-03-26,4594.0947265625,660.4715621131627
2020-03-27,4794.21728515625,279.82521387968063
2020-03-30,4781.1650390625,62.775388347360604
2020-03-31,4807.26806640625,50.28461087136566
2020-04-01,4768.11376953125,-30.930367122371536
2020-04-02,4707.20751953125,-63.360566294492855
2020-04-03,4781.1650390625,62.16683722175458
2020-04-06,4989.98828125,210.09436879591703
2020-04-07,4920.38037109375,-42.04802633160034
2020-04-08,4902.978515625,-10.569905334541545
2020-04-09,4868.1748046875,-40.93348989636797
2020-04-13,4785.515625,-90.37579712547631
2020-04-14,4798.56689453125,-2.6805672367536317
2020-04-15,4772.4638671875,-34.4921313406785
2020-04-16,4559.291015625,-219.5834921725782
2020-04-17,4720.2587890625,129.99852354518953
2020-04-20,4659.35205078125,-61.8067949339129
2020-04-21,4567.29736328125,-92.94826016528259
2020-04-22,4554.0205078125,-30.70957160796388
2020-04-23,4531.89208984375,-34.087133692536554
2020-04-24,4354.865234375,-185.2535303256518
2020-04-27,4390.27099609375,8.625865526080815
2020-04-28,4275.20361328125,-128.39908183559146
2020-04-29,4292.90673828125,0.658917088859198
2020-04-30,4576.1494140625,272.7282839964937
2020-05-04,4620.40625,75.31795984283781
2020-05-05,4677.93994140625,82.76377147161475
2020-05-06,4739.89892578125,74.9555365018814
2020-05-08,4642.53466796875,-84.81896256295204
2020-05-11,4686.79150390625,36.91037246233191
2020-05-12,4620.40625,-69.60430698430991
2020-05-13,4523.0419921875,-105.39763645755193
2020-05-14,4354.865234375,-187.63779433171476
2020-05-15,4235.3720703125,-151.30737241371662
2020-05-18,4217.6689453125,-50.584901098380215
2020-05-19,4142.43310546875,-93.48777976110341
2020-05-20,4217.6689453125,58.4844490500891
2020-05-26,4399.12158203125,180.2725244344765
2020-05-27,4394.69677734375,19.274233049031864
2020-05-28,4686.79150390625,304.3773746152756
2020-05-29,4593.85205078125,-56.80225060923476
2020-06-02,4744.32470703125,161.789592085388
2020-06-03,5116.08203125,385.54381920055584
2020-06-04,5124.93310546875,64.31288693165425
2020-06-05,5067.3994140625,-26.13083902111248
2020-06-08,5222.2978515625,153.95953549710703
2020-06-09,5138.21044921875,-69.20930484724522
2020-06-10,5133.7841796875,-4.622932250076701
2020-06-11,5027.568359375,-113.43194455146931
2020-06-12,5018.71728515625,-24.962179166550413
2020-06-15,4868.24365234375,-163.09854404003545
2020-06-16,5098.37939453125,206.64927442184307
2020-06-17,5062.97412109375,-23.252970890928736
2020-06-18,4943.48095703125,-110.61161791959512
2020-06-19,4934.62939453125,-25.860413337287355
2020-06-22,4903.64892578125,-43.52661465667006
2020-06-23,4974.4599609375,61.762530224441434
2020-06-24,5049.69677734375,77.77873616043235
2020-06-25,5067.3994140625,29.19274707106615
2020-06-26,4996.5888671875,-64.14557128787783
2020-06-29,5023.142578125,18.668632149646328
2020-06-30,5040.845703125,13.647989297515778
2020-07-01,5133.7841796875,93.78532327966423
2020-07-02,5195.744140625,72.18912709667711
2020-07-03,5195.744140625,12.943285557289528
2020-07-06,5253.27783203125,61.85651867091747
2020-07-07,5301.96044921875,54.99361929236329
2020-07-08,5487.837890625,194.61117965670564
2020-07-09,5399.3251953125,-63.30742997058405
2020-07-10,5487.837890625,91.73670657435832
2020-07-13,5465.71044921875,-17.26752186239628
2020-07-14,5487.837890625,24.088057827508237
2020-07-15,5443.5810546875,-44.535468378546284
2020-07-16,5470.1357421875,20.70759204289061
2020-07-17,5417.02783203125,-55.610909609930786
2020-07-20,5434.73046875,10.287730634595391
2020-07-21,5487.837890625,48.604050752476724
2020-07-22,5470.1357421875,-13.174676978655043
2020-07-23,5487.837890625,17.288825972619634
2020-07-24,5399.3251953125,-89.34336311790685
2020-07-27,5399.3251953125,-11.732359431890472
2020-07-28,5474.560546875,65.81744662313213
2020-07-29,5430.30419921875,-39.107090836513635
2020-07-30,5523.24365234375,90.52733808276025
2020-08-03,5425.87939453125,-91.04060309630586
2020-08-04,5496.68994140625,63.74592547478005
2020-08-05,5492.26416015625,-4.805112548970101
2020-08-06,5540.9462890625,50.29117921449961
2020-08-07,5470.1357421875,-67.08284192906558
2020-08-10,5417.02783203125,-59.945167416970435
2020-08-11,5465.71044921875,34.90034113319052
2020-08-12,5540.9462890625,73.42825789688413
2020-08-13,5576.3525390625,44.58138265324851
2020-08-14,5669.2919921875,101.18075951294213
2020-08-18,5629.4599609375,-26.64778459887566
2020-08-19,5602.90625,-25.101985673612035
2020-08-24,5589.62890625,-20.14431242073806
2020-08-25,5633.88623046875,38.09432078111331
2020-08-26,5611.75732421875,-20.90075252241877
2020-08-27,5841.89306640625,228.08630565311432
2020-08-28,5748.953125,-68.72617103001903
2020-08-31,5554.22314453125,-189.93543392681931
2020-09-01,5771.08154296875,187.20584404226338
2020-09-02,5695.84521484375,-67.22729450731094
2020-09-03,5753.37939453125,59.79014469494268
2020-09-04,5647.162109375,-105.49162969430745
2020-09-07,5563.07470703125,-94.94951742329522
2020-09-08,5607.33154296875,23.67454574927706
2020-09-09,5527.6689453125,-85.16057392470157
2020-09-10,5142.63623046875,-395.832997679815
2020-09-11,5226.72314453125,28.376306466499955
2020-09-14,5355.0673828125,103.39459372603415
2020-09-15,5186.89208984375,-155.80096287092783
2020-09-16,5089.52783203125,-111.4246485775493
2020-09-17,5093.95361328125,-21.50181151511697
2020-09-18,4983.3115234375,-122.71387012664036
2020-09-21,4961.18359375,-40.487614233128625
2020-09-22,4823.98681640625,-152.321749349765
2020-09-23,4872.669921875,25.470179644755262
2020-09-24,4819.5615234375,-62.20639009076967
2020-09-25,4965.609375,138.15018115870862
2020-09-28,4881.52099609375,-73.52769948986133
2020-09-29,4872.669921875,-10.623333861135507
2020-09-30,4797.43359375,-83.46734257765911
2020-10-01,4930.2041015625,119.89323429140313
2020-10-02,4872.669921875,-50.60187108214268
2020-10-05,4885.94677734375,13.069407828344083
2020-10-06,5045.27197265625,155.49241145729138
2020-10-07,5093.95361328125,66.35410363229585
2020-10-08,5116.08203125,38.470410267732404
2020-10-09,5111.65673828125,2.60433983519124
2020-10-12,5182.466796875,71.63556948699716
2020-10-13,5182.466796875,6.808696100304587
2020-10-14,5222.2978515625,43.3732460838246
2020-10-15,5120.50830078125,-98.12780455053235
2020-10-16,5098.37939453125,-33.190612421618425
2020-10-19,5222.2978515625,111.3142592890772
2020-10-20,5138.21044921875,-74.84969513891156
2020-10-21,5116.08203125,-25.846713063765492
2020-10-22,5133.7841796875,7.537375586691269
2020-10-23,5107.23046875,-29.409950093405314
2020-10-26,5147.0615234375,34.716547529601485
2020-10-27,5124.93310546875,-21.926373977728872
2020-11-02,5151.4873046875,24.155641428460513
2020-11-03,5213.4462890625,61.37853142227141
2020-11-04,5151.4873046875,-54.95983100035028
2020-11-05,5443.5810546875,287.4641587219039
2020-11-06,5576.3525390625,161.91824027751863
2020-11-09,5563.07470703125,23.432841589671625
2020-11-10,5735.67626953125,184.16707686962673
2020-11-11,5788.78466796875,74.94719355657617
2020-11-12,5682.56787109375,-86.9248151345655
2020-11-13,5656.013671875,-34.15654610452657
2020-11-16,5735.67626953125,67.68676588328526
2020-11-17,5797.6357421875,65.84320216169453
2020-11-18,5815.337890625,28.139328910758195
2020-11-19,5855.16943359375,45.574566449939994
2020-11-20,5841.89306640625,-7.928309467656618
2020-11-23,5841.89306640625,0.0211921930886092
2020-11-24,5810.912109375,-33.55616316008127
2020-11-25,5673.71630859375,-143.31317443041917
2020-11-26,5735.67626953125,40.3005383026466
2020-11-27,5651.58837890625,-90.78828702950977
2020-11-30,5492.26416015625,-169.70049839380044
2020-12-01,5660.4404296875,139.50905648799016
2020-12-02,5709.1220703125,52.25408013788365
2020-12-03,5717.97412109375,22.42087473761876
2020-12-04,5656.013671875,-57.81503432688896
2020-12-07,5771.08154296875,107.49972883789906
2020-12-08,5744.52783203125,-19.417091246359632
2020-12-10,5837.39306640625,95.6141435931695
2020-12-11,5979.4443359375,150.30191912266673
2020-12-14,6054.90869140625,98.00027592560582
2020-12-15,6028.27392578125,-6.8011626565512415
2020-12-16,6170.32470703125,145.69720981742103
2020-12-17,6157.00732421875,1.845190792271751
2020-12-18,6037.15234375,-111.98630225022771
2020-12-21,6063.7861328125,11.12837331724586
2020-12-22,5961.68798828125,-110.2509879774043
2020-12-23,5970.56591796875,-5.7993520062482276
2020-12-28,6019.396484375,38.74076087190497
2020-12-29,6006.0791015625,-11.05629094973392
2020-12-30,6010.517578125,3.625667346582304
2021-01-04,6068.2255859375,55.36168755228027
2021-01-05,6294.619140625,231.29705428257512
2021-01-06,6165.8857421875,-99.05558950764589
2021-01-07,6183.64208984375,19.08719750492037
2021-01-08,6259.10595703125,69.13645776262547
2021-01-11,6521.01220703125,269.50875808187357
2021-01-12,6356.76708984375,-129.01763797097192
2021-01-13,6321.25341796875,-35.272901481151166
2021-01-14,6232.47119140625,-103.69440318177658
2021-01-15,6174.76416015625,-74.67703511902073
2021-01-18,6321.25341796875,128.48453784822232
2021-01-19,6299.0576171875,-13.63688766677933
2021-01-20,6299.0576171875,4.846137240362623
2021-01-21,6281.30126953125,-20.126410742112057
2021-01-22,6285.74072265625,0.27146344026004954
2021-01-25,6245.78857421875,-43.30871034176471
2021-01-26,6054.90869140625,-198.1630694178648
2021-01-27,6028.27392578125,-55.5935373250104
2021-01-28,6125.93408203125,75.68300744878161
2021-01-29,6001.63916015625,-120.86815779493008
2021-02-01,6054.90869140625,41.60062029334222
2021-02-02,6037.15234375,-22.80555035476209
2021-02-03,6059.34814453125,20.148733587637253
2021-02-04,6085.982421875,25.50949576562016
2021-02-05,6139.25146484375,55.65255206137681
2021-02-08,6143.6904296875,10.833950336121234
2021-02-09,6196.958984375,56.235235215825924
2021-02-10,6143.6904296875,-47.77947803751522
2021-02-11,6108.17724609375,-39.61443009553204
2021-02-15,6037.15234375,-81.0576309405069
2021-02-16,6161.44580078125,109.77919411246694
2021-02-17,6125.93408203125,-29.64535700860597
2021-02-18,5979.4443359375,-144.82930025216046
2021-02-19,6059.34814453125,58.32079776014143
2021-02-22,6028.27392578125,-35.69060111667113
2021-02-23,6059.34814453125,28.57749190750019
2021-02-24,5970.56591796875,-89.74245893660373
2021-02-25,5952.8095703125,-28.785912557440497
2021-02-26,5957.24951171875,-7.072212288528135
2021-03-01,6254.6669921875,292.5942893727797
2021-03-02,6228.033203125,6.3215739030665645
2021-03-03,6214.71533203125,4.8685533061980095
2021-03-04,5966.126953125,-249.62762468133678
2021-03-05,6037.15234375,39.032565671361226
2021-03-08,5966.126953125,-84.95402609611119
2021-03-09,5864.02783203125,-111.85238920113898
2021-03-10,5952.8095703125,67.51666347893843
2021-03-12,6006.0791015625,51.96250815456369
2021-03-15,5917.29638671875,-80.03984562093774
2021-03-16,5881.78369140625,-43.80973448036093
2021-03-17,5868.46728515625,-26.00451012726353
2021-03-18,5952.8095703125,76.22387746987806
2021-03-19,6001.63916015625,54.29088063426116
2021-03-22,5877.34521484375,-114.68936230310919
2021-03-23,5828.5146484375,-61.17381719859077
2021-03-24,5717.5380859375,-128.0756977053834
2021-03-25,5655.3916015625,-83.79617554652759
2021-03-26,5695.34326171875,19.218863257483463
2021-03-29,5646.51318359375,-54.126113599921155
2021-03-30,5677.5869140625,23.73978666023595
2021-03-31,5517.77880859375,-162.58165250887214
2021-04-01,5526.6572265625,-11.304594757298219
2021-04-05,5464.51123046875,-76.38554427899726
2021-04-06,5473.388671875,-3.186518789832917
2021-04-07,5548.853515625,67.94535052436277
2021-04-08,5523.10546875,-19.772120771730442
2021-04-09,5581.62255859375,58.59087883049233
2021-04-12,5460.0869140625,-117.79757842090567
2021-04-13,5401.5703125,-70.95057860375618
2021-04-14,5676.14990234375,256.0882213634668
2021-04-15,5653.6435546875,1.7720957565006756
2021-04-16,5649.142578125,10.704607668554672
2021-04-19,5644.640625,-5.1363317165023545
2021-04-20,5613.1318359375,-33.46943584689052
2021-04-21,5550.11376953125,-69.46812265520475
2021-04-22,5595.12646484375,32.31253259915047
2021-04-23,5752.67236328125,154.79086485465268
2021-04-26,5658.14501953125,-75.65944249506992
2021-04-27,5766.17578125,107.10735864728849
2021-04-28,5689.65380859375,-70.62035026410467
2021-04-29,5770.67724609375,77.53799712617001
2021-04-30,5766.17578125,-1.8497207505597544
2021-05-03,5752.67236328125,-10.618267100389858
2021-05-04,5761.67578125,5.542698235149146
2021-05-05,5784.18115234375,20.420632519344508
2021-05-06,5784.18115234375,0.7945678526984921
2021-05-07,5761.67578125,-23.100379116897784
2021-05-10,5779.6796875,13.205727612774353
2021-05-11,5833.69580078125,52.029894420486926
2021-05-17,5851.70068359375,23.14190022524781
2021-05-18,5752.67236328125,-94.81040129440498
2021-05-19,5712.16064453125,-52.51745784513514
2021-05-20,5743.66943359375,16.78202041469649
2021-05-21,5725.66455078125,-21.514992867203546
2021-05-24,5694.15478515625,-35.051865105001525
2021-05-25,5721.16357421875,19.276979920430676
2021-05-27,5644.640625,-78.56833697178172
2021-05-28,5707.6591796875,52.72493261140244
2021-05-31,5739.16845703125,30.623628254675168
2021-06-02,5820.19189453125,86.19474342441208
2021-06-03,5941.7275390625,131.97408881815682
2021-06-04,5923.72119140625,1.680582093375051
2021-06-07,5878.70849609375,-38.077155462671726
2021-06-08,5788.68310546875,-96.58049981929344
2021-06-09,5878.70849609375,73.73132201915269
2021-06-10,5959.73291015625,81.48713951792251
2021-06-11,5824.69287109375,-122.30385461311289
2021-06-14,5770.67724609375,-65.47238446170377
2021-06-15,5824.69287109375,35.88860903101795
2021-06-16,5748.171875,-78.57655213131329
2021-06-17,5698.6572265625,-58.70387600911636
2021-06-18,5694.15478515625,-18.899042624418144
2021-06-21,5626.6357421875,-75.76703773516783
2021-06-22,5707.6591796875,68.52911066379784
2021-06-23,5608.63037109375,-97.8118416239895
2021-06-24,5590.62548828125,-27.354328300006273
2021-06-25,5572.6201171875,-29.880911890696552
2021-06-28,5451.0849609375,-129.02857090877387
2021-06-29,5442.08203125,-28.685824527387922
2021-06-30,5424.076171875,-32.12010038191056
2021-07-01,5424.076171875,-7.853511468058059
2021-07-02,5491.5966796875,62.380719109142774
2021-07-05,5500.599609375,13.993604572530785
2021-07-06,5451.0849609375,-45.71715579802276
2021-07-07,5460.0869140625,2.3398646637460843
2021-07-08,5415.0732421875,-49.82233586199436
2021-07-09,5419.57568359375,-3.432864572433573
2021-07-12,5554.615234375,129.2577891416122
2021-07-13,5442.08203125,-99.13972221926997
2021-07-14,5392.56787109375,-54.98352797312509
2021-07-15,5505.1005859375,97.21885589762314
2021-07-16,5500.599609375,1.5775358580622196
2021-07-19,5406.07177734375,-89.9175098234382
2021-07-21,5410.572265625,-8.346963850253815
2021-07-22,5541.111328125,121.4934209731291
2021-07-23,5433.07958984375,-95.90666326895189
2021-07-26,5406.07177734375,-32.601847435223135
2021-07-27,5406.07177734375,-12.38500997495612
2021-07-28,5383.56494140625,-28.228112085617795
2021-07-29,5437.58056640625,47.71871330158774
2021-07-30,5374.5615234375,-61.1618825134301
2021-08-02,5365.56005859375,-15.292003766413472
2021-08-03,5532.1083984375,158.57412405053765
2021-08-04,5509.6015625,-6.347983031714648
2021-08-05,5671.6494140625,169.78000305293517
2021-08-06,5545.6123046875,-107.92441403864996
2021-08-09,5581.62255859375,32.17224565197375
2021-08-10,5671.6494140625,84.69580873389896
2021-08-12,5671.6494140625,10.3597529175604
2021-08-13,5770.67724609375,103.8696481137722
2021-08-16,5779.6796875,20.235491706843277
2021-08-18,5941.7275390625,169.36295923203397
2021-08-19,5941.7275390625,19.83107888775521
2021-08-20,5941.7275390625,11.624206801038781
2021-08-23,5932.724609375,-8.324107568432737
2021-08-24,5941.7275390625,6.716967785956513
2021-08-25,5941.7275390625,-1.7897012862458723
2021-08-26,5905.716796875,-37.830970395485565
2021-08-27,5860.70361328125,-51.769367273876014
2021-08-30,5910.21826171875,38.67017583166944
2021-08-31,5896.7138671875,-14.310851729956084
2021-09-01,5910.21826171875,12.292282727789825
2021-09-02,5887.71142578125,-24.018924151072497
2021-09-03,5941.7275390625,49.87165831156835
2021-09-06,5919.220703125,-20.108544686564528
2021-09-07,5914.71923828125,-5.671147128203302
2021-09-08,5797.68505859375,-121.110076255678
2021-09-09,5914.71923828125,99.92237298420059
2021-09-10,5869.7060546875,-43.007148489889914
2021-09-13,5901.21484375,30.893253979211295
2021-09-14,5892.21240234375,-10.168760948023191
2021-09-15,5847.19970703125,-46.24009224068868
2021-09-16,5851.70068359375,-3.8323569114072598
2021-09-17,5869.7060546875,12.413546087814211
2021-09-20,5928.22314453125,57.71697677526299
2021-09-21,5842.69921875,-79.75008113730382
2021-09-22,5901.21484375,50.636639518955235
2021-09-23,5923.72119140625,21.288862345729285
2021-09-24,5928.22314453125,8.402485307263305
2021-09-27,5923.72119140625,-4.1167494347646425
2021-09-28,5869.7060546875,-56.00535277494146
2021-09-29,5923.72119140625,44.900515059636746
2021-09-30,6301.83203125,377.7779164705171
2021-10-01,6085.76904296875,-169.32093822941806
2021-10-04,6265.8212890625,182.61093714709295
2021-10-05,6252.31787109375,-4.679748866171394
2021-10-06,6463.87890625,221.0949408813931
2021-10-07,6445.8740234375,6.440602874972683
2021-10-08,6562.90771484375,130.47675394288308
2021-10-11,6531.39990234375,-17.309523918112063
2021-10-12,6589.91552734375,63.04903460850983
2021-10-13,6774.46923828125,188.99618394678328
2021-10-14,6977.0283203125,227.6195790773172
2021-10-15,6887.001953125,-51.901977106515915
2021-10-18,6774.46923828125,-105.72934322720812
2021-10-19,6751.96240234375,-40.83012163627791
2021-10-21,6661.9365234375,-104.0621745261924
2021-10-22,6774.46923828125,95.1483247318256
2021-10-25,6774.46923828125,2.5616177500314734
2021-10-26,6774.46923828125,4.5918594350969215
2021-10-27,6706.9501953125,-68.84203646333572
2021-10-28,6639.43017578125,-77.61155170122129
2021-10-29,6729.45654296875,73.98503316751521
2021-11-01,6661.9365234375,-65.76427830527518
2021-11-02,6571.9111328125,-95.12611173567348
2021-11-03,6616.92333984375,27.0520894725978
2021-11-04,6639.43017578125,17.40662546657404
2021-11-05,6706.9501953125,69.38045137717745
2021-11-08,6819.482421875,120.0524875291967
2021-11-09,6909.5078125,107.14798593215801
2021-11-10,6887.001953125,-3.5760175469204114
2021-11-11,6909.5078125,27.152044697672864
2021-11-12,6774.46923828125,-134.03463134621234
2021-11-15,6751.96240234375,-39.00154634334103
2021-11-16,6729.45654296875,-38.20396956332388
2021-11-17,6842.36669921875,103.6325531776547
2021-11-18,6684.2919921875,-150.1019881294087
2021-11-19,6706.8740234375,9.22845848482757
2021-11-22,6752.03857421875,34.245009605067935
2021-11-23,6752.03857421875,2.7159938875174703
2021-11-24,6752.03857421875,0.557877026794813
2021-11-25,6706.8740234375,-46.966379743134894
2021-11-26,6571.3818359375,-143.1997965693572
2021-11-29,6684.2919921875,90.37212192846619
2021-11-30,6571.3818359375,-113.53198031114061
2021-12-01,6593.96435546875,12.780558206495698
2021-12-02,6774.6201171875,172.6003863570404
2021-12-03,6661.71044921875,-93.18213580566135
2021-12-06,6639.12841796875,-24.44490566699642
2021-12-07,6639.12841796875,-11.214706785566705
2021-12-08,6706.8740234375,62.70901385255456
2021-12-09,6639.12841796875,-62.9387904538944
2021-12-10,6661.71044921875,17.073549837979044
2021-12-13,6593.96435546875,-71.9143253203747
2021-12-14,6593.96435546875,-9.633466558872897
2021-12-15,6593.96435546875,-8.00363699900663
2021-12-16,6571.3818359375,-26.244178457279304
2021-12-17,6774.6201171875,197.47346596880652
2021-12-20,6661.71044921875,-92.76318019620794
2021-12-21,6661.71044921875,-0.1569435921510376
2021-12-22,6616.5458984375,-53.40653710973402
2021-12-23,6593.96435546875,-31.11756804264496
2021-12-24,6593.96435546875,-9.376952199458174
2021-12-27,6639.12841796875,39.90627290968587
2021-12-28,6639.12841796875,2.1643417853056235
2021-12-29,6593.96435546875,-44.296353176107914
2021-12-30,6593.96435546875,-7.276977169129168
2022-01-03,6616.5458984375,16.701410763832428
2022-01-04,6684.2919921875,67.23665530943799
2022-01-05,6729.45654296875,52.37795574303891
2022-01-06,6752.03857421875,31.356639601254756
2022-01-07,6910.11279296875,163.3113111365019
2022-01-10,6864.9482421875,-25.327179384213196
2022-01-11,6955.27685546875,96.07482218866244
2022-01-12,6955.27685546875,7.913229437445807
2022-01-13,6955.27685546875,5.302378223017513
2022-01-14,7090.76904296875,134.6114554969181
2022-01-17,7000.44091796875,-75.70425746486308
2022-01-18,6932.6943359375,-70.01822078037821
2022-01-19,6932.6943359375,-15.577299633409893
2022-01-20,7023.0234375,81.73096562938281
2022-01-21,7181.09716796875,164.89659872279844
2022-01-24,7045.60498046875,-112.11053711839486
2022-01-25,7023.0234375,-27.25206320059351
2022-01-26,6955.27685546875,-80.56120411256506
2022-01-27,7045.60498046875,76.69668349227504
2022-01-28,7023.0234375,-20.693301596965284
2022-01-31,6887.5302734375,-134.94872396585197
2022-02-02,7045.60498046875,138.2853843418743
2022-02-03,6977.859375,-62.00903903732251
2022-02-04,6977.859375,-0.36666010957378603
2022-02-07,7045.60498046875,61.52466989079676
2022-02-08,6977.859375,-62.36052508670218
2022-02-09,7181.09716796875,197.72061447134638
2022-02-10,7000.44091796875,-162.8830926481951
2022-02-11,7068.1875,59.10425753237905
2022-02-14,6955.27685546875,-118.63339146778253
2022-02-15,7113.3515625,145.57355203976203
2022-02-16,7203.67919921875,98.03354545359616
2022-02-17,7135.93310546875,-48.22309751737885
2022-02-18,7158.515625,21.208877846620453
2022-02-21,7181.09716796875,19.89393634348835
2022-02-22,7135.93310546875,-43.39087760816892
2022-02-23,7271.42578125,129.50526832132527
2022-02-24,7226.26171875,-34.399508607090866
2022-02-25,7271.42578125,47.5607175007317
2022-03-01,7271.42578125,1.4273396152066198
2022-03-02,7203.67919921875,-66.45888093034682
2022-03-04,7135.93310546875,-77.75925273236135
2022-03-07,6955.27685546875,-196.55690958330888
2022-03-08,6910.11279296875,-76.22054070846934
2022-03-09,7090.76904296875,156.28501850638168
2022-03-10,7158.515625,79.57350943777328
2022-03-11,7181.09716796875,40.57909076357282
2022-03-14,7294.0078125,121.0756097105641
2022-03-15,7361.75390625,83.07620549959938
2022-03-16,7406.91845703125,61.243843958388425
2022-03-17,7226.26171875,-169.75315385970043
2022-03-18,7135.93310546875,-108.88550971580935
2022-03-21,7135.93310546875,-26.548152977957216
2022-03-22,7158.515625,10.067847999533114
2022-03-23,7135.93310546875,-25.178622613293555
2022-03-24,7158.515625,18.149433683674033
2022-03-25,7181.09716796875,21.056440568117978
2022-03-28,7245.29638671875,65.90976862431035
2022-03-29,7199.4404296875,-38.51363554328145
2022-03-30,7222.36865234375,20.594205669632174
2022-03-31,7314.0810546875,89.59636702096941
2022-04-01,7268.22509765625,-35.67246582580901
2022-04-04,7245.29638671875,-23.34206320578778
2022-04-05,7245.29638671875,-7.254114358931474
2022-04-06,7107.72802734375,-142.0513545177355
2022-04-07,7107.72802734375,-19.7562089177718
2022-04-08,7199.4404296875,77.81427278872707
2022-04-11,7084.80029296875,-108.57023350386407
2022-04-12,7153.583984375,58.74768767839032
2022-04-13,7153.583984375,-2.151829779387299
2022-04-14,7061.87158203125,-90.114248157759
2022-04-18,7061.87158203125,-13.119469894319082
2022-04-19,6993.0869140625,-78.42205298862882
2022-04-20,7016.0146484375,10.496086111025761
2022-04-21,7268.22509765625,246.21441462674193
2022-04-22,7222.36865234375,-17.35545126879697
2022-04-25,7337.00927734375,126.87001763775879
2022-04-26,7451.64990234375,126.81814270102859
2022-04-27,7520.43408203125,90.55262854135253
2022-04-28,7451.64990234375,-51.41626648045167
2022-05-09,6970.15869140625,-483.74981865943846
2022-05-10,6901.3740234375,-132.90947035449335
2022-05-11,7016.0146484375,64.2853040934333
2022-05-12,6672.0927734375,-347.0218956989129
2022-05-13,6717.94921875,6.008639392699479
2022-05-17,6786.7333984375,44.37056903727989
2022-05-18,6947.23046875,164.22650061519016
2022-05-19,6832.58984375,-93.82630144799805
2022-05-20,6786.7333984375,-48.354647818922786
2022-05-23,6763.8056640625,-37.08428978879601
2022-05-24,6740.8779296875,-32.6919647490231
2022-05-25,6763.8056640625,14.446025528788596
2022-05-27,6947.23046875,180.9507136159773
2022-05-30,6947.23046875,20.85080953148008
2022-05-31,7107.72802734375,173.01649063110654
2022-06-02,6947.23046875,-140.18255488980503
2022-06-03,6970.15869140625,15.39437871548671
2022-06-06,6832.58984375,-147.0807190876776
2022-06-07,6763.8056640625,-87.64308115079984
2022-06-08,6970.15869140625,183.88915030282078
2022-06-09,6878.4462890625,-77.2986497095726
2022-06-10,6740.8779296875,-136.75421901104073
2022-06-13,6740.8779296875,-23.774933163483183
2022-06-14,6786.7333984375,31.82256927801518
2022-06-15,6717.94921875,-68.5580498659474
2022-06-16,6947.23046875,221.03616827562473
2022-06-17,6878.4462890625,-48.59648505770656
2022-06-20,6993.0869140625,121.40669644643185
2022-06-21,7016.0146484375,32.363963307841914
2022-06-22,6878.4462890625,-127.61574036532875
2022-06-23,6901.3740234375,7.5581126741763
2022-06-24,6855.51806640625,-55.481716223025614
2022-06-27,6740.8779296875,-122.91438662251858
2022-06-28,6695.021484375,-66.5015726718575
2022-06-29,6672.0927734375,-41.22113959824219
2022-06-30,6649.16455078125,-34.40158756011442
2022-07-01,6649.16455078125,-8.96427455965204
2022-07-04,6465.7392578125,-188.8515757358109
2022-07-05,6649.16455078125,157.88089951975417
2022-07-06,6695.021484375,50.382529896314736
2022-07-07,6511.595703125,-168.86135629716773
2022-07-08,6557.4521484375,26.684930292112767
2022-07-11,6534.52392578125,-32.97952745784278
2022-07-12,6580.380859375,41.5837651067277
2022-07-13,6419.88330078125,-159.70041629262414
2022-07-14,6442.81103515625,4.281457818368835
2022-07-15,6419.88330078125,-35.0857942941002
2022-07-18,6557.4521484375,131.54950247356828
2022-07-19,6580.380859375,34.49376865299109
2022-07-20,6786.7333984375,217.23832504948678
2022-07-21,6786.7333984375,26.584612991654467
2022-07-22,6717.94921875,-53.155348419425536
2022-07-25,6695.021484375,-29.653835461819654
2022-07-26,6695.021484375,-9.18276416512981
2022-07-27,6717.94921875,17.79089091100559
2022-07-28,6740.8779296875,22.424551543723283
2022-07-29,6740.8779296875,1.8525706103428092
2022-08-01,6878.4462890625,137.23497811825564
2022-08-02,6970.15869140625,106.42480289181003
2022-08-03,6993.0869140625,42.9137582354042
2022-08-04,7153.583984375,170.73187720907208
2022-08-05,7222.36865234375,90.29080790610624
2022-08-08,7222.36865234375,20.258327633909175
2022-08-09,7245.29638671875,29.342031671045333
2022-08-10,7245.29638671875,2.8554851962699104
2022-08-11,7291.15234375,46.104487230647464
2022-08-12,7268.22509765625,-19.197404359295433
2022-08-15,7291.15234375,21.61735728353051
2022-08-16,7314.0810546875,22.222093029007738
2022-08-18,7337.00927734375,25.01087101220037
2022-08-19,7245.29638671875,-89.25187034988448
2022-08-22,7337.00927734375,80.50547381997967
2022-08-23,7245.29638671875,-89.9411495021368
2022-08-24,7291.15234375,38.257754366082736
2022-08-25,7405.7939453125,111.24506786880465
2022-08-26,7337.00927734375,-54.80094873295275
2022-08-29,7474.578125,136.2767981074212
2022-08-30,7497.505859375,33.7540533631809
2022-08-31,7520.43408203125,34.03888967303192
2022-09-01,7474.578125,-41.5329435725389
2022-09-02,7543.36279296875,63.963779507789695
2022-09-05,7589.21826171875,48.79694851781096
2022-09-06,7589.21826171875,8.122634521932014
2022-09-07,7680.93115234375,93.89463868837538
2022-09-08,7658.00341796875,-13.052988711691796
2022-09-09,7680.93115234375,25.54294583016508
2022-09-12,7680.93115234375,0.1782167448909604
2022-09-13,7818.5009765625,137.24094048972256
2022-09-14,7795.57177734375,-8.32749257598698
2022-09-15,8024.85498046875,235.3557672814395
2022-09-16,7749.7158203125,-249.20732492510433
2022-09-19,7933.140625,166.82029116413833
2022-09-20,7841.427734375,-90.11968343833814
2022-09-21,7772.64404296875,-70.65987864610452
2022-09-22,7772.64404296875,-16.614346940421456
2022-09-23,7680.93115234375,-100.4794633549127
2022-09-26,7726.78759765625,30.517842645515884
2022-09-27,7612.14697265625,-119.67685241998606
2022-09-28,7635.07470703125,8.397832053250568
2022-09-29,7680.93115234375,36.86077837314497
2022-09-30,7841.427734375,163.47445743606568
2022-10-03,7795.57177734375,-25.632541761929133
2022-10-04,7841.427734375,51.5759979484792
2022-10-05,7749.7158203125,-89.21435203543388
2022-10-06,7726.78759765625,-32.36336254911657
2022-10-07,7520.43408203125,-218.26428238248172
2022-10-10,7612.14697265625,61.04524596053125
2022-10-11,7566.29052734375,-55.02909356513101
2022-10-12,7635.07470703125,64.12401265995595
2022-10-13,7589.21826171875,-43.79361445131053
2022-10-14,7566.29052734375,-26.02076268256951
2022-10-17,7566.29052734375,-8.119305581526532
2022-10-18,7612.14697265625,41.09029918311717
2022-10-19,7589.21826171875,-20.537121752747225
2022-10-20,7795.57177734375,204.54753013936352
2022-10-21,7933.140625,158.95280995977828
2022-10-24,8162.42236328125,260.11532661036836
2022-10-25,7978.99755859375,-143.35958520312943
2022-10-26,7841.427734375,-139.69304024542998
2022-10-27,7978.99755859375,109.04266339428159
2022-10-28,8024.85498046875,47.7326951082523
2022-10-31,8070.70947265625,56.8477813341442
2022-11-01,8070.70947265625,8.01870569670973
2022-11-02,8024.85498046875,-43.149617190339995
2022-11-03,8070.70947265625,39.10612125354419
2022-11-04,8047.78173828125,-23.10774896091607
2022-11-07,8116.56591796875,66.53447993855843
2022-11-08,8024.85498046875,-87.23169711612263
2022-11-09,8139.49560546875,106.44126091663293
2022-11-10,8070.70947265625,-63.73532733385309
2022-11-11,8116.56591796875,43.161468851602876
2022-11-14,8024.85498046875,-92.76909201876606
2022-11-15,8070.70947265625,35.42842134613966
2022-11-16,7887.28466796875,-187.35256671624938
2022-11-17,8001.92578125,92.23250113306403
2022-11-18,8093.63818359375,88.37807804866861
2022-11-21,8001.92578125,-76.90958524689813
2022-11-22,8162.42236328125,155.00228514489936
2022-11-23,8139.49560546875,-11.301209152284173
2022-11-24,8254.13671875,121.5350196039135
2022-11-25,8231.2060546875,-10.997130208770614
2022-11-28,8277.0634765625,50.56117869082482
2022-11-29,8231.2060546875,-42.50901683450138
2022-11-30,8529.2744140625,294.2285705822105
2022-12-01,8254.13671875,-244.34225824055466
2022-12-02,8194.2880859375,-71.94568839883323
2022-12-05,8079.201171875,-142.11962155376386
2022-12-06,7987.130859375,-116.13958141779858
2022-12-07,7779.9716796875,-232.7480438654984
2022-12-08,7826.00634765625,8.036175385908791
2022-12-09,7895.05908203125,52.48910141213673
2022-12-12,8010.14794921875,119.93756363059038
2022-12-13,8010.14794921875,15.984657050748865
2022-12-14,7941.09423828125,-61.18479395385293
2022-12-15,7826.00634765625,-123.49289239623431
2022-12-16,7918.0771484375,70.97603044146399
2022-12-19,7964.11328125,44.373951422411665
2022-12-20,7895.05908203125,-61.001222243482516
2022-12-21,7987.130859375,85.5781469120484
2022-12-22,7895.05908203125,-87.80510211349156
2022-12-23,7826.00634765625,-76.05439598471366
2022-12-26,7895.05908203125,51.938338143821056
2022-12-27,7918.0771484375,22.204330739793477
2022-12-28,7964.11328125,50.13428192541869
2022-12-29,7895.05908203125,-63.548223442138806
2022-12-30,7872.0419921875,-29.436225765225572
2023-01-02,7872.0419921875,-9.847954565548207
2023-01-03,7872.0419921875,-5.203015344372943
2023-01-04,7687.900390625,-187.47796631080655
2023-01-05,7595.82958984375,-117.19836211309484
2023-01-06,7641.865234375,17.30011806112998
2023-01-09,7779.9716796875,130.35508019961435
2023-01-10,7526.77734375,-238.2881732927426
2023-01-11,7480.74169921875,-68.30332325130075
2023-01-12,7526.77734375,19.847420822569802
2023-01-13,7411.6884765625,-119.27774835729087
2023-01-16,7503.75927734375,76.87924485541498
2023-01-17,7664.8828125,160.45758970349289
2023-01-18,7641.865234375,-0.49699305053400167
2023-01-19,7664.8828125,31.584476212153277
2023-01-20,7641.865234375,-21.271328289118173
2023-01-24,7572.8125,-71.58028783449299
2023-01-25,7549.794921875,-35.162133643376364
2023-01-26,7802.98876953125,242.11716502895433
2023-01-27,8010.14794921875,232.12515165496825
2023-01-30,8010.14794921875,42.20551592562697
2023-01-31,7802.98876953125,-188.64574453278237
2023-02-01,7826.00634765625,0.9031414849941939
2023-02-02,7779.9716796875,-60.52845259413425
2023-02-03,8010.14794921875,220.84727520944125
2023-02-06,8033.16650390625,43.71766151367865
2023-02-07,8148.25439453125,133.03420312840808
2023-02-08,8125.236328125,-6.029160966523705
2023-02-09,8194.2880859375,75.123058047001
2023-02-10,8125.236328125,-62.39471485738159
2023-02-13,8171.27294921875,41.42017713328369
2023-02-14,8240.32421875,67.87119727959089
2023-02-15,8171.27294921875,-60.11606304482848
2023-02-16,8010.14794921875,-165.94772618240313
2023-02-17,8033.16650390625,-3.1526188803909463
2023-02-20,8056.18359375,9.541954802238251
2023-02-21,8010.14794921875,-47.13869741572398
2023-02-22,7987.130859375,-30.147762835856156
2023-02-23,8033.16650390625,37.19336023801043
2023-02-24,7987.130859375,-45.582390906494766
2023-02-27,8079.201171875,86.96834930933073
2023-02-28,8056.18359375,-17.556327050835534
2023-03-01,7918.0771484375,-136.4981472844429
2023-03-02,7941.09423828125,3.248648521915129
2023-03-03,7802.98876953125,-148.84480098577842
2023-03-06,7733.93603515625,-88.93374089193912
2023-03-07,7756.9541015625,0.2803131687360292
2023-03-08,7895.05908203125,130.1708332533135
2023-03-09,7895.05908203125,13.751271379929676
2023-03-10,7779.9716796875,-106.80832233996989
2023-03-13,7872.0419921875,77.98497955376843
2023-03-14,7664.8828125,-206.86130294176382
2023-03-15,7664.8828125,-21.94213874927027
2023-03-16,7641.865234375,-41.493404885974996
2023-03-17,7710.91845703125,60.511972686876106
2023-03-20,7733.93603515625,25.543167802989046
2023-03-21,7826.00634765625,97.14380236821944
2023-03-24,8125.236328125,310.6578950054054
2023-03-27,8010.14794921875,-73.00799382594505
2023-03-28,7987.130859375,-13.247125500539369
2023-03-29,8264.1669921875,268.52157443818305
2023-03-30,8287.64453125,53.10325993202423
2023-03-31,8217.212890625,-48.174953439895035
2023-04-03,8264.1669921875,42.596493282218944
2023-04-04,8240.689453125,-23.568758451163376
2023-04-05,8193.734375,-49.02841343606451
2023-04-06,8217.212890625,13.915428254695144
2023-04-10,8264.1669921875,43.328597990768685
2023-04-11,8287.64453125,27.606776379212533
2023-04-12,8358.0771484375,74.61287700869434
2023-04-13,8381.5556640625,32.311942790032845
2023-04-14,8451.9892578125,77.2660960440171
2023-04-17,8475.466796875,32.945757716397566
2023-04-18,8569.3779296875,100.99703686869907
2023-04-26,8639.810546875,82.82031658086635
2023-04-27,8592.8564453125,-32.24192615780703
2023-04-28,8498.9443359375,-94.36041902186662
2023-05-02,8498.9443359375,-15.636595841509916
2023-05-03,8381.5556640625,-127.61380448743694
2023-05-04,8451.9892578125,51.87009708943151
2023-05-05,8451.9892578125,-4.252936507256891
2023-05-08,8451.9892578125,0.8857446362562769
2023-05-09,8381.5556640625,-72.65940452273207
2023-05-10,8381.5556640625,-10.800993133423617
2023-05-11,8287.64453125,-102.10590880845302
2023-05-12,8264.1669921875,-38.626504284955445
2023-05-15,8240.689453125,-37.00553791853417
2023-05-16,8170.25732421875,-79.53946928249024
2023-05-17,8240.689453125,56.2755424617344
2023-05-19,8451.9892578125,210.7800340572885
2023-05-22,8451.9892578125,27.25099319336732
2023-05-23,8569.3779296875,132.66854452638654
2023-05-24,8475.466796875,-78.06230678672364
2023-05-25,8498.9443359375,20.790706509305892
2023-05-26,8592.8564453125,89.18820497323941
2023-05-29,8592.8564453125,10.147078583755501
2023-05-30,8686.7666015625,99.0251245296713
2023-05-31,8498.9443359375,-177.19075115799023
2023-06-05,8639.810546875,123.92161478414164
2023-06-06,8592.8564453125,-45.77001734493933
2023-06-07,8545.900390625,-46.309593466508886
2023-06-08,8569.3779296875,12.766758087847847
2023-06-09,8545.900390625,-27.061396494933433
2023-06-12,8592.8564453125,42.47428226106604
2023-06-13,8592.8564453125,1.2989260413778538
2023-06-14,8522.4228515625,-69.49992996374567
2023-06-15,8498.9443359375,-33.8689376367638
2023-06-16,8498.9443359375,-10.781452908338906
2023-06-19,8451.9892578125,-52.56624404375361
2023-06-20,8498.9443359375,37.81394744110548
2023-06-21,8569.3779296875,69.47029474138435
2023-06-22,8498.9443359375,-61.54447151974637
2023-06-23,8498.9443359375,-4.889507357931507
2023-06-26,8522.4228515625,16.740112318680985
2023-06-27,8592.8564453125,70.08771758072544
2023-07-03,8522.4228515625,-62.87193080085308
2023-07-04,8498.9443359375,-28.487888122195727
2023-07-05,8498.9443359375,-9.687968838778033
2023-07-06,8522.4228515625,18.358003464465583
2023-07-07,8475.466796875,-47.42507132602623
2023-07-10,8498.9443359375,16.898791983425326
2023-07-11,8475.466796875,-26.634627343366446
2023-07-12,8616.333984375,136.71211820105054
2023-07-13,8569.3779296875,-34.20267796149892
2023-07-14,8639.810546875,73.33270399118192
2023-07-17,8616.333984375,-18.911349863916257
2023-07-18,8592.8564453125,-22.940892598377104
2023-07-20,8592.8564453125,-6.090135740532787
2023-07-21,8592.8564453125,-4.3151710950533015
2023-07-24,8545.900390625,-49.9347138090543
2023-07-25,8592.8564453125,38.56427600414645
2023-07-26,8780.6767578125,187.12309893734346
2023-07-27,8663.2890625,-94.18359776234138
2023-07-28,8569.3779296875,-94.92904403142711
2023-07-31,8569.3779296875,-19.827335486885204
2023-08-01,8569.3779296875,-10.771085212758408
2023-08-02,8639.810546875,65.75708113048313
2023-08-03,8686.7666015625,52.161958614151445
2023-08-04,8592.8564453125,-85.26019246196847
2023-08-07,8710.244140625,108.4709769725905
2023-08-08,8639.810546875,-65.00550116653903
2023-08-09,8827.6328125,185.10834818867806
2023-08-10,8827.6328125,16.06795316440912
2023-08-11,8827.6328125,12.215687403893753
2023-08-14,8780.6767578125,-46.45592767641756
2023-08-15,8733.72265625,-53.824072131801586
2023-08-16,8733.72265625,-11.66753139958746
2023-08-18,8686.7666015625,-54.00253297547715
2023-08-21,8616.333984375,-79.80685603048732
2023-08-22,8733.72265625,102.06863155548308
2023-08-23,8733.72265625,5.01470992646864
2023-08-24,8639.810546875,-88.56232074694162
2023-08-25,8710.244140625,57.979174669069835
2023-08-28,8639.810546875,-71.34721333374728
2023-08-29,8686.7666015625,40.113338951465266
2023-08-30,8639.810546875,-48.89030479571193
2023-08-31,8616.333984375,-28.785295569376103
2023-09-01,8663.2890625,38.16143134113372
2023-09-04,8663.2890625,0.6612922129643266
2023-09-05,8663.2890625,0.5693618163641077
2023-09-06,8592.8564453125,-72.36978002960677
2023-09-07,8616.333984375,12.690608903614702
2023-09-08,8569.3779296875,-52.283272571643465
2023-09-11,8569.3779296875,-7.544915698450495
2023-09-12,8545.900390625,-29.921632989309728
2023-09-13,8522.4228515625,-29.65770979221452
2023-09-14,8545.900390625,15.84035037292233
2023-09-15,8451.9892578125,-96.01425725774061
2023-09-18,8451.9892578125,-12.637571304021549
2023-09-19,8522.4228515625,60.462032127428756
2023-09-20,8592.8564453125,74.87328711325245
2023-09-21,8569.3779296875,-12.427221441850634
2023-09-22,8522.4228515625,-45.5297354390932
2023-09-25,8451.9892578125,-78.83108374900985
2023-09-26,8405.033203125,-61.59397871221336
2023-09-27,8334.6005859375,-85.1965719450709
2023-09-29,8287.64453125,-63.43474064672591
2023-10-02,8522.4228515625,219.36759894257375
2023-10-03,8639.810546875,137.7140022352578
2023-10-04,8639.810546875,29.24462169047365
2023-10-05,8522.4228515625,-106.72814709656268
2023-10-06,8475.466796875,-60.000689884233
2023-10-09,8498.9443359375,7.050406538497555
2023-10-10,8381.5556640625,-122.57666866008913
2023-10-11,8381.5556640625,-16.443093998355835
2023-10-12,8498.9443359375,105.18815492481917
2023-10-13,8522.4228515625,33.08788430920322
2023-10-16,8545.900390625,32.43869802955669
2023-10-17,8405.033203125,-136.78252143513237
2023-10-18,8311.123046875,-110.3862492985536
2023-10-19,8217.212890625,-118.4462987433999
2023-10-20,8428.5107421875,187.54094428767348
2023-10-23,8311.123046875,-104.58091766565667
2023-10-24,8240.689453125,-72.68434375113065
2023-10-25,8334.6005859375,76.08902914986174
2023-10-26,8193.734375,-138.52749450460033
2023-10-27,8170.25732421875,-37.260084840429045
2023-10-30,8311.123046875,125.0797900132211
2023-10-31,8217.212890625,-83.27421576958295
2023-11-01,8076.34619140625,-144.69043977729234
2023-11-02,8311.123046875,209.64204643356607
2023-11-03,8358.0771484375,60.69420237954
2023-11-06,8498.9443359375,160.126222636105
2023-11-07,8428.5107421875,-49.03019006652721
2023-11-08,8451.9892578125,26.138860390379705
2023-11-09,8451.9892578125,-2.1435676793917082
2023-11-10,8287.64453125,-164.91546557126094
2023-11-13,8334.6005859375,24.767713582072247
2023-11-14,8381.5556640625,36.933888708597806
2023-11-15,8498.9443359375,121.46471560218379
2023-11-16,8522.4228515625,38.6132419614587
2023-11-17,8522.4228515625,10.714185892851674
2023-11-20,8334.6005859375,-186.00395599182775
2023-11-21,8240.689453125,-117.8007937276052
2023-11-22,8334.6005859375,65.20064866301982
2023-11-23,8381.5556640625,44.97141951737649
2023-11-24,8381.5556640625,7.7411059227451915
2023-11-27,8334.6005859375,-45.07415209985811
2023-11-28,8334.6005859375,-7.000187332016139
2023-11-29,8358.0771484375,17.578233013227873
2023-11-30,8428.5107421875,70.04888582578315
2023-12-01,8405.033203125,-15.864813132700874
2023-12-04,8421.546875,17.201185996413187
2023-12-05,8397.9560546875,-24.611124404393195
2023-12-06,8303.59765625,-98.24800187722394
2023-12-07,8327.1875,7.989668052732668
2023-12-08,8256.4189453125,-78.38776649172905
2023-12-11,8256.4189453125,-11.022822038143204
2023-12-12,8209.2392578125,-55.7825429801087
2023-12-13,8185.6484375,-33.137978967099116
2023-12-14,8539.49609375,344.06762836891176
2023-12-15,8704.6240234375,202.5897801529536
2023-12-18,8681.0341796875,21.818705535069967
2023-12-19,8728.2138671875,61.25590621914489
2023-12-20,8775.3935546875,54.00846580267171
2023-12-21,8798.982421875,32.163191901519895
2023-12-22,8798.982421875,5.443383728086701
2023-12-27,8846.162109375,47.92972151933827
2023-12-28,8869.751953125,27.713196601063828
2023-12-29,8869.751953125,4.499336325701734
2024-01-02,8893.3427734375,23.930274621679928
2024-01-03,8822.5732421875,-69.61885854070715
2024-01-04,8940.521484375,109.0493622688573
2024-01-05,9034.880859375,100.89841909204188
2024-01-08,9034.880859375,17.439917875943138
2024-01-09,9082.060546875,53.95812529467912
2024-01-10,9011.291015625,-65.11696521545309
2024-01-11,9034.880859375,17.234953325278184
2024-01-12,9152.830078125,113.65561419589721
2024-01-15,9176.419921875,36.46691046512569
2024-01-16,9152.830078125,-13.655536461767042
2024-01-17,9200.0078125,45.89846528635826
2024-01-18,9129.2392578125,-68.16238831785085
2024-01-19,9082.060546875,-54.43916506551068
2024-01-22,9082.060546875,-13.186526395773399
2024-01-23,9058.4697265625,-30.86240237954007
2024-01-24,8987.701171875,-77.43820155198955
2024-01-25,8964.111328125,-37.08287409571494
2024-01-26,8822.5732421875,-153.2374567120296
2024-01-29,9011.291015625,165.62038309387572
2024-01-30,9105.6494140625,102.19226028400954
2024-01-31,9011.291015625,-72.99719081382864
2024-02-01,9152.830078125,137.43837115241695
2024-02-02,9152.830078125,9.756320452610453
2024-02-05,9034.880859375,-109.67090938619549
2024-02-06,9082.060546875,32.48143782213447
2024-02-07,9152.830078125,65.35975578091893
2024-02-12,9247.1884765625,102.39428814316489
2024-02-13,9176.419921875,-56.05451241620358
2024-02-15,9294.3681640625,115.91524284245497
2024-02-16,9388.7265625,102.63252442670273
2024-02-19,9317.9580078125,-52.66150429051959
2024-02-20,9459.49609375,139.93233154747395
2024-02-21,9412.3173828125,-35.76680416520503
2024-02-22,9317.9580078125,-91.43465053487489
2024-02-23,9270.779296875,-62.69512279307128
2024-02-26,9247.1884765625,-39.32696682293681
2024-02-27,9317.9580078125,59.77912232273593
2024-02-28,9435.9072265625,120.53011421192423
2024-02-29,9317.9580078125,-101.40761558835766
2024-03-01,9270.779296875,-53.503821167874776
2024-03-04,9200.0078125,-86.05684618255145
2024-03-05,9247.1884765625,31.136017239523426
2024-03-06,9388.7265625,137.53653707418925
2024-03-07,9553.8564453125,181.82746002764907
2024-03-08,9577.4453125,52.73681319921161
2024-03-13,9435.9072265625,-125.09473106440964
2024-03-14,9742.57421875,292.9587093728114
2024-03-15,9577.4453125,-139.98295176010834
2024-03-18,9577.4453125,0.4716935642900353
2024-03-19,9601.03515625,12.281924179273119
2024-03-20,9553.8564453125,-47.70837757321897
2024-03-21,9553.8564453125,-7.017418719497073
2024-03-22,9530.265625,-29.666528783387548
2024-03-25,9725.74609375,189.36632995697255
2024-03-26,9701.6123046875,-5.198001032193133
2024-03-27,9725.74609375,34.054383578588386
2024-03-28,9725.74609375,1.7328986175562022
2024-04-01,9508.5458984375,-216.77420047017768
2024-04-02,9556.8125,20.04849834007291
2024-04-03,9194.8125,-376.0442249163116
2024-04-04,9508.5458984375,267.4230654520561
2024-04-05,9484.4130859375,-18.781953933399564
2024-04-16,9146.544921875,-324.4004395561915
2024-04-17,9194.8125,5.634996018323363
2024-04-18,9146.544921875,-71.2211883538348
2024-04-19,9146.544921875,-10.310583507178308
2024-04-22,9025.87890625,-128.70562746713404
2024-04-23,9387.8798828125,343.6595094521217
2024-04-24,9605.0791015625,248.2522111323742
2024-04-25,9436.1455078125,-118.01577057432405
2024-04-26,9291.345703125,-144.63956935771603
2024-04-29,9460.279296875,141.493139186181
2024-04-30,9460.279296875,5.4806373530063865
2024-05-02,9218.9453125,-233.3042714887397
2024-05-03,9508.5458984375,259.6276481228306
2024-05-06,9460.279296875,-34.36254381742583
2024-05-07,9363.74609375,-85.4733097711287
2024-05-08,9050.01171875,-328.4345484039768
2024-05-13,9194.8125,97.24122100521708
2024-05-14,9218.9453125,12.01773710830821
2024-05-15,9170.6787109375,-42.38894833688755
2024-05-16,9267.2119140625,90.143169238052
2024-05-17,9412.01171875,150.85849487227097
2024-05-20,9146.544921875,-243.2274493067598
2024-05-21,9050.01171875,-118.0353917567736
2024-05-22,9098.279296875,15.720816660201308
2024-05-27,8977.6123046875,-128.66554142198402
2024-05-28,8977.6123046875,-16.60439474323539
2024-05-29,8832.8125,-157.42505179914588
2024-05-30,8688.01171875,-167.04320174562417
2024-05-31,8929.345703125,208.5547385011596
2024-06-03,8953.478515625,36.25365673959823
2024-06-04,9025.87890625,88.62373072242917
2024-06-05,9122.4130859375,107.64177130467033
2024-06-06,9146.544921875,41.030178435008565
2024-06-07,9001.7451171875,-134.71239519145092
2024-06-10,9194.8125,177.4139906963719
2024-06-11,8977.6123046875,-206.7036778352467
2024-06-12,8929.345703125,-63.57330650848962
2024-06-13,8881.078125,-71.78056897786519
2024-06-14,8881.078125,-14.983747002759628
2024-06-19,8736.2783203125,-153.44324640948798
2024-06-20,9098.279296875,340.34918095592184
2024-06-21,9267.2119140625,197.93812252529642
2024-06-24,9267.2119140625,44.59711258766765
2024-06-25,9267.2119140625,16.528495491500507
2024-06-26,9170.6787109375,-93.61174030855364
2024-06-27,9412.01171875,229.03252577210333
2024-06-28,9580.9462890625,188.42464691855275
2024-07-01,9532.6796875,-12.230332902745431
2024-07-02,9556.8125,33.13809550094993
2024-07-03,9653.3466796875,97.68802745078574
2024-07-04,9484.4130859375,-156.934302956608
2024-07-05,9605.0791015625,106.0884777612664
2024-07-08,9701.6123046875,96.90300191260394
2024-07-09,9725.74609375,40.89224804939295
2024-07-10,9749.8798828125,33.489883090222065
2024-07-11,9725.74609375,-19.40234283989048
2024-07-12,9725.74609375,-2.174152809784573
2024-07-15,9701.6123046875,-27.738692749762777
2024-07-16,9605.0791015625,-102.09131134120798
2024-07-17,9460.279296875,-161.07408834617308
2024-07-18,9749.8798828125,261.2271598367497
2024-07-19,9774.013671875,43.03820858182189
2024-07-22,9749.8798828125,-3.5828523792588385
2024-07-23,9822.279296875,72.77870245352642
2024-07-24,9725.74609375,-89.99762103918147
2024-07-25,9942.9462890625,209.08098173381586
2024-07-26,9967.080078125,41.44529637447158
2024-07-29,9894.6796875,-55.512562053858346
2024-07-30,9822.279296875,-78.42341964660409
2024-07-31,9918.8134765625,81.28139470687529
2024-08-01,10015.3466796875,99.11958181096634
2024-08-02,9846.4130859375,-153.55712327154833
2024-08-05,9532.6796875,-327.80620332130457
2024-08-06,9653.3466796875,68.6531036625438
2024-08-07,9749.8798828125,80.99371719232295
2024-08-08,9870.546875,133.00542989439782
2024-08-09,9798.146484375,-52.93450670086713
2024-08-12,9846.4130859375,48.64885606633288
2024-08-13,9942.9462890625,96.85909859532876
2024-08-14,9846.4130859375,-83.60228216626274
2024-08-15,9870.546875,18.392376997573592
2024-08-16,9967.080078125,91.14986097636756
2024-08-19,10015.3466796875,58.49193252972327
2024-08-20,10063.6142578125,59.374748304178866
2024-08-21,10063.6142578125,9.041046620888665
2024-08-22,9967.080078125,-93.53719654144334
2024-08-23,9967.080078125,-12.78968246612385
2024-08-26,9967.080078125,-9.82517315172845
2024-08-27,9846.4130859375,-124.75953148576991
2024-08-28,9991.212890625,126.96909050692739
2024-08-29,9870.546875,-115.62349430431277
2024-08-30,9967.080078125,88.91293060401767
2024-09-02,9918.8134765625,-47.230333402485485
2024-09-03,9822.279296875,-98.39436641445536
2024-09-04,9942.9462890625,103.5439162170951
2024-09-05,9894.6796875,-44.3098898242406
2024-09-06,9942.9462890625,47.734102029649875
2024-09-09,9918.8134765625,-23.343918782351466
2024-09-10,9991.212890625,70.69521268573044
2024-09-11,10063.6142578125,77.3693683217225
2024-09-12,10111.8798828125,60.300509807619164
2024-09-13,10063.6142578125,-37.856168059879565
2024-09-17,10136.013671875,69.77185511700009
2024-09-18,10256.6806640625,124.5573478489332
2024-09-19,10522.1474609375,283.1616380963733
2024-09-20,10401.48046875,-80.09626056104753
2024-09-23,10570.4140625,176.01443894952354
2024-09-24,10425.6142578125,-130.83864753365197
2024-09-25,10473.880859375,42.06517108491062
2024-09-26,10329.0810546875,-150.45615006828484
2024-09-27,10280.8134765625,-65.76098112491127
2024-09-30,9967.080078125,-333.7687490426397
2024-10-01,10184.2802734375,170.3056003646234
2024-10-02,10136.013671875,-51.87779696345751
2024-10-03,10087.74609375,-45.27512894016763
2024-10-04,10111.8798828125,13.142002720591336
2024-10-07,9942.9462890625,-172.4031173519852
2024-10-08,10039.48046875,74.45513389673215
2024-10-09,10063.6142578125,19.638796694875055
2024-10-10,10136.013671875,77.68483905864741
2024-10-11,10015.3466796875,-111.991313608969
2024-10-14,10136.013671875,110.20757992967992
2024-10-15,10256.6806640625,124.52686890613586
2024-10-16,10111.8798828125,-124.41891393540936
2024-10-17,10353.212890625,232.48380412438746
2024-10-18,10377.3466796875,41.992315521154524
2024-10-21,10304.947265625,-53.88796293635278
2024-10-22,10136.013671875,-174.72324465878592
2024-10-23,10280.8134765625,117.9790636549169
2024-10-24,10329.0810546875,48.89534174185246
2024-10-25,10377.3466796875,59.994537988399316
2024-10-28,10232.546875,-136.3221980795788
2024-10-29,10136.013671875,-111.11983023956418
2024-10-30,9991.212890625,-169.39523683178777
2024-10-31,9894.6796875,-126.51632959680319
2024-11-01,10063.6142578125,140.27255077334848
2024-11-04,10015.3466796875,-41.72895547724329
2024-11-05,10136.013671875,122.89146313665697
2024-11-06,10087.74609375,-38.19433849621964
2024-11-07,9822.279296875,-263.9703571073751
2024-11-08,9725.74609375,-133.13058254265707
2024-11-11,9701.6123046875,-59.891095653161756
2024-11-12,9798.146484375,78.36343321034838
2024-11-13,9798.146484375,3.465784400876146
2024-11-14,9749.8798828125,-44.682034659077544
2024-11-15,9822.279296875,65.16227630765934
2024-11-18,9653.3466796875,-166.055373837562
2024-11-19,9580.9462890625,-90.24819749909875
2024-11-20,9725.74609375,120.75743138181497
2024-11-21,9555.970703125,-163.18952036634437
2024-11-22,9555.970703125,-13.80085260688793
2024-11-25,9871.2685546875,300.71519021740096
2024-11-26,9701.4931640625,-136.28313813492423
2024-11-28,9701.4931640625,1.436425631358361
2024-11-29,9701.4931640625,-10.944751379258378
2024-12-02,9458.955078125,-245.81972028215023
2024-12-03,9895.5224609375,403.983987206464
2024-12-04,9895.5224609375,30.574008806559505
2024-12-05,9944.0302734375,77.04699548014469
2024-12-06,9774.25390625,-160.45036146098573
2024-12-09,10041.044921875,250.41364648632953
2024-12-10,10041.044921875,17.634818553846344
2024-12-11,10113.806640625,89.51300582579643
2024-12-12,9871.2685546875,-232.5616290435737
2024-12-13,9750.0,-145.55966862943933
2024-12-16,9798.5078125,13.333553410695458
2024-12-17,9604.4775390625,-204.1498239223456
2024-12-18,9507.462890625,-122.9301398303669
2024-12-19,9386.1943359375,-151.808440204597
2024-12-20,9361.9404296875,-52.89058242630381
2024-12-23,9483.208984375,102.70371525186602
2024-12-24,9458.955078125,-17.37110000447683
2024-12-27,9507.462890625,51.18564997931571
2024-12-30,9386.1943359375,-118.26857859219308
2025-01-02,9604.4775390625,205.29935128950274
2025-01-03,9555.970703125,-33.53507917824936
2025-01-06,9386.1943359375,-162.23132369753148
2025-01-07,9240.671875,-169.4742488624197
2025-01-08,9386.1943359375,112.12863336653209
2025-01-09,9555.970703125,170.04406870971798
2025-01-10,9434.7021484375,-95.24003179538522
2025-01-13,9386.1943359375,-50.79030606762535
2025-01-14,9240.671875,-160.06840664302217
2025-01-15,9507.462890625,241.9532572320095
2025-01-16,9458.955078125,-31.873374025219164
2025-01-17,9604.4775390625,155.7080484752223
2025-01-20,9337.6865234375,-252.0830427473793
2025-01-21,9289.1796875,-70.76003374420361
2025-01-22,9313.4326171875,-3.1511171584934345
2025-01-23,9313.4326171875,-7.140861544727159
2025-01-24,9070.8955078125,-245.6628032708013
2025-01-30,8876.8662109375,-226.3405438561913
2025-01-31,9167.9111328125,245.20443264519054
2025-02-03,9070.8955078125,-84.39694987888288
2025-02-04,8901.1201171875,-165.7417839975078
2025-02-05,8852.6123046875,-76.26974353980768
2025-02-06,8682.8359375,-192.10302803495142
2025-02-07,9070.8955078125,357.64222842160234
2025-02-10,8876.8662109375,-165.49960659386488
2025-02-11,8804.1044921875,-71.07959545633275
2025-02-12,8876.8662109375,51.080462887579415
2025-02-13,8731.34375,-146.10917235023953
2025-02-14,8707.08984375,-40.62034521744681
2025-02-17,9046.6416015625,322.85389485185806
2025-02-18,9022.388671875,10.13891943908311
2025-02-19,8682.8359375,-318.88989812574255
2025-02-20,8731.34375,8.467853628373632
2025-02-21,8731.34375,-22.243445894935576
2025-02-24,8658.58203125,-76.94539202055785
2025-02-25,8561.5673828125,-109.8743943780064
2025-02-26,8513.0595703125,-69.00014147170805
2025-02-27,8270.5224609375,-260.26475942784054
2025-02-28,8173.5078125,-135.21265134710302
2025-03-03,8537.3134765625,328.04249517741664
2025-03-04,8585.8212890625,77.23429117559681
2025-03-05,8731.34375,174.66567368833967
2025-03-06,8707.08984375,0.012991873498322093
2025-03-07,8658.58203125,-38.93362924564826
2025-03-10,8658.58203125,-6.76992079606498
2025-03-11,8658.58203125,-5.461800470864546
2025-03-12,8852.6123046875,190.86735392097216
2025-03-13,8707.08984375,-124.79401879099896
2025-03-14,8488.806640625,-222.76338053770633
2025-03-17,8343.2841796875,-182.886237094408
2025-03-18,8052.23876953125,-330.0933960096754
2025-03-19,8076.49267578125,-29.98894985665811
2025-03-20,8125.0,20.85559107100562
2025-03-21,7900.0,-226.51708347058047
2025-03-24,7950.0,21.8730864291947
2025-03-25,8050.0,85.52867847880407
2025-03-26,8525.0,484.7753970810545
2025-03-27,8500.0,37.418697470677216
2025-04-08,7775.0,-690.2548022095161
2025-04-09,7925.0,66.74845466027364
2025-04-10,8225.0,260.1111000617948
2025-04-11,8275.0,83.92913634035449
2025-04-14,8400.0,150.4345716303451
2025-04-15,8575.0,196.77444667162854
2025-04-16,8475.0,-68.1815009504844
2025-04-17,8500.0,27.77699558054701
2025-04-21,8300.0,-203.21933781055304
2025-04-22,8500.0,175.15843975066127
2025-04-23,8725.0,230.66436918491854
2025-04-24,8475.0,-212.42724579706737
2025-04-25,8600.0,112.5427791123675
2025-04-28,8775.0,172.45968658344646
2025-04-29,8725.0,-23.651032185467557
2025-04-30,8825.0,106.5581986392499
2025-05-02,8975.0,159.29584323105337
2025-05-05,8975.0,24.354658693913734
2025-05-06,9025.0,61.502779271337204
2025-05-07,9075.0,57.02746129095431
2025-05-08,8975.0,-91.04320351213573
2025-05-09,9000.0,15.705875093501163
2025-05-14,9275.0,268.7957850920229
2025-05-15,9275.0,31.585592709001503
2025-05-16,9300.0,44.66598207105926
2025-05-19,9500.0,205.4672199566612
2025-05-20,9475.0,0.8342935530490649
2025-05-21,9700.0,236.72339632430885
2025-05-22,9650.0,-23.292689539361163
2025-05-23,9675.0,35.877957978636914
2025-05-26,9625.0,-49.25007656190246
2025-05-27,9450.0,-180.6341900096577
2025-05-28,9400.0,-77.22880555732809
2025-06-02,9100.0,-323.4339322131709
2025-06-03,9050.0,-96.40463518228898
2025-06-04,8975.0,-110.26129190921529
2025-06-05,8925.0,-71.8341189773073
2025-06-10,9100.0,156.9029933695747
2025-06-11,9050.0,-37.80625857808445
2025-06-12,9125.0,78.80672854096156
2025-06-13,9025.0,-95.01087217204076
2025-06-16,8925.0,-108.32593108683614
2025-06-17,9075.0,128.4932830771122
2025-06-18,8900.0,-168.67913097608653
2025-06-19,8775.0,-138.95168311762063
2025-06-20,8700.0,-105.12211652170481
2025-06-23,8625.0,-99.04222525082332
2025-06-24,8775.0,128.94606996700531
2025-06-25,8600.0,-168.00646466150465
2025-06-26,8650.0,36.160005513072974
2025-06-30,8675.0,16.15440656874125
2025-07-01,8700.0,27.314673762755774
2025-07-02,8675.0,-22.663413751870394
2025-07-03,8600.0,-77.9804658224275
2025-07-04,8650.0,36.986808501598716
2025-07-07,8625.0,-27.754730144337373
2025-07-08,8500.0,-127.95415794166729
2025-07-09,8500.0,-19.411142635415672
2025-07-10,8600.0,87.08178092608796
2025-07-11,8625.0,32.21652230670588
2025-07-14,8525.0,-92.34934667649759
2025-07-15,8550.0,13.896510500144359
2025-07-16,8525.0,-31.510509798470594
2025-07-17,8525.0,-4.94603662152258
2025-07-18,8425.0,-104.74670209277065
2025-07-21,8450.0,9.920453996741344
2025-07-22,8400.0,-57.81755401332339
2025-07-23,8425.0,16.599734536248434
2025-07-24,8500.0,71.11510310004633
2025-07-25,8450.0,-42.323110852701575
2025-07-28,8500.0,47.550475163810916
2025-07-29,8400.0,-99.10116389977884
2025-07-30,8375.0,-35.9017569519674
2025-07-31,8275.0,-112.99768622589909
2025-08-01,8300.0,6.860155206042691
2025-08-04,8275.0,-33.73765266375631
2025-08-05,8425.0,144.31570762111915
2025-08-06,8300.0,-111.79736895976203
2025-08-07,8300.0,-6.0020674102597695
2025-08-08,8300.0,-10.217285265574901
2025-08-11,8550.0,246.31158776245502
2025-08-12,8850.0,327.13444246480867
2025-08-13,8925.0,129.00421481331614
2025-08-14,8775.0,-114.64026555948658
2025-08-15,8700.0,-82.36563537851362
2025-08-19,8500.0,-219.665311904786
2025-08-20,8525.0,-9.164825315328926
2025-08-21,8550.0,7.22136435520224
2025-08-22,8450.0,-101.78448875972754
2025-08-25,8475.0,11.089270899819894
2025-08-26,8250.0,-232.47872342019218
2025-08-27,8300.0,20.500373679575205
2025-08-28,8325.0,9.965534757277055
2025-08-29,8075.0,-249.47774983975614
2025-09-01,8000.0,-106.63548374688708
2025-09-02,8000.0,-31.58047200665169
2025-09-03,7975.0,-37.97510109313589
2025-09-04,8000.0,16.243968395625416
2025-09-08,7700.0,-302.6076526200386
2025-09-09,7525.0,-212.65953658171566
2025-09-10,7800.0,227.02900029452758
2025-09-11,7850.0,61.325336693569625
2025-09-12,7925.0,95.49254139901495
2025-09-15,8025.0,113.60876332638145
2025-09-16,7925.0,-81.92110531602339
2025-09-17,7850.0,-79.42299856870159
2025-09-18,7700.0,-167.13128925178535
2025-09-19,7800.0,72.4005781775686
2025-09-22,7725.0,-79.3932968365043
2025-09-23,7875.0,143.14136701414918
2025-09-24,7775.0,-89.97782578857004
2025-09-25,7700.0,-78.4346582583812
2025-09-26,7625.0,-92.54757575571512
2025-09-29,7775.0,131.50939478770852
2025-09-30,7625.0,-142.26349468511853
2025-10-01,7500.0,-135.54816559091614
2025-10-02,7500.0,-27.951669984918226
2025-10-03,7525.0,10.540938467633168
2025-10-06,7500.0,-27.632136775937397
2025-10-07,7575.0,70.30091393575731
